:020000040800F2
:2000000000000824316600088D650008956500089D650008A5650008AD65000800000000E3
:20002000000000000000000000000000B5650008C365000800000000D1650008DF650008E4
:20004000816600088166000881660008816600088166000881660008816600088166000828
:2000600081660008816600088166000881660008ED6500080166000881660008816600081D
:200080008166000881660008816600088166000881660008816600088166000881660008E8
:2000A0008166000881660008816600088166000881660008816600088166000881660008C8
:2000C0008166000881660008816600088166000881660008816600088166000881660008A8
:2000E000816600088166000800000000816600088166000881660008816600088166000877
:20010000816600088166000881660008816600088166000881660008816600088166000867
:20012000816600088166000881660008816600088166000881660008816600088166000847
:20014000816600088166000800000000000000008166000881660008816600088166000805
:20016000816600088166000881660008816600088166000881660008816600088166000807
:20018000816600088166000881660008816600088166000881660008816600081566000853
:2001A0008166000881660008816600088166000881660008816600088166000881660008C7
:2001C0008166000881660008816600088166000881660008816600088166000881660008A7
:2001E000816600088166000881660008816600088166000881660008816600088166000887
:20020000816600088166000881660008816600088166000881660008816600088166000866
:20022000816600088166000881660008816600088166000881660008816600088166000846
:20024000816600088166000881660008816600088166000881660008816600088166000826
:20026000816600088166000881660008816600088166000881660008816600088166000806
:2002800081660008816600088166000800000000816600088166000810B5054C237833B916
:2002A000044B13B10448AFF300800123237010BD941100240000000088FC000808B5034BD9
:2002C0001BB103490348AFF3008008BD000000009811002488FC000881F0004102E000BF28
:2002E00083F0004330B54FEA41044FEA430594EA050F08BF90EA020F1FBF54EA000C55EA19
:20030000020C7FEA645C7FEA655C00F0E2804FEA5454D4EB5555B8BF6D420CDD2C4480EAF7
:20032000020281EA030382EA000083EA010180EA020281EA0303362D88BF30BD11F0004FA7
:200340004FEA01314FF4801C4CEA113102D0404261EB410113F0004F4FEA03334CEA1333BC
:2003600002D0524263EB430394EA050F00F0A780A4F10104D5F1200E0DDB02FA0EFC22FA42
:2003800005F2801841F1000103FA0EF2801843FA05F359410EE0A5F120050EF1200E012A36
:2003A00003FA0EFC28BF4CF0020C43FA05F3C01851EBE37101F0004507D54FF0000EDCF13C
:2003C000000C7EEB00006EEB0101B1F5801F1BD3B1F5001F0CD349085FEA30004FEA3C0C2B
:2003E00004F101044FEA445212F5800F80F09A80BCF1004F08BF5FEA500C50F1000041EB3F
:20040000045141EA050130BD5FEA4C0C404141EB0101013C28BFB1F5801FE9D291F0000F65
:2004200004BF01460020B1FA81F308BF2033A3F10B03B3F120020CDA0C3208DD02F1140CD5
:20044000C2F10C0201FA0CF021FA02F10CE002F11402D8BFC2F1200C01FA02F120FA0CFC5B
:20046000DCBF41EA0C019040E41AA2BF01EB0451294330BD6FEA04041F3C1CDA0C340EDC04
:2004800004F11404C4F1200220FA04F001FA02F340EA030021FA04F345EA030130BDC4F166
:2004A0000C04C4F1200220FA02F001FA04F340EA0300294630BD21FA04F0294630BD94F0DF
:2004C000000F83F4801306BF81F480110134013D4EE77FEA645C18BF7FEA655C29D094EAEF
:2004E000050F08BF90EA020F05D054EA000C04BF1946104630BD91EA030F1EBF0021002067
:2005000030BD5FEA545C05D14000494128BF41F0004130BD14F580043CBF01F5801130BD13
:2005200001F0004545F0FE4141F470014FF0000030BD7FEA645C1ABF194610467FEA655C5E
:200540001CBF0B46024650EA013406BF52EA033591EA030F41F4002130BD00BF90F0000F61
:2005600004BF0021704730B54FF4806404F132044FF000054FF0000150E700BF90F0000FA0
:2005800004BF0021704730B54FF4806404F1320410F0004548BF40424FF000013EE700BF97
:2005A00042004FEAE2014FEA31014FEA02701FBF12F07F4393F07F4F81F06051704732F0D9
:2005C0007F4208BF704793F07F4F04BF41F40021704730B54FF4607401F0004521F0004137
:2005E0001CE700BF50EA010208BF704730B54FF000050AE050EA010208BF704730B511F0CA
:20060000004502D5404261EB41014FF4806404F132045FEA915C3FF4D8AE4FF003025FEAE0
:20062000DC0C18BF03325FEADC0C18BF033202EBDC02C2F1200300FA03FC20FA02F001FAE8
:2006400003FE40EA0E0021FA02F11444BDE600BF80B400AF3D4BD3F888303C4A43F470037B
:20066000C2F88830394B1B69384A43F010031361374B1B6803F00F03062B07D8344B1B68A8
:2006800023F00F03324A43F007031360314B1B68304A43F0010313602E4B00221A612D4B58
:2006A0001A682C492C4B13400B60294B1B6803F00803002B07D0264B1B6823F00F03244A90
:2006C00043F007031360234B00229A61214B0022DA61204B00221A621E4B204A9A621D4BD6
:2006E0001F4ADA621B4B1F4A1A631A4B00225A63184B1C4A9A63174B0022DA63154B194A7B
:200700001A64144B00225A64124B1B68114A23F4802313600F4B00221A66134B5B6A124A39
:2007200043F480435362114B1A68114B1340B3F1005F02D20F4B01221A600F4B43F2D2024C
:200740001A6000BFBD465DF8047B704700ED00E000200052004402587FEDF6EA00020202A3
:200760000000FF0180020101C00000580010005C0000FFFF088100510040005280B584B09E
:2007800000AF786039600023FB603B6801221A603B6810225A603B6801229A603B68002267
:2007A000DA604FF6FF72396878680EF093F8012005F0FAFF3B6802221A603B6810225A6060
:2007C0003B6801229A603B680022DA604FF6FF72396878680EF07EF83B6803221A603B68CA
:2007E00010225A603B6808229A603B680022DA604FF6FF72396878680EF06CF84FF40C73EC
:20080000FB603B6804221A603B6810225A603B6801229A60FA683B68DA604FF6FF72396855
:2008200078680EF057F84FF4667178680EF087F800BF1037BD4680BD80B483B000AF002395
:200840007B600CE00B4A7B68002142F823100A4A7B68002142F823107B6801337B607B6871
:200860003F2BEFDD00BF00BF0C37BD465DF8047B704700BF000000240001002400000000EB
:20088000D0ED006A90ED016AB7EEE67AB4EEE66AB7EEC60AF1EE10FA9FED076B04D5A0EE8F
:2008A000067BB7EEC70B7047A7EE060BB7EEC00B704700BFAFF300806E3480B74082DA3F27
:2008C00070EE607AE7EE810AB0EE600A704700BFFDEEC07A17EE902AF6EEC07A70EE677AC1
:2008E000531E07EE103AB8EEC77AB5EEC07AF1EE10FA48BF5B189B00034400EB820093ED52
:20090000000A90ED007A37EE407AA7EE270A704760EE006AD0ED014AB0EE005AD0ED037A88
:20092000B0EE083A90ED024A20EE267AD0ED005A74EEE77AF6EE003A37EE076A30EE070AA3
:20094000F7EE002A37EE667AA6EEC50AB0EE465A75EEC45A27EE237AA6EEC35A96EE836A8D
:2009600027EE800A20EE230A75EE227AA7EE840AA5EE870AA6EE240A704700BF816842688C
:200980000368C16080ED000A82604360704700BFF7EE007A002380ED000AC0ED010A87EE33
:2009A000A07AC0ED027A036180ED051AC0ED061A80ED037A704700BFD0ED047A9FED257A71
:2009C000F0EE676A00B5D0EE006A2DED028BB0EE408A83B0E6EE877AF5EEC07AC0ED047A2C
:2009E000F1EE10FA2DDBF1EEE76AD0ED007AF4EEE67AF1EE10FA21D536EEE76AD0ED035AEF
:200A0000E5EE867AB0EE677AC7EE267A90ED020AB4EEE70A77EEC07AF1EE10FACCBF90ED83
:200A2000057A90ED067AA7EE870A80ED020A20EE080A03B0BDEC028B5DF804FBF7EE007ADF
:200A4000E4E7B0EE670A01900EF046F90198F0EE406ACAE76F12833AB7EE007AF6EE006A71
:200A600077EE417A67EEA67AF4EEC07AF1EE10FA18DC31EE071A21EE261AB4EEC01AF1EEFE
:200A800010FA02DBB0EE600A704777EE607A30EE410A37EE417A67EE807AC7EE876A36EE0F
:200AA000A00A704780EEA77A27EE000A704700BF00291ADD70B5051F002605EB8101AE46BC
:200AC00030465EF8044F2B464FF0000C53F8042F944208BF0CF1010C8B42F7D1664501DAFB
:200AE000664620468E45ECD170BD0020704700BF80B588B000AF78600B46FB704FF07A53D5
:200B0000FB614FF07E53BB61FB7883F00103DBB2002B05D04FF07653FB614FF07E53BB6146
:200B20004FF480533B6100237B612DE07B6907EE903AF8EEE76A3B69013B07EE903AB8EED8
:200B4000E77AC6EE877AB7EE007A77EE677AC7ED037A97ED067AD7ED077AC7EE276AD7ED96
:200B6000030AB0EE660A0EF0D3F9B0EE407A7B699B007A681344D7ED077A67EE277AC3ED95
:200B8000007A7B6901337B617A693B699A42CDDB3B69013B18462037BD4680BDB0B495B05E
:200BA00000AF78600B46FB70244B07F108041D460FCD0FC40FCD0FC40FCD0FC42B682360F9
:200BC0004FF07A537B644FF07E53FB64FB7883F00103DBB2002B05D04FF076537B644FF01E
:200BE0007E53FB6428233B640023BB6418E0BB6C0C2B1ADCBB6C9B0050333B44483BD3ED46
:200C0000007A97ED137A67EE277AC7ED0F7ABB6C9B007A681344FA6B1A60BB6C0133BB64C2
:200C2000BA6C3B6C9A42E2DB00E000BFBB6C013B18465437BD46B0BC704700BFACFC0008CE
:200C400080B588B000AF78600B46FB704FF07A53FB614FF07E53BB61FB7883F00103DBB2D9
:200C6000002B05D04FF07653FB614FF07E53BB616423FB6000237B6129E07B695B4207EE84
:200C8000903AF8EEE77AF2EE086A87EEA67AF0EE470AB0EE000A0EF03BF9B0EE407AD7ED37
:200CA000067A67EE877AC7ED027A97ED027AD7ED077AB4EEE77AF1EE10FA0DD47B699B009D
:200CC0007A681344BA681A607B6901337B617A69FB689A42D1DB00E000BF00233B611AE025
:200CE0003B697F3B07EE903AF8EEE77AF2EE086A87EEA67AF0EE470AB0EE000A0EF008F9D3
:200D0000F0EE407A084A3B699B001344C3ED007A3B6901333B613B697F2BE1DD7B69013B89
:200D200018462037BD4680BDD099012480B58AB000AF78600B46FB704FF078537B624FF058
:200D40007E533B62FB7883F00103DBB2002B05D04FF076537B624FF07E533B6214237B6109
:200D60000C233B610023FB610023BB612DE0BB695B4207EE903AF8EEE77AF2EE086A87EE4F
:200D8000A67AF0EE470AB0EE000A0EF0C1F8B0EE407AD7ED087A67EE877AC7ED037A97EDFC
:200DA000037AD7ED097AB4EEE77AF1EE10FA11D4FB699B007A681344FA681A60FB690133F2
:200DC000FB61BA693B691344BB61FA697B699A42CDDB00E000BFFB69013B18462837BD46B3
:200DE00080BD00BF80B500AF00210E48FFF780FE03460D4A136000210C48FFF721FF034641
:200E0000094A536000210A48FFF7C8FE0346064A936000210748FFF789FF0346024AD3605B
:200E200000BF80BDCC5901243C5701243C5801249C5701244C570124DFED0D7A20EE270A89
:200E4000FDEEC07A17EE903AF6EEC07A70EE677A5A1C00EB8303C2F3090293ED000A00EB25
:200E6000820090ED007A37EE407AA7EE270A70470000804410B52DED028B96B00446542267
:200E8000124901A8B0EE408AF0EE608A0DF0B4FEB0EE007AC4EBC404F1EE0C7A87EE280AD4
:200EA00028EE278ABDEEC88A18EE103A062BD4BFE418063416AB03EB840454ED157A20EE0F
:200EC000270A16B0BDEC028B10BD00BFE0FC000880B400AF00BFBD465DF8047B704700BF86
:200EE000294AD2ED007AF4EE607AF1EE10FA36D1264BF7EE006A264A93ED007AD2ED007A37
:200F00009FED246A70EEE70A37EE067A87FE667AE0EE877A83ED007A88B3F7EE006AB0EE7D
:200F2000677A77EEE65AF0EE667AF7EE006A1A4B21EE001AB0EE005AB0EE086A81FE661A89
:200F400061EE016AA1EE456A66EE866AE6EEA57AA6EEE57AC3ED007A83ED017A7047C2EDF4
:200F6000000A70EEE70A9FED0B7A0949074BC1ED007AE0EE877A83ED007A0028CDD1B7EE17
:200F8000007A77EE675AD0E734110024E4DB01243811002452499D39D8DB012438B5194AA7
:200FA0000146194BD2ED007AD3ED006A174DE7EE806A174C2846F6EEE67A76EEE76AB0EE98
:200FC000660AC3ED006AFFF737FFF0EE407A05F58050B0EE660A60EEA77AFDEEE77A17EE2B
:200FE000903A01EB83031B682360FFF725FF60EE800AFDEEE00A10EE903A01EB83010B683D
:20100000636038BDC8550124E0DB0124D0BB0124D8DB0124114AB7EE007A114B00EB81002C
:20102000D2ED006AB0EE601AD3ED007A0D4AE6EE807AD0ED000A1078F4EEC77AF1EE10FAB5
:2010400004DD77EEC77A80F001001070B6EEE77A37EEC70A83ED000AFFF742BFCC55012466
:20106000E0DB0124E8DB0124B0EEC00A90ED037AD0ED017A9FED2F6AB4EEC07A9FED2E4A09
:20108000DFED2E6A30EE475ADFED2D4A70EE675AF1EE10FA0368F4EEC07A58BFB0EE446AF8
:2010A000F1EE10FAA5EE067A58BFF0EE646AE5EEA67A80ED037AC0ED017ACBB1B0EE026AE6
:2010C000DFED206A67EE867AC7FEA67AB4EEE77AF1EE10FA23DB037DF7EE007A002283F022
:2010E000010380FEE70A0260037580ED020A7047DFED156A90ED026A67EEA67AB4EEE77AC7
:20110000F1EE10FA08D970EE860AF7EE007A80FEE70A80ED020A704701230360F3E7D0EDFB
:20112000027A70EEA70AF7EE007A80FEE70A80ED020A7047F028273D008088390068DA39EE
:2011400000C02E386F12833A6666663F08B5034601EB8201B6EE000A0C4AD3ED007AB7EE62
:20116000001A93ED017A0A4877EE877AD1ED003AD2ED000A27EE800AFFF776FFF0EE630A8C
:20118000007DBDE80840FFF7ABBE00BFF4560124F4DB0124284AF6EEE00A284BD2ED006A88
:2011A00092ED017AB0EE664AD3ED005AF0EE474A93ED016A224B234893ED005AD0ED003ACA
:2011C000214810B4214CD4ED007A97EEA54AD6EE274AF7EE005AB2EE046AF0EE657AE5EEB4
:2011E000046AA4EE857AE3EE867AB0EE666AF0EE476A27EE867A82ED006A66EEA77A87FE3A
:20120000657A27EE207AC7FEE57A67EEA07ABDEEC77AFDEEE77A17EE103A17EE904A01EB5B
:20122000830301EB84015DF8044B1B68C2ED016A03600B6843607047ECDB012430560124AF
:20124000F8560124E0560124D8DB01241C100024124B00EB8100124A93ED000AD2ED007AB0
:20126000104A30EE270AD0ED000A107810B40E4C83ED000A217851B1DFED0C7A002180F060
:201280000100B0EE670A21701070C3ED007AB7EE001A5DF8044BFFF723BE00BF7C2A04243C
:2012A000F456012424DC01241E5701240000000080B582B000AF00237B6055E07B6807EEDF
:2012C000903AB8EEE77B9FED306B27EE066B9FED305B86EE057BF7EEC77BC7ED007A97EDAB
:2012E000000A0DF0A1FFF0EE407A2B4A7B689B001344C3ED007A97ED000A0EF059F8F0EE80
:20130000407A264A7B689B001344C3ED007A97ED000A0DF089FFF0EE407AB6EE007A67EE86
:20132000877AB6EE007A77EE877A1D4A7B689B001344C3ED007A97ED000A0EF039F8F0EE27
:20134000407AB6EE007A67EE877AB6EE007A77EE877A134A7B6803F580639B001344C3ED1E
:20136000007A7B6801337B607B68B3F5806FA5DBFFF738FDFFF7ACFD0A4B4FF07A521A6063
:2013800000BF0837BD4680BD182D4454FB2119400000000000009040D09B0124D0AB0124BD
:2013A000D0BB01245C560124C94BF7EE005AC9491A68C94B2DE97043C84C054601EB820015
:2013C00084B02478D0ED007A04A802FB04F4DFF87483F8EEE77A00EB820C01EB8402D8EDA0
:2013E000006A0DF1100E67EE807A92ED007ABC4AF4EEE56AB8EEC77A92ED006AFDEEE77ACC
:20140000B84AF1EE10FA27EE066A16680FCB0EE90F0017EE902A5CF8103C03EB820393EDAC
:20142000000AB14B35DB83ED000AF0EE400AAF4B1B68012B33D0B0EE661AFFF741FAAC4B02
:20144000B6EE004AF7EE007ADFF8FC9293ED007AD9ED005AB8EEC77ADFEDA64A9FEDA65A91
:20146000A64BE7EE447AB0EE657A97EE807A87FE247A87FE457A37EE257A89ED007A83ED61
:20148000007A042E00F22181DFE806F0B0B6C5DA1D00D3ED000A954B1B68012BCBD1984957
:2014A000984B0968984A03EB810392ED000AD3ED007A964B77EEC07A93ED007AA7EE870A21
:2014C00082ED000ABBE704ABFDEEC67A904D03EB840417EE901A54F8100CFFF7B9FED8ED3B
:2014E000006A99ED007A8B4BB7EE006A95ED000AD3ED007AF4EEC66ADFED874A30EE670A99
:201500009FED865A864AF1EE10FA864880FE240A80FE450A30EE270AD2ED005A83ED000A7D
:20152000C0F2A380F0EE400A80ED000AB0EE661A7D49FFF7C5F9F7EE007AF4EEE75AF1EE3E
:2015400010FAC0F28F80F0EE400A81ED000AB0EE651A9FED713AF7EE004AFFF7B1F993ED7D
:20156000015A20EE076AD5ED017AF4EEE46ADFED6B3A77EEC57A6D4A9FED6D4AF1EE10FA2C
:20158000C7FE837AC7FEE37A37EE850A86FE046A82ED006A83ED010A6ADBF0EE400A80ED93
:2015A000010AB0EE661AFFF78BF9F7EE007AF4EEE75AF1EE10FA52DBF0EE400A81ED010A4F
:2015C000B0EE651A5B4BFFF77BF920EE070ADFED587AF0EE460A93ED001A80FE270AFFF7B4
:2015E0006FF982ED010A04B0BDE870834FF07E53474D2B606B6076E7002C50D1B0EE470A2A
:201600004D48F0EE460A424DFFF7C8FCD8ED006A99ED007A67E704ABFDEEC67AB0EE470A78
:20162000DFED460A03EB8404394D17EE901A54F8100CFFF7EFFCD8ED006A99ED007A52E732
:20164000CCB9B0EE470A2846F0EE460A3A49FFF7A1FD2F4DD8ED006A99ED007A43E7D1EDD0
:20166000010AADE7D1ED000A71E7D0ED000A5DE7D0ED010A95E704ABFDEEC67AB0EE470A93
:20168000284603EB8404224D17EE902A54F8101CFFF75CFDD8ED006A99ED007A23E704AA8A
:2016A000FDEEC67A264BB0EE470A02EB8404184D17EE901AD3ED000A54F8100CFFF7AAFC48
:2016C000D8ED006A99ED007A0DE7114D0BE700BFA45601243C57012434FD00083855012416
:2016E000E0560124885601241C11002428570124905601246F1283BA6F12833A4C10002410
:20170000245701243C580124601000242C570124D8DB0124D0DB01240AD723BC0AD7233C8C
:201720008C560124241100242C1100243457012404DC2A3AC4560124CC590124000000006B
:2017400044100024C856012420110024B7EE007AC7EE007A08B9F1EE677AB0EE670A7047E4
:20176000F7EE007A9FED047A30EE200A80FE070A80FE670A704700BF00000000224A234BEA
:2017800011681A78032930B421D02149F7EE006A204C91ED007ADFED207A37EE266A84ED94
:2017A000007A67EE277A1D491D4D86EE867A1D481D4CC5ED007A046081ED007A1AB11B4AFF
:2017C0000021C2E9001100221A7030BC7047002AFBD10F4AF7EE006ADFED0F7A92ED007AF1
:2017E0000C4D37EE266A0D4A67EE277A85ED007A0B4C86EE867A0B490B48C4ED007A08609D
:2018000082ED007ADFE700BFB4560124084D012410100024F44C0124E17A5440144D012493
:20182000FC4C012408100024FFFF1F00DC550124564B574A10B51B781268012B00F08A8052
:20184000032A68D0534A9FED540A1078FFF77EFFDFED527A20EE270A51485249D0ED007A5F
:20186000D1ED006A9FED507A77EEE67A4F4A82ED000AF0EEE77AF4EEC77AF1EE10FA52D5A1
:201880004B4A107880F001004A499FED430AFFF75DFFD1ED007A484AF5EE407A82ED000A1C
:2018A000F1EE10FA04D04549097809B944491160032B36D0434B1B789BBB434B187880F063
:2018C0000100424A9FED340AFFF740FF1068F0EE407A3F4B01283F4A9FED2F0ACCBF0020C0
:2018E0000120C3ED007AFFF731FFD2ED007A3A4BF5EEC07A83ED000AF1EE10FA34D9374BAA
:20190000D3ED007A364BF5EEC07AF1EE10FA0CD901221A7010BD01209FED1F0AFFF716FFC6
:201920009AE70020CDE70020AEE71A78002AF1D02C4A11680029EDD12B490978042919D03F
:20194000032914D01F490978B9B10521116000221A7010BD0F499FED100A0878FFF7F6FEAC
:20196000032A7FF475AF77E7FFF708FFC7E702211160ECE701211160E9E713480478002CCD
:20198000E5D0062401701460E1E700BF58560124B45601241C5701240000FA438FC2F53CA3
:2019A00010100024F44C01240000C8422CDC01245A560124F84C01247010002438DC01242C
:2019C0006F12033B094D012439DC012464560124681000246C100024781000246410002434
:2019E000004D0124044D0124595601247049714B91ED000AD3ED000A6F4A704BDFED703A7A
:201A00009FED705A9FED703ADFED702A9FED702A70B5FFF7A5FE6F4CF0EE407A92ED000A14
:201A2000D4ED000A6C4DC1ED007AFFF799FEF0EE407A6A4993ED000AD1ED000AC2ED007AA7
:201A4000FFF78EFE664AF0EE407A95ED000AD2ED000A644AC3ED007AFFF782FE624BB7EEC7
:201A6000007A12681968614C012A614B85ED000A43FE855AD4ED007A01295E4D5E4903FE19
:201A8000856AD3ED006A77EE867A91ED004AD5ED004A76EEA56A594E34EE234ADFED585ACD
:201AA00074EEA34A366887FEA56A86FE476A84ED006A012E534C84FEC76A84FE474A85ED8F
:201AC000006A81ED004A03FE855A4F49C6FEA56AC6FEC76AC3ED006A91ED006A4B4B36EEE8
:201AE000056AD3ED006AD3ED017A86FE256A86FE476AD4E9005481ED006A002D444D454995
:201B000002FE835A002C76EE856A434C02FE833A77EE837AC6FEA56AC6FEC76AC7FEA57A0F
:201B2000C3ED006AC7FEC77AC3ED017AD5ED000AD4ED007A394BF4EEC27A93ED000AF1EE48
:201B400010FAC8BFF1EE600AFFF70AFE83ED000A0B78012B13D0012A1BD09FED1A7A304BF0
:201B6000F7EE006A9FED266AD3ED007A77EE877AC7FE867AC7FEE67AC3ED007A70BD294BA5
:201B80001B78002BE7D0284B012A1B6803604360E3D1264B9FED0B7AD3ED006ADFED087AFB
:201BA000F5EE406AF1EE10FA07FE877AD7E700BF6C1000247010002430DC012428DC01248E
:201BC00017B7D13817B7D1B86F1283BA6F12833A3333733F78100024641000242CDC012452
:201BE000681000244C5601245056012474100024C45601248C560124C8560124D455012438
:201C00000000000008560124D85501247C100024401000245856012400560124BC56012446
:201C200034DC01245A56012450100024F84C0124B7EE007AA0EE007AB7EEC00AB7EEC77A31
:201C4000B1EEC76B30EE060BB7EEC00B0DF0E2B860EE006A9FED047AF7EE007AE6EE877A87
:201C600027EE800A704700BF9FAAAA3E000000000029B5EE400A07EE901AF0EE400A80F8C9
:201C80000428F8EEE77A70B5B4BF4E1C0E46F1EE10FA0D464FEA660604462DED068BB7EE00
:201CA000008A066088EE279A2ED1012929DD00F204540025B7EEC99AF6EE008A9FED3C7BA6
:201CC00029EE079B07EE905A0135B8EEE70A30EE280AB7EEC00A20EE090BB7EEC08BB0EE30
:201CE000480A0DF065FBF0EE407AB0EE480AF1EE677AE4EC017A0DF097FAAE4284ED3F0A6A
:201D0000E0DCBDEC068B70BDDFED2B7AB2EE040A60EEA70A0DF0FCF830EE480A88EE000AA1
:201D2000FFF786FF20EE098AB7EEC88AB0EE480B0CF09EFFB0EE40ABB0EE480B0CF06CFF25
:201D4000012DB7EECAABF7EEC08BDADDB7EEC99A04F20454F6EE00AA00259FED157B29EE18
:201D6000079B07EE905A0135B8EEE70A30EE2A0AB7EEC00A20EE090BB7EEC08BB0EE480A52
:201D80000DF052FAF0EE407AB0EE480A6AEE677AE4EC017A0DF00CFB20EE280AAE4284ED49
:201DA0003F0ADEDCBDEC068B70BD00BFAFF30080182D4454FB210940CDCC4C3D0000000074
:201DC0009FED615BB7EEC06ADFED617AF0EE402AFFEE001A26EE056B70B5B7EEC66B2DED5D
:201DE000028B26EE270AFFF733FF90F80438F7EE007A20EE005A012B036836EE066A41FEF4
:201E0000A71A47FE850A002B40F3988035EE671A021D00F2044630EE002AF0EE674A9D0044
:201E200035EE275A02EB830C31EE011A044631EEA10A3146B1EE008ADFED468AB0EE674AA9
:201E40001346D1ED407A91ED807A66EE277A26EE077AF0EEE77A27EE077AC7FEA87AA7EE5E
:201E6000A77AF1EEC75AB0EE457AC2EE256AF0EE455AE6EEA75AA6EEE77AC4EE257A27EEF8
:201E8000277A67EE815A60EEA77A77EE046AE3EC017A67EE883A20EE273AC3ED7F7AF0EED8
:201EA000667AC3EDBF5A9C4583ED3F3AE1EEA57AA1EC017A83EEA77A64EE874AC1D1C4EEC0
:201EC000246A1346D3ED007A67EEA67AE3EC017A9C4593ED3F7AD3ED7F7A27EE267A67EE45
:201EE000A67A83ED3F7AC3ED7F7AEBD1DFED1A7AF4EE672AF1EE10FA20D14FF07E5342F83D
:201F0000043B6245FBD12A46002104F582700CF041FE2A46002104F501700CF03BFE2A46B8
:201F2000002104F541700CF035FE2A4630460021BDEC028BBDE870400CF02CBEBDEC028BF9
:201F400070BD00BFAFF30080182D4454FB2109403EC3AE37CCBC8C2B0080BB46000000008B
:201F60000029B5EE400AF0EE400A70B5B4BF4E1C0E46F1EE10FA0D4626F0010304464FEAF4
:201F8000660603602DED068B30D101292BDD07EE901AF6EE008A00F204540025B8EEE77B10
:201FA0009FED3F6B86EE079B07EE905A0135B8EEE70A30EE280AB7EEC00A20EE090BB7EEA3
:201FC000C08BB0EE480A0DF0F3F9F0EE407AB0EE480AF1EE677AE4EC017A0DF025F9AE423F
:201FE00084ED3F0AE0DCBDEC068B70BDDFED2E7AB2EE040A60EEA70A0CF08AFFF7EE007AFF
:2020000030EE670A87EE800AFFF712FE07EE905AF8EEE77A80EE278AB7EEC88AB0EE480BFF
:202020000CF026FEB0EE40ABB0EE480B0CF0F4FD012DB7EECAABF7EEC08BD4DD07EE905A11
:20204000F6EE00AA04F204540025B8EEE77B9FED146B86EE079B07EE905A0135B8EEE70AAA
:2020600030EE2A0AB7EEC00A20EE090BB7EEC08BB0EE480A0DF0D8F8F0EE407AB0EE480A48
:202080006AEE677AE4EC017A0DF092F920EE280AAE4284ED3F0ADEDCBDEC068B70BD00BF6A
:2020A000182D4454FB210940CDCC4C3D000000002DE97047C0FE807AC0FEC00A0468F7EE5E
:2020C000004A031DF1EE002A002C9FED714AF0EE643A9FED703AB8BF0134002564102DED09
:2020E000048B03EB840883B04FEA84096E4641460DF1080ACDED007ACDED010A9FED625B51
:20210000B6EC016A2A462544B7EEC66A26EE056BB7EEC66B26EE040AFFF79AFD954236EE00
:20212000066A60EE008A5EDD38EEE31A944270EE001A38EEA32A31EE011A5FD003F5806C6B
:202140001A46DCED407AF0EE420A9CED807A66EE277A26EE077AF0EEE77A27EE077AC7FECB
:20216000837AA7EEA77AF1EEC76A81EEA67AF0EE426AE7EE270AE7EE676AC3EEA07A66EEB8
:20218000A76A28EEA77A61EE277A76EEA30AA2EC017A27EE220AC2EDBF7A37EE078A70EEB0
:2021A000A77A82ED7F7A914282ED3F8A80EE277AECEC016A64EE874AC3D1C3EEA46AD3ED03
:2021C000007A67EEA67AE3EC017A994293ED3F7AD3ED7F7A27EE267A67EEA67A83ED3F7AA6
:2021E000C3ED7F7AEBD156454346494401D0C84486E703B0BDEC048BBDE87087B7EE000A49
:202200009FED249AF1EE008A00F2045C1A46FCEC017A9CED3F7A67EE867A26EE077AF0EEEC
:20222000E77A27EE077AC7FE897AA7EEA77AF1EEC70AB0EE427AC1EEA06AF0EE420AE6EE68
:20224000A70AA6EEE77AC0EE207A27EE277AE2EC017A67EE810AC2ED7F7A27EEA88A9142EF
:2022600077EEA76A82EDFF7A77EE007AC2EDBF0AF1EE666A77EEE07AC2ED3F6A88EE277ACC
:2022800064EE874AC3D198E7182D4454FB2109403EC3AE37CCBC8C2B80B485B000AF7860B1
:2022A0000023FB6011E07A68FB689B0013444FF000021A607A68FB6840339B0013444FF0D4
:2022C00000021A60FB680133FB60FB683F2BEADD00BF00BF1437BD465DF8047B704700BFE6
:2022E0000368002B24DD043000EB8303F0EC015AB0EE407AF1EC016A90ED3F6A8342E5EE0D
:20230000806AD1ED3F7AE6EE077AB0EE660AD0EDBF6AE6EEC07A41ED017AD0EDFF7AD0ED69
:202320007F6A67EEC07AE6EE877AC1ED3F7ADDD1704700BF002901601BDD031D00EB8100B7
:20234000D2F800C019461832043343F804CC814252F814CCC3F8FCC052F810CCC3F8FCC106
:2023600052F808CCC3F8FCC252F804CCC3F8FCC3E6D17047C64A9FEDC76A92ED007AC64BED
:2023800070EE477AD3ED006AF0EEE77A2DE97047F4EEC67A89B0F1EE10FA00F32B82DFED38
:2023A000BF7AB7EE006ADFEDBE5A76EEA76AC6FEC66A76EEC67A86FEC67A87FE257A36EED8
:2023C000474AC7FEC67AC7FEA57A37EE677AB54A0029C3ED006A1368B34D03F10103DFEDFC
:2023E000B37A85ED004AC3F30D0360EE277A85ED017A136040F3C781DFF8BCE2F0EE005AB7
:20240000AB4E03F58048DEED006A0129D6ED013AB1EE675AFDEEE66A96ED003AA54CD0EDA0
:20242000004A16EE90CAF0EE656A04EB8309ACF10202A3EB0C0C04EB880806EE102ACCF319
:202440000D0CB8EEC66AE3EE866AF0EE653AE3EE063AFDEEE66A16EE90AAFDEEE33AA3EB2F
:202460000A0A13EE902ACAF30D0AA3EB020204EB8A030AF5804AC2F30D02D3ED006A04EB05
:202480008A0A04EB820367EE266A9AED006A02F5804227EE067A93ED006A04EB8202E4EEE1
:2024A000066A92ED006AA4EE067AE7EEE64AC9ED004AE7EEA46A90ED016AA7EEC76AC0ED6E
:2024C000006ACDED006AA7EE867A88ED006A8DED047A80ED017A00F056819EED017A04EB5E
:2024E0008C0996ED034A0CF58048BDEEC77A96ED023AD5ED016A04EB8808D5ED003A022930
:2025000017EE103AB0EE657AD0ED004AA3F10202ACEB030306EE102AC3F30D03B8EEC66AE9
:20252000A4EE067AB0EE654AA3EE064ABDEEC77A17EE10AABDEEC44AACEB0A0A14EE102A10
:20254000CAF30D0AACEB020204EB8A0C0AF5804AC2F30D029CED006A04EB8A0A04EB820C07
:2025600026EE866A9AED007A02F5804266EE876A9CED007A04EB8202A7EE236A92ED007AC7
:20258000E7EE236AE6EE054AC9ED004AA7EEA46A90ED017AA5EE267A80ED006A8DED016A2C
:2025A000E7EE876A88ED007ACDED056AC0ED016A00F0E9809EED027A04EB830996ED054A78
:2025C00003F58048BDEEC77A96ED043AD5ED016A04EB8808D5ED003A032917EE10CAB0EE3D
:2025E000657AD0ED004AACF10202A3EB0C0C06EE102ACCF30D0CB8EEC66AA4EE067AB0EE22
:20260000654AA3EE064ABDEEC77A17EE10AABDEEC44AA3EB0A0A14EE102ACAF30D0AA3EB86
:20262000020204EB8A030AF5804AC2F30D0293ED007A04EB8A0A04EB820326EE877A9AED00
:20264000006A02F5804266EE866A93ED006A04EB8202A6EE237A92ED006AE6EE236AE7EE66
:20266000674AC9ED004AA4EEA77A90ED016AA6EEE76A80ED007A8DED027AE6EE276A88ED72
:20268000006ACDED066AC0ED016A7CD016E000BFDC1000240AD7233C3CDC032417B7D13827
:2026A0000000000068DC032440DC0324FA7E2A3F48DC03243CDC0124CC1000249EED037AFB
:2026C000F0EE656A96ED063AFDEEC74AD6ED072AB0EE657A95ED016AD5ED003A04EB8C05B4
:2026E00014EE903A90ED004A023B04EE903AF8EEE44AA4EE837AE4EEA26ABDEEC77A17EEDC
:20270000102ABDEEE67AACEB020217EE103AC2F30D02ACEB03030CF5804C04EB820602F5EE
:202720008042C3F30D0304EB8C0C04EB8202D6ED004AD2ED005A04EB830203F58043D2ED03
:20274000006A04EB830366EE266A93ED007AE4EEA36A26EE077AA5EEA37AF0EE445AE5EE49
:20276000265AC5ED005AE7EEA56A90ED016AA5EE076AC0ED006ACDED036AA7EE867A8CEDB1
:20278000006A8DED077A08AA3A4C3B4BB7EE005A02EB8102246893ED007ADDED006A012CC0
:2027A00052ED095A08AA9FED356ADFED357A75EEE65ADFED344A02EB810146FE277A77EE79
:2027C000877A11ED056A9DED047AC7FEA47AC7FEC57AE7EEA56AC3ED007A36EE476AC0ED0C
:2027E000006AD3ED007AA6EE277A80ED017A09B0BDE87087F7EE007AF4EEE76AF1EE10FA48
:2028000021DB002916DD204C012984ED007A84ED010A0FD0022984ED027A84ED030A09D055
:20282000032984ED047A84ED050A03D084ED067A84ED070A9FED117A9FED144AF0EE476A27
:2028400082ED000AC3E59FED0D7ADFED0E5A76EE876AC6FEE76A36EEE76A86FEE77A87FEC7
:20286000257A37EEC74A86FE676A86FE256A37EE467AACE5945601246CDC032417B7D13850
:2028800017B7D1B80000000048DC032472F97F3F08B52DED0A8BF0EE628A32EEA2CAB0EE0D
:2028A000409AB0EE620AF0EE60AAF0EE619AF0EE42BAB0EE418A0CF07BFDB0EE40BAB0EE86
:2028C000680A0CF0B1FCB0EE40AAB0EE4C0A0CF06FFDF0EE408AB0EE4C0A0CF0A5FC20EEB2
:2028E0002B2A28EE887A68EEAB8A20EE088AABEE2A7AEBEE298AAAEE2A8AAAEE292AF7EE5B
:20290000006A39EE070A78EEA68A28EE088A22EE022AA0EE008AA8EEA82A88EE020ABDECF0
:202920000A8BB1EEC00A08BD08B52DED068BD0ED008A90ED019AD0ED029AB0EE680A90ED27
:2029400003AAF0EE490AD0ED04AAB0EE691AF0EE4A1ADFED452AB0EE6A2AFFF799FFB0EE32
:20296000408AB0EE6A2ADFED412AF0EE4A1AB0EE691AF0EE490AB0EE680AFFF789FF38EEDC
:20298000008AB0EE6A2ADFED3A2AF0EE4A1AB0EE691AF0EE490AB0EE680AFFF779FF38EE13
:2029A000008AB0EE6A2ADFED332AF0EE4A1AB0EE691AF0EE490AB0EE680AFFF769FF38EE0A
:2029C000008AB0EE6A2ADFED2C2AF0EE4A1AB0EE691AF0EE490AB0EE680AFFF759FF38EE01
:2029E000008AB0EE6A2ADFED252AF0EE4A1AB0EE691AF0EE490AB0EE680AFFF749FF38EEF8
:202A0000008AB0EE6A2ADFED1E2AF0EE4A1AB0EE691AF0EE490AB0EE680AFFF739FF38EEEE
:202A2000008AB0EE6A2ADFED172AF0EE4A1AB0EE691AF0EE490AB0EE680AFFF729FF30EEED
:202A4000080ADFED117AB4EEE70AF1EE10FA06D4F4EE007ABDEC068B20EE270A08BDBDEC74
:202A6000068B9FED0A0A08BD20C9A93E20C9293FB0AD7E3F20C9A93F683BD43FB0ADFE3F04
:202A8000FC8F144020C9294017B7513A17B7D138DFED537A534A60EEA77A53499FED537A3B
:202AA000FDEEE77A10B52DED048BB0EE409A17EE903AB2EE040A044602EB8302F0EEC90AFA
:202AC00001EB830192ED008AD1ED008A60EE870A0CF01EFAB1EEC06ADFED457AB7EE005AEF
:202AE000B5EEC09A68EE276AF1EE10FAF1EEC65A76EE057A36EE457A28EEA74A68EE878AD6
:202B000066EEA56A30DD77EEE85A77EEA87A77EE044A75EEA63A37EE447A75EEE65A37EE76
:202B2000A64A77EEE67AC5EE236AB8EE003A37EE077A64EE834ABDEC048B26EE266A27EE0A
:202B4000267A65EEA65A24EE065A64EE866A84ED037A67EE867AC4ED045A84ED005AC4ED00
:202B6000016AC4ED027A10BD09D4002384ED005ABDEC048BA36063602361E36010BD77EE2E
:202B8000A84A77EEE87A77EE445A74EEA63A37EE047A74EEE64A37EEA64A77EEE67AC5EE75
:202BA000236AB8EE003A75EEA55A27EE037ABDEC048B26EE266A27EE267A64EEA64A65EE8E
:202BC000865A64EE066A84ED037A67EE867AC4ED044AC4ED015AC4ED006AC4ED027A10BDF0
:202BE0003EC3AE3CD09B0124D0AB0124CDCCCCBCF30BB53FD0ED007AF0EE406A91ED006A00
:202C0000D0ED015AA7EE806A91ED017AD0ED047AA5EE807A90ED035AD0ED025A67EEC67AD4
:202C2000B0EE460AA5EE467AE5EEA67A81ED007AC1ED017A704700BF80B582B000AF0022A1
:202C40009FED2A0A04212A48FFF712F8DFED297AB0EE670A2648FFF7B3F89FED270A0221B0
:202C60002648FFF77DF9DFED260A9FED260A2348FFF71EFA244A03212448FFF75BFB0022DD
:202C80009FED1D0A04212248FEF7F2FF9FED210A1F48FFF795F800237B601FE000233B60B0
:202CA00016E03B685A007B6813445B021A4A13441846FFF7F1FA3B685A007B6813445B02FC
:202CC000164A13441846FFF7E7FA3B6801333B603B68032BE5DD7B6801337B607B68012B02
:202CE000DCDD00BF00BF0837BD4680BD0000000094EC03240080BB46CDCC4C3E9CF403241C
:202D000000002A430000FA4584100024A4FC0324AC0404240000164594DC0324B40C0424D6
:202D20002E4BB7EE007AD0ED007A93ED006A0023D0ED036A77EE867AD0ED025AC360F4EE0A
:202D4000C77AC0ED007AF1EE10FA22DB244B77EEC77A90ED046AB6EE005A93ED004AC0EDB0
:202D6000007A70EE464A67EE847A37EE677A67EEA77AA4EE876A27EE477A76EE655A80ED33
:202D8000026A25EE855AA5EE076AE7EE856AF0EE465A144AF6EE004AB7EE005A124BD2EDE8
:202DA000007ABFEE007A93ED006A76EE856A0F4B67EEA47A80ED040A36EE066A93ED005A7F
:202DC00037EE407AC0ED035A67EEA67AF8FE677AA7EE867AA7EE050A704700BF0056012494
:202DE00004560124F8550124FC550124BC560124774A0321774B92ED000AD3ED007A9FED3F
:202E0000766A30EE270ADFED756A9FED757A9FED751A90ED002AD0ED011ADFED730A2DE964
:202E2000704F2DED028BB7EE008A704D0446F0EE008AD5ED007A80FE480AB4EEC60ADFF839
:202E4000DC8104F1080A6A4EF1EE10FADFF8D0B158BFB0EE667A77EE877AC7FE817AC7FE95
:202E6000C87AC5ED007AFFF785FAD0ED007AFFEE003AD5ED006AB6EE005A77EEC27A5D4B9E
:202E800090ED017ABAEE083ADFED5B5AB2EE080AA7EEA62A594937EE617A594ADFED592A24
:202EA0009FED474B9FED486B80ED002AD3ED007A554862EE277A95ED002AE7EE021AC7FEF4
:202EC000A37AB0EE487AC7FEC87A27EEE72AA2EE257A67EE877AC4ED007A91ED007AD3EDE0
:202EE000007AB4EEC57AB0EE485A61EEA77AF1EE10FAA7EE685A92ED007AC7FEA37AC7FEE7
:202F0000C87AE7EE220A67EEE73AB0EE487A58BFB0EE430AB0EEC55AA3EEA57AB7EEC55A65
:202F2000A5EE046B67EE277AC4ED017AB7EEC66B86FE016A26EE000AFFF7AAFD334A344BF1
:202F400015681B6805EB0522D8ED007A03EB03299FED307AED1A06EBC90977EE877A06EBAA
:202F6000C2062D4AAD0202EB8322C7FEC87AC8ED007A594694ED000A23480BF1080BFFF701
:202F800039FE1146F0EE404A4846FFF7A9F9B0EE405AA9183046B0EE640A02F50072FFF73B
:202FA0009FF930EE450AD8ED007AA0EE275AA4EC015AA245DDD1BDEC028BBDE8708F00BFA5
:202FC000000000403333F33F000000A09999C9BF1057012420570124CDCC4C3D6F12833A37
:202FE0006F1283BA0000000000007042BC28042494EC0324341000244CA6AA3E08570124E8
:20300000F05601240000FA4570DC0324785601247456012417B7D13894DC0324C056012408
:2030200084DC0324002305480549064A036043600B6013604B605360704700BF3056012498
:2030400038560124405601245F4AF7EE003AD0ED006AD2ED007A5D4AF0EEE66AF8EEE77ABE
:203060005B4B9FED5C6A93ED003AF4EE637AD2ED007AB7EEC35A5849584BF1EE10FA91ED39
:20308000007AF4EEE76A93ED001A9FED4D4B46FE233AF1EE10FA10B5514C25EE045BD4EDA6
:2030A000002A03DDF0EE667AC2ED006ADFED4D6AF4EEE67AF1EE10FA03DB4FF07E544A4BFD
:2030C0001C604A4B67EE277A9FED494AF7EE000AD3ED006A90ED012AF4EEE76AD2ED011AFC
:2030E00077EEE67A434CB0EEC22A9FED3A0AF1EE10FAF4EEC21A54BFB0EE626AB0EE416AB5
:20310000F1EE10FAE6EE276A36EE844AC3ED006AB7EEC44A85EE046BB7EEC66B86FE006AFC
:2031200086FE606A84ED006A03D5F0EE421A82ED012ADFED2C7AF4EEE71AF1EE10FA03DB9E
:203140004FF07E50284A506067EE217A93ED017A9FED274AF7EE004A9FED1E2AB4EE677AD2
:20316000224877EEC77AF1EE10FA48BFF0EE412AA7EEA27A37EE046A83ED017A1E4BB7EEC9
:20318000C66A85EE067BB7EEC77B87FE027A87FE647A84ED017AFDF773FB30EE044A83ED96
:2031A000000AF0EE647A83EE047A37EE647AE7EE237AC7FE827AC7FEE47AC1ED007A10BD0C
:2031C0001B0DE02D90A0E63F645601243056012420100024000000001C10002414100024EF
:2031E000181000246666663F385601243C55012417B7D138485501244455012480B588B0E5
:2032000000AF0023FB6112E02F4AFB699B0013444FF000021A602C4AFB6903F500139B0084
:2032200013444FF000021A60FB690133FB61FB69B3F5001FE8DB01229FED240A022124482E
:20324000FEF716FD0023BB6130E04FF07A533B614FF08043FB601F4BBB601F4B7B60BA6925
:203260001346DB009B1A9B001C4A1344D7ED011A97ED021AD7ED030A97ED040A1846FDF7D9
:2032800087FBBA691346DB009B1A9B00144A1344D7ED011A97ED021AD7ED030A97ED040A6E
:2032A0001846FDF775FBBB690133BB61BB69012BCBDD0C4B7B6197ED050A0548FEF780FD5B
:2032C00000BF2037BD4680BD000000C100000000B42004240AD7233C6F12833A3C290424D0
:2032E000742904240000F0423A4AF0EE006A9FED3A6ABFEE007AD2ED007AB0EE085A374BF9
:20330000F6EE085A77EE867A04EE101A93ED006AF6EEE74A77EEE47A2DE9704FA7EEA67A9A
:2033200080462DED0C8BF7EE00CA88B0B0EEC77AB4EEEC6A3CEEC77AF1EE10FA67EE074A5E
:20334000A7EE665A64EEA54A40F3A082B1EE089A9FED237AF0EE6C5A2248B5EE006A224992
:20336000D0ED006A91ED002AA4EE856A1F4BC2EE263A9FED1F3AD3ED002ADFED1E4A9FEDF4
:203380001E5A1E4837EE227A1D49C2ED007A87FE037A87FE647A83ED007AA6EE257A80ED10
:2033A000007AF4EEC53AC1ED003AF1EE10FA2FDC9FED147AF4EEC73AF1EE10FA40F34482F7
:2033C00037EE637A9FED106AB6EE083AA7EE063A20E000BFAC290424CDAFE635005701245B
:2033E00017B7D1384C100024FC4C0124802A042400000000295C8F3D0080F847205701248B
:20340000B429042400C293463560AA36CDCC4C3E1FED023AB2EE006AE049F7EE005A9FED2E
:20342000E07AF0EE003ADF4827EE866AD1ED067A66EE878A91ED017AF8EEC46ABFEE005A37
:20344000B6EEC64A77EEE57A36EE446A37EE657A67EEA67AA6EE235A27EE267AFDEEE77A97
:20346000F0EE084ABDEEC77A17EE903A68EE838AF0EEC57A17EE102A8DED017AB0EE647A31
:20348000059375EEE77AFF2AA7EEE37A68EEA78A68EEA78A68EE878AC0ED008A02DC02F534
:2034A00080720192FF2B02DC03F580730593B7EE006A91ED027AD1ED077ADFEDC95A37EEA0
:2034C000467A77EEC67A79EE46AA27EE267A67EEA67ACAFEA5AACAFEC6AABDEEC77AFDEEE0
:2034E000E77A6AEEAAAA17EE102A8DED027A17EE903ACDED067AFF2A2AEEAA0A02DC02F5B7
:2035000080720292FF2B02DC03F580730693B7EE006A91ED037AF0EE009ADFEDB15AD1ED82
:20352000087A37EE467A79EE699A77EEC67A27EE267AC9FEA59AC9FEC69A69EEA99ABDEEEE
:20354000C77A67EEA67AA9EEA90A17EE102A3AEEA9AAFDEEE77A8DED037AFF2A3AEE06AA6D
:2035600017EE903ACDED077A30EE060A02DC02F580720392FF2B02DC03F580730793B0EE8C
:20358000086A9FED977AF7EE007A874BF6EE006A39EE469A93ED008A28EE268A89FE079A9E
:2035A00089FE679A29EE099AA9EE090A3AEE09AAB4EEC70AF1EE10FAC0F29C81F1EEC07A00
:2035C0007A4B0024DFF810A21E68DFF810B2F7EE00DA06EE906A88EE0ADA8DEEA77ADDEDED
:2035E000017AB8EEE7BADDED027A3DEEC88AF8EEE7BADDED037A3BEE68BAB8EEE7CADFED0A
:20360000787A7BEEE8BAB8EEE6AA8BFE27BA3CEE68CACBFEA7BA8CFE27CAA8EE07DABAECEF
:20362000012AA500F8EC017AB8EEC22A604B3DEEE70A03EB04105F4B32EE672AFDF768F950
:20364000B0EE405A03EB840332EE4B0AD3ED007A25EE275AB4EECA0AF1EE10FA80F2EC803D
:20366000B5EEC00AF1EE10FA01D530EE0A0A524B314603EBC4594846FDF72AF9F0EE406AA0
:20368000002C40F0E48032EE6B0AAAEEA65AB4EECA0AF1EE10FA80F2A580B5EEC00AF1EEFB
:2036A00010FA01D530EE0A0A31464846FDF710F9F0EE406A002C40F0A08032EE4C0AA6EEE8
:2036C000A95AB4EECA0AF1EE10FA3DDAB5EEC00AF1EE10FA01D530EE0A0A48463146FDF71A
:2036E000F7F8F0EE406A002C38D1A6EE895A334BC4EBC40003EB80002DEE058AB0EE480AAE
:20370000FDF75AF930EE480ADBED007A2C4BA0EE278A2C4803EB4421B0EE480AFEF7E0FD71
:2037200030EE480A284B2819A0EE2C8A03EB8000B0EE480AFFF7F4FA244B1D4485ED000A93
:20374000002C7CD101246AE730EE4A0A48463146FDF7BEF8F0EE406A002CC6D0DDED077AC4
:203760009FED1F7AF8EEE77A77EEE87AC7FE877A32EE670AB4EECA0AF1EE10FAC0F2B1807D
:2037800030EE4A0A31461248FDF7A2F8114B30EE660AD3ED007AE0EE276AA6E7E81000242C
:2037A00000008043B0290424985501240C100024F42804247C100024000000C13C290424B1
:2037C000B41C0424B4200424C0280424EC550124000080C174100024E455012430DC012407
:2037E0000000000030EE4A0A31464846FDF770F8F0EE406A002C3FF460AF9DED067A5FEDAA
:20380000087AB8EEC70A30EE680A80FE270A32EE400AB4EECA0AF1EE10FA5ADB30EE4A0A00
:2038200031463748FDF754F8364B30EE660AD3ED007AE0EE276A40E730EE4A0A17E708B05B
:20384000BDEC0C8BBDE8708FB6EE083AE2E59DED057ADFED2D7AB8EEC70A30EE680A80FED6
:20386000270A32EE400AB4EECA0AF1EE10FA28DB30EE4A0A31462248FDF72AF8214B30EE58
:20388000660AD3ED007AE0EE276AFCE6B1EE043ADFED1D3AF1EE005A9FED1C7ADFED1C6A90
:2038A00026EE036A76EE655A36EE2C9AC6FE6CCAC5FEA35AF4EEE35AF1EE10FA37FE267AE3
:2038C0004AE5B5EEC00AF1EE10FAD3D530EE0A0AD0E7B5EEC00AF1EE10FAA1D530EE0A0AD4
:2038E0009EE7B5EEC00AF1EE10FA7FF54BAF30EE0A0A47E70BF0F0F9F0EE407A60E600BF9E
:20390000000080C1741000240000000017B7D13817B7D1B880B483B000AF0E4B00221A6085
:203920000D4B00221A6000237B6009E00B4A7B689B0013444FF000021A607B6801337B60D5
:203940007B68012BF2DD00BF00BF0C37BD465DF8047B7047CC290424C8290424C0290424F3
:20396000524BD3ED0D7AF5EE407A2DE9704FF1EE10FA4F4DDFF85C914E4E14BF01230023F2
:203980002B7002F005FFD9F80030044695F80080C51A3378434564D0DFF83CA1DFF83CB180
:2039A000DAED007A9BED007AF8EEE77A77EE677AFDEEE77A17EE903A002BB8BF5B42B3F535
:2039C0007A7F3FDC3C4B0021DFF814E1DFF814C11960DEF80030DCF80010581C2029D8BFFC
:2039E000013100F01F00BDEEC77ACEF800003348CCF8001017EE102A40F823200023CBF8E5
:203A00000030FDF755F82E4B07EE100A2D4A0121D3ED007A0223B8EEC77AC9F80040F8EEE7
:203A2000E77A1360284B197040F69801C7FEC77AFDEEE77A8D42CAED007A29D886F8008096
:203A4000BDE8708F1C490B680133022B0B6017DD0023DFF88CE0DFF88CC00B6001210846C6
:203A6000C1E740F698039D42E8D9164A1368022B0BD0154B012286F800801A70BDE8708F9B
:203A8000DFF85CE0DFF85CC0A3E7DFF84CA00E4B00214FF07E50C9F8004011600B4C0C4A2D
:203AA000CAF8001021701060E4E700BFB01100245410002455100024682A0424E0290424C8
:203AC000E828042430570124702A042439DC0124141100246C2A0424C4550124BC290424B4
:203AE000642A0424602A042430B5784C8FB00FCC0DF1040CACE80F000FCCACE80F000FCC91
:203B00002468ACE80F00CCF8004002F041FE704B0446704AD3ED007A92ED007AF4EEC77A2C
:203B2000F1EE10FA44DB77EEC77A6B4A0121C3ED007A117069496A4B6A4A08691B691178BC
:203B400003F48063002943D000211170664A002111603BB3654A664866490368B3F57A7F65
:203B600003D80D685D1B2B190360634D0C6063482C78017824B9624C24680CB1032C36D1E8
:203B80000023137061B1002313705E4901235E4A0C685E4D5E49146000222B600B70027080
:203BA0000FB030BD5B4B01221A70FFF7B3FED1E7594BDFED5A6A93ED007A27EE267AF4EEE2
:203BC000C77AF1EE10FAB5DD434B00221A70B1E74205BBD5444B1A68012ABBD050480268B7
:203BE000A21A642A5ED80121404A1960B3E74D4C2478002CC4D1B3F57A7FC1D31378002BA5
:203C0000C0D014700029C0D1474B484CD3ED007A94ED007AF8EEE77AF4EEC77AF1EE10FA28
:203C200033DD434A43491368434801EB8305013303F0010385ED007A13600368012B27DDBC
:203C4000D1ED006AD1ED017A76EEA76A07EE903A3A4B0EAD0122F8EEE77A1B682B48C3F17B
:203C60000C03294986EEA77A026005EB8303284853ED0D7A027067EE277AFDEEE77AC1EDBD
:203C8000007A002323600FB030BDFFF743FEF8E70133002B0360F4DD012BD1ED006AD5D0B6
:203CA0000223CFE71B4D2A782AB1104A29700121046019604FE7224901250C4A096815703F
:203CC000B1FA81F11F4D49092970F0E744FD0008D4290424F44C0124D12904240004025846
:203CE00000080258BD55012418110024D029042410110024DC290424A8560124AA56012403
:203D0000B4560124AC560124C055012430570124A9560124D82904244C10002400007F43D8
:203D2000782A04245C100024E8280424B8290424C8290424C0290424CC2904245810002415
:203D40008C5501241E5701244FF48072002101480AF020BF00010024891A0131194470B5CF
:203D60001446054691FBF3F203FB12115E1A00EB8100B44207DC002C17DDA2000021BDE8C7
:203D800070400AF007BF002E03DDB20000210AF001FFA31B002128468B424FEA8302BDE85B
:203DA0007040D8BF04220AF0F5BE70BD2DE97043FFF7CAFF104BDFF854800024D3F80090AF
:203DC0004FF400130D4ED8F800104A4630460C4DFFF7C2FF4FF400134A46D8F8041006F577
:203DE00000002C60FFF7B8FF064A074B6C6014701C60BDE8708300BF08100024000000C0C9
:203E0000EC4C0124094D0124044D0124DC55012480B586B000AFF860B9607A603B607A681C
:203E2000BB689A4201DB00237B607B68002B03DA7A68BB6813447B60BA687B68D31A7B61B9
:203E40003A6A7B699A420ADC7B689B00FA68D0183B6A9B001A4639680AF0CEFE15E07B6871
:203E60009B00FA68D0187B699B001A4639680AF0C3FE7B699B003A68D1183A6A7B69D31AA3
:203E80009B001A46F8680AF0B7FE00BF1837BD4680BD00BF2DE9704F1A4B82B01A4C0D46E6
:203EA000D3F800B006462268DFF874A05946174B0092D3F8009002685046154BFFF7A8FFDB
:203EC000DFF860802368494640460093114B2A68FFF79EFF72686368002659460AF500000E
:203EE00000930D4B2660FFF793FF63686A684946009308F50000094BFFF78AFF666002B0C2
:203F0000BDE8708F08100024EC4C01240C1000246C140024ACB000248C620024CCFE002400
:203F2000000000C0000000C12DE9704FFFF70CFF334EDFF804C14FF0000BDFF80081DFF894
:203F40000091DFF800A1DFF800E12E4C2E4DDFED2F7A2A46204671460023B3F5001F0EDAD7
:203F6000342BC2ED007A03F1010343DDB3F5001F00F1040002F10402E1EC017AF0DB0133A5
:203F8000043104300432B3F5800FE6D1204B04F59C444CF804BB0EF5000E9C4504F1200442
:203FA00005F5000546F804BB48F804BBE9EC017AEAEC017ACDD117490123174AC1ED007ABA
:203FC0001649174881F800B01168164C99420370154908BFC2F800B0144A1548127823607A
:203FE0000023042A80F800B00B7001D0114A1360BDE8708FE0EC017A0432E1EC017AACE732
:20400000E45501246C140024000000C000000000E4550124F84C012430570124A956012447
:204020005A560124E4100024084D01245856012439DC0124044D0124DC550124EC4C0124E3
:20404000B455012434290424000000C180B483B000AF274BD3ED007AF5EE407AF1EE10FAA4
:204060003FD0244B1B68002B3BD100237B6035E0214A7B68002142F82310204A7B689B0031
:2040800013444FF081421A6000233B6016E01C497B689A003B6813449B000B444FF0000292
:2040A0001A6018497B689A003B6813449B000B444FF000021A603B6801333B603B68032BC6
:2040C000E5DD114A7B68DB0513441A680F497B689B000B441A607B6801337B607B68012B87
:2040E000C6DD00BF0C37BD465DF8047B704700BFF84C0124D4550124DC550124B455012493
:2041000014290424F4280424000000C03429042408B5FFF719FEFFF799FF044B1B78022B4A
:2041200000D008BD024B00221A6008BD58560124044D012408B5FFF707FEFFF787FF024B72
:2041400000221A6008BD00BF044D01242DE97043A74CA84E2DED028B8EB0B0EE408A0FCCEF
:204160000DF1040CACE80F000FCCACE80F000FCCACE80F00A04B24681B78CCF80040042B55
:20418000337000F0BC80062B40F0E0809B4B0122DFF8D8921A709A4C9A4D23682968DFF8FB
:2041A000D082994298F800202DD0974900200860002A48D143BBFFF7ADFB00229348236856
:2041C00093490270032B0A70DFED927A924893492B6089F8002088F800200260C1ED007A05
:2041E00000F0B7808E4A8F4902EB83031B680B60F5EE407AF1EE10FA40F08D800EB0BDEC5D
:20420000028BBDE87083F2B98348032B8349D0F800C0D1ED007A2B6027D0002289F8002004
:20422000BCF1000FDED0BCF1010F00F09980BCF1020FDDD17C4A7B4B92ED007AB8EEC77A76
:2042400083ED007AD4E7032BB5D19FED727A7248F0EE477A71496E4A2B600023D0F800C08C
:2042600088F8003081ED007A137099F80020BCF1000F6ED0BCF1010F72D0BCF1020F00F0CB
:20428000AE80002AB4D033780024684A012B14607CD0022BB2D1644B0024654801221B68FF
:2042A00089F800400270002BA2D007EE103AB7EE006AB8EEC77AC7EE876AF8FE667AF4EE9B
:2042C000C67AF1EE10FA05D4FDEEE76A27EE277A16EE902ADFED576A574BB4EEE67A1A6081
:2042E000F1EE10FA13DADFED556AB4EEE67AF1EE10FA0CD4F0EE477A81ED007A78E7032287
:20430000DFF868910123327089F8003043E7F0EE667AC1ED006ADFED4A6A4A4827EEA67A0F
:204320004049C0ED007AC1ED007AFDEEC77AB6EEC77A37EE667A444A444BC2ED007A83EDD9
:20434000007A0EB0BDEC028BBDE87083DFF81C9121E7334C4FF0000C324BE4681C6090E745
:204360003B4B0EAD2F4C4FF0010C1B68C3F10C0305EB830313ED0D7A364BD3ED006AF8EE61
:20438000E66A27EE267A84ED007A7AE7F5EE407A0023BCF1010F1D4A08BF0360F1EE10FAD5
:2043A000137005D12C4B0022DFED2C7AC3E9002238EE270ADFED1F7A294A2A4BB4EEE70A94
:2043C00012681A60F1EE10FA5A6005DB264B0122C1ED007A1A7011E781ED000A0EE7124B5E
:2043E00093ED007A0F4BB8EEC77A83ED007A48E744FD0008585601245956012439DC01243F
:20440000B4560124B0560124044D0124A9560124004D01240000000030570124F84C012421
:20442000184D012410100024C4550124D4290424084D012470371A49E410002400007A44F1
:20444000E17A5440F44C012408100024FC4C012458100024C0550124DC5501240000804380
:204460005010002434570124605601245A560124BC55012480B483B000AF304B304A1A609D
:204480002E4B93ED007AF7EE006AC6EE877A2D4BC3ED007A01237B6023E07B68013B274A71
:2044A0009B00134493ED007ADFED276AC7EE267A224A7B689B001344C3ED007A1F4A7B68A7
:2044C0009B00134493ED007AF7EE006AC6EE877A1C4A7B689B001344C3ED007A7B68013370
:2044E0007B607B68032BD8DD144B9B68134AD360124B93ED037AF7EE006AC6EE877A114B6F
:20450000C3ED037A0D4BD3ED037A9FED107A67EE877AFDEEE77A17EE902A0D4B1A60074B3E
:20452000D3ED037AFDEEE77A17EE902A094B1A6000BF0C37BD465DF8047B7047184D01244B
:20454000E4B21543284D01240000803DE17A5440E0100024E828042480B582B000AF0023A2
:204560007B6012E00E4A7B689B0013444FF000021A600B4A7B6803F500139B0013444FF012
:2045800000021A607B6801337B607B68B3F5001FE8DBFFF76FFF00BF0837BD4680BD00BFDF
:2045A000000000C0C44BD3ED007AF5EE407A2DE9704FF1EE10FA04462DED0A8B9AB01791AC
:2045C00000F01B82BD4B08461B7807EE903AF8EEE71ABB4AB7EE008ADFEDBABA4FF0000903
:2045E0001370FDF703FAB84BDFEDB87A93ED007AB74B77EE677AB74AD3ED008A67EE216AD9
:20460000B54B67EEA17AD2ED000A93ED007AFDEEE66AB24B20EE879A9FEDB1CA1B6860EE28
:20462000A80AFDEEE77A1194169378EE688AAD4BCDED0C6A0F93AC4BCDED157A0E93AB4B35
:204640000D93AB4B1093AB4B1493AB4B0493119B4FEA091293ED000A20EE070AA3EC010AB4
:204660001193994B93ED00BA0E9B7BEE4C7AF3EC011A0E93F4EEC81A0F9BFDEEE77AB3ECAC
:20468000011AF1EE10FACDED067A0F93179B03EB8903D3ED00AA994B6AEEABAA03EB890399
:2046A00093ED00AA4FEA8903CAFEEBAAC8EE2A9A1293934B53F82940924B53F82980924B4F
:2046C00053F829A00D9B53F8041B0D938F4B019103EB0913059340F19581049B41F2883035
:2046E0008B4D93ED002A00FB0910531989F00102884D07935305884A0B932B68874D089303
:20470000D5ED00CA864DD2F800B005EB8003854D854E039305EB800302934FEA0923099309
:204720004FEA49530A9317EE903A323B13932DE0069BA5EB0B05E01A584572DBA0EB0B005D
:204740000A9B184406EB800090ED000A58190B9B06EB800090ED002A581906EB8000D0ED92
:20476000007AB9F1000F67D177EEC27A049B71EEA91A0798A7EEAC2A83ED002AFCF7FEF8DF
:20478000F4EEC81AF1EE10FA40F1D480019BB0EE610A059808F1010801330AF10105634AC1
:2047A00001340193FCF7B4F8089B20EE827A29EE022A5C45A8BF00249845A8BF4FF00008EA
:2047C000029BA3EC012A0293099B03EB0A005FFA85FA02EB800080ED000A03EB0A00039BFF
:2047E00002EB8000D0ED007A6AEE277AA8EEA77AF0EEE77A81FE271AA3EC017A03930C9B1F
:20480000E51A5D4594DA07EE905A069BF8EEE77AE01AF5EEC07AF1EE10FA48BF5D4458457D
:204820008CDA07EE900AF8EEE77AF5EEC07AF1EE10FA48BF584483E7159BE01A584520DBE7
:20484000139BA0EB0B00A4EB030CDC4528DBACEB0B0C0CF5001C00F50010354B06EB8C0C79
:2048600006EB800093ED006ADCED006A90ED007A76EEC06A37EE427AA6EE860AA6EE072A5B
:2048800072E707EE100A139BB8EEC77AA4EB030CB5EEC07AF1EE10FA48BF5844DC45D6DA43
:2048A00007EE10CAB8EEC77AB5EEC07AF1EE10FA48BFDC44CDE700BFF84C01245A560124A4
:2048C00038DC0124E17A5440FC4C01240000484228DC01246C100024641000240C4D0124DA
:2048E0000000804340560124B4550124EC4C0124085601241056012434290424485501245A
:20490000DC550124E4550124EC28042414290424F42804240C10002408100024D855012430
:204920006C140024ACB00024000000C0384D012434DC0124119B13ED010A129B71EEC81A0F
:20494000059860336AEEA1AA0DEB0302C2ED00AAFCF714F8109B1A68521B052A01D800226B
:204960001A600D9B019A43F8042C129B264A42F803A00E9A42ED011A244AD450244A42F8E9
:2049800003800F9B03ED011A169B002B0ADD109A14605A1E149B1692C3E90088C3E90288C5
:2049A0001C4B1A60B9F1000F0ED1109B4FF0010904331093149B10331493049B04330493AA
:2049C000154B93ED007A42E6FDEECB7A18A817EE901AFEF789FC114B93ED007AD3ED017AAB
:2049E00027EE097A67EE897A83ED007AC3ED017A1AB0BDEC0A8BBDE8708FF7EE001A0123E3
:204A00000846E6E5012598E7EC280424DC550124E45501240C4D012464100024EC5501246C
:204A200080B500AF40220A490A4809F06FF9402209490A4809F020FAFBF7FEFEFCF738FCFC
:204A4000FEF7DCFBFEF7F8F8FFF786FD00BF80BD00010024001200240000002498120024E3
:204A600080B483B000AF7860074B01221A70074B00221A80064B00221A8000BF0C37BD4629
:204A80005DF8047B704700BF64140024104D0124124D012480B483B000AF7860074B0222C6
:204AA0001A70074B10221A80064B20221A8000BF0C37BD465DF8047B704700BF6414002436
:204AC000104D0124124D0124254A264B1178D3ED006AA9B9DFED247AF4EEE76AF1EE10FA55
:204AE00031DBF5EE006A0121BDEE007A1170F0EE667AC3ED006A80ED007AC0ED017A7047F7
:204B0000DFED1A7AF4EEE76AF1EE10FA0CD99FED187A76EEC77A37EE667AC3ED007A80EDD5
:204B2000007AC0ED017A7047FDEE006A0021B5EE007A1170F0EE667AC3ED006A80ED007A49
:204B4000C0ED017A7047DFED0A7A76EEA77AB1EE677AC3ED007AC0ED017A80ED007A704731
:204B6000842A0424882A0424DBF97E3EDBF97EBE6F12833A2DE9704FD24D0646B3EE007A4C
:204B80002DED048B96B00FCD09AC0FC40FCD0FC40FCD0FC42B682360FEF744FACA49CB4BF2
:204BA000D1ED007ACA4A1B7827EE870AC2ED007A002B40F05B81C74BC749D3ED006AD1ED06
:204BC000007AE6EE877AC54AC548C1ED007AD2ED007A016877EE807AC24B022993ED007A0F
:204BE000C2ED007A00F04881BA4AF3EE006AF0EE477A92ED006AE6EE267AC3ED007AFFF768
:204C0000A5FAFCF715FEB84CFEF76EFF9FEDB79AFEF7A6FE701CB64BB64E04EB800403EB21
:204C20008005DFEDB58A05F18003A846019387E006EE902A9FEDB17AB8EEE68A06EE903A49
:204C400025EE075AF8EEE69A65EE875A28EE458A69EEA59ADFF8B49203A8A94AD9ED006AE0
:204C600099ED017A92ED006A77EE665AA54BDFF8E0B2D3ED004AE5EE866A93ED015AA5EE91
:204C8000C67AA7EEA68AE7EE879AB0EE486A8DED038AF0EE697ACDED049AA6EEE46AE5EEF4
:204CA000477A8DED056ACDED067AFEF7CDF9F7EE006A95ED007A9BF80030C6EE877A27EE7D
:204CC000888A67EEA97A8DED038ACDED047A1BB1CDED048ACDED038A9AED000A05A8FCF77F
:204CE00063FB894B07A903A81A685B6807920893FFF758FC8548FEF77BF89BF80030002B41
:204D000040F0AB80824B08F108089FED826A0834D3ED007A99ED007A67EE867AD9ED016AEE
:204D2000019B27EE877A984567EEA67ABDEEC77AFDEEE77A08ED027A48ED037A00F0918013
:204D40003368002B40F08D80734A7449D2ED007A734ADFF800E2D1ED004AD2ED005A71494C
:204D6000714ADEED000A714BDFF8EC9174EEE04ADFF8E8A1DFF8E8C16D48C4FE894A6D4D23
:204D800091ED005A92ED006A6B496C4A93ED001AD9ED001A9AED002A77EEC17ADCED002A2A
:204DA00035EE615A90ED003A75EEC25AD5ED003A36EE626AD1ED006AC7FE897A92ED007A0A
:204DC00085FE095A9FED5E4A76EEC36A37EE637A5C4AC4FEC44A74EEA04AC7FEC47A85FEDE
:204DE000445A77EE817AC5FE895A35EE215AC5FEC45A86FE096A75EE825A86FE446AC6FE64
:204E0000896A36EE226AC6FEC46A87FE097A76EE836A87FE447A37EE237ACEED004A117811
:204E2000DFF840E1C3ED007A89ED005ACAED005A226854F8043C9EED005ADEED015A8CEDD5
:204E4000006AC0ED006A85ED007A00293FF4F0AEF0EE689AB0EE688AFCE62C48FFF734FEFD
:204E600050E716B0BDEC048BBDE8708F1A49D1ED007A70EE277AA6E6334A1268012A3FF7DB
:204E8000B3AE274AF7EE007AF2EE096A9FED1A6AD2ED005A16A92D4877EEE57AC7FE867AA8
:204EA00067EEA67AFDEEE77A17EE902AC0ED007AF0EE477A01EB820151ED0D6AE6EE807ABA
:204EC0009BE600BF78FD00084C1000241D570124501000245C560124B8290424D429042473
:204EE00030570124BC2904240000002417B7D1B800010024044D01240000000000000030B3
:204F0000D85501241457012434570124EC550124641000240000004FD4560124D056012418
:204F2000CC560124E4560124E8560124045701240C57012434100024EC560124301000242D
:204F400017B7D1385D10002498560124742A0424B85601240057012408570124FC56012466
:204F60001057012438100024C24BF7EE004AC24A93ED025AC149D3ED0C7AD3ED035AF4EEC6
:204F8000E47A93ED0B7A93ED056ABDEEC77ABC48F1EE10FAD3ED0A6A2DE9704F2DED0A8B2E
:204FA00082ED005AD3ED04BAB64A1C68C2ED00BA93ED068AB44A0C6082ED008AB349B44A50
:204FC00093ED089AC1ED005A82ED009AB149B24A93ED09BA81ED006A82ED00BA93ED01AA39
:204FE000D3ED078AAD49DFF874E3AD4A80ED00AAC1ED008ACEED006A82ED007A40F2A48290
:20500000A84A0120FDEEE77A1070A74AC2ED007AD3ED137AF7EE009AD3ED104AFDEEE77A65
:2050200093ED127AA14CF5EE404AA14E17EE903A2070A04C03F00F03D6F800809E4A236012
:205040009E4B7468C3F800809D4BB5681C6051689C4B0029DFF808C31D60D4BF0020012013
:20506000F1EE10FADFF8FCA2B5EE407ADFF8F892D6E9033614BF4FF0010B4FF0000BCCF8F0
:205080000030F1EE10FADFF8E4C2C9F80000CCF80060D2F808C0CAF800C0DFF8D4A28AF8B2
:2050A00000B018BF4FF0010BDFF8C8A208BF4FF0000B8AF800B0002E40F03F8239EEE67AF4
:2050C0009FED814AFFEE007ADFED80AAE6EEC49A67EE076AF3EE064AE7EE267AE7EEA4AA5B
:2050E000BCF1000F03D0F5EE007A69EEA79AD2F80CE0DFF884C2764ACCF800E0D2F800C06B
:2051000063450BD01360734AC2F800C0724A13600022724B1A600022714B1A70714A13683C
:205120009E42714B18BF16600129D4BF002201221A60002D40F0EC811D60002E00F0FA812A
:2051400000229FED94CA1A60684B694A1B681060002B00F0DA81B4EE001AF6EE000AB0EEB2
:205160004A0AFBF779FC634B29EE099A624883ED000A624B83ED005A614BC3ED005A614B0F
:2051800083ED006AFDF7D0FBCBEE807ADFED816AB7EE007A67EE8C7AC7FEA67AC7FEC77AA7
:2051A0000EB1F2EE08AA584BB0EE000A574EF0EE6A0AC3ED007A564BDFF8C09183ED009A5F
:2051C000544B86ED008A83ED00BA534BC9ED008AC3ED00AA09F09CFEF7EE007A4F4B5048AD
:2051E0004FF0010C4F4A30EE670AC0ED009A87EEA97A4D48116883ED000A4C4BC7EE806A9E
:2052000080ED007A4A4880F800C04A48C3ED006AB1FA81F35B090370002D00F01D81032D50
:2052200000F01A815368002B434B14BF624600221A7002D00424224B1C60404A1368A3427B
:2052400007D014603E4A136000223E4B1C603E4B1A603E4A1368984500F0A880C2F80080AC
:205260003B4A136000223B4BC3F800803A4B1A609CE000BFB0110024281000242010002484
:205280002410002498550124A455012494550124AC5501249C550124B0550124A8550124F0
:2052A000D0550124AA560124AC560124A85601245055012458100024645501249C560124EA
:2052C00080560124B4560124FA7E2A3F00000042705601247456012478560124C056012479
:2052E0004856012464560124D45501243057012450560124CC56012470DC0324D056012442
:20530000E4560124D8560124D4560124DC560124EC560124E8560124F4550124F85501248B
:20532000005601247855012404560124FC55012448100024385501245C1000247C56012456
:2053400084560124885601248C56012498560124A0560124A4560124C8560124A05501249A
:205360006C560124905601244C560124685601241C5701241D57012494560124E0560124F6
:20538000B81EC53E9A99193EA4707D3F0AD7233C8988083E000000006666863FCDCC4C3D90
:2053A00000002043CDCCCC3D3EC3AE37B8F1000F00D001B3F7EE007A032C5FED0F6A5FED27
:2053C0000F5A77EEE87A1FED106A46FEA56A68EEA68A1FED127A012D77EEA67AC8EEA76A2C
:2053E000A6EE867A00F09F80C4BF5FED177A27EE277A89ED007AF7EE007A5FED1A6A1FEDC9
:205400001A9A1FED1A7A88FE268A88FE678A39EE489A28EE077A1FED1E6A5FED1E7A5FED27
:205420001E6AC7EE098A624B86ED008AE8EE867A67EEA67AC3ED007AD4B1012C00F08C80CF
:205440005C4BB0EE480A0120D3ED000AFBF712FD594B83ED000A15E0584A0023032D13703E
:205460007FF4EBAE564AC2E90033564A1360E4E65549514AD1ED006A87EEA67A83ED007AE5
:2054800082ED007ADFED518AF0EE4A0A9FED506A68EE285A9FED4F7ADFED4F6AA8EE067A3C
:2054A000DFED4E7A85EE896A4D4A4E4B9FED4E0A82ED007AE6EE267AC3ED007A09F028FD39
:2054C000DFED4A7A87EE800A09F030FC484B9FED497AD3ED007A484A67EEA88A474B37EE2C
:2054E000677A9FED476AF7EE006AC8EE877A36EEC00ABDEC0A8B82ED000AC7FE867AC7FE59
:20550000E67AC3ED007ABDE8708FB0EE4A0A2AE6002E7FF415AE01290CDDB7EE00CA3046FF
:20552000C9F8006010E6DFED377A27EE277A89ED007A60E7B7EE00CA06E64FF0000ADFED7A
:2055400032AACEF800A0CBE5F5EE407AF1EE10FA14BF012000205BE5B8F1000F88D0012D41
:205560001AD015DC55B9134BB6EE000A0120D3ED000AFBF77FFC104B83ED000AB3EE027AEC
:20558000224BF0EE007AE8EE877AC3ED007A79E7023D012DE7D9F1E7064B28469FED1C0A6F
:2055A000D3ED000AFBF766FC034B83ED000AE5E7C8550124F44C0124CC5501245C100024BC
:2055C000085601240C4D01244C1000248FC2F53D34EF023BBAED0C366F12033AA97BAE35B9
:2055E000F8560124F45601240000C843AAAA2ABC0C570124295C8F3F2C570124F056012496
:2056000000000000CDCC4C3E00000042441000242549923E2DE97841092004F075FA0028EC
:2056200040F0F5804FF06053854C864993F8B00022780870002A00F0F380834A1168526859
:2056400019655A6581494FF06053814A0D6849689D65D96511787F4807EE901A0021007898
:20566000F8EE677A7C4E7D4DC3ED187A07EE900A11707B49F8EE677A32780968C3ED197A94
:2056800001FB02F277497848C3F8B4202A68C3F8C020D1ED007A0268F5EEC07AC3F8C8207C
:2056A000F1EE10FA40F3C980704BD3ED006A86EEA77A6F4D4FF060500023294680ED317AB6
:2056C0009A00013302F16052142B126841F8042BF6D1836E6749684A0B60C36F1360674B5A
:2056E000D0F890601E60D0F86CC0654EC1F804C0D0F880C0C2F804C0D0F894C0C3F804C02F
:20570000D0F870C0C1F808C0D0F884C0C2F808C0D0F898C0C3F808C0D0F874C0C1F80CC05E
:20572000D0F888C0C2F80CC0D0F89CC0C3F80CC0D0F878C0C1F810C0D0F88C101161D0F801
:20574000A0201A61D0F8BC103160D0F8CC301A0702D54C4B01221A704FF060534A48D3F89A
:20576000CC20C2F380020270D3F8CC20D3F8CC30C2F340024548DB07027002D5444B0222B4
:205780001A60DFF83C81D8F80030994205D0FEF7C1F8404A0021336811603F493F4AC8F815
:2057A00000300B6800211170002B42D0AE6BE96BD5ED117A3A4BFDEEE77A3A4859604FF062
:2057C00060511E6017EE902A374D02F07F03D211C3F154032A60302BA8BF302323EAE373F3
:2057E000036091F8B130DBB22370FBB9D1F8A4404FF060522D482E4B002104600920D2F804
:20580000A8401C60D2F8AC205A6004F097F90A2004F07AF900210A20BDE8784104F08EB9DB
:20582000244A1168526819655A650BE74FF07E54DEE7214B19680E46BAE79FED207A38E79B
:20584000B856012459560124305601243856012460560124D1290424A9560124B4290424BD
:20586000C0550124F44C012430570124D4290424B011002450550124645501247855012439
:205880008C55012439DC0124BD550124BC5501240C4D01241011002464560124481000243D
:2058A000145701242457012428570124301000243810002440560124985501240000000077
:2058C0009055012480B588B000AF3B1D00221A605A609A60DA6001F0A7F801233B7100233D
:2058E0007B714FF04043BB6019233B730323FB730023FB740023BB7400237B740123BB7319
:2059000000237B7301233B743B1D184601F0C4F801237B714FF06053BB600F233B7301231F
:205920007B743B1D184601F0B7F802237B714FF01053BB6012233B730123BB740123FB748B
:2059400000237B743B1D184601F0A6F803237B714FF01053BB600B233B730023BB740023D0
:20596000FB7401237B743B1D184601F095F8042001F072F8334B5B6903F40033002B1BD16F
:20598000BFF34F8F00BFBFF36F8F00BF2D4B0022C3F85022BFF34F8F00BFBFF36F8F00BFC4
:2059A000284B5B69274A43F400335361BFF34F8F00BFBFF36F8F00E000BF224B5B6903F45B
:2059C0008033002B38D11F4B0022C3F88420BFF34F8F00BF1B4BD3F88030FB61FB695B0B9F
:2059E000C3F30E03BB61FB69DB08C3F309037B61BB695A0143F6E07313407A6992071149AB
:205A00001343C1F860327B695A1E7A61002BEFD1BB695A1EBA61002BE5D1BFF34F8F00BFDC
:205A2000084B5B69074A43F480335361BFF34F8F00BFBFF36F8F00E000BF00BF2037BD46A9
:205A400080BD00BF00ED00E080B588B000AF00F07FFB4FF6FF73FB6100BF914B1B6803F4CF
:205A60000043002B04D0FB695A1EFA61002BF4DCFB69002B01DA00F097FB00F003FE00F0E5
:205A80004FF900F0FDF9864BD3F8E030844A43F00073C2F8E030824BD3F8E03003F00073E0
:205AA0003B613B69002004F02FF80021002004F045F84FF6FF73FB6100BF794B1B6803F4E9
:205AC0000043002B04D1FB695A1EFA61002BF4DCFB69002B01DA00F067FB00F05BFA00F060
:205AE000D1FA00F0FFF900F07DFA41F2883000F05BFEFFF7E7FE6B496B48FAF73FFEFEF7F3
:205B00008FFF6A4B6A4A1A606A4B6B4A1A606B4B6B4A1A606B4B4FF000021A606A4B4FF0E6
:205B200000021A60694B4FF000021A60684B4FF000021A60674B4FF000021A60664B4FF0AF
:205B400000021A60654B4FF000021A60644B4FF000021A60634B4FF07E521A600023BB617E
:205B60000EE0614ABB699B001344604A1A60604ABB699B0013445D4A1A60BB690133BB61FD
:205B8000BB69012BEDDD00237B6109E0594A7B699B0013444FF07E521A607B6901337B610D
:205BA0007B69132BF2DD0A2003F0AEFF00210A2003F0C4FF504B1B68BB604F4B5B68FB6038
:205BC0004E4B1B683B604D4B5B687B604C4B1B78002B2BD04B4B1B68002B0DD14A4B1B684E
:205BE0000133494A1360484B1B68322B02D9474B00221A70FFF7B8F9424B1B68591C444B24
:205C000083FB01231A11CB17D21A13469B001344DB00CA1A3B4B1A603E4B1B881846FEF760
:205C2000A9FFFFF7F7FC364B00221A703A4B1B68002B0AD13A4607F1080311461846FEF76B
:205C400029F9364B01221A70B4E7334B1B68012B02D1FEF769F9ADE72F4B1B68022B02D171
:205C6000FEF756FAA6E72C4B1B68052B02D1FEF79DF89FE7284B1B68062B9BD1274B1B78AD
:205C8000002B09D03A4607F1080311461846FEF701F9224B00221A70FEF74CFA8AE700BF55
:205CA00000440258541400242014002420100024CDCC4C3F24100024CDCCCC3D2810002494
:205CC000C3F5283E94550124985501249C550124A0550124A4550124A8550124AC550124F0
:205CE000B05501242C10002430560124ACC5273738560124B0110024DC550124E455012454
:205D00006414002468140024545601245D10002467666666124D0124044D0124712A042491
:205D200080B59EB000AF07F12C034C220021184608F030FF07F10C0320220021184608F036
:205D400029FF022003F00EFF0023BB60494BDB6A484A23F00103D362464BDB6A03F0010337
:205D6000BB60454B9B69444A43F440439361424B9B6903F44043BB60BB6800BF3E4B9B69A3
:205D800003F40053B3F5005FF8D13C4BD3F8F4303A4A43F00203C2F8F430384BD3F8F43067
:205DA00003F002037B607B6800233B60324B9B69314A43F4404393612F4B9B6903F44043CD
:205DC0003B602C4BDB6A2B4A43F00103D362294BDB6A03F001033B603B6800BF264B9B6969
:205DE00003F40053B3F5005FF8D10223FB620123BB634023FB6302233B6500237B65042315
:205E0000BB653C23FB6502233B6605237B660223BB660C23FB6600233B6700237B6707F13C
:205E20002C03184603F0F8FE0346002B01D000F0BBF93F23FB6003233B6100237B6108235A
:205E4000BB614023FB6140233B624FF480637B624023BB6207F10C030421184604F036FB35
:205E60000346002B01D000F09FF900BF7837BD4680BD00BF0004005800480258004402584C
:205E800080B5B2B000AF3B46C8220021184608F081FE134A4FF00003C7E900232023BB608B
:205EA0008123FB6002233B6102237B610223BB614023FB6100233B6200237B620023BB651E
:205EC0000123FB653B46184604F076FE0346002B01D000F069F900BFC837BD4680BD00BFA3
:205EE0000001008080B500AF264B274A1A60254B02225A60234B00229A60224B00225A61BF
:205F0000204B0022DA611F4B0022DA601D4B0022DA621C4B00221A631A4B00225A630223BE
:205F200003220021174807F085FB0346002B01D000F03AF9154B164A1A60144B03225A6065
:205F4000124B01229A60114B00225A610F4B0022DA610E4B0022DA600C4B0022DA620B4B17
:205F600000221A63094B00225A63022303220021064807F05FFB0346002B01D000F014F903
:205F800000BF80BD0012002404580140981200242458014080B582B000AF114BD3F8D83062
:205FA0000F4A43F00103C2F8D8300D4BD3F8D83003F001037B607B68002200210C2000F050
:205FC000FEFC0C2000F015FD002200210D2000F0F6FC0D2000F00DFD00BF0837BD4680BDE2
:205FE0000044025880B588B000AF3B1D00221A605A609A60DA601A615A619A611F4B204A00
:206000001A601E4B00225A601C4B01229A601B4B0822DA60194B10221A61184B40225A61E2
:20602000164B4FF4C0729A61144B0022DA61134B4FF400621A62114B00225A620F4B4FF47D
:2060400000529A6202237B600823BB600823FB6008233B6106237B610623BB610323FB6193
:206060003B1D1946054808F0F9FB0346002B01D000F09AF800BF2037BD4680BD20140024BB
:206080004041005280B487B000AF304BD3F8E0302E4A43F01003C2F8E0302C4BD3F8E030E3
:2060A00003F010037B617B69284BD3F8E030274A43F02003C2F8E030244BD3F8E03003F0FE
:2060C00020033B613B69214BD3F8E0301F4A43F00403C2F8E0301D4BD3F8E03003F004036C
:2060E000FB60FB68194BD3F8E030184A43F00103C2F8E030154BD3F8E03003F00103BB60F3
:20610000BB68124BD3F8E030104A43F04003C2F8E0300E4BD3F8E03003F040037B607B6862
:206120000A4BD3F8E030094A43F00803C2F8E030064BD3F8E03003F008033B603B6800BFAD
:206140001C37BD465DF8047B704700BF0044025880B584B000AF3B4600221A605A609A6018
:20616000DA6000F061FC01233B7000237B7000237B601F233B7287237B720023BB720023C4
:20618000FB7201233B7301237B730023BB730023FB733B46184600F07FFC042000F05CFC16
:2061A00000BF1037BD4680BD80B400AF72B600BF00BFFDE780B483B000AF0A4BD3F8F430D2
:2061C000084A43F00203C2F8F430064BD3F8F43003F002037B607B6800BF0C37BD465DF807
:2061E000047B70470044025880B5BAB000AF07F1D40300221A605A609A60DA601A615B4B03
:206200001B68002B40F0AE80584B01221A6007F10803C8220021184608F0BCFC4FF08072E5
:206220004FF00003C7E9022300233B6507F10803184604F0C1FC0346002B01D0FFF7B4FF84
:206240004B4BD3F8D4304A4A43F48053C2F8D430474BD3F8D43003F480537B607B684FF64F
:206260003F03C7F8D4300223C7F8D8300023C7F8DC300323C7F8E0300C23C7F8E43007F150
:20628000D40319463B4803F08FFA0C23C7F8D4300223C7F8D8300023C7F8DC300323C7F818
:2062A000E0300C23C7F8E43007F1D4031946324803F07AFA8023C7F8D4300223C7F8D8306B
:2062C0000023C7F8DC300323C7F8E0300C23C7F8E43007F1D4031946284803F065FA48F2AF
:2062E0003713C7F8D4300223C7F8D8300023C7F8DC300323C7F8E0300C23C7F8E43007F1C8
:20630000D40319461E4803F04FFA4FF68373C7F8D4300223C7F8D8300023C7F8DC300323A7
:20632000C7F8E0300C23C7F8E43007F1D4031946144803F039FA4CF20373C7F8D430022340
:20634000C7F8D8300023C7F8DC300323C7F8E0300C23C7F8E43007F1D40319460A4803F01E
:2063600023FA00E000BFE837BD4680BD8C2A0424004402580014025800080258000002585C
:206380000018025800100258000C025880B582B000AF7860FFF728FF00BF0837BD4680BD72
:2063A00080B58AB000AF78607B681B686D4A934267D16D4B1B68002B16D16C4BD3F8F030CE
:2063C0006A4A43F48003C2F8F030684BD3F8F03003F480033B613B6900220021572000F073
:2063E000EEFA572000F005FB5F4B1B6801335E4A136070237B610223BB610023FB61002380
:206400003B6206237B6207F114031946584803F0CBF9584B584A1A60564B57225A60554BE1
:2064200040229A60534B0022DA60524B4FF480621A61504B4FF480525A614E4B4FF48042C0
:206440009A614C4B4FF48072DA614A4B00221A62484B00225A62474800F05EFB0346002B4A
:2064600001D0FFF7A1FE7B68424AC3F88420414A7B6893637B683F4AC3F880203D4A7B6853
:2064800093637B681B683D4A934267D1364B1B68002B16D1354BD3F8F030344A43F4800353
:2064A000C2F8F030314BD3F8F03003F48003FB60FB6800220021572000F081FA572000F0D7
:2064C00098FA294B1B680133274A136040237B610223BB610023FB6100233B6206237B6256
:2064E00007F114031946264803F05EF9254B264A1A60244B58225A60224B00229A60214B84
:206500000022DA601F4B4FF480621A611D4B4FF480525A611B4B4FF480429A61194B4FF4D0
:206520008072DA61174B00221A62164B00225A62144800F0F1FA0346002B01D0FFF734FE4B
:206540007B68104AC3F884200E4A7B6893637B680C4AC3F880200B4A7B68936300BF28378E
:20656000BD4680BD04580140902A04240044025800100258301300242800024024580140C6
:2065800000140258A81300244000024080B400AF00BFFDE780B400AF00BFFDE780B400AF3D
:2065A00000BFFDE780B400AF00BFFDE780B400AF00BFFDE780B400AF00BFBD465DF8047BB3
:2065C000704780B400AF00BFBD465DF8047B704780B400AF00BFBD465DF8047B704780B56F
:2065E00000AF00F0C1F800BF80BD000080B500AF024801F0BBFD00BF80BD00BF301300244E
:2066000080B500AF024801F0B1FD00BF80BD00BFA813002480B500AF034807F0C1FC0348E5
:2066200007F0BEFC00BF80BD0012002498120024DFF834D0FAF70CF80C480D490D4A0023B5
:2066400002E0D458C4500433C4188C42F9D30A4A0A4C002301E013600432A242FBD308F06A
:20666000A7FAFFF7F1F97047000008240010002494110024100B010894110024D02B0424A9
:20668000FEE7000080B582B000AF032000F08CF904F0D2F80246154B9B691B0A03F00F03D3
:2066A0001349CB5C03F01F0322FA03F37B600F4B9B6903F00F030E4AD35C03F01F037A6874
:2066C00022FA03F30B4A13600B4A7B6813600F2000F014F80346002B01D0012302E0FFF7C9
:2066E00069FD002318460837BD4680BD00440258ACFD0008041000240010002480B582B012
:2067000000AF7860154B1B78002B01D1012321E0134B1A68114B1B7819464FF47A73B3FBD1
:20672000F1F3B2FBF3F3184600F071F90346002B01D001230EE07B680F2B0AD800227968D1
:206740004FF0FF3000F03BF9064A7B681360002300E0012318460837BD4680BD4011002488
:20676000001000243C11002480B400AF064B1B781A46064B1B681344044A136000BFBD469F
:206780005DF8047B704700BF40110024942A042480B400AF034B1B681846BD465DF8047B6B
:2067A000704700BF942A042480B584B000AF7860FFF7EEFFB8607B68FB60FB68B3F1FF3F0F
:2067C00005D00A4B1B781A46FB681344FB6000BFFFF7DEFF0246BB68D31AFA689A42F7D890
:2067E00000BF00BF1037BD4680BD00BF4011002480B400AF034B1B681B0C1846BD465DF8CF
:20680000047B70470010005C80B485B000AF78607B6803F00703FB600B4BDB68BB60BA68D5
:206820004FF6FF031340BB60FB681A02BB681A43064B1343BB60044ABB68D36000BF143734
:20684000BD465DF8047B704700ED00E00000FA0580B400AF044BDB681B0A03F007031846E9
:20686000BD465DF8047B704700ED00E080B483B000AF0346FB80B7F90630002B0BDBFB8869
:2068800003F01F020749B7F906305B09012000FA02F241F8232000BF0C37BD465DF8047BE6
:2068A000704700BF00E100E080B483B000AF03463960FB80B7F90630002B0ADB3B68DAB209
:2068C0000C49B7F906301201D2B20B4483F800230AE03B68DAB20849FB8803F00F03043BC8
:2068E0001201D2B20B441A7600BF0C37BD465DF8047B704700E100E000ED00E080B489B097
:2069000000AFF860B9607A60FB6803F00703FB61FB69C3F10703042B28BF0423BB61FB69E2
:206920000433062B02D9FB69033B00E000237B614FF0FF32BB6902FA03F3DA43BB681A4073
:206940007B699A404FF0FF317B6901FA03F3D9437B680B40134318462437BD465DF8047B05
:206960007047000080B582B000AF78607B68013BB3F1807F01D301230FE00A4A7B68013B56
:2069800053600F214FF0FF30FFF78EFF054B00229A60044B07221A60002318460837BD4602
:2069A00080BD00BF10E000E080B582B000AF78607868FFF729FF00BF0837BD4680BD80B5AC
:2069C00086B000AF0346B9607A60FB81FFF740FF78617A68B9687869FFF790FF0246B7F9AB
:2069E0000E3011461846FFF75FFF00BF1837BD4680BD80B582B000AF0346FB80B7F9063042
:206A00001846FFF733FF00BF0837BD4680BD80B582B000AF78607868FFF7A4FF03461846A4
:206A20000837BD4680BD000080B400AFBFF35F8F00BF074B5B6A064A23F480335362054B5F
:206A400000225A6000BFBD465DF8047B704700BF00ED00E090ED00E080B483B000AF786036
:206A60000B4A7B6843F0010353600A4B5B6A094A43F480335362BFF34F8F00BFBFF36F8FE9
:206A800000BF00BF0C37BD465DF8047B704700BF90ED00E000ED00E080B483B000AF7860D0
:206AA0007B685A781B4B9A601A4B1B69194A23F001031361174A7B685B68D3607B681B7B37
:206AC0001A077B68DB7A1B061A437B689B7ADB041A437B685B7B9B041A437B689B7B5B049E
:206AE0001A437B68DB7B1B041A437B685B7A1B021A437B681B7A5B0013437A681278114666
:206B0000044A0B43136100BF0C37BD465DF8047B704700BF90ED00E080B586B000AF7860C7
:206B2000FFF736FE38617B68002B01D1012316E37B681B68664A93424AD07B681B68654A7B
:206B4000934245D07B681B68634A934240D07B681B68624A93423BD07B681B68604A93427C
:206B600036D07B681B685F4A934231D07B681B685D4A93422CD07B681B685C4A934227D074
:206B80007B681B685A4A934222D07B681B68594A93421DD07B681B68574A934218D07B68B2
:206BA0001B68564A934213D07B681B68544A93420ED07B681B68534A934209D07B681B682C
:206BC000514A934204D07B681B68504A934201D1012300E00023002B00F03B817B680222C5
:206BE00083F835207B68002283F834207B681B68374A93424AD07B681B68364A934245D04B
:206C00007B681B68344A934240D07B681B68334A93423BD07B681B68314A934236D07B6849
:206C20001B68304A934231D07B681B682E4A93422CD07B681B682D4A934227D07B681B68C3
:206C40002B4A934222D07B681B682A4A93421DD07B681B68284A934218D07B681B68274AF0
:206C6000934213D07B681B68254A93420ED07B681B68244A934209D07B681B68224A9342AB
:206C800004D07B681B68214A934208D17B681B681A687B681B6822F001021A6007E07B68FA
:206CA0001B681A687B681B6822F001021A602FE0FFF76EFD02463B69D31A052B28D97B687D
:206CC00020225A657B68032283F83520012346E210000240280002404000024058000240B7
:206CE0007000024088000240A0000240B80002401004024028040240400402405804024054
:206D00007004024088040240A0040240B80402407B681B681B6803F00103002BC8D17B6884
:206D20001B681B687B617A69834B13407B617B689A687B68DB681A437B681B691A437B6882
:206D40005B691A437B689B691A437B68DB691A437B681B6A13437A6913437B617B685B6ACF
:206D6000042B07D17B68DA6A7B681B6B13437A6913437B61714B1A68714B1340B3F1005FC1
:206D800028D37B685B68282B03D97B685B682E2B17D97B685B683E2B03D97B685B68422B36
:206DA0000FD97B685B68462B03D97B685B68482B07D97B685B684E2B05D97B685B68522BDF
:206DC00001D8012300E00023002B03D07B6943F480137B617B681B687A691A607B681B6802
:206DE0005B697B617B6923F007037B617B685B6A7A6913437B617B685B6A042B17D17B68B7
:206E00009B6A7A6913437B617B68DB6A002B0ED0786802F03FFB0346002B08D07B6840228A
:206E20005A657B68012283F83520012397E17B681B687A695A61786802F07AFA0346BB6073
:206E40007B68DB6D03F01F033F229A40BB689A60CDE07B681B683B4A934222D07B681B68D5
:206E6000394A93421DD07B681B68384A934218D07B681B68364A934213D07B681B68354AA5
:206E800093420ED07B681B68334A934209D07B681B68324A934204D07B681B68304A93426E
:206EA00001D1012300E00023002B00F097807B681B68244A934221D07B681B68224A934266
:206EC0001CD07B681B68214A934217D07B681B681F4A934212D07B681B681E4A93420DD033
:206EE0007B681B681C4A934208D07B681B681B4A934203D07B681B68194A93427B68022201
:206F000083F835207B68002283F834207B681B681B687B617A69134B13407B617B689B68B2
:206F2000402B21D07B689B68802B02D14FF480431BE0002319E000BF3F8010FE0010005C7C
:206F40000000FFFF085402581C5402583054025844540258585402586C5402588054025895
:206F6000945402580F00FEFF10237A68D268D2081A437B681B69DB081A437B685B69DB080C
:206F80001A437B689B69DB081A437B68DB69DB081A437B681B6A1B0913437A6913437B610F
:206FA0007B681B687A691A607B681B681A466E4B13446E4AA2FB03231B099A007B68DA65DD
:206FC000786802F0B5F90346FB607B68DB6D03F01F0301229A40FB685A6008E07B68402206
:206FE0005A657B68032283F835200123B7E07B681B685F4A934272D07B681B685D4A934237
:207000006DD07B681B685C4A934268D07B681B685A4A934263D07B681B68594A93425ED0FC
:207020007B681B68574A934259D07B681B68564A934254D07B681B68544A93424FD07B6871
:207040001B68534A93424AD07B681B68514A934245D07B681B68504A934240D07B681B68EB
:207060004E4A93423BD07B681B684D4A934236D07B681B684B4A934231D07B681B684A4AF5
:2070800093422CD07B681B68484A934227D07B681B68474A934222D07B681B68454A9342D3
:2070A0001DD07B681B68444A934218D07B681B68424A934213D07B681B68414A93420ED0E4
:2070C0007B681B683F4A934209D07B681B683E4A934204D07B681B683C4A934201D10123C5
:2070E00000E00023002B32D0786802F04FFA7B689B68802B02D17B6800225A607B685A687D
:207100007B681B6ED2B21A607B685B6E7A68926E5A607B685B68002B10D07B685B68082B33
:207120000CD8786802F0CCFA7B68DB6E00221A607B681B6F7A68526F5A6008E07B68002254
:20714000DA667B6800221A677B6800225A677B6800225A657B68012283F835200023184688
:207160001837BD4680BD00BFF8ABFDA7CDCCCCCC1000024028000240400002405800024071
:207180007000024088000240A0000240B800024010040240280402404004024058040240AF
:2071A0007004024088040240A0040240B8040240085402581C540258305402584454025817
:2071C000585402586C540258805402589454025880B586B000AFF860B9607A603B600023FC
:2071E000FB75FB68002B01D1012326E2FB6893F83430012B01D102231FE2FB68012283F81C
:207200003420FB6893F83530DBB2012B40F00A82FB68022283F83520FB6800225A65FB6854
:207220001B68684A93424AD0FB681B68664A934245D0FB681B68654A934240D0FB681B684A
:20724000634A93423BD0FB681B68624A934236D0FB681B68604A934231D0FB681B685F4A3F
:2072600093422CD0FB681B685D4A934227D0FB681B685C4A934222D0FB681B685A4A934232
:207280001DD0FB681B68594A934218D0FB681B68574A934213D0FB681B68564A93420ED043
:2072A000FB681B68544A934209D0FB681B68534A934204D0FB681B68514A934208D1FB68DE
:2072C0001B681A68FB681B6822F001021A6007E0FB681B681A68FB681B6822F001021A6070
:2072E0003B687A68B968F86801F076FEFB681B68344A93424AD0FB681B68334A934245D083
:20730000FB681B68314A934240D0FB681B68304A93423BD0FB681B682E4A934236D0FB684B
:207320001B682D4A934231D0FB681B682B4A93422CD0FB681B682A4A934227D0FB681B6845
:20734000284A934222D0FB681B68274A93421DD0FB681B68254A934218D0FB681B68244A75
:20736000934213D0FB681B68224A93420ED0FB681B68214A934209D0FB681B681F4A93422D
:2073800004D0FB681B681E4A934201D1012300E00023002B36D0FB681B681B6823F01E0230
:2073A000FB681B6842F016021A60FB681B6C002B3ED0FB681B681A68FB681B6842F0080276
:2073C0001A6035E0100002402800024040000240580002407000024088000240A0000240E8
:2073E000B8000240100402402804024040040240580402407004024088040240A004024041
:20740000B8040240FB681B681B6823F00E02FB681B6842F00A021A60FB681B6C002B07D058
:20742000FB681B681A68FB681B6842F004021A60FB681B68834A934272D0FB681B68824AD0
:2074400093426DD0FB681B68804A934268D0FB681B687F4A934263D0FB681B687D4A934224
:207460005ED0FB681B687C4A934259D0FB681B687A4A934254D0FB681B68794A93424FD0F4
:20748000FB681B68774A93424AD0FB681B68764A934245D0FB681B68744A934240D0FB68DA
:2074A0001B68734A93423BD0FB681B68714A934236D0FB681B68704A934231D0FB681B68D4
:2074C0006E4A93422CD0FB681B686D4A934227D0FB681B686B4A934222D0FB681B686A4ABE
:2074E00093421DD0FB681B68684A934218D0FB681B68674A934213D0FB681B68654A9342BC
:207500000ED0FB681B68644A934209D0FB681B68624A934204D0FB681B68614A934201D1D8
:20752000012300E00023002B1AD0FB681B6E1B6803F48033002B07D0FB681B6E1A68FB6823
:207540001B6E42F480721A60FB68DB6E002B07D0FB68DB6E1A68FB68DB6E42F480721A60D6
:20756000FB681B68374A93424AD0FB681B68364A934245D0FB681B68344A934240D0FB68B9
:207580001B68334A93423BD0FB681B68314A934236D0FB681B68304A934231D0FB681B68B3
:2075A0002E4A93422CD0FB681B682D4A934227D0FB681B682B4A934222D0FB681B682A4ADD
:2075C00093421DD0FB681B68284A934218D0FB681B68274A934213D0FB681B68254A93429B
:2075E0000ED0FB681B68244A934209D0FB681B68224A934204D0FB681B68214A934208D1B1
:20760000FB681B681A68FB681B6842F001021A6012E0FB681B681A68FB681B6842F00102F8
:207620001A6009E0FB684FF400625A65FB68002283F834200123FB75FB7D18461837BD4610
:2076400080BD00BF100002402800024040000240580002407000024088000240A0000240F8
:20766000B8000240100402402804024040040240580402407004024088040240A0040240BE
:20768000B8040240085402581C5402583054025844540258585402586C540258805402584E
:2076A0009454025880B586B000AF7860FFF770F838617B68002B01D10123DCE27B6893F86F
:2076C0003530DBB2022B08D07B6880225A657B68002283F834200123CDE27B681B68764AA2
:2076E00093424AD07B681B68744A934245D07B681B68734A934240D07B681B68714A93428F
:207700003BD07B681B68704A934236D07B681B686E4A934231D07B681B686D4A93422CD081
:207720007B681B686B4A934227D07B681B686A4A934222D07B681B68684A93421DD07B68C4
:207740001B68674A934218D07B681B68654A934213D07B681B68644A93420ED07B681B683E
:20776000624A934209D07B681B68614A934204D07B681B685F4A934201D1012300E0002318
:20778000002B13D07B681B681A687B681B6822F01E021A607B681B685A697B681B6822F040
:2077A00080025A617B681B687B610AE07B681B681A687B681B6822F00E021A607B681B6810
:2077C0007B617B681B683C4A934272D07B681B683A4A93426DD07B681B68394A934268D0D8
:2077E0007B681B68374A934263D07B681B68364A93425ED07B681B68344A934259D07B68EC
:207800001B68334A934254D07B681B68314A93424FD07B681B68304A93424AD07B681B6865
:207820002E4A934245D07B681B682D4A934240D07B681B682B4A93423BD07B681B682A4A8F
:20784000934236D07B681B68284A934231D07B681B68274A93422CD07B681B68254A93424D
:2078600027D07B681B68244A934222D07B681B68224A93421DD07B681B68214A934218D054
:207880007B681B681F4A934213D07B681B681E4A93420ED07B681B681C4A934209D07B6883
:2078A0001B681B4A934204D07B681B68194A934232D1012331E000BF1000024028000240E6
:2078C00040000240580002407000024088000240A0000240B8000240100402402804024070
:2078E00040040240580402407004024088040240A0040240B8040240085402581C5402587C
:207900003054025844540258585402586C54025880540258945402580023002B07D07B68FF
:207920001B6E1A687B681B6E22F480721A607B681B686D4A93424AD07B681B686B4A934252
:2079400045D07B681B686A4A934240D07B681B68684A93423BD07B681B68674A934236D029
:207960007B681B68654A934231D07B681B68644A93422CD07B681B68624A934227D07B6876
:207980001B68614A934222D07B681B685F4A93421DD07B681B685E4A934218D07B681B68F0
:2079A0005C4A934213D07B681B685B4A93420ED07B681B68594A934209D07B681B68584AEC
:2079C000934204D07B681B68564A934208D17B681B681A687B681B6822F001021A6007E086
:2079E0007B681B681A687B681B6822F001021A6013E0FEF7CDFE02463B69D31A052B0CD909
:207A00007B6820225A657B68032283F835207B68002283F8342001232DE17B691B6803F04A
:207A20000103002BE5D17B681B682F4A93424AD07B681B682D4A934245D07B681B682C4AF0
:207A4000934240D07B681B682A4A93423BD07B681B68294A934236D07B681B68274A934227
:207A600031D07B681B68264A93422CD07B681B68244A934227D07B681B68234A934222D024
:207A80007B681B68214A93421DD07B681B68204A934218D07B681B681E4A934213D07B685D
:207AA0001B681D4A93420ED07B681B681B4A934209D07B681B681A4A934204D07B681B68D7
:207AC000184A934201D1012300E00023002B2BD07B689B6DBB607B68DB6D03F01F033F22A9
:207AE0009A40BB689A602AE010000240280002404000024058000240700002408800024031
:207B0000A0000240B80002401004024028040240400402405804024070040240880402401D
:207B2000A0040240B80402407B689B6DFB607B68DB6D03F01F0301229A40FB685A607B68DE
:207B40001B684F4A934272D07B681B684D4A93426DD07B681B684C4A934268D07B681B6874
:207B60004A4A934263D07B681B68494A93425ED07B681B68474A934259D07B681B68464A82
:207B8000934254D07B681B68444A93424FD07B681B68434A93424AD07B681B68414A93425C
:207BA00045D07B681B68404A934240D07B681B683E4A93423BD07B681B683D4A934236D045
:207BC0007B681B683B4A934231D07B681B683A4A93422CD07B681B68384A934227D07B6892
:207BE0001B68374A934222D07B681B68354A93421DD07B681B68344A934218D07B681B680C
:207C0000324A934213D07B681B68314A93420ED07B681B682F4A934209D07B681B682E4A31
:207C2000934204D07B681B682C4A934201D1012300E00023002B15D07B685B6E7A68926E53
:207C40005A607B68DB6E002B0CD07B68DB6E1A687B68DB6E22F480721A607B681B6F7A688C
:207C6000526F5A607B68012283F835207B68002283F83420002318461837BD4680BD00BF10
:207C8000100002402800024040000240580002407000024088000240A0000240B8000240B4
:207CA000100402402804024040040240580402407004024088040240A0040240B804024074
:207CC000085402581C5402583054025844540258585402586C5402588054025894540258C4
:207CE00080B584B000AF78607B68002B01D1012337E27B6893F83530DBB2022B04D07B6833
:207D000080225A6501232CE27B681B685C4A93424AD07B681B685B4A934245D07B681B687A
:207D2000594A934240D07B681B68584A93423BD07B681B68564A934236D07B681B68554AED
:207D4000934231D07B681B68534A93422CD07B681B68524A934227D07B681B68504A9342D6
:207D600022D07B681B684F4A93421DD07B681B684D4A934218D07B681B684C4A934213D0E2
:207D80007B681B684A4A93420ED07B681B68494A934209D07B681B68474A934204D07B680C
:207DA0001B68464A934201D1012300E00023002B00F086807B68042283F835207B681B6882
:207DC0002F4A93424AD07B681B682E4A934245D07B681B682C4A934240D07B681B682B4AD7
:207DE00093423BD07B681B68294A934236D07B681B68284A934231D07B681B68264A934296
:207E00002CD07B681B68254A934227D07B681B68234A934222D07B681B68224A93421DD097
:207E20007B681B68204A934218D07B681B681F4A934213D07B681B681D4A93420ED07B68CB
:207E40001B681C4A934209D07B681B681A4A934204D07B681B68194A934208D17B681B683B
:207E60001A687B681B6822F001021A6078E17B681B681A687B681B6822F001021A606FE105
:207E8000100002402800024040000240580002407000024088000240A0000240B8000240B2
:207EA000100402402804024040040240580402407004024088040240A0040240B804024072
:207EC0007B681B681A687B681B6822F00E021A607B681B686C4A93424AD07B681B686B4A92
:207EE000934245D07B681B68694A934240D07B681B68684A93423BD07B681B68664A9342B7
:207F000036D07B681B68654A934231D07B681B68634A93422CD07B681B68624A934227D0AE
:207F20007B681B68604A934222D07B681B685F4A93421DD07B681B685D4A934218D07B68EC
:207F40001B685C4A934213D07B681B685A4A93420ED07B681B68594A934209D07B681B6866
:207F6000574A934204D07B681B68564A934208D17B681B681A687B681B6822F001021A6026
:207F800007E07B681B681A687B681B6822F001021A607B681B683C4A934272D07B681B68B4
:207FA0003A4A93426DD07B681B68394A934268D07B681B68374A934263D07B681B68364A60
:207FC00093425ED07B681B68344A934259D07B681B68334A934254D07B681B68314A93422A
:207FE0004FD07B681B68304A93424AD07B681B682E4A934245D07B681B682D4A934240D009
:208000007B681B682B4A93423BD07B681B682A4A934236D07B681B68284A934231D07B685F
:208020001B68274A93422CD07B681B68254A934227D07B681B68244A934222D07B681B68D9
:20804000224A93421DD07B681B68214A934218D07B681B681F4A934213D07B681B681E4A0F
:2080600093420ED07B681B681C4A934209D07B681B681B4A934204D07B681B68194A9342C1
:2080800032D1012331E000BF10000240280002404000024058000240700002408800024095
:2080A000A0000240B800024010040240280402404004024058040240700402408804024078
:2080C000A0040240B8040240085402581C5402583054025844540258585402586C5402584C
:2080E00080540258945402580023002B28D07B681B6E1A687B681B6E22F480721A607B680B
:208100009B6DFB607B68DB6D03F01F0301229A40FB685A607B685B6E7A68926E5A607B6877
:20812000DB6E002B0CD07B68DB6E1A687B68DB6E22F480721A607B681B6F7A68526F5A60C9
:208140007B68012283F835207B68002283F834207B681B6D002B03D07B681B6D78689847E2
:20816000002318461037BD4680BD00BF80B58AB000AF78600023FB60674B1B68674AA2FB41
:2081800003239B0A7B627B689B6D3B627B689B6DFB613B6A1B68BB61FB691B687B617B687E
:2081A0001B685F4A93424AD07B681B685D4A934245D07B681B685C4A934240D07B681B6856
:2081C0005A4A93423BD07B681B68594A934236D07B681B68574A934231D07B681B68564A54
:2081E00093422CD07B681B68544A934227D07B681B68534A934222D07B681B68514A93423E
:208200001DD07B681B68504A934218D07B681B684E4A934213D07B681B684D4A93420ED04E
:208220007B681B684B4A934209D07B681B684A4A934204D07B681B68484A934201D101232F
:2082400000E00023002B00F02B847B68DB6D03F01F0308229A40BB691340002B00F0A28059
:208260007B681B682E4A93424AD07B681B682D4A934245D07B681B682B4A934240D07B68C7
:208280001B682A4A93423BD07B681B68284A934236D07B681B68274A934231D07B681B6841
:2082A000254A93422CD07B681B68244A934227D07B681B68224A934222D07B681B68214A74
:2082C00093421DD07B681B681F4A934218D07B681B681E4A934213D07B681B681C4A934229
:2082E0000ED07B681B681B4A934209D07B681B68194A934204D07B681B68184A93422FD118
:208300007B681B681B6803F00403002B14BF01230023DBB22EE000BF00100024B5814E1B08
:20832000100002402800024040000240580002407000024088000240A0000240B80002400D
:20834000100402402804024040040240580402407004024088040240A0040240B8040240CD
:208360007B681B681B6803F00803002B14BF01230023DBB2002B15D07B681B681A687B6869
:208380001B6822F004021A607B68DB6D03F01F0308229A403B6A9A607B685B6D43F0010204
:2083A0007B685A657B68DB6D03F01F03BA6922FA03F303F00103002B6ED07B681B68694A2D
:2083C00093424AD07B681B68674A934245D07B681B68664A934240D07B681B68644A9342C9
:2083E0003BD07B681B68634A934236D07B681B68614A934231D07B681B68604A93422CD0BC
:208400007B681B685E4A934227D07B681B685D4A934222D07B681B685B4A93421DD07B68FE
:208420001B685A4A934218D07B681B68584A934213D07B681B68574A93420ED07B681B6878
:20844000554A934209D07B681B68544A934204D07B681B68524A93420AD17B681B685B6946
:2084600003F08003002B14BF01230023DBB203E07B681B681B680023002B0DD07B68DB6D92
:2084800003F01F0301229A403B6A9A607B685B6D43F002027B685A657B68DB6D03F01F0367
:2084A00004229A40BB691340002B00F08F807B681B682C4A93424AD07B681B682A4A9342A1
:2084C00045D07B681B68294A934240D07B681B68274A93423BD07B681B68264A934236D061
:2084E0007B681B68244A934231D07B681B68234A93422CD07B681B68214A934227D07B68AE
:208500001B68204A934222D07B681B681E4A93421DD07B681B681D4A934218D07B681B6827
:208520001B4A934213D07B681B681A4A93420ED07B681B68184A934209D07B681B68174A64
:20854000934204D07B681B68154A93422AD17B681B681B6803F00203002B14BF01230023B7
:20856000DBB223E0100002402800024040000240580002407000024088000240A000024035
:20858000B8000240100402402804024040040240580402407004024088040240A00402408F
:2085A000B80402407B681B681B680023002B0DD07B68DB6D03F01F0304229A403B6A9A60CA
:2085C0007B685B6D43F004027B685A657B68DB6D03F01F0310229A40BB691340002B00F037
:2085E000A6807B681B68854A93424AD07B681B68834A934245D07B681B68824A934240D0FD
:208600007B681B68804A93423BD07B681B687F4A934236D07B681B687D4A934231D07B685A
:208620001B687C4A93422CD07B681B687A4A934227D07B681B68794A934222D07B681B68D4
:20864000774A93421DD07B681B68764A934218D07B681B68744A934213D07B681B68734AB5
:2086600093420ED07B681B68714A934209D07B681B68704A934204D07B681B686E4A9342BC
:208680000AD17B681B681B6803F00803002B14BF01230023DBB209E07B681B681B6803F081
:2086A0000403002B14BF01230023DBB2002B3ED07B68DB6D03F01F0310229A403B6A9A60BD
:2086C0007B681B681B6803F48023002B18D07B681B681B6803F40023002B08D17B681B6C93
:2086E000002B24D07B681B6C786898471FE07B689B6C002B1BD07B689B6C7868984716E094
:208700007B681B681B6803F48073002B07D17B681B681A687B681B6822F008021A607B68BC
:208720001B6C002B03D07B681B6C786898477B68DB6D03F01F0320229A40BB691340002B8D
:2087400000F010817B681B682C4A93424AD07B681B682B4A934245D07B681B68294A93425A
:2087600040D07B681B68284A93423BD07B681B68264A934236D07B681B68254A934231D0D5
:208780007B681B68234A93422CD07B681B68224A934227D07B681B68204A934222D07B681D
:2087A0001B681F4A93421DD07B681B681D4A934218D07B681B681C4A934213D07B681B6897
:2087C0001A4A93420ED07B681B68194A934209D07B681B68174A934204D07B681B68164AD5
:2087E00093422BD17B681B681B6803F01003002B14BF01230023DBB22AE000BF10000240CC
:208800002800024040000240580002407000024088000240A0000240B80002401004024024
:208820002804024040040240580402407004024088040240A0040240B80402407B681B68D8
:208840001B6803F00203002B14BF01230023DBB2002B00F087807B68DB6D03F01F03202227
:208860009A403B6A9A607B6893F83530DBB2042B39D17B681B681A687B681B6822F016026E
:208880001A607B681B685A697B681B6822F080025A617B681B6C002B03D17B689B6C002B02
:2088A00007D07B681B681A687B681B6822F008021A607B68DB6D03F01F033F229A403B6ADD
:2088C0009A607B68012283F835207B68002283F834207B681B6D002B00F04A837B681B6D36
:2088E0007868984744E37B681B681B6803F48023002B18D07B681B681B6803F40023002BCE
:2089000008D17B685B6C002B2CD07B685B6C7868984727E07B68DB6B002B23D07B68DB6BCD
:20892000786898471EE07B681B681B6803F48073002B0FD17B681B681A687B681B6822F03C
:2089400010021A607B68012283F835207B68002283F834207B68DB6B002B03D07B68DB6B91
:20896000786898477B685B6D002B00F006837B685B6D03F00103002B00F088807B6804221B
:2089800083F835207B681B687A4A93424AD07B681B68794A934245D07B681B68774A9342DF
:2089A00040D07B681B68764A93423BD07B681B68744A934236D07B681B68734A934231D0A9
:2089C0007B681B68714A93422CD07B681B68704A934227D07B681B686E4A934222D07B68F1
:2089E0001B686D4A93421DD07B681B686B4A934218D07B681B686A4A934213D07B681B686B
:208A0000684A93420ED07B681B68674A934209D07B681B68654A934204D07B681B68644A5A
:208A2000934208D17B681B681A687B681B6822F001021A6007E07B681B681A687B681B6876
:208A400022F001021A60FB680133FB607A6A9A4207D37B681B681B6803F00103002BF2D12D
:208A600000E000BF7B681B681B6803F00103002B04D07B68032283F8352003E07B680122B7
:208A800083F835207B68002283F834207B68DB6C002B00F072827B68DB6C786898476CE2C2
:208AA0007B681B68434A934222D07B681B68424A93421DD07B681B68404A934218D07B68B8
:208AC0001B683F4A934213D07B681B683D4A93420ED07B681B683C4A934209D07B681B6832
:208AE0003A4A934204D07B681B68394A934201D1012300E00023002B00F03F827B681B6850
:208B00001B683B617B68DB6D03F01F0304229A407B691340002B00F0CD803B6903F00403B9
:208B2000002B00F0C7807B68DB6D03F01F0304229A40FB695A603B6903F40043002B49D053
:208B40003B6903F48033002B09D17B689B6C002B00F010827B689B6C786898470AE27B68B3
:208B60001B6C002B00F006827B681B6C7868984700E200BF100002402800024040000240C3
:208B8000580002407000024088000240A0000240B800024010040240280402404004024099
:208BA000580402407004024088040240A0040240B8040240085402581C5402583054025851
:208BC00044540258585402586C54025880540258945402583B6903F02003002B60D17B681A
:208BE0001B687F4A93424AD07B681B687D4A934245D07B681B687C4A934240D07B681B68AC
:208C00007A4A93423BD07B681B68794A934236D07B681B68774A934231D07B681B68764A89
:208C200093422CD07B681B68744A934227D07B681B68734A934222D07B681B68714A934293
:208C40001DD07B681B68704A934218D07B681B686E4A934213D07B681B686D4A93420ED0A4
:208C60007B681B686B4A934209D07B681B686A4A934204D07B681B68684A934208D17B68BF
:208C80001B681A687B681B6822F008021A6007E07B681B681A687B681B6822F004021A600C
:208CA0007B681B6C002B00F065817B681B6C786898475FE17B68DB6D03F01F0302229A40A2
:208CC0007B691340002B00F0C5803B6903F00203002B00F0BF807B68DB6D03F01F030222A3
:208CE0009A40FB695A603B6903F40043002B18D03B6903F48033002B09D17B685B6C002B63
:208D000000F03A817B685B6C7868984734E17B68DB6B002B00F030817B68DB6B786898474D
:208D20002AE13B6903F02003002B40F089807B681B682B4A93424AD07B681B68294A934292
:208D400045D07B681B68284A934240D07B681B68264A93423BD07B681B68254A934236D0DB
:208D60007B681B68234A934231D07B681B68224A93422CD07B681B68204A934227D07B6828
:208D80001B681F4A934222D07B681B681D4A93421DD07B681B681C4A934218D07B681B68A2
:208DA0001A4A934213D07B681B68194A93420ED07B681B68174A934209D07B681B68164AE0
:208DC000934204D07B681B68144A934228D17B681B681A687B681B6822F014021A6027E061
:208DE000100002402800024040000240580002407000024088000240A0000240B800024043
:208E0000100402402804024040040240580402407004024088040240A0040240B804024002
:208E20007B681B681A687B681B6822F00A021A607B68012283F835207B68002283F83420A2
:208E40007B68DB6B002B00F097807B68DB6B7868984791E07B68DB6D03F01F0308229A401A
:208E60007B691340002B00F088803B6903F00803002B00F082807B681B68414A93424AD0F9
:208E80007B681B683F4A934245D07B681B683E4A934240D07B681B683C4A93423BD07B6877
:208EA0001B683B4A934236D07B681B68394A934231D07B681B68384A93422CD07B681B68F1
:208EC000364A934227D07B681B68354A934222D07B681B68334A93421DD07B681B68324A13
:208EE000934218D07B681B68304A934213D07B681B682F4A93420ED07B681B682D4A9342D9
:208F000009D07B681B682C4A934204D07B681B682A4A934208D17B681B681A687B681B681D
:208F200022F01C021A6007E07B681B681A687B681B6822F00E021A607B68DB6D03F01F0376
:208F400001229A40FB695A607B6801225A657B68012283F835207B68002283F834207B68A4
:208F6000DB6C002B09D07B68DB6C7868984704E000BF02E000BF00E000BF2837BD4680BD3B
:208F8000100002402800024040000240580002407000024088000240A0000240B8000240A1
:208FA000100402402804024040040240580402407004024088040240A0040240B804024061
:208FC00080B483B000AF78607B685B6D18460C37BD465DF8047B704780B487B000AFF86057
:208FE000B9607A603B60FB689B6D7B61FB689B6D3B61FB681B687F4A934272D0FB681B68E9
:209000007D4A93426DD0FB681B687C4A934268D0FB681B687A4A934263D0FB681B68794A63
:2090200093425ED0FB681B68774A934259D0FB681B68764A934254D0FB681B68744A934270
:209040004FD0FB681B68734A93424AD0FB681B68714A934245D0FB681B68704A934240D04F
:20906000FB681B686E4A93423BD0FB681B686D4A934236D0FB681B686B4A934231D0FB6826
:209080001B686A4A93422CD0FB681B68684A934227D0FB681B68674A934222D0FB681B6820
:2090A000654A93421DD0FB681B68644A934218D0FB681B68624A934213D0FB681B68614A13
:2090C00093420ED0FB681B685F4A934209D0FB681B685E4A934204D0FB681B685C4A934208
:2090E00001D1012300E00023002B0DD0FB685B6EFA68926E5A60FB68DB6E002B04D0FB6819
:209100001B6FFA68526F5A60FB681B68394A93424AD0FB681B68384A934245D0FB681B6858
:20912000364A934240D0FB681B68354A93423BD0FB681B68334A934236D0FB681B68324AE5
:20914000934231D0FB681B68304A93422CD0FB681B682F4A934227D0FB681B682D4A9342AB
:2091600022D0FB681B682C4A93421DD0FB681B682A4A934218D0FB681B68294A934213D0B7
:20918000FB681B68274A93420ED0FB681B68264A934209D0FB681B68244A934204D0FB6861
:2091A0001B68234A934201D1012300E00023002B59D0FB68DB6D03F01F033F229A407B69BE
:2091C0009A60FB681B681A68FB681B6822F480221A60FB681B683A685A60FB689B68402B02
:2091E00038D1FB681B687A689A60FB681B68BA68DA6086E0100002402800024040000240BE
:20920000580002407000024088000240A0000240B800024010040240280402404004024012
:20922000580402407004024088040240A0040240B8040240085402581C54025830540258CA
:2092400044540258585402586C5402588054025894540258FB681B68BA689A60FB681B68A4
:209260007A68DA604DE0FB681B68294A934222D0FB681B68274A93421DD0FB681B68264A16
:20928000934218D0FB681B68244A934213D0FB681B68234A93420ED0FB681B68214A9342D9
:2092A00009D0FB681B68204A934204D0FB681B681E4A934201D1012300E00023002B20D0A5
:2092C000FB68DB6D03F01F0301229A403B695A60FB681B683A685A60FB689B68402B08D187
:2092E000FB681B687A689A60FB681B68BA68DA6007E0FB681B68BA689A60FB681B687A68B9
:20930000DA6000BF1C37BD465DF8047B704700BF085402581C540258305402584454025864
:20932000585402586C540258805402589454025880B485B000AF78607B681B68424A9342E6
:209340004AD07B681B68414A934245D07B681B683F4A934240D07B681B683E4A93423BD076
:209360007B681B683C4A934236D07B681B683B4A934231D07B681B68394A93422CD07B68C8
:209380001B68384A934227D07B681B68364A934222D07B681B68354A93421DD07B681B6842
:2093A000334A934218D07B681B68324A934213D07B681B68304A93420ED07B681B682F4A67
:2093C000934209D07B681B682D4A934204D07B681B682C4A934201D1012300E00023002B84
:2093E00024D07B681B68DBB2103B274AA2FB03231B09FB60FB6803F00703244AD35C1A462B
:209400007B68DA65FB68032B08D97B681B681A461F4B13401A1D7B689A650DE07B681B68C9
:209420001A461B4B13407A68936505E07B681B6823F0FF027B689A657B689B6D1846143764
:20944000BD465DF8047B70471000024028000240400002405800024070000240880002402A
:20946000A0000240B8000240100402402804024040040240580402407004024088040240A4
:20948000A0040240B8040240ABAAAAAABCFD000800FCFFFF80B485B000AF78600023FB7303
:2094A0007B689B69002B20D17B689B6A032B58D801A252F823F000BFC9940008DB940008C8
:2094C000C9940008639500087B68DB6A03F08073002B48D00123FB7345E07B68DB6AB3F153
:2094E000C07F42D10123FB733FE07B689B69B3F5005F23D17B689B6A032B38D801A252F874
:2095000023F000BF159500081B950008159500082D9500080123FB7330E07B68DB6A03F0D6
:209520008073002B25D00123FB7322E07B68DB6AB3F1C07F1FD10123FB731CE07B689B6A13
:20954000022B02D9032B03D018E00123FB7315E07B68DB6A03F08073002B0ED00123FB73DA
:209560000BE000BF0AE000BF08E000BF06E000BF04E000BF02E000BF00E000BFFB7B184695
:209580001437BD465DF8047B704700BF80B485B000AF78607B681B68BB607B681B68384ADA
:2095A000934222D07B681B68364A93421DD07B681B68354A934218D07B681B68334A9342E2
:2095C00013D07B681B68324A93420ED07B681B68304A934209D07B681B682F4A934204D0FD
:2095E0007B681B682D4A934201D1012300E00023002B1AD07B681B68DBB2083B284AA2FB66
:2096000003231B09FB60FA68264B13449B001A467B681A667B68244A5A66FB6803F01F0394
:2096200001229A407B689A6624E07B681B68DBB2103B1E4AA2FB03231B09FB60BB681C4AD5
:20964000934206D8BB681B4A934202D9FB680833FB60FA68184B13449B001A467B681A66AC
:209660007B68164A5A66FB6803F01F0301229A407B689A6600BF1437BD465DF8047B7047F7
:20968000085402581C5402583054025844540258585402586C5402588054025894540258EA
:2096A000CDCCCCCC0096001680580258ABAAAAAAB80402400F040240008200108008024043
:2096C00080B485B000AF78607B685B68DBB2FB60FB68002B4AD0FB68082B47D87B681B6849
:2096E000254A934222D07B681B68244A93421DD07B681B68224A934218D07B681B68214A3E
:20970000934213D07B681B681F4A93420ED07B681B681E4A934209D07B681B681C4A9342F2
:2097200004D07B681B681B4A934201D1012300E00023002B0AD0FA68174B13449B001A46A1
:209740007B68DA667B68154A1A6709E0FA68144B13449B001A467B68DA667B68114A1A6745
:20976000FB68013B01229A407B685A6700BF1437BD465DF8047B7047085402581C54025891
:209780003054025844540258585402586C54025880540258945402583F960016405902588B
:2097A0003F8200104009024080B489B000AF786039600023FB61894B7B6194E13B681A68F7
:2097C0000121FB6901FA03F313403B613B69002B00F086813B685B6803F00303012B05D0FD
:2097E0003B685B6803F00303022B30D17B689B68BB61FB695B00032202FA03F3DB43BA69C3
:209800001340BB613B68DA68FB695B0002FA03F3BA691343BB617B68BA699A607B685B6808
:20982000BB610122FB6902FA03F3DB43BA691340BB613B685B681B0903F00102FB6902FA03
:2098400003F3BA691343BB617B68BA695A603B685B6803F00303032B17D07B68DB68BB6107
:20986000FB695B00032202FA03F3DB43BA691340BB613B689A68FB695B0002FA03F3BA69E9
:209880001343BB617B68BA69DA603B685B6803F00303022B23D1FB69DA087B68083253F8E8
:2098A0002230BB61FB6903F007039B000F2202FA03F3DB43BA691340BB613B681A69FB69E1
:2098C00003F007039B0002FA03F3BA691343BB61FB69DA087B680832B96943F822107B6894
:2098E0001B68BB61FB695B00032202FA03F3DB43BA691340BB613B685B6803F00302FB6981
:209900005B0002FA03F3BA691343BB617B68BA691A603B685B6803F44033002B00F0E0809A
:209920002F4BD3F8F4302E4A43F00203C2F8F4302B4BD3F8F43003F00203FB60FB68294AA2
:20994000FB699B08023352F82330BB61FB6903F003039B000F2202FA03F3DB43BA69134063
:20996000BB617B68204A934252D07B681F4A934231D07B681E4A93422BD07B681D4A93422B
:2099800025D07B681C4A93421FD07B681B4A934219D07B681A4A934213D07B68194A9342A5
:2099A0000DD07B68184A934207D07B68174A934201D109232DE00A232BE0082329E007231F
:2099C00027E0062325E0052323E0042321E003231FE002231DE001231BE000BF8000005802
:2099E0000044025800040058000002580004025800080258000C0258001002580014025815
:209A000000180258001C025800200258002402580023FA6902F0030292009340BA6913430B
:209A2000BB613849FB699B080233BA6941F823204FF0B0431B68BB613B69DB43BA691340A5
:209A4000BB613B685B6803F48013002B03D0BA693B691343BB614FF0B042BB6913604FF0BC
:209A6000B0435B68BB613B69DB43BA691340BB613B685B6803F40013002B03D0BA693B698B
:209A80001343BB614FF0B042BB6953607B695B68BB613B69DB43BA691340BB613B685B68CF
:209AA00003F40033002B03D0BA693B691343BB617B69BA695A607B691B68BB613B69DB433F
:209AC000BA691340BB613B685B6803F48033002B03D0BA693B691343BB617B69BA691A602C
:209AE000FB690133FB613B681A68FB6922FA03F3002B7FF463AE00BF00BF2437BD465DF8F7
:209B0000047B70470004005880B483B000AF7860084A7B68203352F82330074A934201D1A8
:209B2000002300E0012318460C37BD465DF8047B704700BF006402580003008080B483B068
:209B400000AF7860396006493B6843F440727B6841F8232000BF0C37BD465DF8047B70471B
:209B60000064025880B584B000AF7860294BDB6803F00703062B0AD0264BDB6803F03F038F
:209B80007A689A4201D0012340E000233EE0214BDB6823F03F021F497B681343CB60FCF7EF
:209BA000F7FDF86009E0FCF7F3FD0246FB68D31AB3F57A7F01D9012328E0164B5B6803F433
:209BC0000053B3F5005FEED17B681E2B08D07B682E2B05D07B681D2B02D07B682D2B14D13A
:209BE000FCF7D6FDF86009E0FCF7D2FD0246FB68D31AB3F57A7F01D9012307E0054BDB68EB
:209C000003F48033B3F5803FEED1002318461037BD4680BD0048025880B58CB000AF7860D2
:209C20007B68002B02D1012300F048BC7B681B6803F00103002B00F08880994B1B6903F050
:209C40003803FB62964B9B6ABB62FB6A102B07D0FB6A182B11D1BB6A03F00303022B0CD140
:209C60008F4B1B6803F40033002B6DD07B685B68002B69D1012300F021BC7B685B68B3F5AB
:209C8000803F06D1864B1B68854A43F4803313602EE07B685B68002B0CD1814B1B68804AD9
:209CA00023F4803313607E4B1B687D4A23F4802313601DE07B685B68B3F5A02F0CD1784B6D
:209CC0001B68774A43F480231360754B1B68744A43F4803313600BE0714B1B68704A23F49A
:209CE000803313606E4B1B686D4A23F4802313607B685B68002B13D0FCF74AFD786208E06E
:209D0000FCF746FD02467B6AD31A642B01D90323D4E3634B1B6803F40033002BF0D014E073
:209D2000FCF736FD786208E0FCF732FD02467B6AD31A642B01D90323C0E3594B1B6803F4AF
:209D40000033002BF0D100E000BF7B681B6803F00203002B00F0CA80514B1B6903F0380334
:209D60003B624F4B9B6AFB613B6A002B07D03B6A182B56D1FB6903F00303002B51D1484B58
:209D80001B6803F00403002B05D07B68DB68002B01D1012392E3424B1B6823F019027B6869
:209DA000DB683F4913430B60FCF7F2FC786208E0FCF7EEFC02467B6AD31A022B01D9032350
:209DC0007CE3374B1B6803F00403002BF0D0FCF70FFD034641F20302934217D87B681B698F
:209DE000402B08D12E4B5B6823F47C332C4A43F4003353607AE02A4B5B6823F47C327B6850
:209E00001B691B03264913434B606FE0244B5B6823F0FE427B681B691B06214913434B6069
:209E200064E07B68DB68002B47D01D4B1B6823F019027B68DB681A4913430B60FCF7A8FC7C
:209E4000786208E0FCF7A4FC02467B6AD31A022B01D9032332E3124B1B6803F00403002B4C
:209E6000F0D0FCF7C5FC034641F20302934219D87B681B69402B08D1094B5B6823F47C339F
:209E8000074A43F40033536030E0054B5B6823F47C327B681B691B03014913434B6025E097
:209EA000004402589A4B5B6823F0FE427B681B691B06974913434B6018E0954B1B68944A67
:209EC00023F001031360FCF763FC786208E0FCF75FFC02467B6AD31A022B01D90323EDE280
:209EE0008B4B1B6803F00403002BF0D17B681B6803F01003002B00F0A980854B1B6903F02C
:209F00003803BB61824B9B6A7B61BB69082B07D0BB69182B3AD17B6903F00303012B35D18D
:209F20007B4B1B6803F48073002B05D07B68DB69802B01D00123C1E2FCF75AFC034641F2BF
:209F40000302934217D87B681B6A202B08D1704B5B6823F0F8436E4A43F08043536075E02A
:209F60006B4B5B6823F0F8427B681B6A9B06684913434B606AE0664BDB6823F07C527B685E
:209F80001B6A1B0662491343CB605FE07B68DB69002B42D05E4B1B685D4A43F08003136050
:209FA000FCF7F6FB786208E0FCF7F2FB02467B6AD31A022B01D9032380E2554B1B6803F458
:209FC0008073002BF0D0FCF713FC034641F20302934217D87B681B6A202B08D14C4B5B6876
:209FE00023F0F8434A4A43F0804353602EE0484B5B6823F0F8427B681B6A9B064449134339
:20A000004B6023E0424BDB6823F07C527B681B6A1B063F491343CB6018E03D4B1B683C4AC6
:20A0200023F080031360FCF7B3FB786208E0FCF7AFFB02467B6AD31A022B01D903233DE2B1
:20A04000334B1B6803F48073002BF0D17B681B6803F00803002B36D07B685B69002B19D0D9
:20A060002B4B5B6F2A4A43F001035367FCF790FB786208E0FCF78CFB02467B6AD31A022B3A
:20A0800001D903231AE2224B5B6F03F00203002BF0D018E01E4B5B6F1D4A23F00103536747
:20A0A000FCF776FB786208E0FCF772FB02467B6AD31A022B01D9032300E2154B5B6F03F0D4
:20A0C0000203002BF0D17B681B6803F02003002B39D07B689B69002B1CD00D4B1B680C4AB0
:20A0E00043F480531360FCF753FB786208E0FCF74FFB02467B6AD31A022B01D90323DDE19E
:20A10000034B1B6803F40053002BF0D01BE000BF004402589B4B1B689A4A23F48053136037
:20A12000FCF736FB786208E0FCF732FB02467B6AD31A022B01D90323C0E1924B1B6803F4DA
:20A140000053002BF0D17B681B6803F00403002B00F081808C4B1B688B4A43F48073136078
:20A16000FCF716FB786208E0FCF712FB02467B6AD31A642B01D90323A0E1834B1B6803F4A7
:20A180008073002BF0D07B689B68012B06D17D4B1B6F7C4A43F0010313672DE07B689B683C
:20A1A000002B0CD1774B1B6F764A23F001031367744B1B6F734A23F0040313671CE07B6881
:20A1C0009B68052B0CD16F4B1B6F6E4A43F0040313676C4B1B6F6B4A43F0010313670BE02D
:20A1E000684B1B6F674A23F001031367654B1B6F644A23F0040313677B689B68002B15D06E
:20A20000FCF7C6FA78620AE0FCF7C2FA02467B6AD31A41F28832934201D903234EE1594B69
:20A220001B6F03F00203002BEED014E0FCF7B0FA78620AE0FCF7ACFA02467B6AD31A41F278
:20A240008832934201D9032338E14E4B1B6F03F00203002BEED17B685B6A002B00F02D81E0
:20A26000484B1B6903F03803182B00F0BD807B685B6A022B40F09E80424B1B68414A23F058
:20A2800080731360FCF784FA786208E0FCF780FA02467B6AD31A022B01D903230EE1394BFE
:20A2A0001B6803F00073002BF0D1364B9A6A374B13407A68916A7A68D26A12010A4331499A
:20A2C00013438B627B681B6B013BC3F308027B685B6B013B5B029BB21A437B689B6B013BC5
:20A2E0001B0403F4FE031A437B68DB6B013B1B0603F0FE43234913430B63224BDB6A214AE3
:20A3000023F00103D3621F4B5A6B214B13407A68926CD2001B4913434B631A4BDB6A23F02C
:20A320000C027B681B6C17491343CB62154BDB6A23F002027B685B6C12491343CB62114B22
:20A34000DB6A104A43F48033D3620E4BDB6A0D4A43F40033D3620B4BDB6A0A4A43F48023E2
:20A36000D362084BDB6A074A43F00103D362054B1B68044A43F080731360FCF709FA7862C9
:20A3800011E000BF00440258004802580CFCFFFF0700FFFFFCF7FCF902467B6AD31A022B93
:20A3A00001D903238AE0474B1B6803F00073002BF0D082E0434B1B68424A23F08073136055
:20A3C000FCF7E6F9786208E0FCF7E2F902467B6AD31A022B01D9032370E03A4B1B6803F089
:20A3E0000073002BF0D168E0364B9B6A3B61354B1B6BFB607B685B6A012B31D03B6903F0C7
:20A4000003027B689B6A9A422AD13B691B0903F03F027B68DB6A9A4222D1FB68C3F3080262
:20A420007B681B6B013B9A421AD1FB685B0A03F07F027B685B6B013B9A4211D1FB681B0C47
:20A4400003F07F027B689B6B013B9A4208D1FB681B0E03F07F027B68DB6B013B9A4201D09C
:20A4600001232BE0174B5B6BDB08C3F30C033B617B689B6C3A699A421FD0124BDB6A114AEC
:20A4800023F00103D362FCF783F9786200BFFCF77FF902467B6A9342F9D00A4B5A6B0A4BC3
:20A4A00013407A68926CD200064913434B63054BDB6A044A43F00103D3620023184630370D
:20A4C000BD4680BD004402580700FFFF80B586B000AF786039607B68002B01D101239CE18D
:20A4E0008A4B1B6803F00F033A689A4210D9874B1B6823F00F0285493B6813430B60834B1F
:20A500001B6803F00F033A689A4201D0012384E17B681B6803F00403002B10D07B681A690A
:20A520007B4B9B6903F070039A4208D9784B9B6923F070027B681B69754913438B617B6898
:20A540001B6803F00803002B10D07B685A69704BDB6903F070039A4208D96D4BDB6923F098
:20A5600070027B685B696A491343CB617B681B6803F01003002B10D07B689A69644BDB693D
:20A5800003F4E0639A4208D9614BDB6923F4E0627B689B695E491343CB617B681B6803F012
:20A5A0002003002B10D07B68DA69594B1B6A03F070039A4208D9564B1B6A23F070027B686D
:20A5C000DB69534913430B627B681B6803F00203002B10D07B68DA684D4B9B6903F00F03A9
:20A5E0009A4208D94A4B9B6923F00F027B68DB68474913438B617B681B6803F00103002B61
:20A6000055D0434B9B6923F470627B689B68404913438B617B685B68022B07D13C4B1B6834
:20A6200003F40033002B21D10123F6E07B685B68032B07D1364B1B6803F00073002B15D1B2
:20A640000123EAE07B685B68012B07D1304B1B6803F48073002B09D10123DEE02C4B1B6899
:20A6600003F00403002B01D10123D6E0284B1B6923F007027B685B68254913430B61FCF72D
:20A6800087F878610AE0FCF783F802467B69D31A41F28832934201D90323BEE01C4B1B69A6
:20A6A00003F038027B685B68DB009A42EBD17B681B6803F00203002B10D07B68DA68144B67
:20A6C0009B6903F00F039A4208D2114B9B6923F00F027B68DB680E4913438B610B4B1B689F
:20A6E00003F00F033A689A4214D2084B1B6823F00F0206493B6813430B60044B1B6803F07F
:20A700000F033A689A4205D0012386E000200052004402587B681B6803F00403002B10D0CF
:20A720007B681A693F4B9B6903F070039A4208D23C4B9B6923F070027B681B6939491343BA
:20A740008B617B681B6803F00803002B10D07B685A69344BDB6903F070039A4208D2314B9D
:20A76000DB6923F070027B685B692E491343CB617B681B6803F01003002B10D07B689A6913
:20A78000284BDB6903F4E0639A4208D2254BDB6923F4E0627B689B6922491343CB617B684E
:20A7A0001B6803F02003002B10D07B68DA691D4B1B6A03F070039A4208D21A4B1B6A23F0C9
:20A7C00070027B68DB69174913430B6200F034F80246144B9B691B0A03F00F031249CB5C4A
:20A7E00003F01F0322FA03F33B610E4B9B6903F00F030D4AD35C03F01F033A6922FA03F3E4
:20A800000A4A13600A4A3B6913600A4B1B681846FBF774FF0346FB73FB7B18461837BD468E
:20A8200080BD00BF00440258ACFD000804100024001000243C11002480B489B000AFB34BD6
:20A840001B6903F03803182B00F2558101A252F823F000BFB9A80008F7AA0008F7AA0008C1
:20A86000F7AA0008F7AA0008F7AA0008F7AA0008F7AA0008DFA80008F7AA0008F7AA0008AA
:20A88000F7AA0008F7AA0008F7AA0008F7AA0008F7AA0008E5A80008F7AA0008F7AA000884
:20A8A000F7AA0008F7AA0008F7AA0008F7AA0008F7AA0008EBA80008944B1B6803F0200338
:20A8C000002B09D0914B1B68DB0803F00303904A22FA03F3BB6111E18D4BBB610EE18D4B84
:20A8E000BB610BE18C4BBB6108E1884B9B6A03F003037B61854B9B6A1B0903F03F033B61FD
:20A90000824BDB6A03F00103FB60804B5B6BDB08C3F30C03FA6802FB03F307EE903AF8EEA0
:20A92000677AC7ED027A3B69002B00F0E1807B69022B00F083807B69022B00F2A1807B69DA
:20A94000002B03D07B69012B56D099E06F4B1B6803F02003002B2DD06C4B1B68DB0803F0BF
:20A9600003036B4A22FA03F37B607B6807EE903AF8EE676A3B6907EE903AF8EE677A86EE38
:20A98000A77A624B1B6BC3F3080307EE903AF8EE676A97ED026ADFED615AC6EE257A76EEFE
:20A9A000A77AF7EE006A77EEA67A67EE277AC7ED077A87E03B6907EE903AF8EE677ADFED1A
:20A9C000586A86EEA77A514B1B6BC3F3080307EE903AF8EE676A97ED026ADFED505AC6EEAD
:20A9E000257A76EEA77AF7EE006A77EEA67A67EE277AC7ED077A65E03B6907EE903AF8EEA6
:20AA0000677ADFED486A86EEA77A404B1B6BC3F3080307EE903AF8EE676A97ED026ADFED3E
:20AA20003F5AC6EE257A76EEA77AF7EE006A77EEA67A67EE277AC7ED077A43E03B6907EEEA
:20AA4000903AF8EE677ADFED386A86EEA77A2F4B1B6BC3F3080307EE903AF8EE676A97EDA7
:20AA6000026ADFED2E5AC6EE257A76EEA77AF7EE006A77EEA67A67EE277AC7ED077A21E03E
:20AA80003B6907EE903AF8EE677ADFED266A86EEA77A1E4B1B6BC3F3080307EE903AF8EE46
:20AAA000676A97ED026ADFED1D5AC6EE257A76EEA77AF7EE006A77EEA67A67EE277AC7ED3C
:20AAC000077A00BF114B1B6B5B0A03F07F0301333B603B6807EE903AB8EE677AD7ED076A8D
:20AAE000C6EE877AFCEEE77A17EE903ABB6105E00023BB6102E0074BBB6100BFBB691846B6
:20AB00002437BD465DF8047B704700BF004402580090D00300093D0040787D0100000046CA
:20AB20000024744C0024744A20BCBE4B80B582B000AFFFF781FE0246104B9B691B0A03F020
:20AB40000F030F49CB5C03F01F0322FA03F37B600A4B9B6903F00F03094AD35C03F01F036D
:20AB60007A6822FA03F3074A1360074A7B681360044B1B6818460837BD4680BD0044025829
:20AB8000ACFD0008041000240010002480B500AFFFF7CCFF0246064BDB691B0903F00703F5
:20ABA0000449CB5C03F01F0322FA03F3184680BD00440258ACFD00082DE9B04FCCB000AFD0
:20ABC000C7F81C01002387F82F31002387F82E31D7F81C31D3E9002302F00064002554EAE2
:20ABE000050349D0D7F81C31DB6EB3F5401F2FD0B3F5401F28D8B3F5001F1AD0B3F5001F4A
:20AC000022D8002B03D0B3F5801F07D01CE0B84BDB6AB74A43F40033D3621AE0D7F81C3124
:20AC200008330221184602F0A1FB034687F82F310FE0D7F81C3128330221184602F048FC85
:20AC4000034687F82F3104E0012387F82F3100E000BF97F82F31002B0AD1A54B1B6D23F4C2
:20AC60004011D7F81C31DB6EA14A0B43136503E097F82F3187F82E31D7F81C31D3E90023C2
:20AC800002F480784FF0000958EA090347D0D7F81C31DB6D042B2AD801A252F823F000BFC5
:20ACA000B5AC0008C3AC0008D9AC0008F7AC0008F7AC00088E4BDB6A8D4A43F40033D3623D
:20ACC0001AE0D7F81C3108330021184602F04EFB034687F82F310FE0D7F81C3128330021BA
:20ACE000184602F0F5FB034687F82F3104E0012387F82F3100E000BF97F82F31002B0AD171
:20AD00007B4B1B6D23F00701D7F81C31DB6D784A0B43136503E097F82F3187F82E31D7F85F
:20AD20001C31D3E9002302F4007A4FF0000B5AEA0B034CD0D7F81C311B6EB3F5807F30D073
:20AD4000B3F5807F29D8C02B2DD0C02B25D8802B18D0802B21D8002B02D0402B07D01CE009
:20AD6000634BDB6A624A43F40033D3621CE0D7F81C3108330021184602F0F8FA034687F817
:20AD80002F3111E0D7F81C3128330021184602F09FFB034687F82F3106E0012387F82F31CF
:20ADA00002E000BF00E000BF97F82F31002B0AD14F4B1B6D23F4E071D7F81C311B6E4C4A99
:20ADC0000B43136503E097F82F3187F82E31D7F81C31D3E9002302F48063C7F81031002306
:20ADE000C7F81431D7E944120B46134353D0D7F81C31D3F8AC30B3F5000F35D0B3F5000F39
:20AE00002ED8B3F5C00F31D0B3F5C00F28D8B3F5800F1AD0B3F5800F22D8002B03D0B3F545
:20AE2000001F07D01CE0324BDB6A314A43F40033D3621CE0D7F81C3108330021184602F080
:20AE400095FA034687F82F3111E0D7F81C3128330021184602F03CFB034687F82F3106E01D
:20AE6000012387F82F3102E000BF00E000BF97F82F31002B0BD11E4B9B6D23F46001D7F8E1
:20AE80001C31D3F8AC301A4A0B43936503E097F82F3187F82E31D7F81C31D3E9002302F473
:20AEA0000063C7F808310023C7F80C31D7E942120B46134356D0D7F81C31D3F8B030B3F1CC
:20AEC000806F38D0B3F1806F31D8B3F1407F34D0B3F1407F2BD8B3F1007F1DD0B3F1007FDF
:20AEE00025D8002B06D0B3F1807F0AD01FE000BF00440258A24BDB6AA14A43F40033D362BF
:20AF00001CE0D7F81C3108330021184602F02EFA034687F82F3111E0D7F81C312833002194
:20AF2000184602F0D5FA034687F82F3106E0012387F82F3102E000BF00E000BF97F82F31B2
:20AF4000002B0BD18E4B9B6D23F0E061D7F81C31D3F8B0308A4A0B43936503E097F82F3102
:20AF600087F82E31D7F81C31D3E9002302F00073C7F800310023C7F80431D7E940120B4629
:20AF800013433AD0D7F81C31DB6C302B1FD0302B19D8202B0CD0202B15D8002B19D0102BAA
:20AFA00011D1774BDB6A764A43F40033D36211E0D7F81C3108330221184602F0D7F9034675
:20AFC00087F82F3106E0012387F82F3102E000BF00E000BF97F82F31002B0AD1684BDB6C7A
:20AFE00023F03001D7F81C31DB6C654A0B43D36403E097F82F3187F82E31D7F81C31D3E9EE
:20B00000002302F48053C7F8F8300023C7F8FC30D7E93E120B46134351D0D7F81C315B6E92
:20B02000B3F5804F35D0B3F5804F2ED8B3F5405F31D0B3F5405F28D8B3F5005F1AD0B3F5EF
:20B04000005F22D8002B03D0B3F5805F07D01CE04B4BDB6A4A4A43F40033D3621CE0D7F866
:20B060001C3108330021184602F080F9034687F82F3111E0D7F81C3128330021184602F05D
:20B0800027FA034687F82F3106E0012387F82F3102E000BF00E000BF97F82F31002B0AD149
:20B0A000374B1B6D23F4E041D7F81C315B6E344A0B43136503E097F82F3187F82E31D7F8A6
:20B0C0001C31D3E9002302F40053C7F8F0300023C7F8F430D7E93C120B46134356D0D7F86C
:20B0E0001C319B6EB3F5A02F33D0B3F5A02F2CD8B3F5802F2FD0B3F5802F26D8B3F5403F33
:20B100002BD0B3F5403F20D8B3F5003F12D0B3F5003F1AD8002B22D0B3F5803F15D1D7F83A
:20B120001C3108330121184602F020F9034687F82F3115E0D7F81C3128330121184602F0F6
:20B14000C7F9034687F82F310AE0012387F82F3106E000BF04E000BF02E000BF00E000BF92
:20B1600097F82F31002B0DD1054B1B6D23F4E021D7F81C319B6E024A0B43136506E000BF0B
:20B180000044025897F82F3187F82E31D7F81C31D3E9002302F48043C7F8E8300023C7F8D7
:20B1A000EC30D7E93A120B46134355D0D7F81C31D3F8B430B3F1A04F33D0B3F1A04F2CD8A3
:20B1C000B3F1804F2FD0B3F1804F26D8B3F1405F2BD0B3F1405F20D8B3F1005F12D0B3F18A
:20B1E000005F1AD8002B22D0B3F1805F15D1D7F81C3108330121184602F0B8F8034687F837
:20B200002F3115E0D7F81C3128330121184602F05FF9034687F82F310AE0012387F82F3183
:20B2200006E000BF04E000BF02E000BF00E000BF97F82F31002B0BD1B64B9B6D23F0E04153
:20B24000D7F81C31D3F8B430B24A0B43936503E097F82F3187F82E31D7F81C31D3E9002336
:20B2600002F08063C7F8E0300023C7F8E430D7E938120B4613432AD0D7F81C311B6D002BBA
:20B2800011D0B3F5807F0AD1D7F81C3108330121184602F06BF8034687F82F3104E00123EF
:20B2A00087F82F3100E000BF97F82F31002B0AD1984BDB6C23F48071D7F81C311B6D954A66
:20B2C0000B43D36403E097F82F3187F82E31D7F81C31D3E9002302F40043C7F8D83000231B
:20B2E000C7F8DC30D7E936120B46134337D0D7F81C315B6FB3F1005F0ED0B3F1005F16D815
:20B30000002B18D0B3F1805F11D1824BDB6A814A43F40033D3620FE0D7F81C3108330121D1
:20B32000184602F023F8034687F82F3104E0012387F82F3100E000BF97F82F31002B0AD1FF
:20B34000744B1B6D23F04051D7F81C315B6F714A0B43136503E097F82F3187F82E31D7F81C
:20B360001C31D3E9002302F08073C7F8D0300023C7F8D430D7E934120B4613433AD0D7F891
:20B380001C319B6C032B1DD801A252F823F000BFCDB30008A1B30008AFB30008CDB30008A1
:20B3A0005C4BDB6A5B4A43F40033D3620FE0D7F81C3108330221184601F0D8FF034687F806
:20B3C0002F3104E0012387F82F3100E000BF97F82F31002B0AD14F4BDB6C23F00301D7F8CB
:20B3E0001C319B6C4B4A0B43D36403E097F82F3187F82E31D7F81C31D3E9002302F48003BB
:20B40000C7F8C8300023C7F8CC30D7E932120B46134300F0A080404B1B683F4A43F480731B
:20B420001360FBF7B5F9C7F828010BE0FBF7B0F90246D7F82831D31A642B03D9032387F81E
:20B440002F3105E0344B1B6803F48073002BEDD097F82F31002B7AD12E4B1A6FD7F81C3150
:20B46000D3F8B830534003F44073002B15D0294B1B6F23F44073C7F82431264B1B6F254A86
:20B4800043F480331367234B1B6F224A23F480331367204AD7F824311367D7F81C31D3F8B1
:20B4A000B830B3F5807F18D1FBF772F9C7F828010DE0FBF76DF90246D7F82831D21A41F2FB
:20B4C00088339A4203D9032387F82F3105E0114B1B6F03F00203002BEBD097F82F31002B31
:20B4E00030D1D7F81C31D3F8B83003F44073B3F5407F15D1074B1B6923F47C51D7F81C31AF
:20B50000D3F8B8301A09054B1340024A0B4313610CE000BF0044025800480258CFFFFF00EC
:20B52000D44B1B69D34A23F47C531361D14B196FD7F81C31D3F8B830C3F30B03CD4A0B4355
:20B54000136708E097F82F3187F82E3103E097F82F3187F82E31D7F81C31D3E9002302F01F
:20B560000103C7F8C0300023C7F8C430D7E930120B46134300F08B80D7F81C31D3F8803007
:20B58000282B6BD801A252F823F000BF65B600085DB600085DB600085DB600085DB60008C7
:20B5A0005DB600085DB600085DB6000831B600085DB600085DB600085DB600085DB60008DF
:20B5C0005DB600085DB600085DB6000847B600085DB600085DB600085DB600085DB60008A9
:20B5E0005DB600085DB600085DB6000865B600085DB600085DB600085DB600085DB600086B
:20B600005DB600085DB600085DB6000865B600085DB600085DB600085DB600085DB600084A
:20B620005DB600085DB600085DB6000865B60008D7F81C3108330121184601F097FE0346F0
:20B6400087F82F310FE0D7F81C3128330121184601F03EFF034687F82F3104E0012387F848
:20B660002F3100E000BF97F82F31002B0BD1814B5B6D23F03801D7F81C31D3F880307D4A97
:20B680000B43536503E097F82F3187F82E31D7F81C31D3E9002302F00203C7F8B830002338
:20B6A000C7F8BC30D7E92E120B46134342D0D7F81C31DB6F052B25D801A252F823F000BFD4
:20B6C0000DB70008D9B60008EFB600080DB700080DB700080DB70008D7F81C31083301217D
:20B6E000184601F043FE034687F82F310FE0D7F81C3128330121184601F0EAFE034687F80B
:20B700002F3104E0012387F82F3100E000BF97F82F31002B0AD1574B5B6D23F00701D7F8FA
:20B720001C31DB6F534A0B43536503E097F82F3187F82E31D7F81C31D3E9002302F004032B
:20B74000C7F8B0300023C7F8B430D7E92C120B46134344D0D7F81C31D3F89830052B25D8EF
:20B7600001A252F823F000BFB5B7000881B7000897B70008B5B70008B5B70008B5B70008A4
:20B78000D7F81C3108330121184601F0EFFD034687F82F310FE0D7F81C31283301211846E7
:20B7A00001F096FE034687F82F3104E0012387F82F3100E000BF97F82F31002B0BD12D4BE8
:20B7C0009B6D23F00701D7F81C31D3F89830294A0B43936503E097F82F3187F82E31D7F85F
:20B7E0001C31D3E9002302F02003C7F8A8300023C7F8AC30D7E92A120B46134357D0D7F81A
:20B800001C31D3F89430B3F1A04F35D0B3F1A04F2CD8B3F1804F31D0B3F1804F26D8B3F194
:20B82000405F2DD0B3F1405F20D8B3F1005F12D0B3F1005F1AD8002B24D0B3F1805F15D1CF
:20B84000D7F81C3108330021184601F08FFD034687F82F3117E0D7F81C312833022118467E
:20B8600001F036FE034687F82F310CE0012387F82F3108E00044025800BF04E000BF02E0C2
:20B8800000BF00E000BF97F82F31002B0BD1C24B5B6D23F0E041D7F81C31D3F89430BE4A98
:20B8A0000B43536503E097F82F3187F82E31D7F81C31D3E9002302F04003C7F8A0300023F0
:20B8C000C7F8A430D7E928120B46134355D0D7F81C31D3F8A030B3F5A05F33D0B3F5A05F07
:20B8E0002CD8B3F5805F2FD0B3F5805F26D8B3F5406F2BD0B3F5406F20D8B3F5006F12D09F
:20B90000B3F5006F1AD8002B22D0B3F5806F15D1D7F81C3108330021184601F027FD034650
:20B9200087F82F3115E0D7F81C3128330221184601F0CEFD034687F82F310AE0012387F8CA
:20B940002F3106E000BF04E000BF02E000BF00E000BF97F82F31002B0BD18F4B9B6D23F410
:20B96000E051D7F81C31D3F8A0308B4A0B43936503E097F82F3187F82E31D7F81C31D3E93C
:20B98000002302F08003C7F898300023C7F89C30D7E926120B46134355D0D7F81C31D3F82F
:20B9A000A430B3F5204F33D0B3F5204F2CD8B3F5004F2FD0B3F5004F26D8B3F5C04F2BD0E1
:20B9C000B3F5C04F20D8B3F5804F12D0B3F5804F1AD8002B22D0B3F5005F15D1D7F81C31D0
:20B9E00008330021184601F0C1FC034687F82F3115E0D7F81C3128330221184601F068FD74
:20BA0000034687F82F310AE0012387F82F3106E000BF04E000BF02E000BF00E000BF97F8FA
:20BA20002F31002B0BD15C4B9B6D23F46041D7F81C31D3F8A430584A0B43936503E097F823
:20BA40002F3187F82E31D7F81C31D3E9002302F00803C7F890300023C7F89430D7E9241295
:20BA60000B4613431ED0D7F81C31D3F88830B3F5805F0CD1D7F81C3128330221184601F045
:20BA800027FD0346002B02D0012387F82E31424B5B6D23F44051D7F81C31D3F888303E4A16
:20BAA0000B435365D7F81C31D3E9002302F01003C7F888300023C7F88C30D7E922120B4626
:20BAC00013431ED0D7F81C31D3F89C30B3F5807F0CD1D7F81C3128330221184601F0F8FC0E
:20BAE0000346002B02D0012387F82E312A4B9B6D23F44071D7F81C31D3F89C30264A0B4348
:20BB00009365D7F81C31D3E9002302F40023C7F880300023C7F88430D7E920120B4613437B
:20BB200040D0D7F81C31D3F8A830B3F5003F22D0B3F5003F1BD8002B03D0B3F5803F0BD043
:20BB400015E0D7F81C3108330021184601F00EFC034687F82F310FE0D7F81C31283302216E
:20BB6000184601F0B5FC034687F82F3104E0012387F82F3100E000BF97F82F31002B0DD11F
:20BB8000054B9B6D23F44031D7F81C31D3F8A830014A0B43936505E00044025897F82F3103
:20BBA00087F82E31D7F81C31D3E9002302F48023BB670023FB67D7E91E120B4613433BD0CA
:20BBC000D7F81C31D3F88C30B3F5401F1FD0B3F5401F18D8B3F5801F03D0B3F5001F07D01D
:20BBE00011E0644BDB6A634A43F40033D3620FE0D7F81C3128330121184601F069FC03468F
:20BC000087F82F3104E0012387F82F3100E000BF97F82F31002B0BD1564B5B6D23F44011F8
:20BC2000D7F81C31D3F88C30524A0B43536503E097F82F3187F82E31D7F81C31D3E9002314
:20BC400002F480333B6700237B67D7E91C120B46134331D0D7F81C315B6D002B03D0B3F574
:20BC6000803F07D011E0434BDB6A424A43F40033D3620EE0D7F81C3108330221184601F088
:20BC800075FB034687F82F3103E0012387F82F3100BF97F82F31002B0AD1364BDB6C23F493
:20BCA0008031D7F81C315B6D324A0B43D36403E097F82F3187F82E31D7F81C31D3E9002343
:20BCC00002F00053BB660023FB66D7E91A120B4613430CD0D7F81C3128330221184601F022
:20BCE000F7FB0346002B02D0012387F82E31D7F81C31D3E9002302F400333B6600237B6641
:20BD0000D7E918120B4613433AD0D7F81C31D3F88430B3F5407F18D0B3F5407F11D8B3F5A6
:20BD2000007F14D0B3F5007F0BD8002B11D0B3F5807F06D10F4BDB6A0E4A43F40033D36276
:20BD400008E0012387F82F3104E000BF02E000BF00E000BF97F82F31002B0DD1054B5B6D05
:20BD600023F44071D7F81C31D3F88430014A0B43536505E00044025897F82F3187F82E31BF
:20BD8000D7F81C31D3E9002302F48013BB650023FB65D7E916120B46134309D0AA4B1B6D97
:20BDA00023F00041D7F81C319B6FA74A0B431365D7F81C31D3E9002302F080533B650023CF
:20BDC0007B65D7E914120B4613430AD09E4B1B6923F48041D7F81C31D3F8BC309A4A0B43D2
:20BDE0001361D7F81C31D3E9002302F40013BB640023FB64D7E912120B46134309D0924BE9
:20BE00001B6D23F08071D7F81C311B6F8E4A0B431365D7F81C31D3E9002302F080433B6403
:20BE200000237B64D7E910120B4613430ED0864B1B69854A23F400431361834B1969D7F888
:20BE40001C31D3F8C030804A0B431361D7F81C31D3E9002302F00043BB630023FB63D7E9BF
:20BE60000E120B46134309D0774BDB6C23F04051D7F81C319B6D744A0B43D364D7F81C31F2
:20BE8000D3E9002302F400033B6300237B63D7E90C120B4613430AD06B4B5B6D23F44001F6
:20BEA000D7F81C31D3F89030674A0B435365D7F81C31D3E900230021B96203F00103FB6299
:20BEC000D7E90A120B46134311D0D7F81C3108330021184601F04AFA034687F82F3197F83C
:20BEE0002F31002B03D097F82F3187F82E31D7F81C31D3E900230021396203F002037B628B
:20BF0000D7E908120B46134311D0D7F81C3108330121184601F02AFA034687F82F3197F81C
:20BF20002F31002B03D097F82F3187F82E31D7F81C31D3E900230021B96103F00403FB614A
:20BF4000D7E906120B46134311D0D7F81C3108330221184601F00AFA034687F82F3197F8FD
:20BF60002F31002B03D097F82F3187F82E31D7F81C31D3E900230021396103F008037B6106
:20BF8000D7E904120B46134311D0D7F81C3128330021184601F09CFA034687F82F3197F80F
:20BFA0002F31002B03D097F82F3187F82E31D7F81C31D3E900230021B96003F01003FB60C0
:20BFC000D7E902120B46134311D0D7F81C3128330121184601F07CFA034687F82F3197F8F0
:20BFE0002F31002B03D097F82F3187F82E31D7F81C31D3E900230021396003F020037B6070
:20C00000D7E900120B46134311D0D7F81C3128330221184601F05CFA034687F82F3197F8D0
:20C020002F31002B03D097F82F3187F82E3197F82E31002B01D1002300E00123184607F569
:20C040009877BD46BDE8B08F0044025880B590B000AFC7E90001D7E90023A2F580710B43BE
:20C0600040F094809E4B1B6D03F007033B633B6B042B00F2878001A252F823F091C0000849
:20C08000B9C00008E1C000087DC1000809C10008934B1B6803F00073B3F1007F08D107F1A3
:20C0A0002403184601F010F8BB6AFB6300F045BD0023FB6300F041BD894B1B6803F0006371
:20C0C000B3F1006F08D107F11803184600F054FDBB69FB6300F031BD0023FB6300F02DBD07
:20C0E0007F4B1B6803F00053B3F1005F08D107F10C03184600F094FEFB68FB6300F01DBD5F
:20C100000023FB6300F019BD754BDB6C03F040537B63734B1B6803F00403042B0CD17B6B40
:20C12000002B09D16E4B1B68DB0803F003036D4A22FA03F3FB631FE0694B1B6803F480739B
:20C14000B3F5807F06D17B6BB3F1805F02D1664BFB6311E0624B1B6803F40033B3F5003FE4
:20C1600006D17B6BB3F1005F02D1604BFB6303E00023FB6300F0E1BC00F0DFBC5C4BFB63A2
:20C1800000F0DBBC0023FB6300F0D7BCD7E90023A2F500710B4340F0AD80514B1B6D03F463
:20C1A000E0733B633B6BB3F5807F56D03B6BB3F5807F00F290803B6BC02B00F088803B6B9D
:20C1C000C02B00F288803B6B802B32D03B6B802B00F281803B6B002B03D03B6B402B14D04A
:20C1E00079E03F4B1B6803F00073B3F1007F08D107F12403184600F067FFBB6AFB6300F031
:20C200009CBC0023FB6300F098BC354B1B6803F00063B3F1006F08D107F11803184600F05B
:20C22000ABFCBB69FB6300F088BC0023FB6300F084BC2B4B1B6803F00053B3F1005F08D1D5
:20C2400007F10C03184600F0EBFDFB68FB6300F074BC0023FB6300F070BC214BDB6C03F07D
:20C2600040537B631E4B1B6803F00403042B0CD17B6B002B09D11A4B1B68DB0803F00303AC
:20C28000184A22FA03F3FB631FE0154B1B6803F48073B3F5807F06D17B6BB3F1805F02D146
:20C2A000114BFB6311E00E4B1B6803F40033B3F5003F06D17B6BB3F1005F02D10B4BFB639F
:20C2C00003E00023FB6300F038BC00F036BC084BFB6300F032BC0023FB6300F02EBC00BF8B
:20C2E000004402580090D00300093D0040787D010080BB00D7E90023A2F580610B4340F0AD
:20C300009C809E4B9B6D03F460033B633B6BB3F5000F54D03B6BB3F5000F00F28B803B6B97
:20C32000B3F5C00F00F083803B6BB3F5C00F00F281803B6BB3F5800F2FD03B6BB3F5800FCA
:20C3400078D83B6B002B04D03B6BB3F5001F12D070E08A4B1B6803F00073B3F1007F07D190
:20C3600007F12403184600F0AFFEBB6AFB63E4E30023FB63E1E3814B1B6803F00063B3F1CB
:20C38000006F07D107F11803184600F0F5FBBB69FB63D2E30023FB63CFE3784B1B6803F062
:20C3A0000053B3F1005F07D107F10C03184600F037FDFB68FB63C0E30023FB63BDE36F4B87
:20C3C000DB6C03F040537B636C4B1B6803F00403042B0CD17B6B002B09D1684B1B68DB086E
:20C3E00003F00303664A22FA03F3FB631EE0634B1B6803F48073B3F5807F06D17B6BB3F103
:20C40000805F02D15F4BFB6310E05C4B1B6803F40033B3F5003F06D17B6BB3F1005F02D1A4
:20C42000594BFB6302E00023FB6386E385E3574BFB6382E30023FB637FE3D7E90023A2F504
:20C4400000610B4340F0A7804C4B9B6D03F0E0633B633B6BB3F1806F55D03B6BB3F1806FCC
:20C4600000F296803B6BB3F1407F00F084803B6BB3F1407F00F28C803B6BB3F1007F30D0E7
:20C480003B6BB3F1007F00F283803B6B002B04D03B6BB3F1807F12D07AE0384B1B6803F0BB
:20C4A0000073B3F1007F07D107F12403184600F00BFEBB6AFB6340E30023FB633DE32F4BD7
:20C4C0001B6803F00063B3F1006F07D107F11803184600F051FBBB69FB632EE30023FB63D7
:20C4E0002BE3264B1B6803F00053B3F1005F07D107F10C03184600F093FCFB68FB631CE375
:20C500000023FB6319E31D4BDB6C03F040537B631A4B1B6803F00403042B0CD17B6B002B8C
:20C5200009D1164B1B68DB0803F00303144A22FA03F3FB631EE0114B1B6803F48073B3F524
:20C54000807F06D17B6BB3F1805F02D10D4BFB6310E00A4B1B6803F40033B3F5003F06D163
:20C560007B6BB3F1005F02D1074BFB6302E00023FB63E2E2E1E2054BFB63DEE20044025859
:20C580000090D00300093D0040787D010080BB000023FB63D1E2D7E90023A2F580510B43B4
:20C5A00040F09C80934B1B6D03F4E043BB63BB6BB3F5804F54D0BB6BB3F5804F00F28B8036
:20C5C000BB6BB3F5405F00F08380BB6BB3F5405F00F28180BB6BB3F5005F2FD0BB6BB3F5A1
:20C5E000005F78D8BB6B002B04D0BB6BB3F5805F12D070E07F4B1B6803F00073B3F1007FB2
:20C6000007D107F12403184600F05EFDBB6AFB6393E20023FB6390E2764B1B6803F00063F5
:20C62000B3F1006F07D107F11803184600F0A4FABB69FB6381E20023FB637EE26D4B1B680F
:20C6400003F00053B3F1005F07D107F10C03184600F0E6FBFB68FB636FE20023FB636CE2A2
:20C66000644BDB6C03F040537B63624B1B6803F00403042B0CD17B6B002B09D15D4B1B6814
:20C68000DB0803F003035C4A22FA03F3FB631EE0584B1B6803F48073B3F5807F06D17B6B36
:20C6A000B3F1805F02D1554BFB6310E0514B1B6803F40033B3F5003F06D17B6BB3F1005F46
:20C6C00002D14F4BFB6302E00023FB6335E234E24C4BFB6331E20023FB632EE2D7E9002383
:20C6E000A2F500510B4340F08F80424B1B6D03F4E023BB63BB6BB3F5A02F6BD0BB6BB3F5F2
:20C70000A02F74D8BB6BB3F5802F56D0BB6BB3F5802F6CD8BB6BB3F5403F3BD0BB6BB3F574
:20C72000403F64D8BB6BB3F5003F21D0BB6BB3F5003F5CD8BB6B002B04D0BB6BB3F5803F4D
:20C7400004D054E0FEF722FAF863F6E1294B1B6803F00063B3F1006F07D107F118031846E5
:20C7600000F00AFAFB69FB63E7E10023FB63E4E1204B1B6803F00053B3F1005F07D107F1EE
:20C780000C03184600F04CFB3B69FB63D5E10023FB63D2E1174B1B6803F00403042B09D121
:20C7A000144B1B68DB0803F00303134A22FA03F3FB63C2E10023FB63BFE10E4B1B6803F457
:20C7C0008073B3F5807F02D10C4BFB63B5E10023FB63B2E1074B1B6803F40033B3F5003FA7
:20C7E00002D1074BFB63A8E10023FB63A5E10023FB63A2E1004402580090D00300093D00DB
:20C8000040787D010080BB00D7E90023A2F500210B4373D19C4B9B6D03F44033BB63BB6BDD
:20C82000B3F5003F2FD0BB6BB3F5003F63D8BB6B002B04D0BB6BB3F5803F12D05BE0924B1E
:20C840001B6803F00063B3F1006F07D107F11803184600F091F9BB69FB636EE10023FB63D7
:20C860006BE1894B1B6803F00053B3F1005F07D107F10C03184600F0D3FA7B69FB635CE153
:20C880000023FB6359E1804BDB6C03F040537B637D4B1B6803F00403042B0CD17B6B002B05
:20C8A00009D1794B1B68DB0803F00303774A22FA03F3FB631EE0744B1B6803F48073B3F578
:20C8C000807F06D17B6BB3F1805F02D1704BFB6310E06D4B1B6803F40033B3F5003F06D11A
:20C8E0007B6BB3F1005F02D16A4BFB6302E00023FB6322E121E10023FB631EE1D7E900239E
:20C90000A2F580310B4333D15F4BDB6C03F48033BB63BB6B002B04D0BB6BB3F5803F12D030
:20C9200023E0594B1B6803F00073B3F1007F07D107F12403184600F0C7FBBB6AFB63FCE0DE
:20C940000023FB63F9E0504B1B6803F00063B3F1006F07D107F11803184600F00DF93B6A12
:20C96000FB63EAE00023FB63E7E00023FB63E4E0D7E90023A2F580410B4340F08D80424BAF
:20C980009B6D03F0E043BB63BB6BB3F1A04F6BD0BB6BB3F1A04F74D8BB6BB3F1804F56D0A3
:20C9A000BB6BB3F1804F6CD8BB6BB3F1405F3BD0BB6BB3F1405F64D8BB6BB3F1005F21D067
:20C9C000BB6BB3F1005F5CD8BB6B002B04D0BB6BB3F1805F04D054E000F0B8F8F863ACE09D
:20C9E000294B1B6803F00063B3F1006F07D107F11803184600F0C0F8FB69FB639DE0002384
:20CA0000FB639AE0204B1B6803F00053B3F1005F07D107F10C03184600F002FA3B69FB63DC
:20CA20008BE00023FB6388E0174B1B6803F00403042B09D1144B1B68DB0803F00303134A9F
:20CA400022FA03F3FB6378E00023FB6375E00E4B1B6803F48073B3F5807F02D10C4BFB6343
:20CA60006BE00023FB6368E0074B1B6803F40033B3F5003F02D1074BFB635EE00023FB637A
:20CA80005BE00023FB6358E0004402580090D00300093D0040787D01D7E90023A2F500416A
:20CAA0000B4348D1274B1B6D03F04053BB63BB6BB3F1005F2AD0BB6BB3F1005F38D8BB6BEF
:20CAC000002B04D0BB6BB3F1805F0DD030E01D4B1B6803F40033B3F5003F02D11A4BFB632F
:20CAE0002BE00023FB6328E0164B1B6803F00073B3F1007F07D107F12403184600F0E4FA12
:20CB0000BB6AFB6319E00023FB6316E00D4B1B6803F00063B3F1006F07D107F11803184695
:20CB200000F02AF8FB69FB6307E00023FB6304E00023FB6301E00023FB63FB6B18464037B7
:20CB4000BD4680BD0044025840787D0180B500AFFDF7ECFF0246064B1B6A1B0903F00703BF
:20CB60000449CB5C03F01F0322FA03F3184680BD00440258ACFD000880B489B000AF78603C
:20CB8000A14B9B6A03F00303BB619F4B9B6A1B0B03F03F037B619C4BDB6A1B0903F0010322
:20CBA0003B61994BDB6BDB08C3F30C033A6902FB03F307EE903AF8EE677AC7ED037A7B69D6
:20CBC000002B00F01181BB69022B00F08380BB69022B00F2A180BB69002B03D0BB69012B8E
:20CBE00056D099E0884B1B6803F02003002B2DD0854B1B68DB0803F00303844A22FA03F3F3
:20CC0000BB60BB6807EE903AF8EE676A7B6907EE903AF8EE677A86EEA77A7B4B9B6BC3F3DF
:20CC2000080307EE903AF8EE676A97ED036ADFED785AC6EE257A76EEA77AF7EE006A77EE58
:20CC4000A67A67EE277AC7ED077A87E07B6907EE903AF8EE677ADFED6F6A86EEA77A6A4BC9
:20CC60009B6BC3F3080307EE903AF8EE676A97ED036ADFED675AC6EE257A76EEA77AF7EE3C
:20CC8000006A77EEA67A67EE277AC7ED077A65E07B6907EE903AF8EE677ADFED5F6A86EEC2
:20CCA000A77A594B9B6BC3F3080307EE903AF8EE676A97ED036ADFED565AC6EE257A76EE4E
:20CCC000A77AF7EE006A77EEA67A67EE277AC7ED077A43E07B6907EE903AF8EE677ADFEDDB
:20CCE0004F6A86EEA77A484B9B6BC3F3080307EE903AF8EE676A97ED036ADFED455AC6EE06
:20CD0000257A76EEA77AF7EE006A77EEA67A67EE277AC7ED077A21E07B6907EE903AF8EE66
:20CD2000677ADFED3D6A86EEA77A374B9B6BC3F3080307EE903AF8EE676A97ED036ADFED8E
:20CD4000345AC6EE257A76EEA77AF7EE006A77EEA67A67EE277AC7ED077A00BF2A4B9B6B34
:20CD60005B0A03F07F0307EE903AF8EE677AB7EE007A37EE877AD7ED076AC6EE877AFCEE3A
:20CD8000E77A17EE902A7B681A601F4B9B6B1B0C03F07F0307EE903AF8EE677AB7EE007A65
:20CDA00037EE877AD7ED076AC6EE877AFCEEE77A17EE902A7B685A60134B9B6B1B0E03F03C
:20CDC0007F0307EE903AF8EE677AB7EE007A37EE877AD7ED076AC6EE877AFCEEE77A17EECC
:20CDE000902A7B689A6008E07B6800221A607B6800225A607B6800229A6000BF2437BD465A
:20CE00005DF8047B704700BF004402580090D003000000460024744C0024744A20BCBE4BD6
:20CE200080B489B000AF7860A14B9B6A03F00303BB619F4B9B6A1B0D03F03F037B619C4BE9
:20CE4000DB6A1B0A03F001033B61994B5B6CDB08C3F30C033A6902FB03F307EE903AF8EE47
:20CE6000677AC7ED037A7B69002B00F01181BB69022B00F08380BB69022B00F2A180BB6943
:20CE8000002B03D0BB69012B56D099E0884B1B6803F02003002B2DD0854B1B68DB0803F0E8
:20CEA0000303844A22FA03F3BB60BB6807EE903AF8EE676A7B6907EE903AF8EE677A86EEFA
:20CEC000A77A7B4B1B6CC3F3080307EE903AF8EE676A97ED036ADFED785AC6EE257A76EE67
:20CEE000A77AF7EE006A77EEA67A67EE277AC7ED077A87E07B6907EE903AF8EE677ADFED75
:20CF00006F6A86EEA77A6A4B1B6CC3F3080307EE903AF8EE676A97ED036ADFED675AC6EEFE
:20CF2000257A76EEA77AF7EE006A77EEA67A67EE277AC7ED077A65E07B6907EE903AF8EE00
:20CF4000677ADFED5F6A86EEA77A594B1B6CC3F3080307EE903AF8EE676A97ED036ADFEDA7
:20CF6000565AC6EE257A76EEA77AF7EE006A77EEA67A67EE277AC7ED077A43E07B6907EE2E
:20CF8000903AF8EE677ADFED4F6A86EEA77A484B1B6CC3F3080307EE903AF8EE676A97ED11
:20CFA000036ADFED455AC6EE257A76EEA77AF7EE006A77EEA67A67EE277AC7ED077A21E0C1
:20CFC0007B6907EE903AF8EE677ADFED3D6A86EEA77A374B1B6CC3F3080307EE903AF8EE70
:20CFE000676A97ED036ADFED345AC6EE257A76EEA77AF7EE006A77EEA67A67EE277AC7EDBF
:20D00000077A00BF2A4B1B6C5B0A03F07F0307EE903AF8EE677AB7EE007A37EE877AD7ED6B
:20D02000076AC6EE877AFCEEE77A17EE902A7B681A601F4B1B6C1B0C03F07F0307EE903A17
:20D04000F8EE677AB7EE007A37EE877AD7ED076AC6EE877AFCEEE77A17EE902A7B685A6033
:20D06000134B1B6C1B0E03F07F0307EE903AF8EE677AB7EE007A37EE877AD7ED076AC6EE79
:20D08000877AFCEEE77A17EE902A7B689A6008E07B6800221A607B6800225A607B6800227D
:20D0A0009A6000BF2437BD465DF8047B704700BF004402580090D003000000460024744CE4
:20D0C0000024744A20BCBE4B80B489B000AF7860A04B9B6A03F00303BB619E4B9B6A1B097E
:20D0E00003F03F037B619B4BDB6A03F001033B61984B5B6BDB08C3F30C033A6902FB03F37A
:20D1000007EE903AF8EE677AC7ED037A7B69002B00F01181BB69022B00F08380BB69022B32
:20D1200000F2A180BB69002B03D0BB69012B56D099E0884B1B6803F02003002B2DD0854B67
:20D140001B68DB0803F00303834A22FA03F3BB60BB6807EE903AF8EE676A7B6907EE903A3A
:20D16000F8EE677A86EEA77A7A4B1B6BC3F3080307EE903AF8EE676A97ED036ADFED775A43
:20D18000C6EE257A76EEA77AF7EE006A77EEA67A67EE277AC7ED077A87E07B6907EE903AAE
:20D1A000F8EE677ADFED6E6A86EEA77A694B1B6BC3F3080307EE903AF8EE676A97ED036A0D
:20D1C000DFED665AC6EE257A76EEA77AF7EE006A77EEA67A67EE277AC7ED077A65E07B69C3
:20D1E00007EE903AF8EE677ADFED5E6A86EEA77A584B1B6BC3F3080307EE903AF8EE676A20
:20D2000097ED036ADFED555AC6EE257A76EEA77AF7EE006A77EEA67A67EE277AC7ED077ACB
:20D2200043E07B6907EE903AF8EE677ADFED4E6A86EEA77A474B1B6BC3F3080307EE903AB0
:20D24000F8EE676A97ED036ADFED445AC6EE257A76EEA77AF7EE006A77EEA67A67EE277A1A
:20D26000C7ED077A21E07B6907EE903AF8EE677ADFED3B6A86EEA77A364B1B6BC3F3080340
:20D2800007EE903AF8EE676A97ED036ADFED335AC6EE257A76EEA77AF7EE006A77EEA67A22
:20D2A00067EE277AC7ED077A00BF2A4B1B6B5B0A03F07F0307EE903AF8EE677AB7EE007A0A
:20D2C00037EE877AD7ED076AC6EE877AFCEEE77A17EE902A7B681A601E4B1B6B1B0C03F0CE
:20D2E0007F0307EE903AF8EE677AB7EE007A37EE877AD7ED076AC6EE877AFCEEE77A17EEA7
:20D30000902A7B685A60134B1B6B1B0E03F07F0307EE903AF8EE677AB7EE007A37EE877A69
:20D32000D7ED076AC6EE877AFCEEE77A17EE902A7B689A6008E07B6800221A607B680022B0
:20D340005A607B6800229A6000BF2437BD465DF8047B7047004402580090D0030000004625
:20D360000024744C0024744A20BCBE4B80B584B000AF786039600023FB73534B9B6A03F052
:20D380000303032B01D1012399E04F4B1B684E4A23F080631360F9F7FBF9B86008E0F9F7F8
:20D3A000F7F90246BB68D31A022B01D9032386E0454B1B6803F00063002BF0D1424B9B6AAB
:20D3C00023F47C327B681B681B033F4913438B627B685B68013BC3F308027B689B68013B75
:20D3E0005B029BB21A437B68DB68013B1B0403F4FE031A437B681B69013B1B0603F0FE4358
:20D40000314913438B63304BDB6A23F0C0027B685B692D491343CB622B4BDB6A23F0200229
:20D420007B689B6928491343CB62274BDB6A264A23F01003D362244BDA6B244B13407A6837
:20D44000D269D20020491343CB631F4BDB6A1E4A43F01003D3623B68002B06D11A4BDB6AF1
:20D46000194A43F40023D3620FE03B68012B06D1154BDB6A144A43F48013D36205E0124BE1
:20D48000DB6A114A43F40013D3620F4B1B680E4A43F080631360F9F77BF9B86008E0F9F75B
:20D4A00077F90246BB68D31A022B01D9032306E0054B1B6803F00063002BF0D0FB7B1846A9
:20D4C0001037BD4680BD00BF004402580700FFFF80B584B000AF786039600023FB73534BAB
:20D4E0009B6A03F00303032B01D1012399E04F4B1B684E4A23F080531360F9F749F9B86039
:20D5000008E0F9F745F90246BB68D31A022B01D9032386E0454B1B6803F00053002BF0D1C5
:20D52000424B9B6A23F07C727B681B681B053F4913438B627B685B68013BC3F308027B6882
:20D540009B68013B5B029BB21A437B68DB68013B1B0403F4FE031A437B681B69013B1B06EB
:20D5600003F0FE43314913430B64304BDB6A23F440627B685B692D491343CB622B4BDB6A64
:20D5800023F400727B689B6928491343CB62274BDB6A264A23F48073D362244B5A6C244B1D
:20D5A00013407A68D269D200204913434B641F4BDB6A1E4A43F48073D3623B68002B06D1A0
:20D5C0001A4BDB6A194A43F48003D3620FE03B68012B06D1154BDB6A144A43F40003D36248
:20D5E00005E0124BDB6A114A43F08073D3620F4B1B680E4A43F080531360F9F7C9F8B86077
:20D6000008E0F9F7C5F80246BB68D31A022B01D9032306E0054B1B6803F00053002BF0D006
:20D62000FB7B18461037BD4680BD00BF004402580700FFFF80B586B000AFF860B9607A60C8
:20D640003B60BB68022B04D9BB68033B012B12D808E03B687A68B968F86800F077FE0346EF
:20D66000FB750BE03B687A68B968F86800F020FF0346FB7502E00123FB7500BFFB7D002BA9
:20D6800004D1F86800F008F80346FB75FB7D18461837BD4680BD000080B58AB000AF786051
:20D6A0007B68002B01D101238EE2F9F7A1F87B6893F83830012B13D17B681B68964A93426C
:20D6C00004D07B681B68954A934207D17B685B68012B03D17B685B6C002B01D0012373E2BF
:20D6E0007B681B688C4A934204D07B681B688C4A934202D18B4BBB6128E07B681B688A4A2D
:20D70000934204D07B681B68884A934202D1884BBB611BE07B681B68864A934204D07B68D4
:20D720001B68854A934202D1844BBB610EE07B681B687A4A934204D07B681B68804A93423E
:20D7400002D1804BBB6101E001233DE27B6893F89130DBB2002B06D17B68002283F89020FD
:20D760007868F8F71DFE786800F05CFF0346002B01D0012328E27B68022283F891207B680B
:20D78000DB68022B0CD0022B0DD8002B02D0012B03D008E000237B6208E010237B6205E06A
:20D7A00020237B6202E000237B6200BF7B689B68052B32D801A252F823F000BFD5D7000815
:20D7C000DBD70008E3D70008EBD70008FBD700080BD800080023FB6122E04FF48063FB613B
:20D7E0001EE04FF40063FB611AE04FF40063FB617B6A43F001037B6212E04FF40063FB6140
:20D800007B6A43F002037B620AE04FF40063FB617B6A43F003037B6202E00023FB6100BF07
:20D82000BB697A6A1A607B681B6A002B00F0C58000237B617B681B68374A934204D07B682C
:20D840001B68374A934206D14FF480704FF00001FEF7FCFB78617B681B68334A934204D054
:20D860007B681B68314A934206D14FF400704FF00001FEF7EBFB78617B681B682D4A9342C2
:20D8800004D07B681B682C4A934206D14FF400704FF00001FEF7DAFB78617B681B681F4AC7
:20D8A000934206D14FF480604FF00001FEF7CEFB78617B681B68224A934206D14FF40060A1
:20D8C0004FF00001FEF7C2FB78617B689B69B3F5002F39D17B685B6C042B02D14023FB604B
:20D8E0000AE07B685B6C082B03D14FF48073FB6002E07B685B6DFB607A6913469B001344E6
:20D900005B0019467B681B6AFA6802FB03F3B1FBF3F33B6130E000BF045801400454005846
:20D920002458014000580140045C0140245C0140005C014004600140246001400060014087
:20D9400024540058005400587B689B6AB3F1806F01D1022300E00123BB607A6913469B00E3
:20D9600013445B0019467B681B6ABA6802FB03F31B02B1FBF3F33B613B69954AA2FB032388
:20D98000DA087B685A623969914BA3FB0123DA0813469B0013445B00CA1A082A04D97B6868
:20D9A0005B6A5A1C7B685A627B685B6C042B04D17B685B6A5A087B685A627B685B68002B65
:20D9C00003D07B685B68022B09D17B681B6D012B01D1002301E04FF400733B6208E07B683C
:20D9E0001B6D012B02D14FF4007300E000233B62F8F7FEFE0346B3F5005F31D37B681B68A5
:20DA000019687B681A68734B0B4013607B681B6819687B685A687B685B6C1A437B689B6C27
:20DA20001A437B68DB6C1A433B6A1A43FB691A437B68DB6A1A437B685B691A437B689B69CF
:20DA40001A437B685B6A1B051A437B689B6A1A437B681B691A437B681B680A431A602DE001
:20DA60007B681B6819687B681A685B4B0B4013607B681B6819687B685A687B685B6C1A4363
:20DA80007B689B6C1A437B68DB6C1A433B6A1A43FB691A437B68DB6A1A437B685B691A436C
:20DAA0007B689B691A437B685B6A1B051A437B689B6A1A437B681B680A431A607B681B6825
:20DAC00059687B681A68454B0B4053607B681B6859687B68DA697B681B6B1A437B685B6BD6
:20DAE0001A437B681B680A435A607B681B6899687B681A683A4B0B4093607B681B68996866
:20DB00007B685B6D5A1E7B685B6E1A437B68DB6D1A437B681B6E1A437B689B6D013B1B0244
:20DB20001A437B681B680A439A607B681B68D9687B681A684FF220030B40D3607B681B6887
:20DB4000D9687B689A6E7B68DB6E1A437B685B6F1B041A437B681B6F013B1B021A437B68E1
:20DB60001B680A43DA607B681B681E4A934204D07B681B681C4A934219D1BB695B6C23F09B
:20DB80000102BB695A647B6893F83830012B0ED17B681A6C7B68DB6B013B1B011A43BB6954
:20DBA0005A64BB695B6C43F00102BB695A647B680022C3F894207B68012283F891207B681B
:20DBC000002283F89020002318462837BD4680BDCDCCCCCC10C005F010C005F8F01FFFFF08
:20DBE0000080F8FF045801400454005880B584B000AF78600023FB737B6893F89030012B86
:20DC000001D102237DE07B68012283F89020786800F008FD0346002B01D00123FB737B68F0
:20DC20001B681B6803F40033B3F5003F4FD17B681B681A687B681B6822F400321A607B68BA
:20DC400093F89130DBB2122B1DD17B68D3F88030002B18D07B68D3F880301846F9F722FD84
:20DC60000346002B0FD07B68D3F880305B6D802B09D00123FB737B68D3F8943043F08002EE
:20DC80007B68C3F894207B6893F89130DBB2222B1DD17B68D3F88430002B18D07B68D3F818
:20DCA00084301846F9F7FEFC0346002B0FD07B68D3F884305B6D802B09D00123FB737B68F2
:20DCC000D3F8943043F080027B68C3F894207B681B6800221A617B681B684FF0FF329A61DA
:20DCE0007B681B685A687B681B6842F008025A607B68012283F891207B68002283F890203E
:20DD0000FB7B18461037BD4680BD000080B586B000AFF860B9601346FB80F8F739FD78614B
:20DD2000BB68002B02D0FB88002B01D1012398E0FB6893F89130DBB2012B40F09180FB689B
:20DD400093F89030012B01D102238AE0FB68012283F89020FB68BA689A67FB68FA88A3F834
:20DD60007C20FB68FA88A3F87E20FB680022C3F89420FB68122283F89120FB68D3F8803054
:20DD80003A4A1A64FB68D3F88030394ADA63FB68D3F88030374ADA64FB68D3F88030002246
:20DDA0001A65FB68D3F88000FB689B6F1946FB681B681C331A46FB68B3F87C30F9F708FA29
:20DDC0000346002B05D0FB68002283F89020012347E00021F86800F0EDFB0146FB681B6879
:20DDE0001A69FB681B680A431A61FB681B681A68FB681B6842F400321A6015E0F8F7C8FC1A
:20DE000002467B69D31AB3F57A7F0DD9FB68D3F8943043F04002FB68C3F89420FB680022A4
:20DE200083F8902003231CE0FB681B685B6903F4E023002BE2D0FB681B681B6803F4803301
:20DE4000002B07D1FB681B681A68FB681B6842F480321A60FB68002283F89020002300E05C
:20DE6000022318461837BD4680BD00BFF9E6000899E6000891E7000880B584B000AFF86073
:20DE8000B9601346FB80BB68002B02D0FB88002B01D1012379E0FB6893F89130DBB2012B10
:20DEA00072D1FB6893F89030012B01D102236CE0FB68012283F89020FB68BA689A67FB6868
:20DEC000FA88A3F87C20FB68FA88A3F87E20FB680022C3F89420FB68222283F89120FB6841
:20DEE000D3F884302B4A1A64FB68D3F884302A4ADA63FB68D3F88430284ADA64FB68D3F85D
:20DF0000843000221A65FB68D3F88400FB681B681C331946FB689B6F1A46FB68B3F87C30DF
:20DF2000F9F756F90346002B05D0FB68002283F89020012329E00021F86800F03BFB01468E
:20DF4000FB681B681A69FB681B680A431A61FB681B681A68FB681B6842F400321A60FB6817
:20DF60001B681B6803F48033002B07D1FB681B681A68FB681B6842F480321A60FB680022B9
:20DF800083F89020002300E0022318461037BD4680BD00BF75E7000815E7000891E70008A2
:20DFA00080B586B000AF78607B6893F89130DBB2002B00F0A7817B681B685B697B617B6887
:20DFC0001B681B693B617B681B681B68FB607B6903F00803002B0AD03B6903F00803002BA6
:20DFE00005D07B68D3F88C30786898478AE17B6903F00103002B1ED03B6903F00103002BFE
:20E0000019D07B681B6801229A617B6893F89130DBB2222B01D1012300E00223BB607B6891
:20E02000D3F89420BB681A437B68C3F89420786800F082F966E17B6903F00203002B13D013
:20E040003B6903F00203002B0ED07B681B6802229A617B68D3F88830002B00F053817B685E
:20E06000D3F8883098474DE17B6903F02003002B5BD03B6903F02003002B56D07B681B684F
:20E0800020229A617B68D3F8943043F004027B68C3F89420FB6803F40033002B3ED07B689D
:20E0A000D3F88030002B18D07B68D3F88030974A1A657B68D3F880301846F9F711FE034610
:20E0C000002B0AD07B68D3F8943043F080027B68C3F89420786800F02FF97B68D3F8843068
:20E0E000002B00F00A817B68D3F88430874A1A657B68D3F884301846F9F7F2FD0346002BB5
:20E1000000F0FB807B68D3F8943043F080027B68C3F89420786800F00FF9EEE07868FFF79F
:20E1200065FD786800F008F9E7E07B6903F04003002B5BD03B6903F04003002B56D07B6867
:20E140001B6840229A617B68D3F8943043F008027B68C3F89420FB6803F40033002B3ED018
:20E160007B68D3F88030002B18D07B68D3F88030664A1A657B68D3F880301846F9F7B0FD48
:20E180000346002B0AD07B68D3F8943043F080027B68C3F89420786800F0CEF87B68D3F874
:20E1A0008430002B00F0AB807B68D3F88430574A1A657B68D3F884301846F9F791FD03465C
:20E1C000002B00F09C807B68D3F8943043F080027B68C3F89420786800F0AEF88FE07868CA
:20E1E000FFF704FD786800F0A7F888E07B6903F00403002B67D03B6903F00403002B62D016
:20E200007B681B6804229A617B68D3F8943043F020027B68C3F89420FB6803F40033002BA6
:20E220003CD07B68D3F88030002B18D07B68D3F88030364A1A657B68D3F880301846F9F758
:20E240004FFD0346002B0AD07B68D3F8943043F080027B68C3F89420786800F06DF87B6893
:20E26000D3F88430002B4CD07B68D3F88430274A1A657B68D3F884301846F9F731FD03465F
:20E28000002B3ED07B68D3F8943043F080027B68C3F89420786800F04FF832E07B681B683D
:20E2A00000221A617B681B684FF0FF329A617B68012283F891207B680022A3F87E207868A0
:20E2C00000F03AF81DE07B6903F01003002B19D03B6903F01003002B14D07B681B681022D0
:20E2E0009A617B68D3F8943043F010027B68C3F89420786800F020F804E000BF02E000BFEE
:20E3000000E000BF00BF1837BD4680BDEFE7000880B483B000AF786000BF0C37BD465DF8EA
:20E32000047B704780B483B000AF786000BF0C37BD465DF8047B704780B483B000AF78603B
:20E3400000BF0C37BD465DF8047B704780B487B000AFF860B9607A603B600023FB75FB6837
:20E3600000225A64FB680022DA64FB685B68002B03D0FB685B68022B03D1FB6800221A65AB
:20E3800002E0FB6801221A65FB684FF48032DA65FB684FF6FF725A67FB6800229A66FB683D
:20E3A0003A681A673B6803F00103002B01D0012377E0BB68002B07D1FB6800221A66FB689B
:20E3C0004FF480225A6606E0FB684FF400321A66FB6800225A667B68032B4FD801A252F8F0
:20E3E00023F000BFF5E3000817E4000839E400085BE40008FB6880229A643B685B085A0198
:20E40000FB685A653B685B081A01FB689A65FB684022DA6635E0FB6880229A643B685B0834
:20E420009A01FB685A653B685B085A01FB689A65FB688022DA6624E0FB68C0229A643B682D
:20E440005B089A01FB685A653B685B085A01FB689A65FB688022DA6613E0FB68E0229A643E
:20E460003B685B089A01FB685A653B685B085A01FB689A65FB688022DA6602E00123FB755B
:20E4800000BFBB68022B0BD17B68012B02D1FB6810229A667B68022B02D1FB6808229A66AA
:20E4A000FB7D18461C37BD465DF8047B704700BF80B487B000AFF860B9607A603B600023C3
:20E4C000FB75FB6800225A64FB680022DA64FB685B68002B03D0FB685B68022B03D1FB6818
:20E4E00001221A6502E0FB6800221A65FB680022DA65FB684FF400321A66FB684FF4802230
:20E500005A66FB6800229A66FB683A681A67FB684FF6FF725A67BB68042B03D1FB680122AA
:20E520009A6502E0FB680D229A657B68032B37D801A252F823F000BF49E500085FE5000808
:20E5400075E500088BE50008FB6880229A643B681A01FB685A65FB684022DA6623E0FB6893
:20E5600080229A643B685A01FB685A65FB688022DA6618E0FB68C0229A643B685A01FB68FA
:20E580005A65FB688022DA660DE0FB68E0229A643B685A01FB685A65FB688022DA6602E0E0
:20E5A0000123FB7500BFFB7D18461C37BD465DF8047B704780B485B000AF78600B46FB70A5
:20E5C0000123FB60FB78012B03D1FB6843F00803FB607B685B6C082B0BD17B685B68032BC0
:20E5E00003D07B685B68012B03D1FB6843F01003FB607B685B68032B03D07B685B68022B24
:20E6000004D1FB6843F06003FB6003E0FB6843F00403FB60FB6818461437BD465DF8047B13
:20E620007047000080B485B000AF7860184B1B68184AA2FB03231B0B9B00FB600023FB727C
:20E640007B681B681A687B681B6822F480321A60FB68002B0AD17B68D3F8943043F04002DA
:20E660007B68C3F894200323FB7209E0FB68013BFB607B681B681B6803F48033002BE7D15C
:20E68000FB7A18461437BD465DF8047B704700BF001000241BECCB9580B584B000AF786084
:20E6A0007B689B6BFB607B68DB69B3F5807F1CD0FB680022A3F87E20FB681B681A68FB68D3
:20E6C0001B6822F400321A600021F868FFF772FF0346D943FB681B681A69FB681B680A400F
:20E6E0001A61FB68012283F89120F868FFF710FE00BF1037BD4680BD80B584B000AF786053
:20E700007B689B6BFB60F868FFF70CFE00BF1037BD4680BD80B584B000AF78607B689B6B36
:20E72000FB607B68DB69B3F5807F1CD0FB681B681A68FB681B6822F400321A60FB6800222F
:20E74000A3F87E200021F868FFF734FF0346D943FB681B681A69FB681B680A401A61FB68FA
:20E76000012283F89120F868F6F794F900BF1037BD4680BD80B584B000AF78607B689B6B51
:20E78000FB60F868F6F76CF900BF1037BD4680BD80B584B000AF78607B689B6BFB60786812
:20E7A000FAF70EFC0346022B1DD0FB68D3F8943043F08002FB68C3F89420FB681B681A681A
:20E7C000FB681B6822F400321A60F868FFF72AFFFB68012283F89120FB680022A3F87E20A2
:20E7E000F868FFF7A9FD00BF1037BD4680BD80B584B000AF78607B689B6BFB60FB681B68BD
:20E800001A68FB681B6822F400321A60FB681B6800221A61FB681B684FF0FF329A61FB6897
:20E82000D3F89430202B0AD0F868FFF7FBFEFB681B685A68FB681B6842F008025A60FB68EE
:20E84000012283F89120FB680022A3F87E20F868FFF772FD00BF1037BD4680BD80B582B039
:20E8600000AF786039607B68002B01D101232BE07B6893F82C30DBB2002B06D17B6800220B
:20E8800083F82D207868F7F781FD7B68022283F82C207B681A687B6804331946104600F072
:20E8A00077F87B6818687B685B681A46396800F0CBF8074B1B68064A43F0004313607B683B
:20E8C000012283F82C20002318460837BD4680BD0040005280B586B000AFF860B9607A6057
:20E8E000FB6893F82C30FB75FB7D022B01D1022321E0FB7D012B02D0FB7D052B18D1FB6857
:20E90000022283F82C20FB681B687A68B968184600F004F9BB681B68022B04D1FB680522A6
:20E9200083F82C2006E0FB68012283F82C2001E0012300E0002318461837BD4680BD80B5B3
:20E9400082B000AF786039607B6893F82C30DBB2022B01D1022316E07B6893F82C30DBB29D
:20E96000012B0FD17B68022283F82C207B681B683968184600F0F6F87B68012283F82C20AD
:20E98000002300E0012318460837BD4680BD000080B483B000AF786039603B681B68002B9B
:20E9A00021D17B681A68274B13403A6851683A68926811433A68D26811433A68126911434F
:20E9C0003A68526911433A68926911433A68D26911433A68126A11433A68526A0A431A43EA
:20E9E0007B681A6026E07B681B6823F4F8423B68D9693B681B6A19433B685B6A0B431A4381
:20EA00007B681A607B685A680E4B13403A6851683A68926811433A68D26811433A681269B0
:20EA200011433A68526911433A6892690A431A437B685A60002318460C37BD465DF8047B52
:20EA4000704700BF0080FFFF80B485B000AFF860B9607A607B68002B28D1FB689B6803F0FF
:20EA60007042BB681B68591EBB685B68013B1B011943BB689B68013B1B021943BB68DB68EC
:20EA8000013B1B031943BB681B69013B1B041943BB685B69013B1B051943BB689B69013B60
:20EAA0001B060B431A43FB689A602DE0FB689A68194B1340BA68D268013A1103BA6852697C
:20EAC000013A12050A431A43FB689A60FB68DB6803F07042BB681B68591EBB685B68013B53
:20EAE0001B011943BB689B68013B1B021943BB681B69013B1B041943BB689B69013B1B06E1
:20EB00000B431A43FB68DA60002318461437BD465DF8047B704700BFFF0F0FFF80B485B00F
:20EB200000AFF860B9607A60FB681A690C4B1340BA681168BA6852681143BA689268013A29
:20EB400052011143BA68D26852020A431A43FB681A61002318461437BD465DF8047B70477C
:20EB60000000C0FF80B483B000AF786039607B685A69074B13403A6852001A437B685A6115
:20EB8000002318460C37BD465DF8047B704700BF01C0FFFF02440346934200D1704703F8BE
:20EBA000011BF9E7014B1868704700BF4411002470B50D4D0D4C641BA4100026A64209D1AB
:20EBC0000B4D0C4C01F060F8641BA4100026A64205D170BD55F8043B98470136EEE755F834
:20EBE000043B98470136F2E7080B0108080B0108080B01080C0B01080A44914200F1FF332F
:20EC000000D1704710B511F8014B03F8014F9142F9D110BD0000000008B52DED048BB0EE99
:20EC2000408B00F0B5FCB4EE488BF1EE10FAB0EE409B10D6B0EE480B00F046F89FED087B7D
:20EC4000B4EEC70BF1EE10FA05DDFFF7ABFF9FED069B22230360B0EE490BBDEC048B08BD11
:20EC60007DF8B98FCE338640000000000000F07F08B52DED048BB0EE409B00F0F9FCB0EE3F
:20EC8000408B00F047F890B9B0EE490B00F042F868B1FFF787FFB5EEC09B9FED078B9FEDD8
:20ECA000087B2223F1EE10FA036038FE078BB0EE480BBDEC048B08BD000000000000F07F1B
:20ECC000000000000000F0FF51EC100B024621F0004343EC102B704708B52DED028BB0EE2E
:20ECE000408A00F052FCB4EE488AF1EE10FA0CD6DFED078AB4EEE88AF1EE10FA05D5FFF7A3
:20ED000051FF88EEA80A21230360BDEC028B08BD0000000082B08DED000B019840F0004019
:20ED200000F58010C00F02B07047000010EE102A40F22A41C2F30A538B4230B4B7EEC06AAF
:20ED40002AD912F5000F58D0B3F5FF6F03D330EE000A30BC7047DFED2A7AB4EEE70AF1EED9
:20ED600010FA03DD30BC002000F0E8BBDFED257AB4EEE70AF1EE10FA03D530BC002000F04F
:20ED8000D1BBDFED217AB4EEE70AF1EE10FA03D530BC002000F0CCBB1C4BB7EE000B93ED12
:20EDA0004A5B93ED484BB0EE447BA5EE067B17EE100A37EE447B00F01F0295EE067B93ED92
:20EDC0004C5B27EE074B93ED4E6B03EBC201A5EE076B53F832404D6893ED505B00210A1955
:20EDE00005EBC033A5EE070B43EC172BA6EE040B20EE070BB7EEC00BABE79FED050AA8E72B
:20EE00001772B142B4F1CFC2CF8ECEC2C8FD00080000000010EE103AB3F17E5F10B455D0D4
:20EE2000A3F50002B2F1FE4F1AD35A0004D15DF8044B012000F088BBB3F1FF4F43D0002B04
:20EE400002DBB2F17F4F03D35DF8044B00F08EBBDFED207A20EE270A10EE103AA3F1386395
:20EE600003F140421C49BFEE000B02F54D02C2F3C340D40D01EB0010E40590ED005B1B1B2D
:20EE800007EE903A90ED026BB7EEE77AD215A5EE070B91ED405B20EE004B07EE902AB8EE70
:20EEA000E77BA7EE056B91ED445B91ED467BA5EE007B91ED425B30EE060BA5EE047BA4EE93
:20EEC000070BB7EEC00B5DF8044B70479FED030AF9E700BF0000004B10FF000800000000BB
:20EEE000C0F3C7537E2B10D9962B0CD80122C3F1960302FA03F35A1E024206D103420CBF09
:20EF00000220012070470220704700207047000037B510EE101A10EE904AA1F50002630060
:20EF2000B2F1FE4FF0EE407AB0EE607A03F1FF306FF0807252D2904258D2002001F14043A8
:20EF400003F54D03C3F3C344DB0D9D4ABFEE002BDB05C91A02EB041407EE901A94ED025BC0
:20EF600094ED004BDB15B7EEE76A07EE903AA4EE062B92ED421B22EE024B24EE040BB8EE5D
:20EF8000E76B36EE056B92ED405B92ED443BA2EE051B92ED465BA2EE035B92ED483BB7EE0E
:20EFA000C77AA2EE036BA4EE056BA1EE006B27EE067B17EE903AC3F3CF3248F2BF039A4222
:20EFC000C0F0B8809FED766BB4EEC67BF1EE10FA79DD03B0BDE8304000F0B0BA904230D3C3
:20EFE0002BB14900B1F17F4F08D815E053B981F48001490011F5000F40F2CA8037EE870A15
:20F0000003B030BDB1F17E5F05D184F48004640014F5000FF0E74900B3F17F4FEED1B1F190
:20F02000FE4F00F0B580B1F1FE4F6FEA040434BF00210121E40FA14240F0AD8027EE070A7F
:20F04000DEE74D006B1E93421BD3002920EE000A0EDA2046FFF744FF012809D1B1EE400A9E
:20F0600045B9002CCCDA03B0BDE8304000F06CBA0020F5E7002CC3DAF7EE007A87EE800ABF
:20F08000BEE700291DDA2046FFF72AFF20B903B0BDE8304000F06ABA431E584258410004D9
:20F0A00021F00041B1F5000FBFF448AFDFED456A27EEA60A10EE103A23F00043A3F1386194
:20F0C0003CE70020EEE79FED386BB4EEC67BF1EE10FA0FDD4FF04C53C0B10193DDED016A19
:20F0E000BFEE006A76EE666AF4EE466AF1EE10FA7FF46FAF9FED2E6BB4EEC67BF1EE10FAC8
:20F100000CD803B0BDE8304000F00CBA0093DDED006AB7EE006A76EE866AE5E79FED266B7A
:20F12000B4EEC67BF1EE10FA04D503B0BDE8304000F0FEB9244BB7EE000B93ED405B37EE5C
:20F14000056B16EE102A36EE456B02F01F0137EE467B93ED425B27EE074B93ED446B03EB94
:20F16000C10553F83140A7EE056B6D6893ED465B801800210A1905EBC033A7EE050B43EC7F
:20F18000172BA6EE040B20EE070BB7EEC00B37E7B7EE000A34E79FED0D0A31E7AFF3008035
:20F1A00071D5D1FFFFFF5F40E2AAA3FFFFFF5F400000000000C062C00000000000A062C02D
:20F1C000E00901080000004BC8FD000800000000CB0712D421EE005B90ED1A6B90ED187BF1
:20F1E000A6EE017B90ED166B21EE051BA6EE050BA7EE010BB7EEC00B704790ED146B21EE5B
:20F20000015B90ED127B90ED0C0BA1EE067B90ED0E6BA1EE060B90ED106B21EE051BA5EE94
:20F22000060BE5E70000000037B510EE104AC4F30A53B3F57D7FB7EEC06AF0EE407A4FEA55
:20F24000145218D226EE061BB3F5667F0AD212F4FF6F03D1B7EEC11B8DED011AB0EE670A53
:20F2600003B030BD3A48B0EE460B002103B0BDE83040FFF7ADBF40F22E42934224D8344B40
:20F2800093ED087B26EE077BFDEEC77B03F1700017EE901A01F50001091607EE901A01F0EF
:20F2A000030203EBC202B8EEE75B92ED000B93ED0A7B11F0020FA5EE476B08BF184626EE90
:20F2C000061B20EE060BD1E7B3F5FF6F37D22149C4F3836001EB8002C4F31603C4F3C25507
:20F2E00051F82010106A126943F40003AB40A0FB03505943E3FB020101F100539D0F03F02C
:20F300004043C91AF1F776F905EBD474104B04F0030203EBC2029FED0C6B92ED000B41EC38
:20F32000170B14F0020F27EE067B03F17000294608BF184627EE071B20EE070B96E703B081
:20F34000BDE8304000F012B9182D4454FB21193C9000010830000108CB0712D421EE005B9B
:20F3600090ED1A6B90ED187BA6EE017B90ED166B21EE051BA6EE050BA7EE010BB7EEC00B89
:20F38000704790ED146B21EE015B90ED127B90ED0C0BA1EE067B90ED0E6BA1EE060B90ED8E
:20F3A000106B21EE051BA5EE060BE5E70000000038B510EE104AC4F30A53B3F57D7FB7EE91
:20F3C000C07A1FD227EE077BB3F5667FC0F0828027EE074B444B93ED145B93ED126B93EDCA
:20F3E0000C0BA7EE056B93ED0E5BA7EE050B93ED105B27EE047BA4EE050BA6EE070BB7EEF7
:20F40000C00B38BD40F22E42934229D8364B93ED086B27EE066BFDEEC66B03F1700016EE36
:20F42000901A01F50001091606EE901A01F0030203EBC202B8EEE65B92ED000B93ED0A6B60
:20F4400011F0020F81F00101A5EE467B08BF184627EE071BBDE8384020EE070BFFF77CBF09
:20F46000B3F5FF6F32D22149C4F3836001EB8002C4F31603C4F3C25551F82010106A1269F4
:20F4800043F40003AB40A0FB03505943E3FB020101F100539D0F03F04043C91AF1F7AAF808
:20F4A00005EBD474104B9FED0E6B41EC170B04F0030203EBC20292ED000B27EE067B03F1A6
:20F4C000700014F0020F85F00101BFE7BDE8384000F04CB8B7EE000A93E700BFAFF300806F
:20F4E000182D4454FB21193C900001083000010810B52DED028BB0EE408A0446FFF752FB8B
:20F50000B0EE480ABDEC028B046010BD30B1F1EE407A27EE800A2220FFF7EABFF0EE407A02
:20F52000F7E700009FED010AFFF7F0BF000000109FED010AFFF7EABF0000201A9FED010A9A
:20F54000FFF7E4BF000000709FED070AF7EE007ABFEE007A00284FF0220047FE877A87EE3B
:20F56000800AFFF7C5BF00BF00000000F0EE407A30EE407AF4EE677AF1EE10FA87EE070A26
:20F5800002D62120FFF7B4BF7047B1EEC00A704710B5B0EE407B17EE904A2F4B24F0004443
:20F5A0009C422DED028B06D920EE007BB0EE470BBDEC028B10BD294B9C4213D8FFF784FBB9
:20F5C00000F0DAF8B7EE006BB4F1725F30EE067BECD337EE077B20EE000B80EE075B35EED2
:20F5E000067BE3E71E4B9C420AD8FFF76DFB00F027FAB6EE006B86EE007BA0EE067BD5E75F
:20F60000184B9C4208D8FFF75FFB00F019FAB6EE007B27EE007BC9E7134B9C4207D90133C7
:20F620009C4211D110EE102A104B9A420CD8B0EE470BB6EE008BFFF747FB20EE080B00F04F
:20F64000FFF920EE087BE4E7BDEC028B0020BDE8104000F0F1BA00BFFFFFEF7F422ED63FC0
:20F66000FFFF3540412E8640CD3386407DF8B98F10B5B0EE407B17EE903A374A23F000449A
:20F6800094422DED048B06D930EE007BB0EE470BBDEC048B10BD002B304BBEEE008BB6EEFD
:20F6A000006B26FE088B9C422AD8B7EE009B2C4B9C4208D89FED266B30EE066BB4EEC96B51
:20F6C000F1EE10FAE2DCB0EE470BFFF7FDFA00F053F8244B9C420CD820EE006B30EE099BFF
:20F6E00086EE097BB0EE006B90EE067B27EE087BCCE730EE099B80EE097B37EE007BF5E78F
:20F70000194B9C4206D8FFF7DFFA00F099F928EE007BBBE7154B9C4207D901339C4211D133
:20F7200010EE102A124B9A420CD8B0EE470BFFF7CBFAB6EE007B20EE070B00F081F928EE0A
:20F74000008BE4E79FED026B27EE067B9EE700BF3374AC3C1F7BAC7FFFFFEF7FFFFF35404D
:20F76000FFFF2F3EFFFFEF3F412E8640CD3386407DF8B98F0000000010B410EE902AAA48CC
:20F7800022F0004383422DED028B02F0004134D9A648834223D9A648834212D910EE103AD3
:20F7A000C2F313021A4306D030EE000BBDEC028B5DF8044B70470029BFEE007B00FE070B31
:20F7C000F4E79FED817BB4EEC70BF1EE10FA06DDBDEC028B00205DF8044B00F02DBA00298C
:20F7E00059D09FED7B7B30EE077BB5EEC07BF1EE10FA69D5BFEE000BD8E78E4A934271D94B
:20F800008D4A934267D89FED747BE9BB30EE477B9FED736B012337EE460B37EE407B37EEF5
:20F82000467B9FED714BB6EE003B20EE038B9FED705B20EE086BB0EE081BA6EE045B9FED2C
:20F840006E4B9FED6F2BA5EE064B9FED6F5BA4EE065BA5EE062BB7EE005BB0EE454BA2EE1A
:20F86000064BA8EE441BB1EE088B34EE412BA0EE418B82EE084B24EE064B002B40D190EE48
:20F88000046B30EE460B91E79FED616B30EE077B4FF0FF33BFE79FED606B20EE066BB6EE89
:20F8A000007B9FED4D5B37EE067BFDEEC77BB8EEE76B17EE903AB0EE407BA6EE457B9FEDC6
:20F8C000485B26EE056BA6E79FED536B20EE066BBEEE007BE5E79FED506B20EE066B0029C9
:20F8E000F6D1DCE7554A934208D89FED4D7B30EE077B37EE477B30EE470B57E7002390E707
:20F900005A1C34EE474B94EE007B37EE467B06D130EE477BBEEE000BA7EE030B46E7012B70
:20F9200018D1BDEE006BB4EEC60BF1EE10FA08D530EE033BB8EE000B37EE437B27EE000B7F
:20F9400034E730EE477BB0EE006BA7EE065BB0EE450B2BE75A1C392A4FEA03540DD937EE39
:20F96000407B35EE477B17EE901A53EC172B631843EC102B30EE450B18E7132B4FF00000E8
:20F9800015DC37EE407B4FF4001242FA03F3C3F17F5101F5401141EC160B36EE477B17EE0B
:20F9A000901A53EC172B631843EC102BFEE6C3F57F730333190541EC160B37EE067B30EE43
:20F9C000477B37EE057BEAE7EF39FAFE422E864059F3F8C21F6EA5010000E0FE422EE63FED
:20F9E000763C7935EF39EA3D2DC3096EB7FD8ABE3952E686CACFD03EB7DBAA9E19CE14BFC3
:20FA0000F41011111111A1BF8555FE19A0015A3F763C7935EF39EABDFE822B654715F73F42
:20FA20009C7500883CE4377E79684340412E8640FFFFEF7F422ED63FB1A2F03FFFFF8F3C83
:20FA4000FFB410EE903A6FF47272C3F30A54A2183E2A10EE101A22D9002A06DAB7EE007B61
:20FA600030EE070B04B0F0BC7047B4F5816F4FF0000013D913F5801F08BF814200F0A0803A
:20FA800040F2FF729442E9D0834203DA04B0F0BC00F0CAB804B0F0BC00F0CEB80446504907
:20FAA00091ED026B91ED005BB0EE467BA5EE007B17EE105A37EE467B91ED046B05F07F035C
:20FAC000A6EE070B91ED066BD81800F10F0301EBC000A6EE070B91ED0A3B20EE007B90ED83
:20FAE0001C6B91ED084B30EE066B01EBC302A3EE004B91ED0E3BA4EE076B27EE077B91EDB2
:20FB00000C4B51F83370D2F804C0A3EE004B0026F2190CEB4533A7EE046B002C4BD1B54255
:20FB200010DB03F140419FED287B01F57001104641EC100BA6EE000B20EE070B04B0F0BC12
:20FB400000F08EB803F17F5101F50011104641EC170BB7EE004B26EE076B37EE065BB4EE61
:20FB6000C45BF1EE10FA9FED1A0B1ED535EE043B37EE457B37EE067B34EE436B36EE056B88
:20FB800036EE076B36EE036B36EE445BB5EE405BF1EE10FA01D19FED105B8DED000B9DED7B
:20FBA000007B27EE007B8DED027B25EE000B04B0F0BC00F049B843EC102BA6EE000B51E793
:20FBC0009FED050B4EE700BF000000000000007F0000000000001000000000000000000006
:20FBE0007001010810B52DED028BB0EE408B0446FEF7D8FFB0EE480BBDEC028B046010BD48
:20FC000082B058B1B1EE407B8DED007B9DED007B222020EE070B02B0FFF7E4BFB0EE407B4F
:20FC2000F2E70000000000009FED010BFFF7E8BF00000000000000109FED010BFFF7E0BF79
:20FC40000000000000000070B5EE400BF1EE10FA02D12220FFF7C6BF704700000000000016
:20FC60009FED076BB0EEC07BB4EE467BF1EE10FA02DD2220FFF7B6BF704700BFAFF300803D
:20FC8000FFFFFFFFFFFFEF7FF8B500BFF8BC08BC9E467047F8B500BFF8BC08BC9E467047FE
:20FCA0000200000005000000050000000000803F0000403FABAA2A3F0000003F0000C03EFF
:20FCC000ABAAAA3E0000803E0000403EABAA2A3E0000003E0000C03DABAAAA3D0000803DBA
:20FCE0000000803C0000003D0000803D0000003E0000803E0000003F0000803F0000003E16
:20FD00000000803E0000003F0000803F0000004000008040000000410000803F00000040E7
:20FD20000000804000000041000080410000004200008042CC5901243C5801249C570124E2
:20FD40004C5701240000803EABAAAA3E0000C03E0000003FABAA2A3F0000403F0000803FA7
:20FD6000ABAAAA3F0000C03F00000040ABAA2A4000004040000080400000804000004040C7
:20FD8000ABAA2A40000000400000C03FABAAAA3F0000803F0000403FABAA2A3F0000003FEC
:20FDA0000000C03EABAAAA3E0000803E0000000001020304010203040607080900061016EC
:20FDC0000006101600000000000000000000F03F748515D3B0D9EF3F0F89F96C58B5EF3FF8
:20FDE000515B12D00193EF3F7B517D3CB872EF3FAAB968318754EF3F3862756E7A38EF3F74
:20FE0000E1DE1FF59D1EEF3F15B7310AFE06EF3FCBA93A37A7F1EE3F2234124CA6DEEE3FDE
:20FE20002D89616008CEEE3F272A36D5DABFEE3F824F9D562BB4EE3F295448DD07ABEE3FD5
:20FE400085553AB07EA4EE3FCD3B7F669EA0EE3F745FECE8759FEE3F8701EB7314A1EE3F87
:20FE600013CE4C9989A5EE3FDBA02A42E5ACEE3FE5C5CDB037B7EE3F90F0A38291C4EE3F53
:20FE80005D253EB203D5EE3FADD35A999FE8EE3F475EFBF276FFEE3F9C5285DD9B19EF3F5E
:20FEA0006990EFDC2037EF3F87A4FBDC1858EF3F5F9B7B33977CEF3FDA90A4A2AFA4EF3F3F
:20FEC00040456E5B76D0EF3F000000000000E8429423914BF86AAC3FF3C4FA50CEBFCE3FBB
:20FEE000D6520CFF422EE63F0000000000003843FE822B65471547409423914BF86ABC3EDD
:20FF0000F3C4FA50CEBF2E3FD6520CFF422E963FBEF3F879EC61F63FDEAA8C80F77BD5BF30
:20FF20003D88AF4AED71F53FDB6DC0A7F0BED2BFB010F0F03995F43F673A517FAE1ED0BF16
:20FF40008503B8B095C9F33FE92482A6D831CBBFA564880C190DF33F5877C00A4F57C6BFA0
:20FF6000A08E0B7B225EF23F00819CC72BAAC1BF3F341A4A4ABBF13F5E0E8CCE764EBABFD4
:20FF8000BAE58AF05823F13FCC1C615A3C97B1BFA70099413F95F03F1E0CE138F452A2BF49
:20FFA000000000000000F03F0000000000000000AC479AFD8C60EE3F8459F25DAAA5AA3F0B
:20FFC000A06A021FB3A4EC3FB42E36AA535EBC3FE6FC6A573620EB3F08DB2077E526C53F5A
:20FFE0002DAAA163D1C2E93F7047220D86C2CB3FED417803E686E83FE17EA0C88B05D13F90
:020000040801F1
:20000000624853F5DC67E73F09EEB6573004D43FEF39FAFE422EE63F3483B848A30ED0BF8E
:200020006A0BE00B5B57D53F23410AF2FEFFDFBFA2000000F9A2000083F9A2006E83F9A2B8
:200040004E6E83F9444E6E8315444E6E2915444EFC29154427FC29155727FC29D15727FC33
:20006000F5D1572734F5D157DD34F5D1C0DD34F5DBC0DD3462DBC0DD9562DBC0999562DBCB
:200080003C999562433C999590433C994190433C000000000000F03F000000000000F0BF11
:2000A000000000000000F0BF000000000000F03F83C8C96D305F6441182D4454FB21F93F7C
:2000C000000000000000F03F1C620CFDFFFFDFBF198F06E15355A53F9D359AE887C056BF03
:2000E000C3F87B024393F93E03A695595455C5BFC40B23057610813F24CF7437EB9429BFB5
:20010000000000000000F03F000000000000F0BF000000000000F0BF000000000000F03F23
:2001200083C8C96D305F6441182D4454FB21F93F000000000000F0BF1C620CFDFFFFDF3F87
:20014000198F06E15355A5BF9D359AE887C0563FC3F87B024393F9BE03A695595455C5BF4B
:20016000C40B23057610813F24CF7437EB9429BFFE822B65471567400000000000003843AF
:200180000000FAFE422E76BF3A3B9EBC9AF70CBDBDFDFFFFFFFFDF3F3C5455555555C53FDD
:2001A000912B17CF5555A53F17D0A4671111813F000000000000C842EF39FAFE422EE63F7C
:2001C00024C482FFBDBFCE3FB5F40CD7086BAC3FCC5046D2ABB2833F843A4E9BE0D7553FFE
:2001E0000000000000000000000000000000F03F6EBF881A4F3B9B3C3533FBA93DF6EF3F33
:200200005DDCD89C136071BC6180773E9AECEF3FD16687107A5E90BC857F6EE815E3EF3FD5
:2002200013F6673552D28C3C748515D3B0D9EF3FFA8EF92380CE8BBCDEF6DD296BD0EF3F19
:2002400061C8E6614EF7603CC89B751845C7EF3F99D3335BE4A3903C83F3C6CA3EBEEF3FA6
:200260006D7B835DA69A973C0F89F96C58B5EF3FFCEFFD921AB58E3CF747722B92ACEF3F11
:20028000D19C2F703DBE3E3CA2D1D332ECA3EF3F0B6E908934036ABC1BD3FEAF669BEF3FEF
:2002A0000EBD2F2A525695BC515B12D00193EF3F55EA4E8CEF8050BCCC316CC0BD8AEF3F9F
:2002C00016F4D5B923C991BCE02DA9AE9A82EF3FAF555CE9E3D3803C518EA5C8987AEF3F58
:2002E0004893A5EA151B80BC7B517D3CB872EF3F3D32DE55F01F8FBCEA8D8C38F96AEF3F83
:20030000BF53133F8C898B3C75CB6FEB5B63EF3F26EB11769CD996BCD45C0484E05BEF3F97
:20032000602F3A3EF7EC9A3CAAB968318754EF3F9D3886CB82E78FBC1DD9FC22504DEF3F3F
:200340008DC3A644416F8A3CD68C62883B46EF3F7D04E4B0057A803C96DC7D91493FEF3F6C
:2003600094A8A8E3FD8E963C3862756E7A38EF3F7D4874F2185E873C3FA6B24FCE31EF3F85
:20038000F2E71F982B47803CDD7CE265452BEF3F5E08713F7BB896BC8163F5E1DF24EF3FDB
:2003A00031AB096DE1F7823CE1DE1FF59D1EEF3FFABF6F1A9B213DBC90D9DAD07F18EF3FCA
:2003C000B40A0C7282378B3C0B03E4A68512EF3F8FCBCE8992146E3C562F3EA9AF0CEF3FAE
:2003E000B6ABB04D754D833C15B7310AFE06EF3F4C74ACE20142863C31D84CFC7001EF3FA2
:200400004AF8D35D39DD8F3CFF1664B208FCEE3F045B8E3B80A386BCF19F925FC5F6EE3F37
:2004200068504BCCED4A92BCCBA93A37A7F1EE3F8E2D511BF80799BC66D8056DAEECEE3FCC
:20044000D236943EE8D171BCF79FE534DBE7EE3F151BCEB3191999BCE5A813C32DE3EE3F66
:200460006D4C2AA7489F853C2234124CA6DEEE3F8A69287A601293BC1C80AC0445DAEE3FF7
:200480005B8917488FA758BC2A2EF7210AD6EE3F1B9A49679B2C7CBC97A850D9F5D1EE3F93
:2004A00011ACC260ED63433C2D89616008CEEE3FEF64063B0966963C57001DED41CAEE3FA6
:2004C0007903A1DAE1CC6E3CD03CC1B5A2C6EE3F30120F3F8EFF933CDED3D7F02AC3EE3F39
:2004E000B0AF7ABBCE90763C272A36D5DABFEE3F77E054EBBD1D933C0DDDFD99B2BCEE3FDC
:200500008EA3710034948FBCA72C9D76B2B9EE3F49A393DCCCDE87BC4266CFA2DAB6EE3F8A
:200520005F380FBDC6DE78BC824F9D562BB4EE3FF65C7BEC461286BC0F925DCAA4B1EE3F13
:200540008ED7FD180535933CDA27B53647AFEE3F059B8A2FB7987B3CFDC797D412ADEE3F8F
:2005600009541CE2E163903C295448DD07ABEE3FEAC6195085C7343CB746598A26A9EE3FDE
:2005800035C0642BE632943C4821AD156FA7EE3F9F7699614AE48CBC09DC76B9E1A5EE3F35
:2005A000A84DEF3BC5338CBC85553AB07EA4EE3FAEE92B89785384BC20C3CC3446A3EE3F7A
:2005C00058585678DDCE93BC2522558238A2EE3F64197E80AA10573C73A94CD455A1EE3F57
:2005E00028225EBFEFB393BCCD3B7F669EA0EE3F82B93487AD126ABCBFDA0B7512A0EE3F78
:20060000EEA96DB8EF6763BC2F1A653CB29FEE3F5188E0543DDC80BC849451F97D9FEE3F34
:20062000CF3E5A7E641F78BC745FECE8759FEE3FB07D8BC04AEE86BC7481A5489A9FEE3FFC
:200640008AE6551E321986BCC9674256EB9FEE3FD3D4095ECB9C903C3F5DDE4F69A0EE3F6B
:200660001DA54DB9DC327BBC8701EB7314A1EE3F6BC06754FDEC943C32C13001EDA1EE3F27
:20068000556CD6ABE1EB653C624ECF36F3A2EE3F42CFB32FC5A188BC121A3E5427A4EE3FE1
:2006A00034373BF1B66993BC13CE4C9989A5EE3F1EFF193A845E80BCADC723461AA7EE3FBB
:2006C0006E5772D850D494BCED92449BD9A8EE3F008A0E5B67AD903C99668AD9C7AAEE3FB8
:2006E000B4EAF0C12FB78D3CDBA02A42E5ACEE3FFFE7C59C60B665BC8C44B51632AFEE3F30
:20070000445FF35983F67B3C36771599AEB1EE3F833D1EA71F0993BCC6FF910B5BB4EE3F3A
:20072000291E6C8BB8A95DBCE5C5CDB037B7EE3F59B9907CF9236CBC0F52C8CB44BAEE3F3E
:20074000AAF9F422434392BC504EDE9F82BDEE3F4B8E66D76CCA85BCBA07CA70F1C0EE3F1F
:2007600027CE912BFCAF713C90F0A38291C4EE3FBB730AE135D26D3C2323E31963C8EE3FE6
:200780006322622204C587BC65E55D7B66CCEE3FD531E2E3861C8B3C332D4AEC9BD0EE3F61
:2007A00015BBBCD3D1BB91BC5D253EB203D5EE3FD231EE9C31CC903C58B330139ED9EE3F42
:2007C000B35A736E8469843CBFFD79556BDEEE3FB49D8E97CDDF82BC7AF3D3BF6BE3EE3FA4
:2007E0008733CB92771A8C3CADD35A999FE8EE3FFAD9D14A8F7B90BC66B68D2907EEEE3F2A
:20080000BAAEDC56D9C355BCFB154FB8A2F3EE3F40F6A63D0EA490BC3A59E58D72F9EE3F04
:200820003493AD38F4D668BC475EFBF276FFEE3F358A586BE2EE91BC4A06A130B005EF3F47
:20084000CDDD5F0AD7FF743CD2C14B901E0CEF3FAC9892FAFBBD91BC091ED75BC212EF3F09
:20086000B30CAF30AE6E733C9C5285DD9B19EF3F94FD9F5C32E38E3C7AD0FF5FAB20EF3FD1
:20088000AC5909D18FE0843C4BD1572EF127EF3F671A4E38AFCD633CB5E706946D2FEF3F41
:2008A0006819926C2C6B673C6990EFDC2037EF3FD2B5CC83188A80BCFAC35D550B3FEF3F9B
:2008C0006FFAFF3F5DAD8FBC7C89074A2D47EF3F49A97538AE0D90BCF2890D08874FEF3FEA
:2008E000A7073DA685A3743C87A4FBDC1858EF3F0F2240209E9182BC9883C916E360EF3F86
:20090000AC92C1D5505A8E3C8532DB03E669EF3F4B6B01AC593A843C60B401F32173EF3FFD
:200920001F3EB40721D582BC5F9B7B33977CEF3FC90D473BB92A89BC29A1F5144686EF3F35
:20094000D3883A6004B6743CF63F8BE72E90EF3F71729D51ECC5833C834CC7FB519AEF3FBA
:20096000F091D38F12F78FBCDA90A4A2AFA4EF3F7D7423E298AE8DBCF1678E2D48AFEF3F52
:200980000820AA41BCC38E3C275A61EE1BBAEF3F32EBA9C3942B843C97BA6B372BC5EF3F0F
:2009A000EE85D131A9648A3C40456E5B76D0EF3FEDE33BE4BA378EBC14BE9CADFDDBEF3FE2
:2009C0009DCD914D3B89773CD8909E81C1E7EF3F89CC6041C105533CF1718F2BC2F3EF3FB1
:2009E000BEF3F879EC61F63F1930965BC6FEDEBF3D88AF4AED71F53FA4FCD432680BDBBFB5
:200A0000B010F0F03995F43F7BB71F0A8B41D7BF8503B8B095C9F33F7BCF6D1AE99DD3BF0F
:200A2000A564880C190DF33F31B6F2F39B1DD0BFA08E0B7B225EF23FF07A3B1B1D7CC9BF68
:200A40003F341A4A4ABBF13F9F3CAF93E3F9C2BFBAE58AF05823F13F5C8D78BFCB60B9BF89
:200A6000A70099413F95F03FCE5F47B69D6FAABF000000000000F03F000000000000000024
:200A8000AC479AFD8C60EE3F3DF5249FCA38B33FA06A021FB3A4EC3FBA913854A976C43F24
:200AA000E6FC6A573620EB3FD2E4C44A0B84CE3F2DAAA163D1C2E93F1C65C6F04506D43F88
:200AC000ED417803E686E83FF89F1B2C9C8ED83F624853F5DC67E73FCC7BB14EA4E0DC3F7B
:200AE0000B6E49C91676D23F7AC675A06919D7BFDDBAA76C0AC7DE3FC8F6BE484715E7BF03
:200B00002BB82A654715F73FBD020008990200080090D0030090D003F6FF1F00F6FF1F0079
:200B200000D089450AD7233CF5728E390000803FCDCC4C3FC3F5283EC3F5283E0000803FCB
:200B40000000803F0000803F0000803F000000006F12033B00000040010000000000803F99
:200B60000000803F0101000003000000010100000000803F0000803F0000803F0000803FB3
:200B80000000803F0000803F0000803F0000803F0000803F54008C3C65E16BBC54008C3CF5
:200BA0000000803F4D15BCBFB5FD333F0000803FEC2FABBF0000803F0000803F13F2C1BF2E
:200BC00035416C3F0000803F0000803F000000000000803F268D39BF0000000000000344C5
:200BE00000004B4400808D4400E09D440AD7A33C60EA000001000000000000400000C03F0A
:200C00000000E03F9A99194048E12A40000000400000A03F3333F33FCDCC0C409A9939404E
:200C2000E80300000000803F010000000000803F0000803F0000803F0000803F0000803F4E
:200C40000000803F0000803F0000803F10000000010000004811002400000000982A0424DF
:200C6000002B0424682B042400000000000000000000000000000000000000000000000066
:200C8000000000000000000000000000000000000000000000000000000000000000000054
:040CA0000000000050
:020000040810E2
:20000000008004106DED10081DEC100825EC10082DEC100835EC10083DEC100800000000E5
:2000200000000000000000000000000071C8110845EC100800000000C1CA110829CB110874
:20004000BDED1008BDED1008BDED1008BDED1008BDED1008BDED1008BDED1008BDED100890
:20006000BDED1008BDED1008BDED100855EC1008BDED1008BDED100869EC10087DEC10086F
:2000800091EC1008BDED1008A5EC1008BDED1008BDED1008BDED1008BDED1008BDED100896
:2000A000BDED1008BDED1008BDED1008BDED1008B9EC1008BDED1008BDED1008BDED100835
:2000C000BDED1008BDED1008BDED1008BDED1008BDED1008BDED1008CDEC1008BDED100801
:2000E000BDED1008BDED100800000000BDED1008E1EC1008BDED1008BDED1008BDED10088F
:20010000BDED1008BDED1008FDEC100811ED100825ED1008BDED100839ED1008BDED100858
:20012000BDED1008BDED1008BDED1008BDED1008BDED1008BDED1008BDED1008BDED1008AF
:20014000BDED1008BDED10080000000000000000BDED1008BDED1008BDED1008BDED100813
:20016000BDED1008BDED1008BDED1008BDED1008BDED1008BDED1008BDED1008BDED10086F
:20018000BDED1008BDED1008BDED1008BDED1008BDED1008BDED1008BDED1008BDED10084F
:2001A000BDED1008BDED1008BDED1008BDED1008BDED1008BDED1008BDED1008BDED10082F
:2001C000BDED1008BDED1008BDED1008BDED1008BDED1008BDED1008BDED1008BDED10080F
:2001E000BDED1008BDED1008BDED1008BDED1008BDED1008BDED1008BDED1008BDED1008EF
:20020000BDED1008BDED1008BDED1008BDED1008BDED10084DED1008BDED1008BDED10083E
:20022000BDED1008BDED1008BDED1008BDED1008BDED1008BDED100861ED1008BDED10080A
:20024000BDED1008BDED1008BDED1008BDED1008BDED1008BDED1008BDED1008BDED10088E
:20026000BDED1008BDED1008BDED1008BDED1008BDED1008BDED1008BDED1008BDED10086E
:18028000BDED1008BDED1008BDED100800000000BDED1008BDED10089C
:2002A00010B5054C237833B9044B13B10448AFF300800123237010BD300400100000000058
:2002C00094E1110808B5034B1BB103490348AFF3008008BD000000003404001094E1110865
:2002E00081F0004102E000BF83F0004330B54FEA41044FEA430594EA050F08BF90EA020F2D
:200300001FBF54EA000C55EA020C7FEA645C7FEA655C00F0E2804FEA5454D4EB5555B8BF02
:200320006D420CDD2C4480EA020281EA030382EA000083EA010180EA020281EA0303362DB9
:2003400088BF30BD11F0004F4FEA01314FF4801C4CEA113102D0404261EB410113F0004F23
:200360004FEA03334CEA133302D0524263EB430394EA050F00F0A780A4F10104D5F1200E61
:200380000DDB02FA0EFC22FA05F2801841F1000103FA0EF2801843FA05F359410EE0A5F1A9
:2003A00020050EF1200E012A03FA0EFC28BF4CF0020C43FA05F3C01851EBE37101F00045B5
:2003C00007D54FF0000EDCF1000C7EEB00006EEB0101B1F5801F1BD3B1F5001F0CD349082F
:2003E0005FEA30004FEA3C0C04F101044FEA445212F5800F80F09A80BCF1004F08BF5FEA0E
:20040000500C50F1000041EB045141EA050130BD5FEA4C0C404141EB0101013C28BFB1F586
:20042000801FE9D291F0000F04BF01460020B1FA81F308BF2033A3F10B03B3F120020CDA21
:200440000C3208DD02F1140CC2F10C0201FA0CF021FA02F10CE002F11402D8BFC2F1200C35
:2004600001FA02F120FA0CFCDCBF41EA0C019040E41AA2BF01EB0451294330BD6FEA04046F
:200480001F3C1CDA0C340EDC04F11404C4F1200220FA04F001FA02F340EA030021FA04F3C0
:2004A00045EA030130BDC4F10C04C4F1200220FA02F001FA04F340EA0300294630BD21FADE
:2004C00004F0294630BD94F0000F83F4801306BF81F480110134013D4EE77FEA645C18BFBC
:2004E0007FEA655C29D094EA050F08BF90EA020F05D054EA000C04BF1946104630BD91EAF6
:20050000030F1EBF0021002030BD5FEA545C05D14000494128BF41F0004130BD14F5800452
:200520003CBF01F5801130BD01F0004545F0FE4141F470014FF0000030BD7FEA645C1ABFCE
:20054000194610467FEA655C1CBF0B46024650EA013406BF52EA033591EA030F41F40021BD
:2005600030BD00BF90F0000F04BF0021704730B54FF4806404F132044FF000054FF00001EA
:2005800050E700BF90F0000F04BF0021704730B54FF4806404F1320410F0004548BF404236
:2005A0004FF000013EE700BF42004FEAE2014FEA31014FEA02701FBF12F07F4393F07F4FB0
:2005C00081F06051704732F07F4208BF704793F07F4F04BF41F40021704730B54FF46074C4
:2005E00001F0004521F000411CE700BF50EA010208BF704730B54FF000050AE050EA0102A6
:2006000008BF704730B511F0004502D5404261EB41014FF4806404F132045FEA915C3FF48F
:20062000D8AE4FF003025FEADC0C18BF03325FEADC0C18BF033202EBDC02C2F1200300FADB
:2006400003FC20FA02F001FA03FE40EA0E0021FA02F11444BDE600BF70B54FF0FF0C4CF4E4
:20066000E06C1CEA11541DBF1CEA135594EA0C0F95EA0C0F00F0DEF82C4481EA030621EA91
:200680004C5123EA4C5350EA013518BF52EA033541F4801143F4801338D0A0FB02CE4FF014
:2006A0000005E1FB02E506F00042E0FB03E54FF00006E1FB03569CF0000F18BF4EF0010E3E
:2006C000A4F1FF04B6F5007F64F5407404D25FEA4E0E6D4146EB060642EAC62141EA555101
:2006E0004FEAC52040EA5E504FEACE2EB4F1FD0C88BFBCF5E06F1ED8BEF1004F08BF5FEAD6
:20070000500E50F1000041EB045170BD06F0004646EA010140EA020081EA0301B4EB5C0484
:20072000C2BFD4EB0C0541EA045170BD41F480114FF0000E013C00F3AB8014F1360FDEBF66
:20074000002001F0004170BDC4F10004203C35DA0C341BDC04F11404C4F1200500FA05F3E6
:2007600020FA04F001FA05F240EA020001F0004221F0004110EBD37021FA04F642EB060141
:200780005EEA430E08BF20EAD37070BDC4F10C04C4F1200500FA04F320FA05F001FA04F2EF
:2007A00040EA020001F0004110EBD37041F100015EEA430E08BF20EAD37070BDC4F12005B6
:2007C00000FA05F24EEA020E20FA04F301FA05F243EA020321FA04F001F0004121FA04F259
:2007E00020EA020000EBD3705EEA430E08BF20EAD37070BD94F0000F0FD101F000464000FB
:2008000041EB010111F4801F08BF013CF7D041EA060195F0000F18BF704703F0004652005C
:2008200043EB030313F4801F08BF013DF7D043EA0603704794EA0C0F0CEA135518BF95EAD8
:200840000C0F0CD050EA410618BF52EA4306D1D181EA030101F000414FF0000070BD50EADB
:20086000410606BF1046194652EA430619D094EA0C0F02D150EA013613D195EA0C0F05D118
:2008800052EA03361CBF104619460AD181EA030101F0004141F0FE4141F470014FF0000082
:2008A00070BD41F0FE4141F4780170BD70B54FF0FF0C4CF4E06C1CEA11541DBF1CEA135510
:2008C00094EA0C0F95EA0C0F00F0A7F8A4EB050481EA030E52EA03354FEA013100F088806B
:2008E0004FEA03334FF0805545EA131343EA12634FEA022245EA111545EA10654FEA0026C9
:200900000EF000419D4208BF964244F1FD0404F5407402D25B084FEA3202B61A65EB03056B
:200920005B084FEA32024FF480104FF4002CB6EB020E75EB030E22BFB61A754640EA0C00E1
:200940005B084FEA3202B6EB020E75EB030E22BFB61A754640EA5C005B084FEA3202B6EB42
:20096000020E75EB030E22BFB61A754640EA9C005B084FEA3202B6EB020E75EB030E22BFF1
:20098000B61A754640EADC0055EA060E18D04FEA051545EA16754FEA06164FEAC30343EAFD
:2009A00052734FEAC2025FEA1C1CC0D111F4801F0BD141EA00014FF000004FF0004CB6E750
:2009C00011F4801F04BF01430020B4F1FD0C88BFBCF5E06F3FF6AFAEB5EB030C04BFB6EBB2
:2009E000020C5FEA500C50F1000041EB045170BD0EF0004E4EEA113114EB5C04C2BFD4EBF0
:200A00000C0541EA045170BD41F480114FF0000E013C90E645EA060E8DE60CEA135594EAC0
:200A20000C0F08BF95EA0C0F3FF43BAF94EA0C0F0AD150EA01347FF434AF95EA0C0F7FF4D7
:200A400025AF104619462CE795EA0C0F06D152EA03353FF4FDAE1046194622E750EA4106F8
:200A600018BF52EA43067FF4C5AE50EA41047FF40DAF52EA43057FF4EBAE12E74FF0FF3C83
:200A800006E000BF4FF0010C02E000BF4FF0010C4DF804CD4FEA410C7FEA6C5C4FEA430C23
:200AA00018BF7FEA6C5C1BD001B050EA410C0CBF52EA430C91EA030F02BF90EA020F0020BC
:200AC000704710F1000F91EA030F58BF994208BF90422CBFD8176FEAE37040F001007047C9
:200AE0004FEA410C7FEA6C5C02D150EA013C07D14FEA430C7FEA6C5CD6D152EA033CD3D09F
:200B00005DF8040B704700BF8446104662468C461946634600E000BF01B5FFF7B7FF002830
:200B200048BF10F1000F01BD4DF808EDFFF7F4FF0CBF012000205DF808FB00BF4DF808ED60
:200B4000FFF7EAFF34BF012000205DF808FB00BF4DF808EDFFF7E0FF94BF012000205DF873
:200B600008FB00BF4DF808EDFFF7CEFF94BF012000205DF808FB00BF4DF808EDFFF7C4FF18
:200B800034BF012000205DF808FB00BF4FEA410212F5001215D211D56FF47873B3EB625208
:200BA00012D94FEAC12343F0004343EA505311F0004F23FA02F018BF404270474FF0000039
:200BC000704750EA013005D111F0004008BF6FF0004070474FF00000704700BF4A0011D2DD
:200BE00012F5001211D20DD56FF47873B3EB62520ED44FEAC12343F0004343EA505323FA15
:200C000002F070474FF00000704750EA013002D14FF0FF3070474FF0000070474FEA410260
:200C2000B2F1E04324BFB3F5001CDCF1FE5C0DD901F0004C4FEAC0024CEA5070B2F1004F1A
:200C400040EB830008BF20F00100704711F0804F21D113F13872BCBF01F00040704741F44F
:200C600080114FEA5252C2F11802C2F1200C10FA0CF320FA02F018BF40F001004FEAC12320
:200C80004FEAD32303FA0CFC40EA0C0023FA02F34FEA4303CCE77FEA625307D150EA013342
:200CA0001EBF4FF0FE4040F44000704701F0004040F0FE4040F40000704700BF53B94AB957
:200CC000002908BF00281CBF4FF0FF314FF0FF3000F06AB9ADF1080C6DE904CE00F006F869
:200CE000DDF804E0DDE9022304B070472DE9F047089D0C46002B4ED194468C458646B2FA34
:200D000082F262D94AB1C2F12003914020FA03F30CFA02FC194300FA02FE4FEA1C471FFA63
:200D20008CF6B1FBF7F44FEA1E4307FB141143EA014304FB06F199420AD91CEB030304F1B2
:200D4000FF3080F01281994240F20F81023C6344591A1FFA8EF3B1FBF7F007FB101143EAEF
:200D6000014300FB06F69E420AD91CEB030300F1FF3180F0FC809E4240F2F98063440238EF
:200D80009B1B40EA044000211DB1D3400022C5E90032BDE8F0878B4205D90DB1C5E90001F7
:200DA00000210846F5E7B3FA83F1002946D1A34202D39042C0F0F080861A64EB03030120C5
:200DC000002DE6D0C5E90063E3E7002A40F09080A1EB0C044FEA1C481FFA8CF70121B4FB45
:200DE000F8F64FEA1E4308FB164443EA044307FB06F0984208D91CEB030306F1FF3402D2DC
:200E0000984200F2CD8026461C1A1FFA8EF3B4FBF8F008FB104443EA044300FB07F79F4241
:200E200008D91CEB030300F1FF3402D29F4200F2B0802046DB1B40EA0640A5E7C1F1200699
:200E40008B4022FA06F71F4320FA06FC04FA01F343EA0C03F44000FA01F8380C4FEA134902
:200E6000B4FBF0FE1FFA87FC00FB1E4449EA04440EFB0CF9A14502FA01F20AD93C190EF147
:200E8000FF3A80F08480A14540F28180AEF1020E3C44A4EB09041FFA83F9B4FBF0F300FB9F
:200EA000134449EA044403FB0CFCA44507D93C1903F1FF3067D2A44565D9023B3C4443EACF
:200EC0000E40A0FB0293A4EB0C049C42CE469C4651D34ED055B1B8EB0E0364EB0C0404FAC8
:200EE00006F6CB401E43CC40C5E90064002150E7C2F1200320FA03F10CFA02FC24FA03F318
:200F000094400C434FEA1C4800FA02FE1FFA8CF7B3FBF8F008FB1031230C43EA014300FB06
:200F200007F1994208D91CEB030300F1FF362CD299422AD9023863445B1AA4B2B3FBF8F1AB
:200F400008FB113344EA034401FB07F3A34208D91CEB040401F1FF3613D2A34211D90239F4
:200F60006444E41A41EA004139E70446F0E6084606E7C845AED2B9EB020E63EB070C013809
:200F8000A8E73146EDE7034699E73046D4E7D6467FE7634402384DE70646234608460FE7ED
:200FA000023E634430E700BF704700BF80B400AF094BD3F88830084A43F47003C2F88830D6
:200FC000054B1B69044A43F01003136100BFBD465DF8047B704700BF00ED00E080B485B0F3
:200FE00000AFF860B9607A60FB68074A1A60BB68064A1A607B6880221A6000BF1437BD46D0
:201000005DF8047B704700BF4C040010F8040010254B93ED007AF3EE087A67EE276ADFED9B
:20102000237A86EE806ADFED226AB4EEE66AF1EE10FA66EE277A0ED5B2EE086AF0EE676AE9
:20104000F4EEC66AF1EE10FA37EE077A77EEA77AF4D483ED007ADFED176AF4EEE67AF1EE49
:2010600010FA10DDDFED145AF6EE006AB0EE676AB4EEE56AF1EE10FA27EE267A67EEA67A7E
:20108000F4DC83ED007AF3EE087A27EE277AFDEEC77A17EE900A0328B8BF0320B0F5C07F09
:2010A000A8BF4FF4C0707047D003001000007A44A69BC43C0000C0420000404380B588B0CB
:2010C00004AF03463960FB71FB799B01FB60FB689AB24FF47A730293402301933B68009303
:2010E0000223AE21044812F0C9FF05200DF0E6FE00BF1037BD4680BDD407001080B588B042
:2011000004AF0346FB710B46BB7113467B717B793B72FB799B01FB60BB799AB2FB689BB269
:2011200013449AB24FF47A7302930123019307F1080300930223AE21044812F09FFF0520F4
:201140000DF0BCFE00BF1037BD4680BDD407001080B588B004AF03463960FB71FB799B0129
:20116000FB60FB689AB24FF47A730293402301933B6800930223AE21044813F093F8052080
:201180000DF09CFE00BF1037BD4680BDD407001080B586B000AF9A4B1B78002B00F06881F1
:2011A000974B00221A70974B93F8403083F00103DBB2002B5CD0934B012283F83820914BB9
:2011C00034221A60904B1B7883F00103DBB2002B11D08E4B1B68092B04DC8C4B1B68894A24
:2011E000536041E08A4B1B781A468A4B9B5C1A46844B5A6038E0884B1B78002B31D1834B25
:201200001B68092B09DC844BD3F828317F4A13607E4B1B687B4A53601CE07B4B00221A70D1
:201220007B4B1B78002B14BF01230023DBB283F00103DBB203F00103DAB2754B1A70774BF0
:2012400001221A70724B1B781A46724B9B5C1A466C4B5A606C4B00221A70704B01221A70E1
:2012600002E06F4B01221A70664B012283F84020694BDA786B4B1A70674B1A79694B5A706D
:20128000654B5A79674B9A70634B9A79654BDA70614BDA79634B1A71634B1B781A46614BCF
:2012A0005A715D4B93F80C311A465E4B9A7100237B6123E000233B611AE057497A69134648
:2012C0005B0013445B003A69134406339B000B445B6898103B69D91D7A6913465B001344F1
:2012E0005B000B44C1B24F4AD1543B6901333B613B69052BE1DD7B6901337B617B69052B05
:20130000D8DD454B1A7A474B83F82B20424B5A7A444B83F82C20404B9A7A424B83F82D20F1
:201320003D4BDA7A3F4B83F82E203B4B1A7B3D4B83F82F20384B5A7B3A4B83F83020364BE8
:201340009A7B384B83F83120334BDA7B354B83F83220314B1A7C334B83F833202E4B5A7C5C
:20136000304B83F834202C4B93F818212D4B83F83520294B93F819212A4B83F83620264BB0
:2013800093F81A311A46274B83F83720274B7B607B681A78234B83F838207B685A78214BAF
:2013A00083F839207B689A781E4B83F83A207B68DA781C4B83F83B20174B93F810311A4626
:2013C000184B83F83C20144B5B79002B07D1124B93F80D311A46134B83F83D2003E0114BA2
:2013E000002283F83D200C4B93F86E210D4B83F83E200C4B012283F83F200023FB601FE080
:2014000014280010882000101E28001070200010202800102C0300105C2400101F28001054
:2014200078200010D4270010E820001070250010114AFB68134400221A70FB680133FB6089
:20144000FB68042BF4DD0023BB6007E00B4ABB68134400221A70BB680133BB60BB68012BC8
:20146000F4DD074B1B68DBB206491846FFF726FE00BF1837BD4680BDE0200010EC200010F8
:2014800070200010D427001090B593B000AF6A4B07F118040FCB84E80F00684B07F1080495
:2014A0000FCB84E80F0000233B6300237B640023FB620023BB6200233B64614B1B68FB6305
:2014C000604B1B78002B09D05F4B1B7883F00103DBB2002B02D05D4B1B68FB635C4B1B78C9
:2014E000002B00F038825B4B93F80F31002B0DD0594B1B7883F00103DBB2002B06D0574BC0
:2015000000221A60544B01221A700AE0514B93F80F3183F00103DBB2002B02D04E4B0022D6
:201520001A704E4B1B6813F1640F02DB4A4B00221A704B4B93F8403083F00103DBB2002BB0
:2015400000F00982444B1B7883F00103DBB2002B00F00182434B1B68002B20D1424B1B680F
:20156000092B04DC404B1B683D4AD36333E03F4B1B78002B14BF01230023DBB283F0010313
:20158000DBB203F00103DAB2384B1A70374B1B781A46374B9B5C1A46314BDA631BE02D4BB4
:2015A00093F81C31002B0AD02E4B1B68013B9B00403307F10802134453F8403C09E0294B8B
:2015C0001B68013B9B00403307F10802134453F8303C234AD363274B00221A601D4B1B7882
:2015E000002B0CD1244B1B78002B04D0194B012283F80F2103E0174B002283F80F21154B3E
:2016000093F80F3183F00103DBB2002B09D1114B1B78002B00F0DB800E4B1B78022B00F088
:20162000D6800F4B022283F83820144B06221A600023BB63C6E000BFACE11108BCE1110800
:20164000E01E0010DD1E0010DC1E0010E81E0010212800105C24001094290010C81E0010A5
:2016600088200010B823001070200010202800102C0300107C200010DE1E00108420001024
:201680009E4B1B68032B03D09C4B1B68042B35D17B6C9A1C9A4913465B0013445B00BA6B33
:2016A000134406339B000B445B68B3F5007F25DA924B1A687B6C1A449149BB6B06339B004F
:2016C0000B4459688E4813465B0013445B00BA6B134406339B0003445960884B1A68884948
:2016E000BB6B06339B000B445968864813465B0013445B00BA6B134440F823107F4B1B6878
:20170000002B01D100237B647C4B1B68022B2FD17D4B1B78002B2BD0BB6B042B28D1BB6B5E
:20172000042B09D1764B93F818311A4613469B0013441B019B1A3B643B6C012BB8BF012382
:201740001A467249BB6B41F82320704ABB6B52F823206F4B1B6813446D4A13606B4ABB6BC6
:2017600052F823206B49BB6B063341F8232026E0624B1A68624913465B0013445B00BA6BE2
:20178000134406339B000B445B68012BB8BF01231A465E49BB6B41F823205C4ABB6B52F886
:2017A00023205B4B1B681344594A1360574ABB6B52F823205749BB6B063341F82320BB6B5B
:2017C0000133BB63BB6B052B7FF75AAFB1E04F4B052283F838204D4B00225A634E4B062285
:2017E0001A604E4B00221A6000237B636CE0444A7B6B18339B0013445A6844497B6B41F8CE
:2018000023207B6B9A1D3E497B6B1E339B000B445B683E4941F82230394A7B6B12339B0022
:2018200013445B68B3F5007F2BDD354A7B6B18339B0013445B68012BB8BF01231A46334957
:201840007B6B41F823202E4A7B6B1E339B0013445A687B6B0633012AB8BF01222B4941F832
:2018600023202A4B5A6B01217B6B01FA03F31344264A5363274A7B6B0633002142F8231057
:201880001FE01F4A7B6B06339B0013445B68012BB8BF01231A461D497B6B41F823207B6B37
:2018A00006331A497A6B51F82220184941F82320164A7B6B52F8232016497B6B063341F8B5
:2018C00023207B6B01337B637B6B052B8FDDD7ED0F7A9FED137A67EE877AFCEEE77AC7ED90
:2018E000017A3B79DBB21A46084B1A63074B1B6B092B17DC054B0A221A631AE0B82300101F
:201900005C240010FC22001022280010882000107C200010BC23001084200010C81E0010B2
:2019200000007F430E4B1B6BFA2B02DD0C4BFA221A630B4B012283F840200A4B00221A70BD
:20194000094B00221A60094B01221A700DF0AAFA0346074A136000BF4C37BD4690BD00BF97
:201960008820001021280010242800102C2800102828001080B487B000AF00237B6122E01B
:20198000894A7B6913441978884A7B69134403330A461A70844A7B69134405331978834AEC
:2019A0007B69134408330A461A707F4A7B6913440A3319787D4A7B6913440D330A461A70E9
:2019C0007B6901337B617B69042BD9DD00233B6194E03B69C3F10503734A1344DB7B9A00B3
:2019E00072493B6906339B000B445A606F4A3B6906339B0013445A686D493B6941F823208B
:201A00003B69C3F10503684A13445B7D9A0067493B690C339B000B445A60644A3B690C3323
:201A20009B0013445A6862493B69063341F823203B69C3F105035C4A1344DB7E9A005B49FA
:201A40003B6912339B000B445A60584A3B6912339B0013445A6856493B690C3341F82320BC
:201A60003B69C3F10503504A134493F821309A004E493B6918339B000B445A604B4A3B693C
:201A800018339B0013445A6849493B69123341F823203B69C3F10503434A134493F827302A
:201AA0009A0042493B691E339B000B445A603F4A3B691E339B0013445A683D493B691833C1
:201AC00041F823203B69C3F10503374A134493F82D309A0035493B6924339B000B445A60B3
:201AE000324A3B6924339B0013445A6830493B691E3341F823203B6901333B613B69052B89
:201B00007FF767AF0023FB601BE00023BB600DE02849FA6813465B0013445B00CA18BB6857
:201B2000134401221A70BB680133BB60BB68052BEEDD214AFB68134400221A70FB680133A9
:201B4000FB60FB68052BE0DD00237B600CE01B4A7B68134401221A70194A7B6813440022E5
:201B60001A707B6801337B607B68042BEFDD00233B600CE0134A3B68134401221A70124A01
:201B80003B68134400221A703B6801333B603B68012BEFDD0D4B01221A7000BF1C37BD4678
:201BA0005DF8047B704700BFF00000105C240010FC2200108C230010B0230010D00000109B
:201BC000E0200010F4200010EC2000102128001080B588B000AFA84B1B78002B00F0BF815F
:201BE000A54B00221A70A54B1B68DBB2A4491846FFF7AEFAA24B93F83F30012B40F0AD81EF
:201C00009F4B1A789F4BDA709D4B5A789D4B1A719B4B9A789B4B5A71994BDA78994B9A7119
:201C2000974B1A79974BDA71954B93F82B20954B1A72934B93F82C20924B5A72904B93F81C
:201C40002D20904B9A728E4B93F82E208D4BDA728B4B93F82F208B4B1A73894B93F83020B8
:201C6000884B5A73864B93F83120864B9A73844B93F83220834BDA73814B93F83320814BFC
:201C80001A747F4B93F834207E4B5A747C4B5B79002B14BF01230023DAB27B4B1A70784BF7
:201CA0009B79002B14BF01230023DAB2764B5A70734B9B79002B14BF01230023DAB2714B55
:201CC00083F80C21714B01221A70704B01225A706F4B012283F82A206A4B5B79032B04D11D
:201CE000684B042283F81D2107E0664B0022C3F82021644B002283F81D210023FB6137E07C
:201D00000023BB612EE0BB69D91DFA6913465B0013445B000B445A4AD35C99005948FA69D4
:201D200013465B0013445B00BA69134406339B0003445960BB69D91DFA6913465B00134467
:201D40005B000B444E4AD35C99005248FA6913465B0013445B00BA69134440F82310BB690D
:201D60000133BB61BB69052BCDDDFB690133FB61FB69042BC4DD424B93F83520414B83F879
:201D800018213F4B93F836203E4B83F819213C4B93F83730002B14BF01230023DAB2394B93
:201DA00083F81A213B467B60354B93F838207B681A707B680133324A92F839201A707B685E
:201DC00002332F4A92F83A201A707B6803332C4A92F83B201A703B682A4AC2F81431284B60
:201DE00093F83C30002B08D1264B93F81031002B03D0294B01221A702AE0214B93F83C301F
:201E0000002B15D01F4B93F8103183F00103DBB2002B0DD01A4B93F83C30002B14BF0123F2
:201E20000023DAB21D4B1A701D4B01221A700FE0134B93F83C30002B0AD0124B93F810317A
:201E4000002B05D0144B01221A70164B01221A700C4B002283F810210A4B5B79002B23D1FB
:201E6000074B93F83D30002B14BF01230023DAB2044B83F80D211BE078200010702000100C
:201E8000942700105C240010E8200010F4200010F0230010FC220010CC1E00101C2800100C
:201EA0001D280010CD1E00102F4B002283F80D212E4B93F83E202C4B83F86E212A4B012212
:201EC000DA7500237B611BE000233B610DE028497A6913465B0013445B00CA183B69134476
:201EE00001221A703B6901333B613B69052BEEDD204A7B69134400221A707B6901337B61DD
:201F00007B69052BE0DD0023FB600CE01A4AFB68134401221A70194AFB68134400221A70F2
:201F2000FB680133FB60FB68042BEFDD0023BB600CE0134ABB68134401221A70114ABB6825
:201F4000134400221A70BB680133BB60BB68012BEFDD0D4B01221A7001E0FFF70BFD00BF4E
:201F60002037BD4680BD00BF5C240010942700108C230010B0230010D0000010E02000101E
:201F8000F4200010EC2000102128001080B592B000AF00237B6007F108033C2200211846A4
:201FA0001BF0E2FD00237B641EE07B6CDB02124A82FB03125210DB17D31A99B20F4A7B6CB9
:201FC0009C3322F813107B6CDB020B4A82FB03125210DB17D31A99B2084A7B6CA83322F890
:201FE00013107B6C01337B647B6C0B2BDDDD00BF00BF4837BD4680BDABAAAA2A5C240010F7
:2020000080B596B004AF00237B6007F108033C22002118461BF0A8FD00233B604FF47A7316
:202020000293402301933B1D009302234FF47D52AE21304812F036F905200CF03FFF97F88C
:202040004330012B52D13B467B643A797B6C1A707B6C01337A791A70B7F900301A46264BF1
:202060009A603B4602337B643A7A7B6C1A707B6C01337A7A1A70B7F902301A461E4BDA602E
:202080001E4B7B643A7B7B6C1A707B6C01337A7B1A707B6C0233BA7B1A707B6C0333FA7BCB
:2020A0001A70174B7B643A7C7B6C1A707B6C01337A7C1A707B6C0233BA7C1A707B6C03339A
:2020C000FA7C1A703B7D1B020B4A13630A4B1B6B7A7D1344084A1363BB7D1B02064A536314
:2020E000054B5B6BFA7D1344034A536300BF4837BD4680BDD407001050270010682700106A
:202100006C270010B0B59AB000AF78606B4B07F10C041D460FCD0FC40FCD0FC495E80300E7
:2021200084E803007B68092B07DC7B689B0068333B4453F85C3C7B6601E0FB687B66604B0A
:2021400001229A710023BB652B237B6530233B6500233B661FE03A6EBB6D1344796E3A6E74
:202160000A441178564AD1543A6E7B6D1344796E3A6E0A4405321178514AD1543A6E3B6D2F
:202180001344796E3A6E0A440A3211784C4AD1543B6E01333B663B6E042BDCDD0723FB64F3
:2021A0000D23BB6413237B6419233B641F23FB632523BB630023FB6547E0FB6DC3F105020D
:2021C000F96DFB6C0B44796E0A44D17B3C4AD154FB6DC3F10502F96DBB6C0B44796E0A4483
:2021E000517D374AD154FB6DC3F10502F96D7B6C0B44796E0A44D17E314AD154FB6DC3F16C
:202200000502F96D3B6C0B44796E0A4492F821102B4AD154FB6DC3F10502F96DFB6B0B4493
:20222000796E0A4492F82710254AD154FB6DC3F10502F96DBB6B0B44796E0A4492F82D101A
:202240001F4AD154FB6D0133FB65FB6D052BB4DD1B4B062283F83520194B032283F8362013
:20226000174B002283F837200023BB6007F108037B637B6B1A78124B83F838207B6B5A7889
:202280000F4B83F839207B6B9A780D4B83F83A207B6BDA780A4B83F83B200A4B01221A7086
:2022A000074B012283F83F207B68DBB204491846FEF704FF00BF6837BD46B0BDCCE1110828
:2022C000D4270010CC1E001080B582B000AF00237B601EE07B68DBB212491846FEF738FF92
:2022E000104B93F83F30012B10D000233B6007E00D4A3B68134400221A703B6801333B6069
:202300003B683F2BF4DD7868FFF7FCFE7B6801337B607B68092BDDDD00BF00BF0837BD468C
:2023200080BD00BF94270010D427001080B584B000AF0346FB71FB79012B14D00023FB60FC
:2023400009E0FB68DBB2FF223F211846FEF7D6FEFB680133FB60FB68092BF2DD012201215F
:20236000FE20FEF7CBFE00BF1037BD4680BD00BF80B592B000AF00237B6407E03A467B6C06
:202380001344FF221A707B6C01337B647B6C3F2BF4DD00233B6409E03B6CDBB23A46114669
:2023A0001846FEF78BFE3B6C01333B643B6C7F2BF2DD3B461946FC20FEF780FE3B46194658
:2023C000FD20FEF77BFE3B461946FE20FEF776FE00BF4837BD4680BDB0B588B000AF0346F8
:2023E0003960FB80C44A3B6832F81330FA889A4204D9C1493B68FA8821F81320BF4A3B6849
:2024000032F81330FA889A4204D8BC493B68FA8821F81320B94A3B6832F8133007EE903ACD
:20242000F8EE677AC7ED057AB34A3B6832F81330013307EE903AF8EEE77AC7ED047AFB88A6
:2024400007EE903AB8EE677AD7ED057A37EE677AAB4BD3ED007A67EE276A97ED047AD7ED11
:20246000057A37EE677AC6EE877AC7ED077AA54BD3ED007A97ED077AB4EEE77AF1EE10FAD2
:202480000BD5D7ED077A37EEA77A9E4BD3ED007A77EE677AC7ED077A21E0FB8807EE903AF0
:2024A000B8EEE77A964BD3ED006A964BD3ED007A76EEE77AB4EEE77AF1EE10FA0FDDD7ED8E
:2024C000077A37EEA77A8E4BD3ED007A37EE677A8C4BD3ED007A77EE277AC7ED077A8A4AFC
:2024E0003B689B0013441B681846FEF75DF804460D46864A3B689B001344D3ED007A97ED5C
:20250000077A37EE677A804A3B689B001344D3ED007A77EE677A17EE900AFEF745F874A36D
:20252000D3E90023FEF798F802460B4620462946FDF7DCFE02460B4610461946FEF76EFB4F
:20254000024671493B689B000B441A606E4A3B689B001344D3ED007AFDEEE77A17EE903AD0
:20256000002BB8BF5B4207EE903AB8EEE77A654BD3ED007AB4EEE77AF1EE10FA0BD5634AF3
:202580003B689B00134493ED007A614BD3ED007A67EE277AA7E05D4A3B689B001344D3ED4D
:2025A000007A97ED077A77EE677AFDEEE77A17EE903A002BB8BF5B4207EE903AB8EEE77A36
:2025C000544BD3ED007A67EE277AC7ED037AF868FDF7EAFF4FF000024F4BFDF787FE024622
:2025E0000B464FF000004C49FEF760F902460B4610461946FEF712FB0346BB60B868FDF7A0
:20260000D3FF02460B464FF000004349FDF76CFE02460B461046194602460B46FDF766FEE7
:2026200002460B4610461946FEF7F8FA0346BB61D7ED067AB7EE007AF4EEC77AF1EE10FA91
:2026400002DD4FF07E53BB61304A3B689B00134493ED007A2D4A3B689B001344D3ED007A20
:20266000D7ED076A76EEE76AD7ED067A66EEA77A77EE277A254A3B689B001344C3ED007A83
:20268000224A3B689B001344D3ED007AF5EEC07AF1EE10FA07D81D4A3B689B0013444FF0DF
:2026A00000021A6014E0194A3B689B00134493ED007A134BD3ED007AB4EEE77AF1EE10FA34
:2026C00006DB0F4B1A6811493B689B000B441A600E4A3B689B00134493ED007A0C4BD3EDDE
:2026E000007A67EE277AB0EE670A2037BD46B0BD9A9999999999D93FBC000010C000001049
:20270000C400001030030010F81E0010F01E0010C8000010340300100000F03F80B483B0A9
:2027200000AF00237B601BE000233B600DE011497A6813465B0013445B00CA183B681344C8
:2027400001221A703B6801333B603B68052BEEDD094A7B68134400221A707B6801337B6091
:202760007B68052BE0DD00BF00BF0C37BD465DF8047B70478C230010B023001080B483B031
:2027800000AF00237B6020E02A4A7B681344023300221A70274A7B6813440C3300221A7067
:2027A000244A7B681344113300221A70214A7B681344163300221A701E4A7B6813441B33F7
:2027C00000221A707B6801337B607B68042BDBDD184B002283F82020164B002283F826200D
:2027E000144B002283F82120124B002283F82720104B002283F822200E4B002283F82320E8
:202800000C4B002283F828200A4B002283F82920084B002283F82B20064B002283F82C20CC
:20282000044B00225A7000BF0C37BD465DF8047B704700BFF023001080B582B000AF934BF7
:202840001B68934A12881146184611F0D7F90346002B27D18D4B5B688D4A5288114618468B
:2028600011F0CCF90346002B1CD18A4B012283F87421894B01225A70874B5A78864B1A7069
:20288000864B002283F82720844B93F82720834B83F82620824B00225A70814B5A78804B31
:2028A0001A7006E07C4B00225A707B4B5A787A4B1A707C49FE20FEF74BFCFFF767FBFFF7A1
:2028C0009FFB784B1B78FF2B02D0764B1B7800E00023754A1360744B1B686E4AC2F8283176
:2028E000704B1B78FF2B04D06E4B9B780133DBB200E001236D4A13706A4BDB78FF2B05D0BA
:20290000684BDB78002B01D0012200E00022614B83F81B21634B1B79FF2B02D0614B1B79AF
:2029200000E000235B4A82F871315E4B5B790F2B04D85C4B5B790133DBB200E00223554A60
:2029400082F86F31534B93F81B3183F00103DBB21A464FF40061564811F068F9514B9B7930
:20296000FF2B02D04F4B9B7900E00023494A82F872314C4BDB79FF2B05D04A4BDB79002BFC
:2029800001D0012200E000224A4B1A70494B1B78002B05D0484BDB68474A23F44073D36097
:2029A000414B1B68454A13603E4B5B781846FFF7BDFCFFF789FC3B49FC20FEF7C9FB0623A0
:2029C0007B6022E000233B6019E07A6813465B0013445B001A463B681344324AD35C99007D
:2029E0002C487A6813465B0013445B003A68134406339B00034459603B6801333B603B6839
:202A0000052BE2DD7B6801337B607B68082BD9DD2B4B01221A702B4B01221A7001222A492D
:202A20002A4817F075FA214B1B78012B04D9194B012283F8702103E0164B002283F87021A1
:202A4000144B93F87031012B0BD101220821204811F0ECF800224FF40051174811F0E6F856
:202A60000AE0002208211A4811F0E0F801224FF40051114811F0DAF8164B01221A70FFF7FF
:202A80007DFE00BF0837BD4680BD00BFA4000010AC0000105C240010DC000010F0230010AF
:202AA000D80000109427001070200010342800100018025833270010000802587420001075
:202AC0007820001079200010150E0010D40B001000100258352800102DE9B04F8CB000AFAC
:202AE000F8604FF000024FF00003C7E904234FF0FF324FF0FF33C7E906230CF0D3F9F86248
:202B00000023BB628F4AFB6852F823208E49FB6831F813301946104611F070F80346002B74
:202B200014BF0123002387F82730884AFB68DB001344D3E9002302F00104002544EA05030D
:202B4000002B14BF0123002387F826307F4AFB68DB001344D3E90023911839605B417B6065
:202B6000D7E9002397F8271000208846814612EB080A43EB090B754AFB68DB001344C3E9A6
:202B800000AB97F8272097F826309A422FD0704AFB6813441B78002B29D06D4AFB68134458
:202BA00000221A706B4AFB68134419786A4AFB6813440A461A70674AFB68134497F82720E0
:202BC0001A70644AFB6813441B78002B14BF01230023DBB283F00103DBB203F00103D9B218
:202BE0005E4AFB68134407330A461A706BE0584AFB6813441B7883F00103DBB2002B62D0C4
:202C0000524AFB68DB001344D3E90001514AFB6813441B78DB00283307F108021344203BF4
:202C2000D3E90023994208BF904205D1484AFB68134401221A7046E0444AFB68DB00134429
:202C4000D3E90001434AFB6813441B7883F00103DBB2DB00283307F108021344203BD3E933
:202C60000023994208BF90422DD1394AFB68134401221A70374AFB6813441B78002B14BF09
:202C800001230023DBB283F00103DBB203F00103D9B2304AFB6813440A461A702D4AFB68F2
:202CA00013441B78002B14BF01230023DBB283F00103DBB203F00103D9B2284AFB681344A6
:202CC00007330A461A70234AFB6813441A782249FB680B441B789A4255D01E4AFB68134454
:202CE00019781D4AFB6813440A461A70194AFB6813441B7883F00103DBB2002B05D0184933
:202D0000FB68FA6A41F8232004E01649FB68FA6A41F82320134AFB6852F823201049FB68E1
:202D200051F82330D31ABB62BB6AB3F5FA7F1BD20A4AFB681344023301221A70074B012255
:202D40005A7020E05C0000107000001048030010700300107803001080030010F02300109E
:202D600098290010AC290010534AFB6852F82330012B08DD514AFB6813441B3301221A709F
:202D80004E4B01225A704E4AFB6813441B7883F00103DBB2002B00F083804A4AFB6852F865
:202DA0002330FA6AD31ABB62BB6AB3F5FA7F24D9414AFB6852F82330002B1ED1424AFB687B
:202DC000DB001344D3E90001D7E90423994208BF904212D1384AFB6852F823305A1C36494F
:202DE000FB6841F82320354AFB6813440C3301221A70324B01225A7058E0BB6AB3F5FA6FF7
:202E000024D92D4AFB6852F82330012B1ED12E4AFB68DB001344D3E90001D7E90423994297
:202E200008BF904212D1244AFB6852F823305A1C2149FB6841F82320204AFB681344113381
:202E400001221A701D4B01225A702FE0BB6A41F2883293422AD9184AFB6852F82330022BE8
:202E600024D1194AFB68DB001344D3E90001D7E90423994208BF904218D10F4AFB6852F85E
:202E800023305A1C0C49FB6841F823200B4AFB681344163301221A70084B01225A7005E00B
:202EA000054AFB68002142F82310FFE700BF3037BD46BDE8B08F00BFC0290010F023001004
:202EC0007803001098290010480300102DE9B04F8CB000AFF8604FF000024FF00003C7E9B0
:202EE00004234FF0FF324FF0FF33C7E906230BF0D9FFF8620023BB629E4AFB6852F82320AC
:202F00009D49FB6831F813301946104610F076FE0346002B14BF0123002387F82730974A8E
:202F2000FB68DB001344D3E9002302F00104002544EA0503002B14BF0123002387F82630B1
:202F40008E4AFB68DB001344D3E90023911839605B417B60D7E9002397F8271000208846D5
:202F6000814612EB080A43EB090B844AFB68DB001344C3E900AB97F8272097F826309A42E8
:202F800041D07F4AFB6813441B78002B3BD07C4AFB68134400221A707A4AFB681344197899
:202FA000794AFB6813440A461A70764AFB68134497F827201A70734AFB6813441B78002BAB
:202FC00014BF01230023DBB283F00103DBB203F00103D9B26D4AFB68134424330A461A7022
:202FE000684AFB6813441B7883F00103DBB2002B75D0664AFB681344223301221A70634B44
:2030000001225A706BE05E4AFB6813441B7883F00103DBB2002B62D0584AFB68DB001344EB
:20302000D3E90001574AFB6813441B78DB00283307F108021344203BD3E90023994208BF7A
:20304000904205D14E4AFB68134401221A7046E04A4AFB68DB001344D3E90001494AFB68C7
:2030600013441B7883F00103DBB2DB00283307F108021344203BD3E90023994208BF904225
:203080002DD13F4AFB68134401221A703D4AFB6813441B78002B14BF01230023DBB283F029
:2030A0000103DBB203F00103D9B2364AFB6813440A461A70334AFB6813441B78002B14BF21
:2030C00001230023DBB283F00103DBB203F00103D9B22E4AFB68134424330A461A70294AC0
:2030E000FB6813441A782849FB680B441B789A426BD0244AFB6813441978234AFB681344D7
:203100000A461A701F4AFB6813441B7883F00103DBB2002B0CD01E49FB68FA6A41F823206A
:20312000FB6A03F2F5121B49FB6841F8232004E01849FB68FA6A41F82320164AFB6852F856
:2031400023201349FB6851F82330D31ABB62BB6AB3F5FA7F39D2104B1B78002B1ED00B4B19
:20316000012283F82820094B01225A700A4B00221A7025E0A4000010AC0000108803001017
:20318000980300109C030010A0030010F0230010D4290010DC290010E42900105D4AFB68B6
:2031A00013441B7883F00103DBB2002B08D05A4AFB681344203301221A70574B01225A7031
:2031C000544AFB68134400221A70544AFB6813441B7883F00103DBB2002B2FD0504AFB68D5
:2031E00052F82330FA6AD31ABB62BB6AB3F5FA7F29D94C4AFB6852F82330002B23D14A4A33
:20320000FB68DB001344D3E90001D7E90423994208BF904217D1434AFB6852F823305A1C16
:203220004049FB6841F823203B4AFB681344263301221A70384B01225A7004E0394AFB68A7
:20324000002142F82310354AFB6813441B7883F00103DBB2002B48D0FB68002B0CBF012350
:203260000023DBB21A462D4B9B5C83F00103DBB2002B3AD0274AFB6813441B7883F0010361
:20328000DBB2002B31D0FB68002B0CBF01230023DBB21A461F4B9B5C83F00103DBB2002B58
:2032A00023D0224B01221A70FB68002B0CBF01230023DBB21B4A012142F82310194A52F833
:2032C00023201849FB6841F82320FB68002B0CBF01230023DBB20F4A0121D1540D4AD15C1A
:2032E0000C4AFB6813440A461A700B4B93F82830002B09D0084B002283F82320064B93F898
:203300002320054B83F8222000BF3037BD46BDE8B08F00BFDC000010F02300109C030010D3
:20332000D4290010E829001088030010E429001080B483B000AF786039607B6864337B60CB
:203340003B6864333B603B681C3B7A689A4204DB3B681C337A689A4201DD012300E000234C
:2033600018460C37BD465DF8047B704780B582B000AF786039602B4B1B68002B12D12A4A1C
:203380007B6852F8232029497B6851F8233019461046FFF7CDFF03461946254A7B68134404
:2033A0000A461A70204A7B6852F823201F497B6841F823201E4A7B6813441B78002B0FD053
:2033C0001B4A7B68134400221A701A493A6813465B0013445B00CA187B68134400221A706F
:2033E00014493A6813465B0013445B00CA187B6813441B7883F00103DBB2002B0DD00A4A59
:203400007B6852F823100C483A6813465B0013445B007A68134440F8231000BF0837BD464B
:2034200080BD00BFB00000101821001030210010B02300108C230010FC22001080B500AF72
:20344000144B1B8807EE903AF8EEE77ADFED126A87EEA67ADFED110AB0EE470A1AF098FC13
:20346000F0EE407A0E4BC3ED007A0E4B1B680E4A12881146184610F0C1FB0346012B03D1A9
:203480000A4B01221A7002E0084B00221A7000BF80BD00BFD81E00100000FA46A4707D3F78
:2034A000E01E00100C00001024000010DC1E00102DE9B04F8CB000AF4FF000024FF0000321
:2034C000C7E904234FF0FF324FF0FF33C7E906230BF0E8FCB8629A4B1A789A4B1A709A4B97
:2034E0005B689A4A52881146184610F087FB0346002B14BF01230023DAB2914B1A70904BB9
:203500001B78002B11D08F4B1B7883F00103DBB2002B17D08E4B1B7883F00103DBB2002BEE
:2035200010D08C4ABB6A13600CE0894B00225A70874B5A78864B1A70864B00221A60864B54
:2035400000221A60824B1B7883F00103DBB2002B24D0804B1B68BA6AD31AB3F57A7F0BD26F
:2035600010217E4810F04AFB03461A467A4B1B681344794A136011E0714B1B78002B0DD049
:20358000734B01221A70744B1B68F92B03DD704B01225A7002E06E4B00225A7000237B624B
:2035A0000023BB816A4B1B78002B28D06C4B5B8801211846FEF710FFF0EE407A694BC3ED27
:2035C000017A684B93ED017A664BD3ED017A67EE277A644BC3ED017A624B5B681846FCF745
:2035E000E3FF55A3D3E90023FDF7B2FA0346002B02D000233B7304E001233B7301E00123A0
:203600003B73534B5B78002B0BD01021534810F0F5FA0346002B14BF01230023DBB27B73C1
:2036200001E001237B734A4B1B78002B00F0E4810023FB62DCE14C4AFB6ADB001344D3E9C9
:20364000002302F00104002544EA0503002B14BF0123002387F82330434AFB6ADB001344BA
:20366000D3E90023911839605B417B60D7E9002307F10C00F96A01440978C9B20020884639
:20368000814612EB080A43EB090B374AFB6ADB001344C3E900AB07F10C02FB6A13441B784E
:2036A00097F823209A4269D0304AFB6A13441B78002B63D02D4AFB6A134400221A702C4AA7
:2036C000FB6A134419782B4AFB6A13440A461A7007F10C02FB6A13441978254AFB6A134414
:2036E0000A461A70224AFB6A13441B78002B14BF01230023DBB283F00103DBB203F0010368
:20370000D9B21D4AFB6A134433330A461A70184AFB6A13441B7883F00103DBB2002B00F0EB
:20372000ED80154AFB6A1344373301221A70124B01225A70E2E000BF9A9999999999B93F90
:20374000F0290010F12900100C00001024000010F4290010F8290010FC29001000080258D1
:20376000D81E0010E01E0010A8030010B8030010BC030010C0030010F0230010A14AFB6A9A
:2037800013441B7883F00103DBB2002B00F0B680FB6A002B63D19C4AFB6ADB001344D3E9ED
:2037A00000019A4AFB6A13441B78DB00283307F108021344203BD3E90023994208BF904298
:2037C00005D1904AFB6A134401221A7096E08E4AFB6ADB001344D3E900018C4AFB6A13449C
:2037E0001B7883F00103DBB2DB00283307F108021344203BD3E90023994208BF90427DD1A7
:20380000804AFB6A134401221A70804AFB6A13441B78002B14BF01230023DBB283F0010313
:20382000DBB203F00103D9B2784AFB6A13440A461A70764AFB6A13441B78002B14BF0123F0
:203840000023DBB283F00103DBB203F00103D9B26F4AFB6A134433330A461A704EE06A4A9B
:20386000FB6ADB001344D3E90001684B1B78DB00283307F108021344203BD3E9002399420A
:2038800008BF904205D1634B1B680133614A136002E0604B00221A605E4B1B68092B2DDDA3
:2038A000584AFB6A134401221A70584AFB6A13441B78002B14BF01230023DBB283F00103C3
:2038C000DBB203F00103D9B2504AFB6A13440A461A704E4AFB6A13441B78002B14BF0123A0
:2038E0000023DBB283F00103DBB203F00103D9B2474AFB6A134433330A461A70464BDB6831
:203900001B0A03F00303454A1360404AFB6A13441A784349FB6A0B441B789A4233D03B4A78
:20392000FB6A134419783E4AFB6A13440A461A70364AFB6A13441B7883F00103DBB2002B1E
:2039400005D03849FB6ABA6A41F8232004E03649FB6ABA6A41F82320334AFB6A52F8232035
:203960003049FB6A51F82330D31A7B627B6AB3F5FA7F08D2264AFB6A13442B3301221A70EC
:20398000234B01225A70214AFB6A13441B7883F00103DBB2002B23D0224AFB6A52F8233082
:2039A000BA6AD31A7B627B6AB3F5FA7F1DD91F4AFB6A52F82330002B17D11C4AFB6A52F88A
:2039C00023305A1C1949FB6A41F82320104AFB6A13442F3301221A700D4B01225A7004E08D
:2039E000124AFB6A002142F82310FB6A0133FB62FB6A012B7FF71FAE00BF3037BD46BDE8E0
:203A0000B08F00BFB8030010A8030010BC030010F0230010002A0010000802583828001024
:203A2000C0030010042A00100C2A0010142A001080B586B000AF06237B610BF033FA7860C2
:203A4000A14B93F83030002B00F0858000233B611DE09D4A3B6952F82330002B03DD7B699C
:203A600001337B6110E0994A3B6912339B0013445B68B3F5007F07DD944B93F80F31002BE5
:203A800002D07B6901337B613B6901333B613B69052BDEDD8E4B1B68002B0CD18D4B1B689E
:203AA0007A68D31A40F2E242934204D9884B01221A6006237B61864B1B68012B1BD17B696A
:203AC000052B18DD804B5B69834A53617E4B1B69814A13617C4BDB687F4AD3607A4B9B6857
:203AE0007D4A9360784B5B687B4A5360764B1B68794A13602BE0794B1B7883F00103DBB22E
:203B0000002B24D0764B00221A600023FB6012E06D4AFB6852F823206B49FB68063351F879
:203B200023309A4204D16E4B1B6801336C4A1360FB680133FB60FB68052BE9DD684B1A6868
:203B4000684B1B689A4202DB614B01221A605E4B002283F830200023BB6035E0624ABB6875
:203B600052F82320614B1B686148B96809010B4450F82330D21A5C49BB6841F823205B4BF5
:203B80001B685549BA6851F822205948B96809010B4440F82320544ABB6852F823204E49DC
:203BA000BB6851F823301A444F49BB6841F823204D4ABB6852F823301A114E49BB6841F83C
:203BC0002320BB680133BB60BB68052BC6DD474B1B6801335A4203F00F0302F00F0258BF36
:203BE0005342424A13600020FEF776FF0120FEF773FF0220FEF770FF0320FEF76DFF0420F1
:203C0000FEF76AFF0020FFF761F90120FFF75EF9394B1B68394A1360374B1B6819460020E7
:203C2000FFF7A4FB344B1B6819460120FFF79EFB314B1B6819460220FFF798FB2E4B1B68D9
:203C400019460320FFF792FB2B4B1B6819460420FFF78CFB284B1B6819460520FFF786FB75
:203C6000274B1B68012B06D1254B00221A60FFF7E5FBFFF71DFC234B1B68591C224B83FB0A
:203C800001239A10CB17D21A13465B0013449B001344CA1A1B4B1A601A4B1B68002B0FD1D4
:203CA0001A4B1B68012B01D1FEF7C6FD174B00221A60174B1B68174A1360154B00221A60B3
:203CC00000BF1837BD4680BDBC2300105C2400102428001028280010182100102C280010AE
:203CE0008020001084200010C8220010E022001048210010E4220010B82300103C28001066
:203D0000EC1E0010302800104FECC44EB0000010080E00100C0E001080B483B000AF034665
:203D20000A46FB711346BB71094B93F86F31FA799A4206D1074B012283F82020BB79054AEA
:203D4000936200BF0C37BD465DF8047B704700BF5C240010D425001080B588B000AF034621
:203D6000FB710B46BB7113467B710023FB610023FB760BF097F803467B619F4B1B78002BAB
:203D80000AD09E4B1B687A69D31A40F2EE22934202DD994B00221A70BB790D2B06D9BB7908
:203DA000132B03D8964B01225A7066E0BB79152B06D9BB791A2B03D8914B03225A705CE028
:203DC000BB791A2B06D9BB791C2B03D88C4B07225A7052E0BB791F2B06D9BB79252B03D87D
:203DE000874B02225A7048E0BB79252B06D9BB792A2B03D8824B04225A703EE0BB792A2BB0
:203E000006D9BB79302B03D87D4B05225A7034E0BB79352B06D9BB79362B03D8784B0522BF
:203E20005A702AE0BB79622B06D9BB79632B03D8734B0A225A7020E0BB79652B06D9BB79E6
:203E40006B2B03D86E4B06225A7016E0BB79632B06D9BB79652B03D8694B09225A700CE07B
:203E6000BB796D2B06D9BB79702B03D8644B08225A7002E0624B00225A70624B93F86F31F7
:203E8000FA799A4240F0C1825D4B5B780A2B00F2BC8201A252F823F0E5431008C53E100825
:203EA000353F1008A93F100819401008D9421008854010089F4110080D4210085B431008E0
:203EC0008F431008BB790E3B4F4AD35CFB617B79DB0003F47E724D49FB6941F823207B7937
:203EE000DB0003F47E724749FB6906339B000B445A60474AFB69134401221A70414B1B7817
:203F0000002B40F071823E4B01221A703C4AFB691344023301221A707B79002B03D07B7914
:203F200003F07F0300E001233549FA69023241F8223059E2BB79203B334AD35CFB617B79A2
:203F4000DB0003F47E723149FB69063341F823207B79DB0003F47E722A49FB690C339B00A5
:203F60000B445A602A4AFB691344063301221A70244B1B78012B40F03982214B01221A70F1
:203F80001F4AFB691344023301221A707B79002B03D07B7903F07F0300E001231849FA69F8
:203FA000023241F8223021E2BB79163BFB61154AFB69134403331B78FB607B79032B28BF17
:203FC0000323D9B20F4AFB69134403330A461A70BB79182B40F00C82FB68022B40F008828D
:203FE000084AFB69134403331B78032B40F00082084B01221A70FBE11C2A0010202A00107F
:20400000D42500105C2400103C030010FC2200108C23001034270010BB792A2B1FD0BB79B4
:20402000253BFB61FB69012B0DD07B79002B14BF01230023DBB21946994AFB691344083359
:204040000A461A70E1E17B79022B28BF0223D9B2934AFB69134408330A461A70D5E1904BCE
:204060001B78012B09D07B79002B14BF01230023DAB28B4B83F81A21C7E18A4B012283F83C
:204080002020C2E1864B1B78002B40F0B381BB79662B21D1824BD3F82031002B17D17B79A3
:2040A000002B14BF01230023DBB21A467C4B93F80C319A4204D17B4B93F82130002B01D0F0
:2040C000012200E00022774B83F8212065E0754B012283F8232060E0BB79672B16D1704BAF
:2040E000D3F82031002B0CD16D4B5B79002B04D16C4B012283F820204FE06B4B01221A70E9
:204100004BE0684B012283F8222046E0BB79682B08D1634BD3F82031012B3ED1614B012247
:204120001A663AE0BB79692B08D15D4BD3F82031012B32D15B4B02221A662EE0BB796B2B2F
:2041400008D1574BD3F82031012B26D1554B03221A6622E0BB796A2B1FD1514B5B79032B07
:2041600017D07B79002B14BF01230023DBB21A464B4B93F80D319A4204D14A4B93F82730AB
:20418000002B01D0012200E00022464B83F8272003E0444B012283F8272000BF2AE1BB7956
:2041A0001B2B16D13E4B002283F82C213F4B02225A627B793A4AC2F82831394BD3F82831C2
:2041C0003B4A13603B4B01221A703B4B01221A7012E1BB791C2B40F00F81384B1B7883F0CA
:2041E0000103DBB2002B00F007812D4B002283F82C212E4B02225A622F4B01221A70304A2F
:204200007B6913602D4B01221A70F5E0BB796E2B35D17B79012B14BF01230023DBB21A4653
:204220001F4B83F87121274B01221A707B79012B0FD81B4B002283F8702100220821224898
:204240000FF0F4FC01224FF4005120480FF0EEFC11E07B79012B0ED9114B012283F87021E4
:204260000122082118480FF0E1FC00224FF4005116480FF0DBFC164B01221A70BEE0BB79EC
:20428000702B40F0BB807B79022B28BF0223DAB2034B83F872210F4B01221A70AEE000BFAF
:2042A0005C240010F0230010D11E0010D4250010702000101E280010142800101C2A0010AB
:2042C000202A0010172800100010025800080258152800101A280010BB792F2B10D8BB7920
:2042E0002B3BFB617B79002B14BF01230023DBB21946484AFB6913440D330A461A707FE011
:20430000BB79302B15D17B79002B14BF01230023DAB2404B83F81B213E4B93F81B3183F04E
:204320000103DBB21A464FF400613B480FF07EFC66E0BB79362B63D1364B93F818313B61EC
:204340007B790A2B04D87B79C3F10C03DBB200E00123304A82F8183152E0BB79642B0FD1FE
:204360002E4B01221A707B7907EE903AB8EE677ADFED2B6AC7EE267A2A4BC3ED007A41E067
:20438000BB79652B3ED1254B00221A703AE0264B5B68264A5288114618460FF02FFC03466E
:2043A000002B14BF01230023DAB2214B1A70204B1B78002B28D01F4BDB7A002B24D01E4BCE
:2043C0001B78002B14BF01230023DBB283F00103DBB203F00103DAB2174B1A70174B012280
:2043E0001A7011E000BF10E000BF0EE000BF0CE000BF0AE000BF08E000BF06E000BF04E0A3
:2044000000BF02E000BF00E000BF00BF2037BD4680BD00BF5C24001000180258DD1E00107B
:204420000000FE42E81E00100C0000102400001050290010F0230010332700101B2800106D
:2044400080B489B000AF0346FB710B46BB7113467B71FB79002B68D00023FB6126E05C4AC7
:20446000FB6932F913301A46BB799A421BD1FB69BB610BE0BB690133554A32F91310544AC0
:20448000BB6922F81310BB690133BB61514B1B78013BBA699A42EDDB4E4B1B78013BDAB221
:2044A0004C4B1A7008E0FB690133FB61494B1B781A46FB699342D2DB464B1B780F2B0CD850
:2044C000444B1B785A1CD1B2424A11701A46BB7919B23F4B23F8121018E000237B610BE0AC
:2044E0007B6901333A4A32F91310394A7B6922F813107B6901337B617B690E2BF0DDBB791C
:204500001AB2334BDA83334B10221A70324B01221A70304B1B78013B2D4A32F913202F4BF7
:204520001A802F4A7B7913704CE00023FB740023FB602EE0264AFB6832F913301A46BB79D2
:204540009A4223D1234B1B78013BFA689A4201D10123FB74FB68BB600BE0BB6801331C4A85
:2045600032F913101A4ABB6822F81310BB680133BB60184B1B78013BBA689A42EDDB154B5F
:204580001B78013BDAB2134B1A7008E0FB680133FB60104B1B781A46FB689342CADB0D4B7B
:2045A0001B78002B03D10C4B00221A700AE0FB7C002B07D0074B1B78013B054A32F9132035
:2045C000064B1A8000BF2437BD465DF8047B704754290010742900107529001076290010B1
:2045E0007829001080B584B000AF0123FB73734B1B78002B00F04D81714B1B68714AD25CFE
:20460000714B1A706E4B1B680133DBB26C4A13606E4B1B68002B12D16D4B93F87031012BD4
:204620000DD1694B1B78F82B09D0674B1B78FA2B05D0012301226449664815F047FB624B84
:204640001B78DB09DAB2644B1A70634B1B78012B15D15D4B1B781B11DBB203F00703DAB24E
:204660005E4B1A705D4B1B78072B05D05C4B00221A700123FB7304E00023FB7301E0012366
:20468000FB73FB7B002B00F0FB80554B1B78002B3DD1514B1B78012B15D14B4B1A78514B2F
:2046A0001A70504B1B78F62B09D94D4B00221A704D4B00221A704D4B00221A70E0E0484B20
:2046C00001221A70DCE0444B1B78002B40F0D8803D4B1A78444B1A70424B1B78CF2B12D865
:2046E000404B1B78BF2B0ED93D4B00221A70404B1B783D4A127811461846FFF70DFB3B4B2F
:2047000000221A70BCE0364B02221A70B8E0344B1B78012B38D1334B1B7803F00F03DBB2A0
:204720000133DAB2324B1A70294B93F87431002B0BD0274B002283F874212D4B1A78244BEB
:2047400083F86F212B4B01221A701F4B1A78264B1A70244B1B78CF2B12D8224B1B78BF2B64
:204760000ED91F4B00221A70214B1B781E4A127811461846FFF7D0FA1C4B00221A707FE064
:20478000174B02221A707BE0154B1B78022B77D10D4B1A78154B1A70124B1B78AF2B2BD9A4
:2047A000104B1B78BF2B27D8114B1B780E4A11780E4A12781846FFF7CFFA5EE04829001094
:2047C00044290010402800104E290010B00000105C240010D40B00104F290010380300104B
:2047E000492900104A2900104B2900104C2900104D29001018280010284B1B785BB2002B97
:204800003BDA264B1B789F2B37D8254B93F87231012B06D1224B93F86F21224B1B789A42A1
:2048200004D01F4B93F87231012B26D91B4B1B781B09DBB203F00103BB601B4B1B787B6051
:204840001A4B1B783B603B68002B01D10023BB60BB68DBB27A68D1B23A68D2B21846FFF758
:20486000EFFD134B01221A70124B00221A60BB687F2B02DD0E4B00221A700F4B00221A7091
:204880000E4B1A680E4B1B689A4202D10D4B00221A7000BF1037BD4680BD00BF4A29001026
:2048A0005C2400104D2900104B2900104C290010512900107C29001049290010442900109B
:2048C000402900104829001080B586B000AF786087ED000A97ED007ADFED3D6AC7EE267AA8
:2048E000C7ED057AD7ED057AB2EE067A67EE877AC7ED047A3869FBF757FE02460B4643ECEA
:20490000102B19F081FA53EC102B10461946FCF73DF90346FB60FB6807EE903AF8EEE77A73
:2049200097ED047A77EE677AC7ED027A294AFB689C3332F8133007EE903AB8EEE77AFB68C4
:204940000133244A9C3332F813301946214AFB689C3332F81330CB1A07EE903AF8EEE76A35
:20496000D7ED027A66EEA77A77EE277AFDEEE77A17EE902A7B681A60164AFB68A83332F84C
:20498000133007EE903AB8EEE77AFB680133114AA83332F8133019460E4AFB68A83332F8B5
:2049A0001330CB1A07EE903AF8EEE76AD7ED027A66EEA77A77EE277A7B680433FDEEE77AB8
:2049C00017EE902A1A6000BF1837BD4680BD00BF000000455C24001080B58AB000AF7860C6
:2049E00039606423BB6104237B616D4B3B614FF07A53FB600AF056FAB8606A4B1B68022BF6
:204A000062D0022B00F3B280002B02D0012B1ED0ACE0644B01221A6000237B6213E07B6A4B
:204A20009B003A6813444FF000021A605E497B6ABA6841F823205D4A7B6A134400221A706E
:204A40007B6A01337B627B6A012BE8DD8EE000233B6224E0564A3B6A4C339B00134493ED22
:204A6000007A3B6A9B003A681344D3ED007AB4EEE77AF1EE10FA0FDD3B6A9B003A68134438
:204A80004B493A6A4C3292000A4412681A6046493B6ABA6841F823203B6A01333B623B6A9F
:204AA000012BD7DD404B1B68BA68D21ABB699A425BD93D4B5B68BA68D21ABB699A4254D940
:204AC000384B02221A6050E00023FB6149E0FB699B003A68134493ED007AD7ED036AD7EDF6
:204AE000047A76EEE77AB4EEE77AF1EE10FA0FD5FB699B007A6813441968FB699B007A6809
:204B000013447A698A1A1A60264B00221A6025E0FB699B003A68134493ED007AD7ED036A08
:204B2000D7ED047A76EEA77AB4EEE77AF1EE10FA0FDDFB699B007A6813441968FB699B001E
:204B40007A6813447A690A441A60164B00221A6004E0164AFB69134401221A70FB69013330
:204B6000FB61FB69012BB2DD00E000BF0F4B1B78002B0FD00D4B5B78002B0BD00B4B00227B
:204B80005A700A4B5A78094B1A70064B00221A60012300E0002318462837BD4680BD00BF76
:204BA0006F12033BF02A0010F42A0010FC2A00105C2400100000000080B588B000AF786024
:204BC00039606423FB600423FB610AF06BF9B860914B1B68022B00F08480022B00F3E18060
:204BE000002B02D0012B28D0DBE08B4B01221A600023BB611DE0BB699B003A6813441A68F0
:204C00008649BB699B000B441A60BB699B003A6813444FF000021A608149BB69BA6841F881
:204C20002320804ABB69134400221A70BB690133BB61BB69012BDEDDB3E000237B6124E02B
:204C4000794A7B694C339B00134493ED007A7B699B003A681344D3ED007AB4EEE77AF1EEAE
:204C600010FA0FDD7B699B003A6813446E497A694C3292000A4412681A6069497B69BA6822
:204C800041F823207B6901337B617B69012BD7DD634B1B68BA68D21AFB689A427ED9604B60
:204CA0005B68BA68D21AFB689A4277D95A4B02221A603B68D3ED006A584B93ED007AC6EE33
:204CC000877A5A4BC3ED0E7A3B680433D3ED006A524B93ED017AC6EE877A544BC3ED0F7ACD
:204CE0005CE000233B6144E07B6804331B6813F1FB0F02DB1023FB6101E00423FB613B6976
:204D00009B007A6813441B68002B0CD13B699B007A68134419683B699B007A681344FA6960
:204D20008A1A1A6022E0414A3B690E339B0013441B681846FBF738FC35A3D3E90023FBF741
:204D40001BFF0346002B0CD03B699B007A68134419683B699B007A681344FA698A1A1A60F7
:204D600004E0304A3B69134401221A703B6901333B613B69012BB7DD2A4B1B7883F00103D6
:204D8000DBB2002B06D1274B5B7883F00103DBB2002B05D0204B00221A6001E000BF00E0B4
:204DA00000BF204B1B78002B2DD01E4B5B78002B29D01C4B00225A701A4B5A78194B1A7036
:204DC000154B00221A607B681A687B6804331B689A420BDA154BDA687B68043319687B68F4
:204DE0001B68CB1A1344114AD3600AE00F4B9A687B6819687B6804331B68CB1A13440B4A8E
:204E00009360012300E0002318462037BD4680BD14AE47E17A14F03FB82A0010BC2A0010F4
:204E2000C42A0010CC2A00105C2400105027001080B58CB000AFF860B9607A6064237B6288
:204E40005B4B3B625B4BFB614FF07A53BB610AF029F87861584B1B68022B62D0022B00F34C
:204E60009080002B02D0012B1ED08AE0524B01221A600023FB6213E0FB6A9B00BA6813447B
:204E80004FF000021A604D49FB6A7A6941F823204B4AFB6A134400221A70FB6A0133FB620A
:204EA000FB6A012BE8DD6CE00023BB6224E0454ABB6A4C339B00134493ED007ABB6A9B002D
:204EC000BA681344D3ED007AB4EEE77AF1EE10FA0FDDBB6A9B00BA6813443A49BA6A4C32E9
:204EE00092000A4412681A603449BB6A7A6941F82320BB6A0133BB62BB6A012BD7DD2F4BE8
:204F00001B687A69D21A7B6A9A4239D92B4B5B687A69D21A7B6A9A4232D9274B02221A6088
:204F20002EE07B689B00BA68134493ED007A7B68002B01D1042300E00023BA681344D3ED2F
:204F4000007AB4EEE77AF1EE10FA13D57B689B00FA68134493ED007A7B689B00FA6813449B
:204F6000D7ED087A77EE277AC3ED007A124B00221A6006E0124A7B68134401221A7000E0B9
:204F800000BF0F4A7B6813441B78002B0BD00C4B00225A700A4B5A78094B1A70064B00226B
:204FA0001A60012300E0002318463037BD4680BD6F12833A6F12033BD02A0010D42A001036
:204FC000DC2A00105C24001080B58AB000AF7860396064237B6109F065FF3861614BFB603C
:204FE0004FF07A53BB6004237B625F4B1B68022B62D0022B00F39D80002B02D0012B1ED0A6
:2050000097E0594B01221A6000233B6213E03B6A9B003A6813444FF000021A6053493B6AF0
:205020003A6941F82320524A3B6A134400221A703B6A01333B623B6A012BE8DD79E0002385
:20504000FB6124E04B4AFB694C339B00134493ED007AFB699B003A681344D3ED007AB4EEB8
:20506000E77AF1EE10FA0FDDFB699B003A6813444049FA694C3292000A4412681A603B4940
:20508000FB693A6941F82320FB690133FB61FB69012BD7DD354B1B683A69D21A7B699A4203
:2050A00046D9324B5B683A69D21A7B699A423FD92D4B02221A603BE00023BB6134E0BB6982
:2050C0009B007A6813441B68932B02DC10237B6201E004237B62BB699B003A68134493EDB0
:2050E000007AD7ED026AD7ED037A76EEE77AB4EEE77AF1EE10FA0FDDBB699B007A68134430
:205100001968BB699B007A6813447A6A0A441A60154B00221A6004E0154ABB69134401228D
:205120001A70BB690133BB61BB69012BC7DD00E000BF0F4B1B78002B0FD00D4B5B78002B91
:205140000BD00B4B00225A70094B5A78084B1A70054B00221A60012300E00023184628375F
:20516000BD4680BD0AD7A33CE02A0010E42A0010EC2A00105C24001080B596B004AF0023F0
:205180007B6007F108033C220021184618F0ECFC00233B602F4B9B681BB23B803B467B6441
:2051A0007B6C1B783B717B6C5B787B71294BDB681BB27B803B4602337B647B6C1B783B72E8
:2051C0007B6C5B787B72244B7B647B6C1B783B737B6C5B787B737B6C9B78BB737B6CDB78A8
:2051E000FB731E4B7B647B6C1B783B747B6C5B787B747B6C9B78BB747B6CDB78FB74154BF5
:205200001B6B1B12DBB23B75124B1B6BDBB27B75104B5B6B1B12DBB2BB750E4B5B6BDBB287
:20522000FB75012387F843304FF47A730293402301933B1D009302234FF47D52AE210848EB
:205240000EF01CFF052009F039FE00BF4837BD4680BD00BF50270010682700106C270010DA
:20526000D40700100000000080B588B000AF0023FB7709F017FE78609E4B93F84030082B95
:2052800000F2308301A252F823F000BFB152100837531008DD53100825551008CD551008D9
:2052A000B55610081F571008E957100869581008904B072283F841200023BB611CE08D4A1A
:2052C000BB690233002142F823108A4ABB690433002142F82310874ABB6906339B0013440A
:2052E0004FF07E521A60834ABB690C33002142F82310BB690133BB61BB69012BDFDD7E4B1E
:2053000093F8403083F00103DBB2002B00F0D982794B012283F83820774B36221A60764B09
:205320004E225A60734B012283F84020724B012283F84020C5E26F4B9B689BB203F5F673BA
:205340009AB26E4B1A806B4BDB689BB203F5F6739AB26A4B5A806A4B40F6FF721A80684B83
:2053600040F6FF725A80674B674A1A60654B664A5A6000237B6119E05E4A7B69023352F8B2
:205380002330642B07DC5B4A7B69023352F8233013F1640F07DA574B012283F84120554B54
:2053A000072283F840207B6901337B617B69012BE2DD50495548FFF70FFB0346002B00F08C
:2053C00082824C4B022283F840204A4B9B68504A1360484BDB684E4A536074E2454B9B6884
:2053E0009AB2444B1B699BB213449BB203F5F6739AB2424B1A803F4BDB689AB23D4B5B6924
:205400009BB213449BB203F5F6739AB23B4B5A803B4B40F6FF721A80394B40F6FF725A80C2
:20542000384B394A1A60374B374A5A60394B4FF07E521A6000233B6118E02E4A3B69043318
:2054400052F823202B493B69023351F82330134413F5F67F07DA274B022283F84120254B3F
:20546000072283F840203B6901333B613B69012BE3DD204B1A691F4B5B69D31A002BB8BF79
:205480005B42642B07DD1B4B022283F84120194B072283F8402017491F48FFF78DFB0346A0
:2054A000002B00F012821A4B1A68124B9B689A420AD01A4B00221A600E4B082283F84020E1
:2054C000174A7B68136000E2114B5A68094BDB689A420AD0114B01221A60064B082283F8D9
:2054E00040200F4A7B681360EFE1024B042283F84020EAE150270010882000108C1E0010BB
:20550000781E0010801E001000F07F4558270010A02A00103426001060270010A82A001037
:20552000AC2A0010A04B9B689BB203F5F6739AB29E4B1A809C4BDB689BB203F5F6739AB2F6
:205540009A4B5A809A4B40F6FF721A80984B40F6FF725A80974B984A1A60964B964A5A6049
:20556000964B4FF07E521A600023FB601BE08E4AFB6806339B0013441B681846FBF714F803
:2055800087A3D3E90023FBF7F7FA0346002B07D0854B032283F84120834B072283F8402031
:2055A000FB680133FB60FB68012BE0DD844B1B681A467D498348FFF73BFC0346002B00F0D9
:2055C0008681794B042283F8402080E1764B9B689BB203F5F6739AB2744B1A80724BDB6887
:2055E0009BB203F5F6739AB2704B5A80704B40F6FF721A806E4B40F6FF725A806D4B6E4A76
:205600001A606C4B6C4A5A60674B1B6B9BB203F596739AB26C4B1A80634B5B6B9BB203F50D
:2056200096739AB2684B5A800023BB6012E05E4ABB680C3352F82330B3F5167F07DD5A4BEB
:20564000042283F84120584B072283F84020BB680133BB60BB68012BE9DD53495B48FFF7E5
:20566000B3FC0346002B00F034814F4B1A6B4E4B5B6B9A420ADD4C4B1A6B4B4B5B6BD31ABC
:20568000494A1363484B00225A6309E0464B5A6B454B1B6BD31A444A5363434B00221A63DC
:2056A000FFF76AFD404B062283F84020484A7B6813600EE1474B40F6FF721A80464B40F68E
:2056C000FF721A803A4B00221A80394B00225A80354B9B6A03F5F67307EE903AF8EEE77A12
:2056E000344BC3ED007A304BDB6A03F5F67307EE903AF8EEE77A2F4BC3ED017A374B002291
:205700001A80364B00225A8027493548FFF764F90346002B00F0DF800123FB77DBE0234BB0
:2057200040F6FF721A80214B40F6FF725A80204B40F6FF721A801E4B40F6FF725A801D4B3D
:205740001D4A1A601B4B1C4A5A601F4B00221A801D4B00225A801E4B1B687A68D31AB3F5F5
:20576000FA7FC0F0BA801F4B93F8403083F00103DBB2002B00F0B1801A4B012283F83820B6
:20578000184B36221A60174B4D225A600123FB77144B012283F840209FE000BFAFF30080F6
:2057A0009A9999999999F13F502700108C1E0010781E0010801E001000F07F45342600106F
:2057C000A82A001068270010881E001080270010B02A0010701E0010721E00107C1E001009
:2057E0007827001088200010414B40F6FF721A803F4B40F6FF725A803E4B40F6FF721A80A0
:205800003C4B40F6FF725A803B4B3C4A1A603A4B3A4A5A603A4B00221A80394B00225A8076
:20582000384B1B7883F00103DBB2002B57D0364B93F8403083F00103DBB2002B4FD0314BB6
:2058400001221A70304B012283F838202E4B36221A602E4B93F841301A462B4B5A602A4B65
:20586000012283F840203AE0284B9B689BB203F5F6739AB21E4B1A80244BDB689BB203F5A6
:20588000F6739AB21A4B5A801A4B40F6FF721A80184B40F6FF725A80174B184A1A60164BEB
:2058A000164A5A601A4B4FF07E521A60194B1B687A68D31AFA2B14D9144B032283F84020B9
:2058C0000FE000BF0EE000BF0CE000BF0AE000BF08E000BF06E000BF04E000BF02E000BF89
:2058E00000E000BFFB7F18462037BD4680BD00BF8C1E0010781E0010801E001000F07F4519
:20590000881E0010B42A0010882000105027001034260010AC2A001080B400AFA64B1B68FD
:20592000012B40F04481A44B00221A60A34B1B8807EE903AB8EEE77AA14BD3ED006A9F4B64
:205940001B8807EE903AF8EEE77A76EEE76A9D4BD3ED007A66EEA77A77EE277AFCEEE77A01
:2059600017EE903A9AB2954B1A80944B5B8807EE903AB8EEE77A924BD3ED016A8F4B5B8845
:2059800007EE903AF8EEE77A76EEE76A8D4BD3ED007A66EEA77A77EE277AFCEEE77A17EE6F
:2059A000903A9AB2854B5A80874B1B8807EE903AB8EEE77A854BD3ED006A834B1B8807EE8C
:2059C000903AF8EEE77A76EEE76A7E4BD3ED007A66EEA77A77EE277AFCEEE77A17EE903A69
:2059E0009AB2794B1A80784B5B8807EE903AB8EEE77A764BD3ED016A734B5B8807EE903A45
:205A0000F8EEE77A76EEE76A6E4BD3ED007A66EEA77A77EE277AFCEEE77A17EE903A9AB2B6
:205A2000694B5A806A4B1B8807EE903AB8EEE77A684BD3ED006A664B1B8807EE903AF8EEE4
:205A4000E77A76EEE76A5F4BD3ED007A66EEA77A77EE277AFCEEE77A17EE903A9AB25C4BC4
:205A60001A805B4B5B8807EE903AB8EEE77A594BD3ED016A564B5B8807EE903AF8EEE77AE4
:205A800076EEE76A4F4BD3ED007A66EEA77A77EE277AFCEEE77A17EE903A9AB24C4B5A802B
:205AA0004D4B1B8807EE903AB8EEE77A4B4BD3ED006A494B1B8807EE903AF8EEE77A76EE84
:205AC000E76A404BD3ED007A66EEA77A77EE277AFCEEE77A17EE903A9AB23F4B1A803E4B22
:205AE0005B8807EE903AB8EEE77A3C4BD3ED016A394B5B8807EE903AF8EEE77A76EEE76A29
:205B0000304BD3ED007A66EEA77A77EE277AFCEEE77A17EE903A9AB22F4B5A80304B93EDA0
:205B2000007A304BD3ED006A2D4BD3ED007A76EEE76A244BD3ED007A66EEA77A77EE277ABB
:205B4000274BC3ED007A264B93ED017A254BD3ED016A234BD3ED017A76EEE76A194BD3ED20
:205B6000007A66EEA77A77EE277A1D4BC3ED017A1D4B1B8807EE903AB8EEE77A1B4BD3EDA6
:205B8000006A194B1B8807EE903AF8EEE77A76EEE76A0C4BD3ED007A66EEA77A77EE277ACD
:205BA000FCEEE77A17EE903A9AB20F4B1A8000BFBD465DF8047B704780290010781E0010DF
:205BC000481E001044030010941E0010681E00108C1E0010601E00107C1E0010501E001030
:205BE000801E0010581E0010741E0010281E001080B400AF414B93F82130002B0AD0404B9E
:205C00005B79032B06D03F4B01221A703B4B002283F821203B4B1B78002B04D1374B93F8EB
:205C20002A30002B65D0384B93F8403083F00103DBB2002B5DD0334B00221A702F4B93F8A1
:205C40002A3083F00103DBB2002B14D02C4B93F80C31002B14BF01230023DBB283F001034F
:205C6000DBB203F00103DAB2254B83F80C21244B002283F80D21214B002283F82A20224B02
:205C8000012283F84020204B012283F838201E4B38221A601A4B5B79032B1BD0184B93F828
:205CA0000C3183F00103DBB2002B03D0164B00225A601EE0124B93F80D3183F00103DBB240
:205CC000002B03D0104B01225A6012E00E4B02225A600EE00A4B93F80C3183F00103DBB256
:205CE000002B03D0084B03225A6002E0064B01225A6000BFBD465DF8047B7047F0230010F4
:205D00005C240010602A00108820001080B500AF864B93F86E31022B00F08380022B00F382
:205D20000381002B02D0012B59D0FDE0804B93F82B30002B25D07E4B002283F82B207B4B68
:205D4000D3F82831591C7B4B83FB01239A10CB17D21A13469B0013445B00CA1A734BC3F8C7
:205D60002821724BD3F82831734A1360724B1B68DBB21A460021FE20FBF7C0F96F4B0122D5
:205D80001A706B4B93F82C30002B00F0C880684B002283F82C20654BD3F8283103F109010B
:205DA000644B83FB01239A10CB17D21A13469B0013445B00CA1A5D4BC3F828215B4BD3F873
:205DC00028315D4A13605C4B1B68DBB21A460021FE20FBF793F9594B01221A709FE0544B0D
:205DE00093F82B30002B0ED0514B002283F82B204E4B9B7A0133002B03F00103B8BF5B4218
:205E0000DAB24A4B9A724A4B93F82C30002B00F08880474B002283F82C20494B01221A70FA
:205E20007FE0434B93F83730002B0CD0404B002283F837203D4B5B79032B1DD13C4B0122DB
:205E400083F8222018E03A4B93F82B30002B13D0374B002283F82B20344B5B79032B07D052
:205E6000324B5B79002B03D0364B01221A7003E02F4B012283F820202D4B93F83830002BD4
:205E80000CD02B4B002283F83820284B5B79032B37D1274B012283F8232032E0244B93F8DF
:205EA0002C30002B2DD0224B002283F82C201F4B5B79032B21D01D4B93F80C31002B14BF7D
:205EC00001230023DBB283F00103DBB203F00103DAB2164B83F80C21154B012283F82A2016
:205EE000124B93F80C3183F00103DBB2002B08D00E4B002283F80D2103E00D4B012283F879
:205F000021200B4B93F83030002B0CD0084B002283F83020064B012283F8272003E000BFE0
:205F200002E000BF00E000BF00BF80BD5C240010F023001067666666702000107820001091
:205F4000CE1E0010D11E001080B500AF0F4B93F82030002B17D00D4B002283F820200B4B90
:205F60009B6A0B4A13600A4B1B680A4AC2F82831074B1B68DBB21A460021FE20FBF7BEF86C
:205F8000054B01221A7000BF80BD00BFD4250010702000105C2400107820001080B500AF84
:205FA000FFF726FE294B93F82730002B4CD0284B93F80C3183F00103DBB2002B08D0234B7A
:205FC000002283F82720224B002283F80D213BE0204B93F8403083F00103DBB2002B33D0F2
:205FE0001A4B002283F82720194B93F80D31002B14BF01230023DBB283F00103DBB203F062
:206000000103DAB2124B83F80D21114B93F80D31002B02D0104B00221A700E4B012283F8CA
:2060200040200C4B012283F838200A4B38221A60074B93F80D31002B03D0064B02225A6042
:2060400002E0044B01225A6000BF80BDF02300105C24001088200010D01E001080B483B066
:2060600000AF0023FB71344B1B68022B5ED1334BD3F82031012B59D10023FB71304B1A78F8
:20608000304B1B789A4205D02D4B1A782D4B1A700123FB71294B93F82531002B28D02A4BB8
:2060A0001B68002B24DDFB79002B04D0274B1B680133264A1360254B1A68234B1B689A42F3
:2060C00033DB234B1B78002B06D0214B00221A701E4B00221A6028E01C4B00221A60174B26
:2060E00093F81D31032B20D01A4B01221A701CE0124B93F8253183F00103DBB2002B15D049
:206100000E4B93F81D31012B10D1FB79002B0DD00D4B1B6801330C4A13600B4B1B680B4ABE
:2061200013600B4B01221A7000E000BF00BF0C37BD465DF8047B7047BC1E00105C24001040
:206140004C2700109C2A001084290010882900109D2A00108C29001080B483B000AFA54BC6
:20616000012283F80C21A34B93F81D317B710123FB710023BB71A04B1B68022B0DD1002326
:20618000FB719E4B1A789E4B1B789A4205D09B4B1A789B4B1A700123FB719A4B1B6E032BD7
:2061A00069D801A252F823F077621008B961100819621008516210088E4B93F81D31032B3D
:2061C0001DD1914B93F8403083F00103DBB2002B50D0884B012283F81D21864B002283F88E
:2061E0000D21894B38221A60874B01225A60864B012283F84020834B00221A663AE07D4BF9
:2062000093F81D31012B35D07E4B012283F822207C4B00221A662DE0764B93F81D31032B8D
:2062200004D1784B012283F823200DE0714B93F81D31022B08D06F4B93F81D31042B03D0C9
:20624000704B012283F822206E4B00221A6612E0684B93F81D31032B08D0664B93F81D313A
:20626000042B03D0674B012283F82320654B00221A6600E000BF654B1B68012B03D0634BB8
:206280001B68032B3BD1604B93F8403083F00103DBB2002B33D05D4B1B6801335B4A1360F2
:2062A000544B93F81F21534B83F81D21514B93F81D31012B03D1544B01225A6014E04D4BA0
:2062C00093F81D31022B03D14F4B02225A600BE0484B93F81D31032B03D14B4B04225A609D
:2062E00002E0494B03225A60474B012283F83820454B38221A60444B012283F84020414B44
:2063000093F82230002B0ED03E4B93F8253083F00103DBB2002B06D03D4B01221A70394B70
:20632000002283F82220374B93F82330002B0ED0344B93F8243083F00103DBB2002B06D0B2
:20634000334B01225A702F4B002283F82320304B5B78002B02D0FB79002B05D1294B93F8B9
:206360002A30002B00F08780274B93F8403083F00103DBB2002B7ED0254B00225A70214BEF
:2063800093F82A3083F00103DBB2002B46D0194B93F81D31012B04D0164B93F81D31022B2F
:2063A00007D1144B032283F81D21174B04225A6056E0104B93F81D31032B13D10D4B93F827
:2063C0002531002B06D0134B4FF0FF321A60124B01221A70074B022283F81D210A4B02226C
:2063E0005A603DE0084B03225A60024B042283F81F2135E05C240010BC1E00104C27001054
:20640000612A0010F02300108820001038270010642A001088290010662A0010A74B002284
:2064200083F82A20A64B93F81D31012B03D1A54B01225A6014E0A24B93F81D31022B03D145
:20644000A04B02225A600BE09D4B93F81D31032B03D19C4B04225A6002E09A4B03225A6058
:20646000984B012283F83820964B38221A60954B012283F84020914B93F82730002B30D0C7
:20648000904B93F8403083F00103DBB2002B28D08A4B002283F82720894B93F81D31032B6B
:2064A00008D0874B042283F81D21854B012283F8242102E0844B01221A70844B00221A60D7
:2064C000834B00221A607F4B012283F838207D4B38221A607B4B03225A607A4B012283F8EE
:2064E00040207C4B1B78002B6FD0754B93F8243183F00103DBB2002B02D00123BB7104E0A3
:20650000FB79002B01D00123BB716E4B93F8403083F00103DBB2002B57D0BB79002B54D02E
:206520006C4B00221A70674B012283F83820654B38221A60624B93F81D31022B04D0604B9A
:2065400093F81D31042B0BD15D4B012283F81D215B4B002283F80D215A4B01225A6030E0D0
:20656000574B93F81D31012B04D0554B93F81D31032B26D1524B93F81A3183F00103DBB28B
:20658000002B07D14E4B93F8243183F00103DBB2002B07D04A4B022283F81D21494B02224F
:2065A0005A600AE0464B052283F81D21454B01225A60434B002283F82421414B002283F8C0
:2065C0002421404B012283F840203D4B93F81D31042B04D13A4B002283F825210DE0384BB0
:2065E00093F81D31022B04D0354B93F81D31052B03D1334B012283F82521374B1B78002BC2
:2066000017D0354B00221A702D4B022283F81D212B4B93F81A31002B07D0294B052283F8AE
:206620001D21274B002283F824212C4B01221A7025E02A4B1B78002B21D0224B93F8403013
:2066400083F00103DBB2002B19D0244B00221A701C4B012283F838201A4B38221A60184B0E
:2066600093F81D31022B03D1164B02225A6002E0144B01225A60134B012283F84020104B2C
:2066800093F81D317A799A4211D07B79052B01D07B7900E001230A4A82F81F31084B93F888
:2066A0001F31012B03D1064B022283F81F2100BF0C37BD465DF8047B704700BFF0230010E8
:2066C0005C24001088200010D21E00108429001088290010642A0010D51E0010672A0010B2
:2066E00080B489B000AF0346FB7100233B610023FB600023BB604D4B1B68FB614C4B1B78AD
:20670000002B09D04B4B1B7883F00103DBB2002B02D0494B1B68FB61FB7983F00103DBB260
:20672000002B16D00023BB610CE0444ABB6952F823204349BB6906339B000B445A60BB692D
:206740000133BB61BB69052BEFDD3E4B00221A6065E000237B615FE0BB689A1C384913466E
:206760005B0013445B007A69134406339B000B445B68B3F5007F14DA304A7B6952F82320EC
:206780002F497B6924339B000B445A602B4A7B6952F823202A497B6906339B000B445A6088
:2067A00037E0BB68DA1C264913465B0013445B007A69134406339B000B445B683B61BB68F5
:2067C0001A1D1F4913465B0013445B007A69134406339B000B445B68FB603B6907EE903AD6
:2067E000B8EEE77AFA683B69D31A07EE903AF8EEE76AD7ED077A66EEA77A77EE277AFDEEFE
:20680000E77A17EE901A0E4A7B6924339B00134459607B6901337B617B69052B9CDD00BFEA
:206820002437BD465DF8047B704700BFE01E0010DD1E0010DC1E0010E81E0010FC22001049
:206840005C2400105C2A0010B0B598B000AF714B07F124041D460FCD0FC495E80F0084E8D0
:206860000F006D4B3C1D1D460FCD0FC495E80F0084E80F00002387F85F300023BB656BE11F
:20688000664ABB6D134402331B78002B71D0BB6D022B0CD1624B93F81031002B07D0614B3C
:2068A00001221A705D4B002283F820205BE0BB6D002B07D15C4B1B78002B03D05A4B002241
:2068C0001A7050E0BB6D022B1AD1554B1B78022B16D1534ABB6D134403331B785A1C534B7E
:2068E00083FB0231D317C91A0B465B000B44D11AC9B24B4ABB6D134403330A461A7013E0A2
:20690000474ABB6D134403331B7801335A4203F0030302F0030258BF5342D9B2404ABB6DF5
:20692000134403330A461A70BB6D022B06D13C4B5B79032B02D1012387F85F30BB6D012BE2
:2069400011D1374B1B78022B0DD0354ABB6D134403331B78002B03D0314B0122DA7502E0A1
:206960002F4B0022DA752D4ABB6D1344023300221A70BB6D012B29D1284B93F82030002B8E
:2069800024D0274B5B79002B20D1244B002283F82020234BDB7D002B14BF01230023DBB2BD
:2069A00083F00103DBB203F00103DAB21C4BDA751B4B1B79002B09D1194BDB7D002B05D0DF
:2069C000174B1B790133DAB2154B1A71144ABB6D134403331B787B6500233B65BB6D022B78
:2069E00006D10F4B93F81031002B01D001233B65BB6D012B2CD10A4BDB7D83F00103DBB2D8
:206A0000002B15D0064B1B78022B11D001233B651EE000BFF4E1110814E21108F0230010D3
:206A20005C240010CC1E00105129001056555555524B9B7B012B0BD1504B5B79012B03D0C4
:206A40004E4B5B79022B03D101233B6501237B654B4B93F82030002B0BD0484B5B79002BF7
:206A600007D0464B5B79032B03D0454B002283F82020BB6D002B4ED1424B1B78002B4AD095
:206A800008F010FAF864404B1B68FA6CD31ABB64BB6CB3F5FA7F0ED93B4AFB6C13603B4B04
:206AA0001B6801335A4203F0030302F0030258BF5342364A1360314ABB6D134403331B7831
:206AC0001A46324B1B6813445A4203F0030302F0030258BF53427B643B6D9A007B6C134468
:206AE0009B0060333B4453F83C1C294ABB6D52F823300A461A603B6D9A007B6C13449B0029
:206B000060333B4453F85C1C224ABB6D52F823300A461A601DE03B6D9A007B6D13449B008C
:206B200060333B4453F83C1C194ABB6D52F823300A461A603B6D9A007B6D13449B006033FF
:206B40003B4453F85C1C134ABB6D52F823300A461A60BB6D0133BB65BB6D042B7FF790AE80
:206B6000064B93F86E31002B01D1FFF7CFF897F85F3018466037BD46B0BD00BF5C2400100E
:206B8000F023001051290010542A0010582A00107C0000109000001080B582B000AF0023C3
:206BA000FB71FFF751FE0346FB718B4B5B79002B03D0894B0122DA7506E0874B1B79002B0A
:206BC00002D1854B0022DA75834B5B791A46834B1B689A4226D0814B1B68002B22D1804B44
:206BE00093F8403083F00103DBB2002B1FD07A4B002283F80D217A4B012283F83820784B6E
:206C000038221A60744B93F80C311A46744B5A60714B5B791A46714B1A60714B012283F8C0
:206C2000402004E06C4B5B791A466C4B1A606D4B1B78002B09D06C4B1B7883F00103DBB257
:206C4000002B02D0694B01221A70634BD3F82031012B0AD1604B93F8253183F00103DBB275
:206C6000002B02D0614B00221A705B4B93F81031002B3AD05E4B1B7883F00103DBB2002BAD
:206C800033D0554B93F80F3183F00103DBB2002B04D1514BDB6DB3F5007F26DA554B1B7844
:206CA000002B08D0534B00221A704B4B93F810214F4B1A7025E04A4B93F8403083F0010305
:206CC000DBB2002B1DD0464B7F225A60444B012283F83820424BDB221A60454B01221A705D
:206CE0003F4B012283F840200BE03B4B93F8103183F00103DBB2002B04D03D4B00221A7098
:206D000000E000BF344B93F81D31042B25D1324B93F81D21304B93F81E319A421DD02E4B7A
:206D200093F80F3183F00103DBB2002B15D02C4B93F8403083F00103DBB2002B0DD0284B83
:206D40007F225A60264B012283F83820244BDB221A60234B012283F840201F4B93F81D21EC
:206D60001D4B83F81E211C4B93F80F3183F00103DBB2002B0BD0204B1B78002B03D11F4B4E
:206D80001B78002B14D01E4B01221A7010E01A4B1B7883F00103DBB2002B09D0174B1B7856
:206DA00083F00103DBB2002B02D0154B00221A70134B1A78134B1B789A4229D0124B002291
:206DC0001A60FBF7ABFC114B01221A700C4B1A780C4B1A7022E000BF5C240010482A0010FA
:206DE00088200010AC1E00104C2A0010C41E00104D2A00101D280010DC1E0010DD1E001098
:206E0000DE1E00104E2A0010B823001021280010A04B93F80F311846FFF762FC9E4B9B7C32
:206E2000002B25D09D4B93F8403083F00103DBB2002B1DD0984B00229A74964BD2225A648D
:206E4000944B7B221A64964BD2229A62944B7B225A62924B012283F83820904B34221A60B1
:206E6000904B1B688D4A53608C4B012283F84020894BDB7C002B04D0874B0022DA74FAF7F8
:206E800079FD894B1B78002B2DD0844B93F8403083F00103DBB2002B25D0834B00221A7085
:206EA000804B1B687B4AC2F828317A4BD3F82831092B05DC774BD3F82831784A536007E06C
:206EC0007A4B1B781A467A4B9B5C1A46734B5A60724B012283F83820704B36221A606F4B6C
:206EE000012283F84020FEF711FFFFF72DF8694BD3F82031002B02D0012B64D0BCE0654BFB
:206F00005B79032B5CD1654B93F8403083F00103DBB2002B00F0AF805E4B0122C3F8202181
:206F2000FBF72CFC5B4B93F80C31002B1DD0FB79002B03D15F4B1B78002B16D05D4B002226
:206F40001A70544B022283F81D21524B022283F81F21524B02225A604E4B002283F82421B9
:206F60004C4B012283F8252112E04A4B042283F81D21484B042283F81F21484B03225A604A
:206F8000444B012283F82421424B002283F82521404B1B791A46484B1A603E4B9B7B012BB8
:206FA00002D13C4B00221A713C4B012283F838203A4B38221A60394B012283F840205AE038
:206FC000FEF7ECFF58E0334B5B79032B50D0334B93F8403083F00103DBB2002B48D02D4BC1
:206FE0000022C3F82021FBF7C9FB2A4B93F81D31032B04D0274B93F81D31042B0AD1254BA8
:20700000002283F80C212D4B01221A70234B00225A6010E01F4B93F81D31022B04D01D4B9B
:2070200093F81D31012B06D11A4B012283F80C211A4B01225A60174B002283F81D21154B65
:20704000002283F80D21134B9B7B012B04D11A4B1B68DAB20F4B1A71104B012283F8382046
:207060000E4B38221A600D4B012283F8402003E0FFF772F800E000BF064B5B79002B1FD06C
:20708000044B5B79032B1BD0024B012283F8732129E000BF5C240010F02300108820001002
:2070A000FC220010702000101F280010202800102C03001034270010502A0010D31E00101E
:2070C0000B4B5B79032B09D1094B93F82531002B04D0074B012283F8732104E0044B002271
:2070E00083F8732100BF00BF0837BD4680BD00BF5C240010B0B596B000AF6423FB620023D4
:207100003B6300237B630023BB63884B07F11C040FCB84E80F00864B3C1D1D460FCD0FC413
:2071200095E8030084E8030000237B6500233B65804B5B79032B01D0FEF730FFFEF7E6FD00
:207140007D4B9B7E002B00F085807B4B00229A760023FB642CE0774AFB6C0C339B0013444F
:207160005B68B3F5617F02DD01237B650DE0714AFB6C0C339B0013445B68632B03DC4FF032
:20718000FF337B6501E000237B65FB6C9B0058333B4453F8543C7A6D9A420CBF012300233D
:2071A000DBB21A463B6D13443B65FB6C0133FB64FB6C052BCFDD3B6D062B49D15D4B93F8E0
:2071C0002D31002B14BF01230023DBB283F00103DBB203F00103DAB2564B83F82D21554BEE
:2071E00093F82D31002B2ED00023BB6427E0534ABB6C9B0013444FF000021A604F4ABB6C03
:207200000233002142F823104C4ABB6C0833002142F82310494ABB6C0433002142F82310A6
:20722000464ABB6C0E339B0013444FF000021A60424B002283F84020BB6C0133BB64BB6C7E
:20724000012BD4DD06E03D4B002283F8402001E0FBF794FA384B5B7E002B3AD0FBF78EFA7A
:2072600000237B642CE0334A7B6C0C339B0013445B68B3F5617F02DD01237B650DE02D4AD9
:207280007B6C0C339B0013445B68632B03DC4FF0FF337B6501E000237B657B6C9B00583364
:2072A0003B4453F8543C7A6D9A420CBF01230023DBB21A463B6D13443B657B6C01337B6419
:2072C0007B6C052BCFDD3B6D062B02D11C4B03221A601B4B1B68002B53DD194B1B68032BE0
:2072E00019D1184B93F8403083F00103DBB2002B11D0134B02221A60124B012283F83820E7
:20730000104B36221A600F4BD0225A600D4B012283F8402035E00A4B1B68022B14D1FBF7F3
:2073200027F8074B01221A602BE000BF34E2110844E211085C240010F023001050270010CD
:207340009029001088200010654B1B68012B18D1644B93F8403083F00103DBB2002B10D0AB
:207360005F4B00221A605F4B012283F838205D4B36221A605B4B4D225A605A4B012283F89B
:207380004020594B93F82030002B2DD0554B93F8403083F00103DBB2002B25D0524B002268
:2073A00083F82020514B93F81A3183F00103DBB2002B07D04D4B012283F81A21494B012272
:2073C0005A6006E0494B002283F81A21454B02225A60444B012283F84020424B012283F87B
:2073E0003820404B35221A6000233B645BE03E4A3B6C134402331B78002B31D03A4A3B6C37
:207400001344023300221A703B6C012B12D0374A3B6C134408331B780133002B03F00103DC
:20742000B8BF5B42D9B2314A3B6C134408330A461A7015E02D4A3B6C134408331B785A1C71
:207440002B4B83FB0231D317C91A0B465B000B44D11AC9B2254A3B6C134408330A461A7055
:20746000224A3B6C134408331B789B0058333B4453F82C1C1F4A3B6C52F823300A461A6025
:207480001A4A3B6C134408331B789B0058333B4453F83C1C184A3B6C52F823300A461A6004
:2074A0003B6C01333B643B6C042BA0DD0023FB630DE0124AFB6B063352F823200B49FB6B4F
:2074C0000C339B000B445A60FB6B0133FB63FB6B052BEEDD00BF00BF5837BD46B0BD00BF34
:2074E0009029001088200010F02300105C240010565555557C00001090000010FC220010A9
:2075000080B584B000AF64233B6000237B600023BB600023FB60A24BDA79A24B83F82C2182
:20752000A04BD3F82821A04B1B689A4214BF01230023DAB29D4B1A70994B9B7C002B1DD0D7
:20754000974B1B7D002B19D0FBF718F9954BD3F828311846FAF7D6FD924BD3F82831924A97
:207560001360904B93F80C21914B1A708D4B93F80D21904B1A70904B01221A70884B93F8C3
:207580002030002B3DD0864B002283F82020854BD3F8283103F10901884B83FB01239A10A4
:2075A000CB17D21A13469B0013445B00CA1A7D4BC3F828217B4B93F82C3183F00103DBB2F5
:2075C000002B1AD0774BD3F82831774A1360764B1B68DBB21A460021FE20F9F78FFD714BD4
:2075E00093F80C21724B1A706E4B93F80D21714B1A70714B01221A7044E0714B01221A70DE
:2076000040E0674B93F82130002B3BD0644B002283F82120634BD3F82831591C674B83FB82
:2076200001239A10CB17D21A13469B0013445B00CA1A5C4BC3F828215A4B93F82C3183F079
:207640000103DBB2002B1AD0564BD3F82831564A1360554B1B68DBB21A460021FE20F9F76D
:207660004DFD504B93F80C21514B1A704D4B93F80D21504B1A70504B01221A7002E0504B0C
:2076800001221A704F4B1B78002B18D04E4B93F8403083F00103DBB2002B10D0494B0022A4
:2076A0001A70494B012283F83820474B35221A60454B02225A60444B012283F84020404BCD
:2076C0001B78002B1AD0404B93F8403083F00103DBB2002B12D03A4B00221A703A4B012292
:2076E00083F83820384B36221A602E4BD3F82831354A5360344B012283F84020294B93F817
:207700000D212C4B1B789A4206D1264B93F80C21274B1B789A4237D0224BD3F82031002BB9
:2077200032D1294B93F8403083F00103DBB2002B2AD01C4B93F80D211E4B1A70194B93F8AC
:207740000C211B4B1A70204B012283F838201E4B38221A60134B93F80C3183F00103DBB244
:20776000002B07D00F4B002283F80D21164B00225A6005E00B4B93F80D310133124A53605E
:20778000114B012283F84020FFF75EF8054B93F80F311846FEF7A4FF00BF1037BD4680BDEC
:2077A000F02300105C240010702000101F280010682A0010692A0010782000106766666699
:2077C0006A2A00103227001088200010B0B5C0B000AF786007F066FBC7F8EC009E4B07F1A4
:2077E000BC041D460FCD0FC495E80F0084E80F009A4B07F19C041D460FCD0FC495E80F0095
:2078000084E80F000023C7F8E830954A07F198031268114619800233120C1A70914B07F166
:2078200068041D460FCD0FC40FCD0FC495E80F0084E80F008C4B07F138041D460FCD0FC4F7
:207840000FCD0FC495E80F0084E80F00874B07F108041D460FCD0FC40FCD0FC495E80F004F
:2078600084E80F000023C7F8E430814B9B78022B5BD0022B00F38880002B02D0012B2AD015
:2078800082E07C4B93F82030002B0FD0794B002283F82020764B01229A70774B03221A60EA
:2078A000FAF73CFF754B01221A706DE0714B93F82130002B63D06F4B002283F821206C4B9D
:2078C00002229A706C4B04221A60FAF727FF6B4B01221A7058E0674B93F82030002B0FD0DA
:2078E000644B002283F82020614B00229A70624B02221A60FAF712FF604B01221A7043E05C
:207900005C4B93F82130002B3BD05A4B002283F82120574B02229A70574B04221A60FAF728
:20792000FDFE564B01221A702EE0524B93F82030002B0FD04F4B002283F820204C4B01223D
:207940009A704D4B03221A60FAF7E8FE4B4B01221A7019E0474B93F82130002B13D0454BC7
:20796000002283F82120424B00229A70424B02221A60FAF7D3FE414B01221A7004E000BFA7
:2079800002E000BF00E000BF0023C7F8FC30C0E03B4B1B78002B77D1374B1B68022B1AD051
:2079A000354B1968344B1A6836480B465B000B445B00D7F8FC100B4450F823102C4813467F
:2079C0005B0013445B00D7F8FC20134406339B000344596098E0284B1A682A4913465B00F0
:2079E00013445B00D7F8FC20134451F82330B3F5AF7F0FDA204B1A681D4913465B001344DA
:207A00005B00D7F8FC20134406339B000B4401225A6079E0184B1A681A4913465B0013441D
:207A20005B00D7F8FC20134451F8233040F28A22934269DD104B1A680D4913465B001344D6
:207A40005B00D7F8FC20134406339B000B4440F2FF325A6058E000BFF4E1110814E2110855
:207A600004EE11085CE211088CE21108BCE211085C240010F0230010B8230010212800106F
:207A800022280010FC220010D7F8FC30012B33D1A04B1A68D7F8FC30C3F105019E481346D2
:207AA0005B0013445B000B4450F82330012B2BDD984B1A68D7F8FC30C3F10501964813464A
:207AC0005B0013445B000B4450F8233007EE903AB8EEE77ADFED916AC7EE267AB2EE0A7AA9
:207AE00067EE877AFCEEE77AC7ED007A3B78DAB28B4B83F8182107E0D7F8FC30022B03D10B
:207B0000874B062283F81921D7F8FC300133C7F8FC30D7F8FC30052B7FF73AAF804B93F8BC
:207B20001831C7F8E0307F4B1B7B002B20D07E4B01221A707A4B93F81831C3F10C039B0045
:207B400003F580733B4453F8C83C784A1360744B93F81831C3F10C039B0003F580733B44DC
:207B600053F8F83C724A13606E4B00221A7309E06C4BDB7983F00103DBB2002B02D06A4B45
:207B800000221A70684B1B7883F00103DBB2002B56D00023C7F8F8304DE0624AD7F8F830C4
:207BA000134402331B78002B1AD05E4AD7F8F8301344023300221A70594AD7F8F8301344C9
:207BC0000D331B780133002B03F00103B8BF5B42D9B2534AD7F8F83013440D330A461A70D8
:207BE0004F4AD7F8F83013440D331B789B0003F580733B4453F8441C4E4AD7F8F83052F842
:207C000023300A461A60464AD7F8F83013440D331B789B0003F580733B4453F8641C464A36
:207C2000D7F8F83052F823300A461A60D7F8F8300133C7F8F830D7F8F830042BADDDD4E070
:207C40000023C7F8F43045E0364AD7F8F430134402331B78002B38D0384B1B68D7F8EC2053
:207C6000D31AFA2B2AD9314B1B68D7F8F4209A4207D02E4AD7F8F43013602D4B00221A6068
:207C80001CE0D7F8F430042B0ED0294B1B68591C2B4B83FB0132CB17D21A13465B0013447C
:207CA000CA1A234B1A6009E0214B1B680133002B03F00103B8BF5B421D4A1360194AD7F8AA
:207CC000F4301344023300221A70D7F8F4300133C7F8F430D7F8F430042BB5DD0023C7F8A8
:207CE000F03064E0D7F8F030002B03D1154B00221A6031E00D4B1B68D7F8F0209A4225D199
:207D0000114B00221A600A4B1B6801330D4A136022E000BFB8230010FC22001000008044F7
:207D20005C240010F02300106B2A0010C40300106C2A00107C00001090000010702A001098
:207D400056555555742A0010C8030010934B01221A60934B01221A60904B1A68904B1B6894
:207D6000920013449B0003F580733B4453F8441C8C4AD7F8F03052F823300A461A60874B6C
:207D80001A68874B1B68920013449B0003F580733B4453F8641C844AD7F8F03052F82330F9
:207DA0000A461A60D7F8F0300133C7F8F030D7F8F030042B96DD7D4B1B685A1E13465B00EF
:207DC0001A447B4B1B681344C7F8E430D7F8E4309B0003F580733B4453F8983CDBB2C3F18A
:207DE0000C03DAB2734B83F81821734B93F82B30002B04D1704B93F82C30002B3ED06F4B3D
:207E000093F8403083F00103DBB2002B36D06A4B002283F82B20684B002283F82C20684B46
:207E200001221A7007F03EF80346664A1360614B93F86E315A1C644B83FB0231D317C91A83
:207E40000B465B000B44D11ACAB25A4B83F86E215A4B012283F83820584B34221A60554B63
:207E600093F86E3103F580733B4413F8683C1A46524B5A60514B012283F84020504B1B7840
:207E8000002B24D007F00EF8C7F8DC004B4B93F8403083F00103DBB2002B18D0494B1B686C
:207EA000D7F8DC20D31AB3F5617F10D9444B00221A70424B012283F83820404B36221A607E
:207EC0003E4B45225A603D4B012283F84020394B93F81B213D4B1B789A4207D03C4B0122AF
:207EE0001A70344B93F81B21384B1A70324B93F82730002B03D1364B1B78002B48D02F4B76
:207F000093F8403083F00103DBB2002B40D02A4B002283F827202E4B1B78002B03D02C4B4D
:207F200000221A7010E0234B93F81B31002B14BF01230023DBB283F00103DBB203F0010393
:207F4000DAB21C4B83F81B211A4B93F81B3183F00103DBB21A464FF400611E480BF066FE6E
:207F60001D4B01221A70144B012283F82A20134B012283F83820114B38221A600D4B93F83E
:207F80001B3101330D4A53600C4B012283F8402000BF07F58077BD46B0BD00BFC803001046
:207FA000742A00107C00001090000010C40300106C2A00105C240010F023001088200010FF
:207FC000782A00107C2A001056555555802A001031270010001802581628001080B58AB093
:207FE00000AF64237B600023BB600023FB6000233B61A34B93F81C319B00BB61002387F8D6
:20800000273006F04FFF78619E4B1B68002B02D19C4A7B6913609C4B1B78002B09D0994BE3
:208020001B687A69D31AF92B40F26A82964B00221A70934B1B78032B00F2638201A252F8BB
:2080400023F000BF55801008438210082B841008A78410088D4B1B7B002B47D08C4B0122D0
:208060001A708C4B93F8403083F00103DBB2002B3CD0FAF783FB824B93F81A3183F00103E0
:20808000DBB2002B03D0834B02225A6002E0814B01225A607F4B012283F838207D4B35223F
:2080A0001A607C4B012283F84020754B01221A70734B002283F80F21774A7B691360774BAF
:2080C00000221A7006F0EEFE0346734A1360744B01221A70734B01221A60734B01221A7067
:2080E000FAF71CFB714B01221A700AE2674B93F82630002B10D0FAF741FB654B01221A70FB
:208100005F4BD3F82031012B03D1694B01221A6002E0012387F82730654B1B68022B03D039
:2081200097F82730002B36D05A4B93F8403083F00103DBB2002B2ED05D4B00221A605D4B6F
:208140001B68092B16DC5B4B1B684D4AC2F828314B4B02221A704F4B012283F838204D4B37
:2081600035221A604B4B02225A604A4B012283F84020C6E1424B02221A704F4B01221A70FE
:208180004C4B00221A603E4B0022C3F828214B4B01221A70B5E13D4B93F82830002B12D0AC
:2081A0003B4B01221A70394B002283F82820344BD3F82031012B03D13D4B03221A6002E07F
:2081C000012387F827303A4B1B68042B03D097F82730002B32D02E4B01221A70FAF7CEFAA9
:2081E000334B00221A6000233B620EE0244A3B6A06339B0013445A6821493B6A3C339B009E
:208200000B445A603B6A01333B623B6A052BEDDD1B4B03221A701A4B00225A70184B002255
:2082200083F80F211F4B02221A60FAF777FA1F4B01221A70224B01221A7062E1FEF7ACFC18
:208240005FE1154B1B687A69D31AC82B4BD9164B1B78002B47D00F4B93F8403083F0010312
:20826000DBB2002B3FD0064B93F81A3183F00103DBB2002B26D0074B02225A6025E000BFF7
:208280005C240010242A0010C2030010F0230010D41E001088200010282A00102C2A001076
:2082A0002D2A0010B82300103027001021280010382700107020001032270010782000108C
:2082C00031270010904B01225A60904B00221A708D4B012283F838208B4B35221A608A4BAD
:2082E000012283F840208A4B1B687A69D31AB3F57A7F02D9874B00221A70874BDB7983F0C5
:208300000103DBB2002B02D0844B01221A70824B9B78002B0BD1804BDB7E002B07D17F4B7B
:208320001B78002B33D07C4B1B7B002B2FD0794B1B7883F00103DBB2002B26D0784B002294
:208340001A70714B93F8403083F00103DBB2002B1DD0FAF713FA6C4B00225A606A4B012257
:2083600083F83820684B35221A60674B012283F840206C4B00221A706B4B00221A60FAF750
:20838000CDF96A4B01221A70BBE0FAF7F7F9624B93F82830002B45D0614B01221A705A4B6B
:2083A00093F8403083F00103DBB2002B3AD0FAF7E5F90023FB610EE05A4AFB6906339B0071
:2083C00013445A685749FB693C339B000B445A60FB690133FB61FB69052BEDDD514B03225A
:2083E0001A70504B01225A704E4B002283F80F214D4B02221A60FAF791F94C4B01221A7010
:208400004B4B01221A70404B012283F838203E4B36221A603C4B45225A603B4B012283F871
:2084200040206EE0FEF766FE6BE03B4B93F82630002B1ED03A4B00221A70334B93F84030C0
:2084400083F00103DBB2002B13D0FAF797F9354B00221A702C4B012283F838202A4B352224
:208460001A60294B00225A60274B012283F8402047E0294B93F82730002B11D0FAF77EF9D1
:20848000284B00221A70274B002283F82C21254BD3F82831274A1360274B01221A7030E0BA
:2084A000FFF72EF82DE01C4B93F82830002B23D01B4B00221A70144B93F8403083F0010348
:2084C000DBB2002B18D0FAF759F9164B5A78154B1A70144B93F81C31002B02D0174B0122E3
:2084E0001A70104B5B781A460F4B1A60FAF716F90E4B01221A7004E01148FFF767F900E017
:2085000000BF2837BD4680BD8820001030270010282A00102D2A0010F02300102C2A00108C
:20852000D41E00105C240010B82300102128001031270010702000101428001019280010C0
:20854000302A001080B489B000AF786039600023FB777E4B1B78032B00F2F28001A252F8B4
:2085600023F000BF75851008D38510082F8610088D8610080023FB77744B93F80F31002B65
:2085800001D00523FB770023BB611EE0FA7FBB699B00796819446D4813465B0013445B00A2
:2085A000BA69134406339B0003445B680B60BB699B003A681A446549BB690C339B000B443E
:2085C0005B681360BB690133BB61BB69052BDDDDB6E00023FB775E4B1B78002B01D0052358
:2085E000FB7700237B611EE0FA7F7B699B0079681944564813465B0013445B007A69134498
:2086000006339B0003445B680B607B699B003A681A444E497B690C339B000B445B681360B8
:208620007B6901337B617B69052BDDDD88E00023FB77464B93F80F31002B01D00523FB7789
:2086400000233B611EE0FA7F3B699B00796819443E4813465B0013445B003A691344063348
:208660009B0003445B680B603B699B003A681A4436493B690C339B000B445B6813603B6985
:2086800001333B613B69052BDDDD59E00023FB77304B1B68022B25D10023FB601EE0FA7F98
:2086A000FB689B0079681944284813465B0013445B00FA68134406339B0003445B680B60A6
:2086C000FB689B003A681A442049FB680C339B000B445B681360FB680133FB60FB68052BEC
:2086E000DDDD2CE0194B93F80F3183F00103DBB2002B24D00023BB601EE0FA7FBB689B00EF
:2087000079681944114813465B0013445B00BA68134406339B0003445B680B60BB689B00DC
:208720003A681A440949BB680C339B000B445B681360BB680133BB60BB68052BDDDD00BF27
:2087400000BF2437BD465DF8047B70475C240010DC1E0010B82300102DE9B04392B000AFF2
:2087600087ED030AC7ED020A03460A46FB711346BB71032387F837304FF000037B64C84BEE
:208780003B634FF000033B64C64BFB634FF00003BB63C54BFB62FB79002B01D0C34BFB6342
:2087A000BB68BB6397ED0E7AD7ED0B7AB4EEE77AF1EE10FA01DDFB6ABB6397F83730032BB2
:2087C00000F2F18101A252F823F000BF39881008DD871008EF8810082F8A1008BB6B3B64FC
:2087E00097ED107AD7ED0F7AB4EEE77AF1EE10FA01DDFB6B3B64B7EE007AD7ED037A37EECA
:20880000677AD7ED0C7A67EE276A97ED0C7AD7ED037A37EE277AC6EE877A9FEDA57A67EE81
:20882000877AC7ED117A97ED117AD7ED107A77EE277AC7ED117AB6E14FF07A537B61B7EE32
:20884000007AD7ED037A37EE677AD7ED0C7A67EE276A97ED0C7AD7ED037A37EE277AC6EE62
:20886000877A9FED937A67EE877AC7ED117A786CF7F79AFE04460D46B868F7F795FE4FF0E2
:2088800000028C4BF7F7E8FE02460B46904699467869F7F789FE02460B4640464946F7F7EB
:2088A000DBFE02460B4620462946F7F71FFD02460B4610461946F8F7B1F903467B64D7ED94
:2088C000117AF5EEC07AF1EE10FA03D84FF000037B6468E1D7ED117A9FED777AF4EEC77AD3
:2088E000F1EE10FA00DA5EE1744B7B645BE1744B3B624FF00003FB614FF00003BB61386AA2
:20890000F7F752FE04460D46386AF7F74DFE02460B464FF000006B49F7F7E6FC02460B46AC
:2089200090469946B7EE007AD7ED037A37EE677AD7ED0C7A27EE277AD7ED0C6AD7ED037AA1
:2089400076EEA77AC7EE276A16EE900AF7F72CFE02460B4640464946F7F77EFE02460B46E5
:2089600020462946F7F7C2FC02460B4610461946F8F754F90346FB61F869F7F715FE04469B
:208980000D46B868F7F710FE41A3D3E90023F7F763FE02460B4620462946F7F7A7FC02460F
:2089A0000B4610461946F8F739F903463B64D7ED107AF5EEC07AF1EE10FA1BD54FF0000322
:2089C0007B64D7ED107AF1EE677AB1EE047A67EE877A97ED027A77EE277AC7ED027AD7ED3D
:2089E000107AF1EE677AB1EE007A67EE877AC7ED067A04E03B6C7B644FF00003BB61D7EDFE
:208A0000117AF5EEC07AF1EE10FA03D84FF000037B64C8E0D7ED117A9FED277AF4EEC77A82
:208A2000F1EE10FA00DABEE0244B7B64BBE0F868F7F7BAFD18A3D3E90023F7F737FF0246E1
:208A40000B4610461946F8F7E9F80346BB62FB6B7B62BB7983F00103DBB2002B34D0B7EE8B
:208A6000007AD7ED037A37EE677AD7ED0C7A67EE276A97ED0C7AD7ED037A37EE277AC6EE40
:208A8000877A9FED0B7A67EE877AC7ED117A89E09A9999999999C93F9A9999999999E93F68
:208AA000CDCCCC3D00002043CDCC4C430000C842000080440000E03F00C07F4400C07F4496
:208AC000000078C200009040F868F7F76DFD52A3D3E90023F8F73CF80346002B2DD0BB6B46
:208AE0003B6497ED107AD7ED0F7AB4EEE77AF1EE10FA01DDFB6B3B64B7EE007AD7ED0A7A46
:208B000037EE677AD7ED0C7A67EE276A97ED0C7AD7ED0A7A37EE277AC6EE877A9FED387A14
:208B200067EE877AC7ED117A97ED117AD7ED107A77EE277AC7ED117A34E0BB6B3B64F86BC2
:208B4000F7F732FD04460D46B86AF7F72DFD02460B464FF000002B49F7F7C6FB02460B468D
:208B6000104619464FF00002274BF7F775FD02460B4620462946F7F76FFD02460B46104676
:208B80001946F8F74BF803467B6297ED107AD7ED097AB4EEE77AF1EE10FA01DD7B6A3B647B
:208BA0003B6C7B6400BFFB79002B0AD0BB79002B07D0D7ED117A9FED157A77EE877AC7ED3D
:208BC000117AD7ED117AF5EEC07AF1EE10FA03D84FF000037B640AE0D7ED117A9FED0C7A6E
:208BE000F4EEC77AF1EE10FA01DB0A4B7B647B6C07EE903AB0EE670A4837BD46BDE8B0834A
:208C0000000080440000F43F000010400000C84200C07F4400C07F449A9999999999E93F3E
:208C2000B0B58CB000AF87ED030AC7ED020A03463960FB71012387F823304FF00003FB62C0
:208C40008F4BFB618F4BBB62FB79002B01D08E4BBB6297F82330002B02D0012B61D0ECE079
:208C6000D7ED027AB6EE007A67EE877AC7ED097AD7ED097AF5EEC07AF1EE10FA03D84FF0A2
:208C800000037B620AE097ED097AD7ED0A7AB4EEE77AF1EE10FA01DBBB6A7B62B7EE007AD2
:208CA000D7ED037A37EE677AD7ED077A67EE276A97ED077AD7ED037A37EE277AC6EE877A81
:208CC0009FED727A67EE877AC7ED0B7A97ED0B7AD7ED097A77EE277AC7ED0B7AFB79002B5F
:208CE00007D0D7ED0B7A9FED6A7A77EE877AC7ED0B7AD7ED0B7AF5EEC07AF1EE10FA03D81B
:208D00004FF00003FB6298E0D7ED0B7A9FED617AF4EEC77AF1EE10FA00DA8EE05E4BFB6232
:208D20008BE0F868F7F740FC53A3D3E90023F7F7BDFD02460B4610461946F7F76FFF0346CE
:208D4000BB61BB6A7B61F868F7F72EFC4AA3D3E90023F7F7FDFE0346002B38D0BB687B624D
:208D6000D7ED097AF5EEC07AF1EE10FA03D84FF000037B620AE097ED097AD7ED0A7AB4EED1
:208D8000E77AF1EE10FA01DBBB6A7B62B7EE007AD7ED067A37EE677AD7ED077A67EE276A17
:208DA00097ED077AD7ED067A37EE277AC6EE877A9FED367A67EE877AC7ED0B7A97ED0B7A1B
:208DC000D7ED097A77EE277AC7ED0B7A34E0BB687B62B86AF7F7E8FB04460D46B869F7F75A
:208DE000E3FB02460B464FF000002C49F7F77CFA02460B46104619464FF00002284BF7F7F4
:208E00002BFC02460B4620462946F7F725FC02460B4610461946F7F701FF03467B6197EDC9
:208E2000097AD7ED057AB4EEE77AF1EE10FA01DD7B697B627B6AFB6200BFFB79002B0FD062
:208E4000D7ED097A9FED177A77EE877AC7ED097AD7ED0B7A9FED137A77EE877AC7ED0B7A10
:208E60003B687A6A1A60FB6A07EE903AB0EE670A3037BD46B0BD00BF9A9999999999E93F69
:208E8000CDCCCC3D0000074300008C42000080440000B44200C07F4400C07F440000F43F25
:208EA00000001040000082422DE9B043B4B000AF05F0F8FFC7F8A8000023C7F8A43007F181
:208EC000240300221A605A609A60DA601A615A6107F10C0300221A605A609A60DA601A619F
:208EE0005A61002387F8CF30FFF778F807F10C0207F1240311461846FFF724FBBC4B93F82F
:208F00000F31002B03D00523C7F8A4300BE0B94B1B68022B07D0B74B1B68012B03D0B54B5E
:208F20001B68C7F8A430BB6B07EE903AF8EEE77A17EE900AF7F738FBABA3D3E90023F7F714
:208F40008BFB02460B4610461946F7F767FE0346C7F8C8307B6B07EE903AF8EEE77A17EEF9
:208F6000900AF7F721FBA0A3D3E90023F7F774FB02460B4610461946F7F750FE0346C7F83C
:208F8000A0303B6B07EE903AF8EEE77A17EE900AF7F70AFB94A3D3E90023F7F75DFB02461F
:208FA0000B4610461946F7F739FE0346C7F89C30FB6A07EE903AF8EEE77A17EE900AF7F7BA
:208FC000F3FA89A3D3E90023F7F746FB02460B4610461946F7F722FE0346C7F89830BB6A19
:208FE00007EE903AF8EEE77A17EE900AF7F7DCFA7DA3D3E90023F7F72FFB02460B46104602
:209000001946F7F70BFE0346C7F8C4307B6A07EE903AF8EEE77A17EE900AF7F7C5FA72A3B2
:20902000D3E90023F7F718FB02460B4610461946F7F7F4FD0346C7F894303B6A07EE903AF3
:20904000F8EEE77A17EE900AF7F7AEFA66A3D3E90023F7F701FB02460B4610461946F7F786
:20906000DDFD0346C7F89030FB6907EE903AF8EEE77A17EE900AF7F797FA5BA3D3E90023E9
:20908000F7F7EAFA02460B4610461946F7F7C6FD0346C7F88C30BB6907EE903AF8EEE77A11
:2090A00017EE900AF7F780FA4FA3D3E90023F7F7D3FA02460B4610461946F7F7AFFD0346EC
:2090C000C7F888307B6907EE903AF8EEE77A17EE900AF7F769FA44A3D3E90023F7F7BCFAD5
:2090E00002460B4610461946F7F798FD0346C7F884303B6907EE903AF8EEE77A17EE900A9A
:20910000F7F752FA38A3D3E90023F7F7A5FA02460B4610461946F7F781FD0346C7F880305C
:20912000FB6807EE903AF8EEE77A17EE900AF7F73BFA2DA3D3E90023F7F78EFA02460B4646
:2091400010461946F7F76AFD0346FB67284B1B7B002B14BF0123002387F87B30002387F840
:209160007A30234B1B7C002B14BF0123002387F879301F4BDB7B002B14BF0123002387F84F
:2091800078301B4B5B7C002B0CBF0123002387F877304FF4007118480AF030FD0346002BD8
:2091A0000CBF0123002387F87630114B5B7A5B08DBB2002B14BF0123002387F8C3300C4B49
:2091C0005B79002B02D1002387F8C330084B93F80D31002B12D0064B5B79002B0ED10123AC
:2091E0000DE000BFAFF30080D48C981B0404503F5C240010B823001000140258002387F86C
:20920000753097F8753003F0010387F8753097F87530002B03D1B04B1B78002B05D0AF4B9F
:2092200001221A70AE4B01221A7097F87530002B03D1A94B1B78002B06D0AA4BC7F8C83074
:20924000002387F8CF3004E0A74B93F80D3187F8CF30A64B1A68A64B1B689A4215D0A44BB9
:209260001B68022B05D1D7F8A8300133A14A136006E09E4B1B68022B02D19E4B00221A6058
:209280009A4B1B689A4A136015E0984B1B68022B11D0984B1B68002B0DD0964B1B68D7F805
:2092A000A820D31AB3F57A7F05D9924B00221A60914B00221A60D7F894303B67FB6FFB6689
:2092C00097F87530002B13D08C4BD3ED007A9FED8C7A77EE677A9FED8B7A27EE877A874BEA
:2092E000D3ED007A77EE277A844BC3ED007A2EE07A4B1B78002B23D0804B93ED007AD7ED28
:20930000327A77EE677AF0EEE77A9FED7F7AF4EEC77AF1EE10FA13DD784BD3ED007A97ED1A
:20932000327A77EE677A9FED777A27EE877A734BD3ED007A77EE277A704BC3ED007A06E0DF
:20934000664B00221A706D4AD7F8C8301360D7ED1C7A9FED6E7A67EE877AFCEEE77A17EE4B
:20936000903A9AB26A4B1A80D7ED1B7A9FED677A67EE877AFCEEE77A17EE903A9AB2654B56
:209380001A805E4BD3ED007A9FED607A67EE877AFCEEE77A17EE903A9AB25F4B1A804FF0AB
:2093A0007A53BB66554B93ED007AD7ED1A7A67EE277A17EE900AF7F7F7F84FF00002574B78
:2093C000F7F74AF902460B4614461D464B4BD3ED007AB7EE007A37EE677AD7ED1A7A77EE54
:2093E000277A17EE900AF7F7DFF802460B4620462946F7F75BFA02460B4610461946F7F77B
:20940000EDFB03469AB2444B1A803C4BD3ED007A9FED437A67EE877AFDEEE77A17EE902A3B
:20942000404B53F8223007EE903AF8EEE77AC7ED197A324BD3ED007A9FED397A67EE877A6B
:20944000FDEEE77A17EE903A374A9B0013441B68364A13604FF00003BB6007F1080297F81A
:209460007B3011461846D7ED190A97ED1C0AFFF7D7FBF0EE407AFCEEE77A17EE903A9AB235
:20948000234B1A80D7ED027AFDEEE77A17EE903A274A9B0013441B68244A1360124BDB79F1
:2094A000012B4CD1D7ED327A9FED227A67EE877AFDEEE77A17EE903A3B66154B1B881A4656
:2094C0003B6E934238DC124B1A883B6E9BB2D31A9AB20F4B1A8032E0D01E0010812A00100D
:2094E000822A00106666663F5C240010BC1E0010C01E0010842A001048270010882A0010D8
:209500006666663FA69B443B0AD7A33C00008044981E00109A1E00109E1E0010000090406C
:2095200000007F43E4E31108E4E71108B8000010E4EB110800007842CB4B00221A804FF02A
:209540000003FB6597F8772097F87B3011461846D7ED190A97ED1B0AFFF7FEF8F0EE407A7F
:20956000FCEEE77A17EE903A9AB2C04B1A8097F87930002B03D0BD4B40F2FF321A80BC4B9E
:20958000DB79032B00F2E08001A252F823F000BFA1951008759610085396100825971008F2
:2095A000B7EE007AF7EE006AD7ED247A76EEE77A27EE277ADFEDAF6AD7ED247A66EEA77AA4
:2095C00077EE277AAC4BC3ED007A9FEDAC7AF7EE006AD7ED247A76EEE77A27EE277ADFEDBA
:2095E000A86AD7ED247A66EEA77A77EE277AA54BC3ED007A9FEDA47AF7EE006AD7ED247A07
:2096000076EEE77A27EE277ADFEDA06AD7ED247A66EEA77A77EE277A9D4BC3ED007AB6EE66
:20962000007AF7EE006AD7ED247A76EEE77A27EE277AF7EE006AD7ED247A66EEA77A77EEF9
:20964000277A944BC3ED007A4FF07E52924B1A607AE0924A884B1A60914A8A4B1A60914A72
:209660008B4B1A604FF07C528A4B1A608E4A8A4B1A6069E09FED7F7AF7EE006AD7ED247A98
:2096800076EEE77A27EE277ADFED7A6AD7ED247A66EEA77A77EE277A774BC3ED007A9FED4A
:2096A000787AF7EE006AD7ED247A76EEE77A27EE277ADFED7E6AD7ED247A66EEA77A77EE9C
:2096C000277A704BC3ED007A9FED707AF7EE006AD7ED247A76EEE77A27EE277ADFED6B6AC1
:2096E000D7ED247A66EEA77A77EE277A684BC3ED007AB7EE007AF7EE006AD7ED247A76EE7C
:20970000E77A27EE277AF0EE086AD7ED247A66EEA77A77EE277A5F4BC3ED007A644A5E4BDA
:209720001A6011E0544B4FF07C521A60554B614A1A60574B5A4A1A60564B5F4A1A604FF010
:209740007E52554B1A6000BF97F87530002B04D15A4B1B78002B00F0B780D7ED317A9FEDA7
:20976000587AF4EEC77AF1EE10FA2BD5554B1B681846F6F719FF04460D46524B1B6818466A
:20978000F6F712FF02460B462FA1D1E90001F6F7ABFD02460B46104619462DA3D3E9002315
:2097A000F6F75AFF02460B4620462946F6F79EFD02460B4610461946F7F730FA0346414A33
:2097C0001360C6E03F4B1B681846F6F7EDFE04460D46D7F8C400F6F7E7FE1FA3D3E900238A
:2097E000F6F73AFF02460B46104619461CA3D3E90023F6F779FD02460B4690469946314B2A
:209800001B681846F6F7D0FE02460B4640464946F6F76AFD02460B46104619460CA3D3E9F1
:209820000023F6F719FF02460B4620462946F6F75DFD02460B4610461946F7F7EFF90346DE
:20984000204A136085E000BF333333333333D33F000000C07493683FCDCCCCCCCCCCEC3F61
:20986000CDCCCCCCCCCCDC3F981E00109A1E00105C240010CDCC4C3E242600103333733F51
:209880000AD7233B28260010ACC527376F12033A2C26001030260010342600106666263F3B
:2098A0000AD7233B6F12033ACDCC4C3FE5D0A23D9A99993E0AD7233C00004040D01E00102B
:2098C0007D3F553F8C2A0010B34B1B78002B2BD0B24B93ED007AD7ED317ADFEDB16A67EE19
:2098E000A67A77EE677AF0EEE77A9FEDAE7AF4EEC77AF1EE10FA17DDD7ED317A9FEDA87AF2
:2099000027EE877AA54BD3ED007A77EE677A9FEDA67A27EE877AA14BD3ED007A77EE277AD3
:209920009E4BC3ED007A14E09B4B00221A70D7F8C400F6F739FE8EA3D3E90023F6F78CFE50
:2099400002460B4610461946F7F768F90346934A1360924B1B681846F6F726FE86A3D3E91D
:209960000023F7F7FFF80346002B24D08B4B1B681846F6F719FE80A3D3E90023F6F7B4FC1D
:2099800002460B46104619467DA3D3E90023F6F763FE02460B46104619467BA3D3E90023E1
:2099A000F6F7A4FC02460B4610461946F7F736F903467A4A13607D4BDB79002B03D1774B52
:2099C0004FF000021A60754B1B681846F6F7ECFD6FA3D3E90023F6F789FC02460B46104603
:2099E0001946F7F71BF90346714A136097F8C33007EE903AF8EE677AC7ED167AD7F89030B4
:209A0000C7F8BC306B4B1B78002B02D06A4BC7F8BC306A4B7B653B4600221A605A6040F257
:209A2000FE333B65614BDB79032B00F25D8101A252F823F0459A1008119B1008A39A100847
:209A4000E19B10085E4B1B8807EE903AB8EEE77A5B4B1B8807EE903AF8EEE77AF1EE677A51
:209A6000DFED516A67EEA67A77EE277AFCEEE77A17EE903A9AB2524B1A80514B1B8807EE13
:209A8000903AF8EE677A4F4BC3ED007A4E4B4FF000021A604D4B4E4A1A604E4B4E4A1A60C8
:209AA00022E1D7ED2F7A9FED4D7A27EE877AD7ED327A67EE277AFCEEE77A17EE903A9AB201
:209AC0003F4B1A803E4B1B88002B03D13C4B00221A8009E03A4B1B8840F2FD32934203D9D1
:209AE000374B40F2FE321A80354B1B8807EE903AF8EE677A334BC3ED007A334B4FF00002D8
:209B00001A60324B324A1A60324B334A1A60EBE02B4B1B8807EE903AB8EEE77A284B1B8824
:209B200007EE903AF8EEE77AF1EE677ADFED1E6A67EEA67A77EE277AFCEEE77A17EE903A76
:209B40009AB21F4B1A801E4B1B8807EE903AF8EE677A1C4BC3ED007A1B4B4FF000021A6071
:209B60001A4B1B4A1A601B4B1B4A1A60BCE000BF333333333333D33F9A9999999999E93FFE
:209B8000CDCCCCCCCCCCF43FB81E85EB51B8CE3F2D431CEBE2361A3F822A00108C2A001003
:209BA0009A99993E0AD7A33CA69B443B5C24001020260010CF1E0010A4707D3F0AD7A33BA9
:209BC000A01E0010281E0010441E0010E8000010CDCCCC3DEC0000106F12833B00807F44D7
:209BE0005D4B5E4A1A60D7F8BC00F6F7DDFC50A3D3E90023F6F730FD02460B461046194610
:209C00004BA3D3E90023F6F771FB02460B4610461946F7F703F80346514A1360514B524A58
:209C20001A600023FB64D7F8BC00F6F7BDFC42A3D3E90023F6F710FD02460B4610461946EB
:209C40003FA3D3E90023F6F751FB02460B4614461D46464BD3ED007AB7EE007A77EE677A84
:209C600017EE900AF6F7A0FC02460B4620462946F6F7F2FC02460B461046194632A3D3E994
:209C80000023F6F7E9FC02460B4610461946F6F7A5FF03469AB2364B1A80364B4FF000027E
:209CA0001A60FB6C9AB2324B1B8813449AB2304B1A802F4B1B88002B03D12D4B00221A804F
:209CC00008E02B4B1B88B3F5006F03D3284B4FF400621A80264B1B8807EE903AF8EE677A4A
:209CE000254BC3ED007A00BF97F87B30002B4BD0224B1B681846F6F757FC15A3D3E9002366
:209D0000F6F7AAFC02460B46104619464FF000021B4BF6F7A1FC02460B4610461946F6F7F6
:209D20005DFF03469AB2174B1A804AE0AFF300809A9999999999B93F333333333333EB3FFF
:209D4000333333333333C33F000000000088A340295C8FC2F528DC3F3C270010CDCCCC3E40
:209D6000E8000010EC0000106F12833B40270010A01E0010441E0010281E0010102600105D
:209D800000009040A21E0010B54B1B681846F6F70BFC4FF00002B34BF6F75EFC02460B462F
:209DA000104619464FF00002AF4BF6F755FC02460B4610461946F6F711FF03469AB2AB4B9F
:209DC0001A8097F87A30002B02D0A84B00221A80A74B1B8807EE903AF8EE677A3B46B0EECA
:209DE000670A1846FAF770FD3B689AB2A14B1B6B9BB213449AB2A04B1A807B689AB29D4B49
:209E00005B6B9BB213449AB29B4B5A809B4B1B889B0007EE903AF8EEE77A994BC3ED007A94
:209E2000944B1B6A07EE903AB8EEE77A944BD3ED007A77EE277A934BC3ED007A8D4B5B6A34
:209E400007EE903AB8EEE77A8D4BD3ED007A77EE277A8C4BC3ED017A8B4B1B889B0007EE19
:209E6000903AF8EEE77A894BC3ED007A874B1B68874A1360854B1B68854A5360854B1B88F2
:209E80009B0007EE903AF8EEE77A834BC3ED007A814B1B68814A13607F4B1B687F4A5360D3
:209EA000724B1B887E4A9B00134493ED007AD7ED177A77EE277A7B4BC3ED007A6D4B9B6A86
:209EC00007EE903AB8EEE77A764BD3ED007A77EE277A754BC3ED007A664BDB6A07EE903A1C
:209EE000B8EEE77A6F4BD3ED007A77EE277A6E4BC3ED017A6D4B1B88694A9B0013441B68FA
:209F00006B4A13606B4B1B88654A9B0013441B68694A1360694B1B88614A9B0013441B68FF
:209F2000674A1360674B1B885D4A9B0013441B68654A1360654B93ED007A494BD3ED007AF2
:209F400067EE277AC7ED127A604BD3ED007A9FED607A67EE877AC7ED117A5E4B93ED007A48
:209F6000D7ED117A27EE277AF7EE006AD7ED167A76EEE77A67EE277AFCEEE77A17EE903A64
:209F80009AB2554B1A80534B93ED017AD7ED117A27EE277AF7EE006AD7ED167A76EEE77A35
:209FA00067EE277AFCEEE77A17EE903A9AB24A4B5A8097ED117AD7ED167A27EE277A284B4A
:209FC000D3ED007A67EE277AFCEEE77A17EE903A9AB23C4B1A803B4B1A88384B1A803E4BFC
:209FE0001B882F4A9B0013441B683C4A13603A4B5B882B4A9B0013441B68384A53601D4BE8
:20A000009A681C4BDB68D31A002BB8BF5B4207EE903AF8EEE77AC7ED107A314BD3ED007A6E
:20A020009FED307A77EEC77AC7ED0F7AD7ED0F7AF5EEC07AF1EE10FA56DD97ED0F7AD7EDB0
:20A04000107AB4EEE77AF1EE10FA4DD5D7ED107A9FED247A77EE877A214BC3ED007A43E0D1
:20A06000102600100000E03F00009040A21E0010741E001050270010881E0010981E001036
:20A08000181E0010481E00109A1E00101C1E0010681E00109E1E0010241E0010501E0010C0
:20A0A000180E00102C1E0010581E0010A41E0010301E0010A61E0010341E0010A81E00104E
:20A0C000381E0010AA1E00103C1E00108C2A00100000804414260010901E0010601E0010B8
:20A0E000201E00100000F643D7ED0F7AF5EEC07AF1EE10FA13D8D7ED107AF1EE677A97ED09
:20A100000F7AB4EEE77AF1EE10FA08DD1FED0B7AD7ED107A77EE677AAB4BC3ED007AAB4BAA
:20A1200093ED007AAA4B9B6807EE903AF8EEE77A77EE277AA54BC3ED007AA44B93ED017A1D
:20A14000A34BDB6807EE903AF8EEE76A9E4BD3ED007A76EEA77A77EE277A9C4BC3ED017A18
:20A160009C4B93F80C219C4B1B789A4238D09B4B9B4A1A609B4B1B8807EE903AB8EEE77A4E
:20A18000994BD3ED007A77EE677AF0EEE77AB3EE047AF4EEC77AF1EE10FA24D58D4B93F895
:20A1A0000C218D4B1A708D4B904A1A60904B1B7883F00103DBB2002B0BD0864B93F80C31D3
:20A1C00083F00103DBB2002B03D08A4B00221A7009E0874B00221A70864B01221A7002E035
:20A1E0007E4B824A1A607B4B93F80C3183F00103DBB2002B00F088807F4B804A5A607E4B84
:20A200005B687D4A1360784B7C4A5A60764B5B68754A13607A4B794A1A606C4BD3ED007A55
:20A220009FED787AF4EEC77AF1EE10FA03D5674B4FF088421A60654BD3ED017A9FED717A25
:20A24000F4EEC77AF1EE10FA03D5604B4FF088425A606D4B1B681846F6F7A6F904460D46EA
:20A26000694B1B681846F6F79FF902460B464FF000004FF00001F6F737F802460B461046A1
:20A2800019464FA3D3E90023F6F7E6F902460B4620462946F6F72AF802460B4610461946F7
:20A2A000F6F7BCFC0346584A136097F8783083F00103DBB2002B1DD0544B504A1A60534BF7
:20A2C0004E4A5A60414B4D4A5A60404B5B683F4A13604FF00003C7F8C430464B1B7883F079
:20A2E0000103DBB2002B05D0494B01221A70414B01221A70474B9B68474A918897F87920EC
:20A30000184609F093FC0BE0424B9B68424A91880122184609F08AFC3B4AD7F89C301360A4
:20A3200097F87730002B08D03A4B1B693A4A11890122184609F07AFC07E0364B1B69364A61
:20A3400011890022184609F071FC97F87B30002B10D0304B1B68304A11880022184609F0AE
:20A3600065FC2C4B5B682C4A51880022184609F05DFC0FE0274B1B68274A118801221846B2
:20A3800009F054FC234B5B68234A51880122184609F04CFC00224021204809F047FC97F885
:20A3A0007630002B3ED0002280211C4809F03EFC97F8C330002B3AD0194B104A5A6036E01F
:20A3C000000000E04D62403F201E0010601E0010502700105C240010902A0010440300105B
:20A3E000CDCCCC3E941E0010681E00108FC2F53CD31E0010912A0010581E001000F07F45DA
:20A400001C1E001000000044942A0010481E0010CE1E0010300000104C0000100004025874
:20A42000801E001001228021884809F0FFFBFBF715FEFBF771FA864AD7F8C430136097F8F0
:20A440007530002B07D0834BDB79002B03D1804B4FF07E521A607F4B93F82D31002B0CD026
:20A460007B4B4FF000021A60FAF7FEFE0346002B03D0784B002283F82D21774B93F8943068
:20A4800083F00103DBB2002B00F06581734B1B88002B03D1714B00221A8009E06F4B1B8899
:20A4A00040F6FE72934203D96C4B40F6FF721A806A4B5B88002B03D1684B00225A8009E01E
:20A4C000664B5B8840F6FE72934203D9634B40F6FF725A80614B1B881A465F4B1A605F4BE5
:20A4E0005B881A465C4B5A615D4B1B88002B03D15B4B00221A8009E0594B1B8840F6FE7235
:20A50000934203D9564B40F6FF721A80544B5B88002B03D1524B00225A8009E0504B5B8827
:20A5200040F6FE72934203D94D4B40F6FF725A804B4B1B881A46484B5A60494B5B881A46EE
:20A54000454BDA61474B1B88002B03D1454B00221A8009E0434B1B8840F6FE72934203D93F
:20A56000404B40F6FF721A803E4B5B88002B03D13C4B00225A8009E03A4B5B8840F6FE722A
:20A58000934203D9374B40F6FF725A80354B1B881A46314B9A62334B5B881A462E4B9A63D5
:20A5A000314B1B88002B03D12F4B00221A8009E02D4B1B8840F6FE72934203D92A4B40F641
:20A5C000FF721A80284B5B88002B03D1264B00225A8009E0244B5B8840F6FE72934203D91C
:20A5E000214B40F6FF725A801F4B1B881A461A4B1A611D4B5B881A46174B9A611B4BD3EDF3
:20A60000007AF5EEC07AF1EE10FA04D8174B4FF000021A600CE0154BD3ED007A9FED147A21
:20A62000F4EEC77AF1EE10FA02DB104B114A1A600E4BD3ED017AF5EEC07AF1EE10FA1BD874
:20A640000A4B4FF000025A6023E000BF00040258982A00105C24001088260010781E0010C4
:20A66000941E00108C1E00107C1E0010801E001000F07F4500F07F459B4BD3ED017A9FEDF1
:20A680009B7AF4EEC77AF1EE10FA02DB964B984A5A60954BD3ED007AFCEEE77A17EE903A0B
:20A6A0009BB21A46934B1A628F4BD3ED017AFCEEE77A17EE903A9BB21A468E4B5A638E4B48
:20A6C0001B88002B03D18C4B00221A8009E08A4B1B8840F6FE72934203D9874B40F6FF7214
:20A6E0001A80854B5B88002B03D1834B00225A8009E0814B5B8840F6FE72934203D97E4B8C
:20A7000040F6FF725A807C4B1B881A46794BDA60794B5B881A46774B9A60764B40F6FF72C5
:20A72000DA62744B40F6FF72DA63744BD3ED007AFCEEE77A17EE902A6E4B5A62704BD3ED47
:20A74000007AFCEEE77A17EE902A6A4B1A63694B012283F894206B4B93F81D3107EE903AEF
:20A76000B8EEE77AD7ED1B7A37EE277A654B93F82D3107EE903AF8EEE77A37EE277A624BA1
:20A78000D3ED067A37EE277A5F4BD3ED077A37EE277A5E4B1B7807EE903AF8EEE77A37EE9B
:20A7A000277A5B4BD3ED007A37EE277A554B1B7807EE903AF8EEE77A37EE277A514BDB7D5F
:20A7C00007EE903AF8EEE77A37EE277A514B1B781A461346DB009B1A07EE903AF8EEE77A2F
:20A7E00037EE277A4C4B1B7807EE903AF8EEE77A37EE277A494B1B781A4613469B001344CB
:20A8000007EE903AF8EEE77A37EE277A444B1B781A4613469B0013445B00134407EE903A2E
:20A82000F8EEE77A37EE277A3E4BD3ED007A37EE277A3D4BD3ED007ADFED3C6A67EEA66AE9
:20A84000304B93F80F3107EE903AF8EEE77A66EEA77AFDEEE77AF8EEE77A77EE277AC7EDEA
:20A860002E7A334B1B68334A1360324AD7F8A0305360314B1B682F4A93602E4AD7F89830F7
:20A88000D360284B1B682B4A13612A4AD7F894305361284AD7F88C309361264AD7F8883003
:20A8A000D361244AD7F884301362224AD7F880305362204AD7F8BC30936297F8763007EE1A
:20A8C000903AF8EE677A1B4BC3ED0B7A1B4B1B7883F00103DBB2002B34D0194B1B7807EE34
:20A8E000903AF8EEE77A34E0801E001000F07F4500F07F4588260010881E0010381E001043
:20A900003C1E00105C24001050270010CC1E0010B8000010CE1E0010D11E0010D21E0010F9
:20A920008C290010982A0010E01E00100000C8423426001038260010942A00101C2800106E
:20A94000D41E0010B24BD3F8143107EE903AF8EEE77AB04BC3ED0C7AAF4B1B7807EE903A65
:20A96000F8EE677AAB4BC3ED0D7AAC4B1B8807EE903AB8EE677ADFEDAA6AC7EE267AA54BDE
:20A98000C3ED0E7AA54B5B8807EE903AB8EE677ADFEDA36AC7EE267A9E4BC3ED0F7A97F887
:20A9A000CF3007EE903AF8EE677A9A4BC3ED107A9C4B1B78DA019C4BB3F900309BB203F09B
:20A9C0007F03134307EE903AF8EEE77A914BC3ED117A8F4B93F80F3107EE903AF8EE677A57
:20A9E0008C4BC3ED127A8A4B93F818311A46884B93F819311B01134407EE903AF8EEE77A1A
:20AA0000844BC3ED137A824B93F81031002B02D0864B00221A707E4B93F8103183F001030B
:20AA2000DBB2002B09D0824B1B78002B05D0804B00221A707D4B01221A700023C7F8B43073
:20AA400011E0744AD7F8B4309B001344D3ED007A97ED2E7A77EE277AC7ED2E7AD7F8B43027
:20AA60000133C7F8B430D7F8B430132BE9DD0023C7F8B03034E0664AD7F8B0301344033386
:20AA80001B7807EE903AF8EEE77A97ED2E7A77EE277AC7ED2E7A5E4AD7F8B03013440833A6
:20AAA0001B7807EE903AF8EEE77A97ED2E7A77EE277AC7ED2E7A564AD7F8B03013440D3389
:20AAC0001B7807EE903AF8EEE77A97ED2E7A77EE277AC7ED2E7AD7F8B0300133C7F8B030CD
:20AAE000D7F8B030042BC6DD524BD3ED007A97ED2E7AB4EE677AF1EE10FA02D04E4B0122D8
:20AB00001A704C4AD7F8B83013604B4B1B78002B00F0C580494B93F8953083F00103DBB27A
:20AB2000002B00F0BC800023C7F8AC3011E0394AD7F8AC309B0013441A684049D7F8AC3039
:20AB400010339B000B441A60D7F8AC300133C7F8AC30D7F8AC30132BE9DD394B1B68374A9D
:20AB6000C2F89030374B1B78002B14D0284BD3F82031012B0FD1314B022283F8A020244B52
:20AB8000042283F81D21224B012283F824212D4B00221A7019E01E4B93F81D31052B0BD11B
:20ABA000264B022283F8A020194B012283F81D21244B00221A7008E0154B93F81D211F4BEF
:20ABC00083F8A0201F4B00221A70114B93F82D211A4B83F896201C4B1A78184B83F89720CB
:20ABE0001A4B1B68002B39D1194B1B781A46164B1B785B001A44174B1B789B001A44164BE5
:20AC00001B78DB0013440D4AC2F8A4302AE000BF5C240010382600104C270010901E001082
:20AC20000000804451290010762900101C280010CD1E0010100E0010140E001088260010AA
:20AC4000B8000010D21E0010CC1E0010B0000010CE1E0010D11E00108C290010124B002233
:20AC6000C3F8A420114B00221A70114B00221A70104B00221A70104B00221A700F4B9B69D9
:20AC8000094AC2F898300D4BDB69074AC2F89C30054B012283F89520094B00221A7000BF0A
:20ACA000D037BD46BDE8B08388260010CC1E0010CE1E0010D11E00108C29001050270010B3
:20ACC000140E001080B58CB002AF78600B46FB70002387F82330032387F8223097F82230BF
:20ACE00063F0030387F82330002387F82130002387F820300023FB7797F82020FB7F134310
:20AD000087F821300023BB7730237B7706233B770123FB767A7F3B7F1343DAB2FB7E1343F5
:20AD2000BB770023BB7600237B767B7EBB7600233B760023FB750023BB7500237B75FA7D0B
:20AD4000BB7D1343DAB27B7D13433B7601233B7397F821307B730223BB73BB7FFB73032319
:20AD60003B74BB7E7B7440F201137B8200237B6213E0FB7899B207F10C027B6A5B001A4464
:20AD80004FF47A7300930223786809F05FF8C82004F094F87B6A01337B627B6A032BE8DD65
:20ADA00000BF00BF2837BD4680BD00BF80B592B002AF78600B46FB70002387F83B300023CB
:20ADC00087F83A300E2387F83930002387F8383097F83A2097F839301343DAB297F83830AD
:20ADE000134387F83B30002387F83730002387F83630002387F83530022387F834300023D0
:20AE000087F8333097F8362097F835301343DAB297F834301343DAB297F83330134387F8F9
:20AE20003730002387F83230002387F83130002387F83030002387F82F30002387F82E30A1
:20AE4000002387F82D30002387F82C30012387F82B3097F8312097F830301343DAB297F8B7
:20AE60002F301343DAB297F82E301343DAB297F82D301343DAB297F82C301343DAB297F898
:20AE80002B30134387F83230002387F82A30002387F82930002387F82830002387F8273036
:20AEA000012387F8263097F8292097F828301343DAB297F827301343DAB297F826301343F5
:20AEC00087F82A30002387F82530012387F8243097F8243043F0020387F82530002387F81A
:20AEE0002330002387F82230002387F82130002387F8203097F8222097F821301343DAB293
:20AF000097F82030134387F823300023FB770023BB7700237B7704233B77BA7F7B7F1343C9
:20AF2000DAB23B7F1343DBB243F00903FB770023FB760023BB7600237B7600233B76BA7E2F
:20AF40007B7E1343DAB23B7E1343DBB243F00C03FB760023FB750023BB75BB7DFB75002316
:20AF60003B7397F83B307B730123BB7397F83730FB7302233B7497F832307B740523BB747A
:20AF800097F82A30FB744FF47063BB820023FB6313E0FB7899B207F10C02FB6B5B001A44AF
:20AFA0004FF47A7300930223786808F04FFFC82003F084FFFB6B0133FB63FB6B042BE8DDD3
:20AFC00000BF00BF4037BD4680BD00BF80B500AF002201210C4808F029FE4FF4FA7003F042
:20AFE0006DFF01224021094808F020FE4FF4FA7003F064FF01220121034808F017FE0A2030
:20B0000003F05CFF00BF80BD001C02580000025880B400AF164B4FF480621A80154B4FF470
:20B0200080621A80144B4FF480721A80134B00221A80134B4FF400721A80124B00221A8086
:20B04000104B1A88104B1A800F4B1A880F4B1A800E4B1A880E4B1A800E4B00221A800E4BB2
:20B060000E4A1A6000BFBD465DF8047B704700BF981E00109A1E00109C1E00109E1E0010CE
:20B08000A21E0010AA1E0010A81E0010A61E0010A41E0010A01E0010401E001077BE7F3F5D
:20B0A00080B500AF01224FF480711C4808F0BEFD01224FF40071194808F0B8FD01224FF4F3
:20B0C0008051174808F0B2FD01224FF48061144808F0ACFD01224FF40061114808F0A6FD9A
:20B0E00001224FF400510E4808F0A0FD01224FF480410B4808F09AFD01220821094808F010
:20B1000095FD01224FF40051074808F08FFD01228021024808F08AFD00BF80BD000402582C
:20B1200000180258001002580008025880B582B000AF284B284A1A6001237B6040E07B685A
:20B1400007EE903AF8EEE77ADFED246A87EEA67AB0EE470A12F0E8FDF0EE407A9FED207A66
:20B1600067EE877A1B4A7B689B001344C3ED007A184A7B689B001344D3ED007A9FED197A85
:20B18000F4EEC77AF1EE10FA05DB124A7B689B001344114A1A600F4A7B689B001344D3EDCF
:20B1A000007AF5EEC07AF1EE10FA06D5094A7B689B0013444FF000021A607B6801337B605F
:20B1C0007B68B3F5806FBADB00BF00BF0837BD4680BD00BF180E001000F07F4500C07F4437
:20B1E00000C04CC400F07F4580B500AF002210211E4808F01BFD002220211C4808F016FD4C
:20B20000642003F05BFE01220821184808F00EFD01220421154808F009FD01224FF48051D5
:20B22000134808F003FD642003F048FE012210210E4808F0FBFC0A2003F040FE22210D4872
:20B24000FFF740FD642003F039FE01222021074808F0ECFC0A2003F031FE20210548FFF7AA
:20B26000A5FD642003F02AFE00BF80BD000C025800080258D407001080B400AF144B00227A
:20B280001A60134B00225A60114B00229A60104B0022DA600E4B00221A610D4B00225A61A0
:20B2A0000B4B4FF47F729A61094B0022DA61084B00221A62064B00225A62054B00229A62CA
:20B2C000034B0022DA6200BFBD465DF8047B7047FC22001080B48FB000AF00237B6307E03D
:20B2E000B14A7B6B002142F823107B6B01337B637B6B052BF4DDAC4B002283F83820AA4B1F
:20B300000022DA63A84B002283F84020A74B00221A70A64B00225A7000233B6326E0A34AAF
:20B320003B6B1344023300221A70A04A3B6B1344073300221A709D4A3B6B13440C3300221D
:20B340001A709A4A3B6B1344113300221A70974A3B6B1344163300221A70944A3B6B1344E4
:20B360001B3300221A703B6B01333B633B6B042BD5DD8E4B002283F820208C4B002283F8AA
:20B3800021208A4B002283F82220884B002283F82320864B002283F82420844B002283F8E7
:20B3A0002520824B002283F82620804B002283F827207E4B002283F828207C4B002283F8D7
:20B3C00029207A4B002283F82A200023FB6214E0764AFB6A13442B3300221A70734AFB6A5C
:20B3E00013442F3300221A70704AFB6A1344333300221A70FB6A0133FB62FB6A032BE7DD13
:20B400000023BB620FE0694ABB6A13443B3300221A70664ABB6A10339B00134400225A60CE
:20B42000BB6A0133BB62BB6A052BECDD5F4B0022DA655E4B00221A665D4B00221A705C4B27
:20B4400000225A705A4B00229A70594B0122DA7500237B621AE0564A7B6A134403330022EB
:20B460001A70534A7B6A1344083300221A70504A7B6A13440D3300221A704D4A7B6A1344ED
:20B48000123300221A707B6A01337B627B6A042BE1DD00233B621FE00023FB610FE0444939
:20B4A0003A6A13465B0013445B00FA69134406339B000B4400225A60FB690133FB61FB6971
:20B4C000052BECDD3A4A3B6A3C339B00134400225A603B6A01333B623B6A052BDCDD344B8A
:20B4E000012283F80C21324B002283F80D21304B002283F81D212E4B002283F81E212C4B17
:20B500000022C3F820212A4B012283F82421284B002283F82521264B002283F80E21244BB3
:20B52000002283F80F21224B002283F81021204B062283F818211E4B062283F819211C4B0F
:20B54000002283F81A211A4B002283F81B21184B002283F81C21164B0022C3F82821144BB2
:20B56000002283F82C21124B002283F82D21104B012283F86C210E4B012283F86D210C4B37
:20B580000022C3F868210A4B4FF00002C3F83021074B4FF00002C3F834210023BB611EE0C3
:20B5A00000237B6115E000BF88200010F02300105C2400107649BA6913465B0013449B00E5
:20B5C0007A6913449C33002221F813207B6901337B617B690B2BEDDDBB690133BB61BB6984
:20B5E000012BDDDD6A4B002283F86E21684B022283F86F21664B012283F87021644B0022F1
:20B6000083F87421624B002283F87321604B002283F871215E4B012283F8722100233B61C9
:20B6200007E05C4A3B69002142F823103B6901333B613B690F2BF4DD0023FB600AE0554A21
:20B64000FB6810339B0013444FF000021A60FB680133FB60FB680B2BF1DD4E4B4FF0000264
:20B66000C3F890204B4B002283F89420494B002283F89520474B002283F8A020454B0022F1
:20B6800083F89620434B002283F89720414B0022C3F8A4200023BB600DE03F49BA6813463C
:20B6A000DB0013449B000B4420336FF05F221A60BB680133BB60BB68092BEEDD374B002289
:20B6C0001A70364B00225A70344B002283F82020324B00225A62314B00229A6200237B6024
:20B6E0000EE02E4A7B681344023300221A702B4A7B680233002142F823107B6801337B60BC
:20B700007B68052BEDDD00233B6037E0244A3B689B0013444FF000021A60214A3B68023376
:20B72000002142F823101E4A3B680433002142F823101B4A3B6806339B0013444FF07E5269
:20B740001A60174A3B680833002142F82310144A3B680A33002142F82310114A3B680C3399
:20B76000002142F823100E4A3B680E339B0013444FF000021A603B6801333B603B68012B11
:20B78000C4DD00BF00BF3C37BD465DF8047B70475C24001088260010041F0010D4250010FF
:20B7A0005027001080B500AFFFF794FDFFF70EFCFFF72EFCFFF774FCFFF7B8FCFFF75CFD18
:20B7C00000BF092008F04CFA0346002BF9D14FF060533B4A1A654FF06053394A5A654FF09C
:20B7E0006053374A9A654FF06053354ADA654FF06053344A1A604FF06053334A5A604FF014
:20B800006053324A9A604FF060534FF00002DA604FF060534FF000021A614FF060534FF0B3
:20B8200000025A614FF060534FF000029A614FF060534FF00002DA614FF060534FF000027C
:20B840001A624FF060534FF000025A624FF060534FF000029A624FF060534FF07E52DA6211
:20B860004FF06053002283F8B1204FF060530022C3F8CC200021092008F00CFAFFF7B4FCBF
:20B880004FF4806008F01AFA00BF114B1B68012BFBD00C220F4910480EF03AFB02220F4957
:20B8A0000F4803F0E5FE0F4B93ED007AF7EE006AC6EE877A0C4BC3ED007A00BF80BD00BFC7
:20B8C00017B7D138CDCC4C3FCDCCCC3DC3F5283EB40000100C210010680C0010D81E001022
:20B8E000F8060010C4000010C800001080B584B000AF78607B681B683E4A934267D13E4B1A
:20B900001B683E4A11783E4AD1543B4B1B680133DBB2394A13603B4B01221A703A4B93F8E3
:20B920007131002B0AD1384B93F87031002B05D1354B5B79002B01D0012300E00023FB73CA
:20B94000FB7B03F00103FB732C4B1B78F82B1ED12E4B1B6801332D4A13602C4B1B68172B9A
:20B960002EDD2A4B00221A60FB7B002B28D0284B1B78002B14BF01230023DBB283F00103C3
:20B98000DBB203F00103DAB2214B1A7018E01B4B1B78FA2B14D11D4B00221A60FB7B002B01
:20B9A0000ED01B4B1B78002B14BF01230023DBB283F00103DBB203F00103DAB2144B1A706E
:20B9C000144B1B680421184610F0C0FB0DE07B681B68114A934208D1104B01221A60104B98
:20B9E0001B680321184610F0B1FB00BF1037BD4680BD00BF004C004040290010150E001059
:20BA000040280010482900105C240010482700104C270010FC0D001000440040FC200010D2
:20BA2000F80D001080B582B000AF78607B681B680B4A934205D101220A490B480EF068FA74
:20BA400009E07B681B68094A934204D10C22084908480EF05DFA00BF0837BD4680BD00BF79
:20BA6000004C0040150E0010D40B0010004400400C210010680C001080B483B000AF7860E5
:20BA8000044B01221A6000BF0C37BD465DF8047B704700BFEC1E001080B582B000AF786063
:20BAA0007B68B3F5806F10D10A4B01221A700A4B1B68012B06D1094B1B680221184610F0F6
:20BAC00045FB02E0064B00221A6000BF0837BD4680BD00BFCC000010040E0010F00D00104F
:20BAE000B400001080B487B000AF00237B6100233B610023FB71404B93F8303083F001032E
:20BB0000DBB2002B71D00023FB600FE03B4AFB6813441B7823F07F03FB71FB79802B02D1FA
:20BB2000FB683B6105E0FB680133FB60FB680B2BECDD0023BB6015E0BA683B69D31A7B610B
:20BB40007B69002B02DA7B690C337B612B4ABB68134419782A4A7B6913440A461A70BB68CF
:20BB60000133BB60BB680B2BE6DD254B9B7ADB0103F46073224AD27A13431F4A5361204B99
:20BB80001B7ADB0103F460731D4A527A13431A4A13611B4B9B79DB0103F46073184AD2793C
:20BBA0001343154AD360164B1B79DB0103F46073134A52791343104A9360114B9B78DB01EC
:20BBC00003F460730E4AD27813430B4A53600C4B1B78DB0103F46073094A52781343064A48
:20BBE0001360054B012283F8302000BF1C37BD465DF8047B704700BFBC2300100C21001009
:20BC00000021001080B582B000AF9E4B93F83830FB710023BB809C4B1B78002B00F05F81C2
:20BC2000FB79052B00F25B8101A252F823F000BFD5BE100847BD100849BC1008DFBE10083A
:20BC4000D5BE10086DBD1008904B1B68022B5BD0022B00F34181002B02D0012B24D03BE126
:20BC60008B4B00221A60CC233B71864BDB6BDBB27B713B791A46864B1B681344844A136027
:20BC80007B791A46824B1B681344814A13603B1D022219467F480EF0A7F87F4B00221A60C6
:20BCA0007A4B01221A604DE07B4B1B68754A52F823301B12DBB23B71774B1B68714A52F8A0
:20BCC0002330DBB27B713B791A46714B1B6813446F4A13607B791A466D4B1B6813446C4A26
:20BCE00013603B1D022219466A480EF07DF86A4B1B680133684A1360674B1B68052B20DDDE
:20BD0000624B02221A601CE0614B1B681B12DBB23B715F4B1B68DBB27B713B1D02221946C6
:20BD20005C480EF061F8574B002283F840205B4B00221A70584B00221A60544B00221A609D
:20BD400000E000BFC8E04F4B1B68DBB23B714D4B5B68DBB27B713B1D022219464D480EF004
:20BD600043F8484B002283F84020B8E0474B1B68032B00F2B38001A252F823F08DBD100896
:20BD8000D5BD100835BE1008A1BE1008404B00221A60CD233B713B4BDB6BDBB27B713B79BB
:20BDA0001A463B4B1B681344394A13607B791A46374B1B681344364A13603B1D022219464F
:20BDC00034480EF011F8344B00221A602F4B01221A607EE0304B1B682A4A52F823301B1214
:20BDE000DBB23B712C4B1B68264A52F82330DBB27B713B791A46264B1B681344244A13604A
:20BE00007B791A46224B1B681344214A13603B1D022219461F480DF0E7FF1F4B1B68013363
:20BE20001D4A13601C4B1B680B2B51DD174B02221A604DE0184B1B68124A52F82330DBB241
:20BE40003B71154B1B6801330E4A52F82330DBB27B713B791A460E4B1B6813440C4A1360A1
:20BE60007B791A460A4B1B681344094A13603B1D0222194607480DF0B7FF044B03221A60AE
:20BE800027E000BF8820001035280010382B00103C2B0010680C0010402B00102C2800106A
:20BEA00000233B7100237B713B1D022219460E480DF09AFF0D4B002283F840200C4B00220F
:20BEC0001A700C4B00221A600B4B00221A6000E000BF03E000BF02E000BF00E000BF00BFB3
:20BEE0000837BD4680BD00BF680C0010882000102C280010402B0010382B001080B584B00D
:20BF000000AF00233B811E4B1B68FB601D4B1B78002B09D01C4B1B7883F00103DBB2002B24
:20BF200002D01A4B1B68FB60194B1B7883F00103DBB2002B03D1174B1B78002B02D0CE230F
:20BF40003B7204E0E0233B72114B00221A70D7ED037A9FED117A67EE877AFCEEE77AC7EDEB
:20BF6000017A3B79DBB27B7207F10803022219460A480DF039FF00BF1037BD4680BD00BF06
:20BF8000E01E0010DD1E0010DC1E0010E81E0010C41E00105C24001000007F43680C0010A0
:20BFA00080B582B000AF0023BB80E1233B7100237B713B1D0222194603480DF015FF00BF58
:20BFC0000837BD4680BD00BF680C001080B582B000AF092007F044FE0346002B40F05081B2
:20BFE0004FF060531B6DA84A1360A74B1B68A74AC2F830314FF060535B6DA54A1360A44BD6
:20C000001B68A24AC2F834314FF060539B6DA14A13604FF06053DB6D9F4A13604FF06053B2
:20C02000D3ED187AF5EE407AF1EE10FA14BF01230023DAB2994B1A704FF06053D3ED197ACF
:20C04000F5EE407AF1EE10FA14BF01230023DAB2934B1A704FF0605393ED307ADFED916A69
:20C06000C7EE267A904BC3ED007A4FF06053D3F8C8308E4A13604FF06053D3F8C4308C4ADF
:20C080001360824B93F87031012B29D17F4B93F87331002B24D0874B1B68002B20D1864BB4
:20C0A0001B6807EE903AB8EEE77A814BD3ED007A67EE277AFDEEE77A17EE902A7F4B1A60EC
:20C0C0007E4B1A687E4B1B689A4205D07D4B1B680821184610F03AF8784B1B68784A136099
:20C0E0004FF06053D3F8B430002B16DD674B012283F81021744B1B7883F00103DBB2002B7F
:20C1000004D04FF06053D3F8B43002E05F4BD3F814315E4AC2F8143119E06C4B1B7883F0B1
:20C120000103DBB2002B12D0584B002283F81021654B1B7883F00103DBB2002B01D000238A
:20C1400002E0524BD3F81431504AC2F81431604B93F89530002B00F08F8000237B600EE0A6
:20C160004FF060515A4A7B6810339B0013441A687B689B000B441A607B6801337B607B6875
:20C18000132BEDDD4FF06052514BD3F89030C2F8A4304FF060534E4A92F8A02083F8B020D2
:20C1A0004FF06053394A92F82D2183F8B1204FF06053474A92F8972083F8B820334B1A78BF
:20C1C0004FF06053C3F8BC20414B002283F895204FF060523E4BD3F8A430C2F8CC304FF0EA
:20C1E00060523B4BD3F89830C2F8A8304FF06052374BD3F89C30C2F8AC3000233B6038E06C
:20C20000224BDB7D83F00103DBB2002B0AD03B68012B07D14FF060523B681A33002142F86D
:20C2200023100BE0194A3B68134403331B784FF0605219463B681A3342F82310134A3B680D
:20C240001344083319784FF060523B6805331A3342F823100D4A3B6813440D3319784FF0D4
:20C2600060523B680A331A3342F823103B6801333B603B68042BC3DD0021092007F00AFD46
:20C2800000BF0837BD4680BD002600105C24001004260010082600100C260010D51E0010DD
:20C2A000AC1E0010295C1F43B41E0010BC1E0010B81E0010B000001008000010B01E001055
:20C2C000002B0010FC0D0010CD1E00101C280010882600102DE9704FACB0402200211CA885
:20C2E00011F042FC964A92F89430002B00F02481944BD3F844011B90050C099502F12008AD
:20C300001546D3E954B2D3E9529A81B201911146D3F858210D921FFA89FED3F85C211591CB
:20C320000C92CDF81CE01FFA8BFE0C9ACDF814E0BDF854E0D3F86001CDF810E0BDF834E00A
:20C340001A90CDF80CE01FFA82FECDF808E0DDF868E015999C461FFA8AF306931FFA8EF3C6
:20C36000080C08934FEA194318930E904FEA1A430D9816934FEA1B4371461193030C100C2F
:20C380000B930A90080C1990B8E80F0024AE0FC698E80F0086E80F000FCD1CAC0FC495E852
:20C3A0000F0084E80F001D9B079A159C03F580539D1A259B069A0F9503F58053A3EB1949A8
:20C3C0001E9B03F500539D1A269B059A109503F50053A3EB1A4A1F9B03F540539D1A279BA2
:20C3E000049A129503F54053A3EB1B4500F5804313959D1A289B039A149503F58043A3EB16
:20C40000144501F5A04315959D1A299B0D9C029A03F5A043A3EB1446229B0C9C03F5C0435D
:20C420009B1A17932A9B089A03F5C043A3EB1444239B03F5E0439B1A18462B9B1A9A03F5F7
:20C44000E043A3EB12481C9B01995A1A0C921B9B249AA2EB13434FF0000E0D936FF05F2349
:20C46000CCF82030384B0D99A3FB0E23099A5B0801FB032B0C99019A01FB032202EB0B42E5
:20C48000CCF80020189A0F9909FB032B079A01FB032202EB0B42CCF80420169A10990AFBEA
:20C4A000032B069A01FB032202EB0B421399CCF80820119A01FB032B1299059A01FB03227B
:20C4C00002EB0B421599CCF80C200E9A01FB032B1499049A01FB032202EB0B42CCF8102018
:20C4E0000B9A179906FB032B039A05FB032202EB0B42CCF814200A9A04FB032B029A01FB5B
:20C50000032202EB0B42CCF81820199A089908FB03220EF1010E00FB031303EB0243BEF143
:20C520000A0FCCF81C300CF1240C97D1074A0449002381F8943013602CB0BDE8708F00BF8D
:20C5400088260010041F0010398EE3386C20001080B500AF0D4B1B6801330C4A13600B4B5A
:20C560001B68082B02DD094B09221A60074B1A681346DB0013449B00054A13440922194603
:20C5800004480BF007FC00BF80BD00BF6C200010041F0010280800102DE938432DED028B4F
:20C5A000D0ED018A90ED008A18EE900AF3F7FCFF044618EE100A0D46F3F7F6FFF4EEC88AD7
:20C5C000F1EE10FA14D514A3D3E900238046894620462946F4F740F842464B46F3F786FEDF
:20C5E000F4F71CFBBDEC028B00EE100ABDE8388309A3D3E90023F4F72FF822462B46F3F73B
:20C6000075FEF4F70BFBBDEC028B00EE100ABDE8388300BFAFF300806E3480B74082DA3F83
:20C620002DE9704FD84AD94BD94CDA48DA492DED068B92ED009AD3ED009A94ED008AD74A2B
:20C64000D74B90ED00AAD1F800A016681D6829EE297A84B077EE487AF5EEC07AF1EE10FA0A
:20C6600040F32182AAEE278A18EE10BACD4BD4ED018A93ED008AC4F800B029EE887A77EE73
:20C68000687AF5EEC07AF1EE10FA40F39B82EAEE278A18EE908ABE48C4F80480FFF77CFF02
:20C6A000304610EE106AF3F77FFF02460B462846CDE90023F3F778FF02460B46CDE902236F
:20C6C000ADA3D3E90023F3F7C7FF044658460D46F3F76AFFAAA3D3E90023F3F707FE02468A
:20C6E0000B4620462946F4F7E1F8F4F797FA08EE900AF5EEC08AF1EE10FA40F25E82F7EE37
:20C70000007AF4EEE78AF1EE10FAC0F29181DFF8E8A2DFF8E892CAED007A4FF07E53C9F8EB
:20C7200000304046F3F740FF95A3D3E90023F3F7DDFD02460B4620462946F4F7B7F8F4F74C
:20C740006DFA08EE900AF5EEC08AF1EE10FA40F20F82F7EE007AF4EEE78AF1EE10FAC0F2BC
:20C760006182CAED017A4FF07E53C9F804303046F3F71AFF82A3D3E90023F3F7B7FD02463C
:20C780000B46DDE90201F4F791F8F4F747FA08EE900AF5EEC08AF1EE10FA40F2C381F7EEDE
:20C7A000007AF4EEE78AF1EE10FAC0F245827E4A7E4BC2ED007AF7EE007AF0EE678AC3EDB2
:20C7C000007A7B4A7B4BD2ED007AD3ED006A7A4B7A4A93ED007A92ED006A774867EEA66A61
:20C7E00067EE867AF4EEC76AF1EE10FA36EEC76ACCBFDFED735ADFED735AA6EE257AF0EEC5
:20C80000476A93ED017AC3ED006AF4EEC77AF1EE10FA77EEC76ACCBFDFED697ADFED697AC7
:20C82000A6EEA77A83ED017AFFF7B6FE664B186810EE106AF3F7B8FE044630460D46F3F768
:20C84000B3FE4FA3D3E90023F3F750FD02460B4620462946F4F72AF8F4F7E0F907EE900A51
:20C86000F5EEC07AF1EE10FA40F25781B7EE006AF4EEC67AF1EE10FAC0F2DB81F0EE467AE2
:20C88000524A534BD2ED005A93ED007A5149524A81ED006A79EE256A38EE258A66EEA96A0B
:20C8A00028EE298A76EEC75AC2ED007AF5EEC05AF1EE10FA40F32A81DFED487AA5EEA77AFB
:20C8C0004348D3ED017A83ED007AB4EEE78AF1EE10FACCBF9FED417A9FED417A38EE678A7C
:20C8E000E8EE077AC3ED017AFFF756FE3D4B93ED008A18EE100A10EE106AF3F755FE0446BB
:20C9000030460D46F3F750FE1DA3D3E90023F3F7EDFC02460B4620462946F3F7C7FFF4F79B
:20C920007DF907EE900AF5EEC07AF1EE10FA40F2E880B7EE007AF4EEC77AF1EE10FAC0F275
:20C940008481F0EE477A284B284A1969284C294B82ED007A0329B4EEC89A18BFF0EE678A25
:20C96000F1EE10FAD4ED007AC3ED008A40F3858046E000BFAFF300801B0DE02D90A0E63F90
:20C980002D431CEBE2361A3F00260010B8000010042B0010282600102C260010302600104C
:20C9A0002426001004260010142B001010260010E4000010082600101C2B00100C26001083
:20C9C000CDCC4C3D17B7D138E0000010441E00102C2B0010242B00101C260010CDCC4C3EC1
:20C9E00017B7D1393C270010CC200010342B001044270010402700100C2B001014260010FE
:20CA0000B7EE007AF4EEC77AF1EE10FA0BD517EE900AF3F7C9FD94A3D3E90023F3F766FC5A
:20CA2000F4F7FCF8206004B0BDEC068BBDE8708FF3F7BAFD904B0022F3F756FCDFF850A262
:20CA4000DFF85092CAED008ADDE90023F3F704FE894B0022F3F74AFCF4F7E0F807EE900A8F
:20CA6000F5EEC07AF1EE10FAC9F800004FF0000300F2EE80C9F8003053E6F5EEC07AF1EE27
:20CA800010FAD0DD17EE900AF3F78EFD76A3D3E90023F3F729FCF4F7C1F8206004B0BDEC43
:20CAA000068BBDE8708F78EE477A17EE900AF3F77BFD804618EE100A8946F3F775FD6CA3F9
:20CAC000D3E90023CDE9000140464946F3F7C4FDCDE902015046F3F767FD02460B46DDE904
:20CAE0000201F3F703FC42464B46F3F7B5FD02460B46DDE90001F3F7F7FBF4F78FF883461E
:20CB0000B4E59FED5E7AF0EE477A1CE776EEC76ADFED5B7AA6EEA77AD2E69FED586AF0EEA7
:20CB2000467AADE6574BDFED558A0022564CDDE90001C4ED008AF3F78FFD4F4B0022F3F773
:20CB4000D5FBF4F76BF8DFED4D7A504B08EE900AF4EEE78AF1EE10FA18607FF62EAEF7EE0F
:20CB6000007AF4EEE78AF1EE10FAFFF62AAE22E6DFED428A43490020DDE90023CAED018ABB
:20CB8000F3F76AFD3C4B0022F3F7B0FBF4F746F807EE900AF5EEC07AF1EE10FAC9F8040083
:20CBA0004FF000037FF6E1ADB7EE007AF4EEC77AF1EE10FAFFF6DBADD5E5DFED308A3149CE
:20CBC00000203BE778EEC77A17EE900AF3F7ECFC804618EE900A8946F3F7E6FC24A3D3E977
:20CBE0000023CDE9020140464946CDE90089F3F733FD804650468946F3F7D6FC02460B466B
:20CC000040464946F3F772FBDDE90023F3F724FD02460B46DDE90201F3F766FBF3F7FEFF20
:20CC2000804638E5F3F7C0FC134B0022F3F75CFBA2E7B0EE676A23E6F3F7B6FC0E4B002292
:20CC4000F3F752FB02460B4670E7B0EE677A7AE6B7EE007AF4EEC77AF1EE10FAFFF661ADA0
:20CC60005BE500BFAFF300807B14AE47E17A843F2D431CEBE2360A3F0000F03F00000000EA
:20CC800017B7D1390000F0BF142B0010102600100C2B001014260010B0B5A4B000AF774BBD
:20CCA000D3F8E030754A43F00073C2F8E030734BD3F8E03003F000733B603B68012006F016
:20CCC000FDFF07F0DDFF01220221002007F05EFF6B4B1B681B0903F00F03072B08D1694BAA
:20CCE000D3F80431674A43F00103C2F8043107E0644BD3F81431634A43F00103C2F81431D4
:20CD000002F05EF800F01EFE00F0E4FD00F04AFD00F094FD00F0A8F900F066F900F0DAF894
:20CD200000F094FA00F0F4FC00F0DEFA00F040FB00F0F2F900F0EEFB00F086FC00F09CFBF5
:20CD400000F008FDFEF72EFD4F480BF0EDFC4F480BF0EAFC00214E480BF0B6FD04214C48AD
:20CD60000BF0B2FD00214B480BF0AEFD042149480BF0AAFD042148480BF0A6FD082146484D
:20CD80000BF0A2FD002145480BF09EFD042143480BF09AFD002142480BF096FD042140488D
:20CDA0000BF092FD4FF4806006F088FF3D4B07F174041D460FCD0FC495E8070084E8070048
:20CDC00007F17403002118460FF05FF90346364A1360364B07F158041D460FCD0FC495E86E
:20CDE000070084E8070007F15803002118460FF04CF903462E4A13602E4B07F13C041D465B
:20CE00000FCD0FC495E8070084E8070007F13C03002118460FF039F90346274A1360274BE6
:20CE200007F120041D460FCD0FC495E8070084E8070007F12003002118460FF026F90346CC
:20CE40001F4A13601F4B3C1D1D460FCD0FC495E8070084E807003B1D002118460FF015F946
:20CE60000346194A1360194B00221A60184B01221A600FF003F900BFFDE700BF0044025898
:20CE800000ED00E00064025874090010580A0010F00A00100C0A001028090010A40A0010D9
:20CEA000C009001018E31108EC0D001034E31108F00D001050E31108F40D00106CE311087A
:20CEC000F80D001088E31108FC0D0010B4000010040E001080B58AB000AF07F11C03002263
:20CEE0001A605A609A603B4600221A605A609A60DA601A615A619A61374B384A1A60364BC9
:20CF00004FF4E0125A60344B00229A60324B0122DA60314B04221A612F4B00221A752E4BEC
:20CF200001225A752C4B02229A612B4B00221A77294B00225A62284B00229A62264B0322C7
:20CF4000DA62254B00221A63234B00225A63224B002283F83820204802F0E8F90346002B28
:20CF600001D001F08FF80023FB6107F11C031946194803F077FC0346002B01D001F082F8FC
:20CF8000174B3B6006237B600423BB6040F2FF73FB6004233B6100237B6100237B763B46F8
:20CFA00019460D4802F080FE0346002B01D001F069F80C4B3B600C237B603B46194606488C
:20CFC00002F072FE0346002B01D001F05BF800BF2837BD4680BD00BFF806001000200240D9
:20CFE0000004002A0008302E80B500AF1B4B1C4A1A601A4B1B4A5A60184B00229A60174B0E
:20D000000122DA60154B00221A61144B00225A61124B00229A61114B0022DA610F4B0022CB
:20D020001A620E4806F076FE0346002B01D001F029F80021094807F011FD0346002B01D0A1
:20D0400001F020F80021054807F053FD0346002B01D001F017F800BF80BD00BFD407001027
:20D06000005C0040B175703080B500AF284B294A1A60274B4FF480025A60254B4FF4003234
:20D080009A60234B1F22DA60214B00221A61204B4FF080725A611E4B4FF000529A611C4BF1
:20D0A0004FF04052DA611A4B00221A62184B00225A62174B00229A62154B0022DA62144B83
:20D0C0004FF080425A63124B00229A63104B0022DA630F4B00221A640D4B00225A640C4BD3
:20D0E00000229A640A4B8022DA64094B00221A65074B00225A65064B00229A6504480AF0FB
:20D1000025FD0346002B01D000F0BCFF00BF80BD28080010003C004080B596B000AF07F123
:20D120004C0300221A605A609A6007F1300300221A605A609A60DA601A615A619A613B1D12
:20D140002C220021184610F00FFD3E4B3E4A1A603C4B63225A603B4B00229A60394B6322FA
:20D16000DA60384B00221A61364B00225A61354B00229A6133480BF04FFB0346002B01D055
:20D1800000F080FF0023FB6400233B6500237B6507F14C0319462B480CF01EFC0346002B35
:20D1A00001D000F06FFF60233B6300237B630023BB630023FB6300233B6400237B64002375
:20D1C000BB6407F13003042219461E480BF092FD0346002B01D000F055FF07F130030822B2
:20D1E000194618480BF086FD0346002B01D000F049FF00237B600023BB600023FB60002398
:20D200003B6100237B614FF40053BB610023FB6100233B624FF000737B620023BB62002390
:20D22000FB623B1D194607480CF064FC0346002B01D000F027FF034801F078FA00BF5837D8
:20D24000BD4680BD280900100000014080B588B000AF07F1100300221A605A609A60DA605B
:20D260003B1D00221A605A609A601E4B4FF080421A601C4BEF225A601A4B00229A60194B0B
:20D2800040F2E732DA60174B00221A61154B00229A6114480BF0F1F90346002B01D000F017
:20D2A000F1FE4FF480533B6107F1100319460D480BF034FE0346002B01D000F0E3FE0023A8
:20D2C0007B600023FB603B1D194606480CF084FB0346002B01D000F0D5FE00BF2037BD4654
:20D2E00080BD00BF7409001080B58AB000AF07F11C0300221A605A609A603B4600221A6003
:20D300005A609A60DA601A615A619A61264B274A1A60254B63225A60234B00229A60224BEC
:20D320006322DA60204B00221A611F4B00229A611D480BF071FA0346002B01D000F0A2FEFF
:20D340000023FB6100237B6207F11C03194616480CF042FB0346002B01D000F093FE6023F8
:20D360003B6000237B600023BB6000233B613B46002219460C480BF0BDFC0346002B01D0C8
:20D3800000F080FE3B460422194607480BF0B2FC0346002B01D000F075FE034801F0C6F97E
:20D3A00000BF2837BD4680BDC00900100004004080B58AB000AF07F11C0300221A605A6067
:20D3C0009A603B4600221A605A609A60DA601A615A619A61264B274A1A60254B63225A600C
:20D3E000234B00229A60224B6322DA60204B00221A611F4B00229A611D480BF00DFA034638
:20D40000002B01D000F03EFE0023FB6100237B6207F11C03194616480CF0DEFA0346002B49
:20D4200001D000F02FFE60233B6000237B600023BB6000233B613B46002219460C480BF094
:20D4400059FC0346002B01D000F01CFE3B460422194607480BF04EFC0346002B01D000F059
:20D4600011FE034801F062F900BF2837BD4680BD0C0A00100008004080B588B000AF07F126
:20D48000100300221A605A609A60DA603B1D00221A605A609A601D4B1D4A1A601B4B632213
:20D4A0005A601A4B00229A60184B6322DA60174B00221A61154B00229A6114480BF0DDF867
:20D4C0000346002B01D000F0DDFD4FF480533B6107F1100319460D480BF020FD0346002B40
:20D4E00001D000F0CFFD00237B600023FB603B1D194606480CF070FA0346002B01D000F083
:20D50000C1FD00BF2037BD4680BD00BF580A0010000C004080B596B000AF07F14C030022E7
:20D520001A605A609A6007F1300300221A605A609A60DA601A615A619A613B1D2C22002110
:20D54000184610F011FB3E4B3E4A1A603C4B63225A603B4B00229A60394B6322DA60384BA8
:20D5600000221A61364B00225A61354B00229A6133480BF051F90346002B01D000F082FD9F
:20D580000023FB6400233B6500237B6507F14C0319462B480CF020FA0346002B01D000F0DF
:20D5A00071FD60233B6300237B630023BB630023FB6300233B6400237B640023BB6407F11B
:20D5C0003003002219461E480BF094FB0346002B01D000F057FD07F130030422194618480E
:20D5E0000BF088FB0346002B01D000F04BFD00237B600023BB600023FB6000233B61002394
:20D600007B614FF40053BB610023FB6100233B624FF000737B620023BB620023FB623B1D96
:20D62000194607480CF066FA0346002B01D000F029FD034801F07AF800BF5837BD4680BD49
:20D64000A40A00100004014080B58AB000AF07F11C0300221A605A609A603B4600221A6025
:20D660005A609A60DA601A615A619A61264B274A1A60254B63225A60234B00229A60224B89
:20D680006322DA60204B00221A611F4B00229A611D480BF0C1F80346002B01D000F0F2FC00
:20D6A0000023FB6100237B6207F11C03194616480CF092F90346002B01D000F0E3FC6023F9
:20D6C0003B6000237B600023BB6000233B613B46002219460C480BF00DFB0346002B01D016
:20D6E00000F0D0FC3B460422194607480BF002FB0346002B01D000F0C5FC034801F016F8E1
:20D7000000BF2837BD4680BDF00A00100018004080B500AF0D4B0E4A1A600C4B77225A6091
:20D720000A4B00229A60094B0A22DA60074B00221A61064B00229A6104480AF09EFF034635
:20D74000002B01D000F09EFC00BF80BD3C0B0010001C004080B500AF104B114A1A600F4B26
:20D7600040F2CF725A600D4B00229A600B4B40F6C312DA60094B00221A61084B00225A614C
:20D78000064B00229A6105480AF077FF0346002B01D000F077FC00BF80BD00BF880B001058
:20D7A0000044014080B500AF224B234A1A60214B47F612225A601F4B00229A601D4B002205
:20D7C000DA601C4B00221A611A4B0C225A61194B00229A61174B0022DA61164B00221A627E
:20D7E000144B00225A62134B00229A6211480CF01DFA0346002B01D000F044FC00210D4819
:20D800000EF048FB0346002B01D000F03BFC002108480EF07DFB0346002B01D000F032FC11
:20D8200004480EF0FEFA0346002B01D000F02AFC00BF80BDD40B0010004C004080B500AFF0
:20D84000224B234A1A60214B4FF4E1325A601F4B00229A601D4B0022DA601C4B00221A61AA
:20D860001A4B0C225A61194B00229A61174B0022DA61164B00221A62144B00225A62134B80
:20D8800000229A6211480CF0D1F90346002B01D000F0F8FB00210D480EF0FCFA0346002B45
:20D8A00001D000F0EFFB002108480EF031FB0346002B01D000F0E6FB04480EF0B2FA0346CD
:20D8C000002B01D000F0DEFB00BF80BD680C00100044004080B582B000AF194BD3F8D83032
:20D8E000174A43F00103C2F8D830154BD3F8D83003F001037B607B68002205210B2003F080
:20D900004BF90B2003F062F9002205210E2003F043F90E2003F05AF9002205210F2003F0C7
:20D920003BF90F2003F052F900220521102003F033F9102003F04AF900BF0837BD4680BD0B
:20D940000044025880B58EB000AF07F1240300221A605A609A60DA601A61AF4BD3F8E0300E
:20D96000AD4A43F01003C2F8E030AB4BD3F8E03003F010033B623B6AA74BD3F8E030A64ACA
:20D9800043F00403C2F8E030A34BD3F8E03003F00403FB61FB69A04BD3F8E0309E4A43F01F
:20D9A0002003C2F8E0309C4BD3F8E03003F02003BB61BB69984BD3F8E030974A43F080030D
:20D9C000C2F8E030944BD3F8E03003F080037B617B69914BD3F8E0308F4A43F00103C2F80C
:20D9E000E0308D4BD3F8E03003F001033B613B69894BD3F8E030884A43F00203C2F8E030AA
:20DA0000854BD3F8E03003F00203FB60FB68824BD3F8E030804A43F00803C2F8E0307E4B62
:20DA2000D3F8E03003F00803BB60BB687A4BD3F8E030794A43F04003C2F8E030764BD3F8A0
:20DA4000E03003F040037B607B6800220821734806F0ECF800224FF44051714806F0E6F85F
:20DA6000002201216F4806F0E1F8002240216E4806F0DCF800223C216C4806F0D7F80022BF
:20DA80004FF4F8416A4806F0D1F800224FF47071684806F0CBF808237B620123BB6200237E
:20DAA000FB6200233B6307F1240319465B4805F0F5FE4FF440537B620123BB620023FB62CB
:20DAC00000233B6307F124031946554805F0E6FE4FF400737B620023BB620123FB6207F145
:20DAE00024031946544805F0D9FE01237B620123BB620023FB6200233B6307F12403194637
:20DB0000484805F0CBFE30237B620023BB620123FB6207F124031946434805F0BFFE4023A8
:20DB20007B620123BB620023FB6200233B6307F1240319463C4805F0B1FE10237B620023AD
:20DB4000BB620023FB6207F124031946344805F0A5FE4FF450537B620023BB620123FB6212
:20DB600007F124031946334805F098FEC0237B620023BB620123FB6207F1240319462C48AE
:20DB800005F08CFE4FF4A0637B620023BB620123FB6207F124031946214805F07FFE3C236A
:20DBA0007B620123BB620023FB6200233B6307F1240319461D4805F071FE4FF4F8437B6264
:20DBC0000123BB620023FB6200233B6307F124031946174805F062FE4FF470737B6201236A
:20DBE000BB620023FB6200233B6307F124031946104805F053FE10237B620023BB62012337
:20DC0000FB6207F124031946054805F047FE00BF3837BD4680BD00BF00440258001002586D
:20DC200000080258001C025800000258000C025800180258000402580014025880B500AF2A
:20DC400002480AF071FD00BF80BD00BF3C0B001080B400AF034B1B681846BD465DF8047B17
:20DC6000704700BF000E001080B584B000AF7860F5F7DEFEFBF718F94F4B1B78002B0BD022
:20DC80004D4B00221A704D4B93F870311A460221FE20F3F733FA85E0494B1B78002B0BD032
:20DCA000474B00221A70454B93F81B311A460321FE20F3F723FA75E0424B1B78002B0BD09B
:20DCC000404B00221A703D4B93F871311A460421FE20F3F713FA65E03B4B1B78002B0DD058
:20DCE000394B00221A70354B93F86F31013BDBB21A460521FE20F3F701FA53E0334B1B78B3
:20DD0000002B0BD0314B00221A702C4B93F872311A460621FE20F3F7F1F943E02C4B1B788A
:20DD2000002B31D02A4B00221A700623FB6023E00023BB601AE02149FA6813465B00134400
:20DD40005B00BA68134406339B000B445B689910FA6813465B0013445B001A46BB681344BE
:20DD6000C9B21C4AD154BB680133BB60BB68052BE1DDFB680133FB60FB68082BD8DD15497F
:20DD8000FC20F3F79BF90DE0134B1B78002B09D0114B00221A70114B1B781A460721FE206A
:20DDA000F3F7ACF9F3F7F4F9F3F712FFF3F76CFB01200EF0B6F95BE7152800105C240010C4
:20DDC0001628001017280010182800101A28001019280010D42700101B28001033270010EB
:20DDE00080B586B000AF78613B464FF0FF32022118460EF0EBF9FEF7E9F8FEF76BFA4FF469
:20DE0000806005F05BFFFEF70BFC024B00221A7000BFE9E7001F001080B584B000AF786030
:20DE20000523FB6042F210700EF07BF9FAE700BF80B586B000AF786007F10C030122032159
:20DE400018460EF0C3F9FB68082B02D1FDF74AFE27E01A4B93F84030002B05D0FDF7D2FEDA
:20DE6000174B00221A601CE0164B93F80F31002B0ED0134B1B680133114A1360104B1B68B2
:20DE8000092B0EDDFEF73AF80D4B00221A6008E00D4B1B78002B04D0FEF782F80A4B002290
:20DEA0001A70084B93F80F3183F00103DBB2002BC2D0034B00221A60BEE700BF88200010F3
:20DEC000C81E00105C240010C41E001080B58EB000AF7860FF237B6300233B63F823FB7386
:20DEE0004FF000037B620023FB62414B1B681A4607F11003042118460EF068F900F0D2FF66
:20DF000038623A6AFB6AD31AFB613B6AFB627B69082B18D1374BD3ED007AB0EE670AF3F75E
:20DF200077F80346344A1360344B93F87331002B09D0FB69092B06D907F10F0101230122C0
:20DF40002F480BF0C3FEF6F74DFB2E4B1B78002B40D0FF237B630023BB620FE0294ABB6A4B
:20DF6000134402331B78002B05D0BB6AC3F113037B63BB6A3B63BB6A0133BB62BB6A052B27
:20DF8000ECDD7B6B7F2B03DD1E4B00221A7021E01D4B93F8403083F00103DBB2002B19D0B7
:20DFA000184A3B6B1344023300221A70164B012283F838207B6BCC33134A1360114A3B6B14
:20DFC000023352F823305B000F4A53600E4B012283F840200D4B1B78002B03D0044B0A224D
:20DFE0001A6082E7024B4FF0FF321A607DE700BFCC030010B41E0010080000105C2400107B
:20E00000D40B0010D4250010882000104829001080B582B000AF78607B681B68B3F1804F08
:20E0200007D1124B01221A60114B1B680133104A13607B681B680F4A934201D1FEF788FA51
:20E040007B681B680C4A934201D100F017FF7B681B680A4A934204D1094B1B680133084A96
:20E06000136000BF0837BD4680BD00BF80290010080E0010000C004000100040001C004059
:20E08000000E001080B400AF72B600BF00BFFDE780B582B000AF104BD3F8F4300E4A43F00A
:20E0A0000203C2F8F4300C4BD3F8F43003F002037B607B6800220F216FF0010002F06CFD74
:20E0C000002205217E2002F067FD7E2002F07EFD00BF0837BD4680BD0044025880B5BCB07C
:20E0E00000AF786007F1DC0300221A605A609A60DA601A6107F11003C822002118460FF04A
:20E1000033FD7B681B68404A934278D14FF400224FF00003C7E904234FF40033C7F8B83026
:20E1200007F11003184606F0D3FF0346002B01D0FFF7A8FF354BD3F8D830344A43F02003A5
:20E14000C2F8D830314BD3F8D83003F02003FB60FB682E4BD3F8E0302C4A43F00403C2F81C
:20E16000E0302A4BD3F8E03003F00403BB60BB680323C7F8DC300323C7F8E0300023C7F83F
:20E18000E43007F1DC031946214805F087FB214B214A1A601F4B09225A601E4B00229A6030
:20E1A0001C4B0022DA601B4B4FF480621A61194B4FF400625A61174B4FF400529A61154B80
:20E1C0004FF48072DA61134B00221A62114B00225A62104802F01CFD0346002B01D0FFF7FB
:20E1E00051FF7B680B4ADA640A4A7B68936300220521122002F0D0FC122002F0E7FC00BF2E
:20E20000F037BD4680BD00BF0020024000440258000802585C0700105800024080B5BEB0C6
:20E2200000AF786007F1E40300221A605A609A60DA601A6107F11803C822002118460FF0F8
:20E2400093FC7B681B68394A93426BD14FF008024FF00003C7E906230023C7F8A03007F127
:20E260001803184606F034FF0346002B01D0FFF709FF2F4BD3F8E0302D4A43F00403C2F8F9
:20E28000E0302B4BD3F8E03003F004037B617B69274BD3F8E030264A43F00103C2F8E030A5
:20E2A000234BD3F8E03003F001033B613B694FF40073C7F8E4301223C7F8E8300023C7F867
:20E2C000EC300023C7F8F0300423C7F8F43007F1E4031946174805F0E1FA4FF48073C7F8B4
:20E2E000E4301223C7F8E8300023C7F8EC300023C7F8F0300423C7F8F43007F1E4031946B6
:20E300000D4805F0CBFA0A4BD3F8E830084A43F40003C2F8E830064BD3F8E83003F400032A
:20E32000FB60FB6800BFF837BD4680BD005C004000440258000802580000025880B5BEB058
:20E3400000AF786007F1E40300221A605A609A60DA601A6107F11803C822002118460FF0D7
:20E3600003FC7B681B68664A934240F0C5804FF480524FF00003C7E906230023FB6707F191
:20E380001803184606F0A4FE0346002B01D0FFF779FE5C4BD3F8E8305A4A43F40043C2F858
:20E3A000E830584BD3F8E83003F400437B617B69544BD3F8E030534A43F00103C2F8E030AD
:20E3C000504BD3F8E03003F001033B613B694D4BD3F8E0304B4A43F00803C2F8E030494BEC
:20E3E000D3F8E03003F00803FB60FB68454BD3F8E030444A43F00203C2F8E030414BD3F834
:20E40000E03003F00203BB60BB684FF40043C7F8E4300223C7F8E8300023C7F8EC30002340
:20E42000C7F8F0300623C7F8F43007F1E4031946354805F033FA4023C7F8E4300223C7F8FA
:20E44000E8300023C7F8EC300023C7F8F0300523C7F8F43007F1E40319462C4805F01EFADA
:20E460000823C7F8E4300223C7F8E8300023C7F8EC300023C7F8F0300623C7F8F43007F19E
:20E48000E4031946224805F009FA224B224A1A60204B3E225A601F4B40229A601D4B0022AC
:20E4A000DA601C4B4FF480621A611A4B4FF480525A61184B4FF480429A61164B0022DA61C5
:20E4C000144B00221A62134B00225A62114802F09FFB0346002B01D0FFF7D4FD7B680D4AD8
:20E4E0009A670C4A7B68936300220521332002F053FB332002F06AFB00BFF837BD4680BD39
:20E50000003C00400044025800000258000C025800040258B00800108800024080B588B0C4
:20E5200000AF78607B681B68384A93420FD1384BD3F8F030364A43F00103C2F8F030344B39
:20E54000D3F8F03003F00103FB61FB695AE07B681B68304A93420FD12D4BD3F8E8302C4A79
:20E5600043F00203C2F8E830294BD3F8E83003F00203BB61BB6945E07B681B68264A934232
:20E580000FD1234BD3F8E830214A43F00403C2F8E8301F4BD3F8E83003F004037B617B69CC
:20E5A00030E07B681B681D4A934217D1184BD3F8F030174A43F00203C2F8F030144BD3F8D6
:20E5C000F03003F002033B613B69002205212C2002F0E2FA2C2002F0F9FA13E07B681B68F7
:20E5E0000F4A93420ED10A4BD3F8E830084A43F04003C2F8E830064BD3F8E83003F04003D2
:20E60000FB60FB6800BF2037BD4680BD000001400044025800040040000800400004014036
:20E620000018004080B586B000AF78607B681B68B3F1804F17D1394BD3F8E830374A43F0B4
:20E640000103C2F8E830354BD3F8E83003F001037B617B69002205211C2002F09DFA1C2081
:20E6600002F0B4FA55E07B681B682D4A934217D12A4BD3F8E830294A43F00803C2F8E83050
:20E68000264BD3F8E83003F008033B613B6900220521322002F080FA322002F097FA38E0F5
:20E6A0007B681B681F4A934217D11C4BD3F8E8301A4A43F08003C2F8E830184BD3F8E83052
:20E6C00003F08003FB60FB68002205212C2002F063FA2C2002F07AFA1BE07B681B68124AB4
:20E6E000934216D10D4BD3F8F0300C4A43F40033C2F8F030094BD3F8F03003F40033BB60FD
:20E70000BB6800220521752002F046FA752002F05DFA00BF1837BD4680BD00BF004402583E
:20E72000000C0040001C00400044014080B58CB000AF786007F11C0300221A605A609A604D
:20E74000DA601A617B681B685E4A934220D15E4BD3F8E0305C4A43F00103C2F8E0305A4B60
:20E76000D3F8E03003F00103BB61BB694FF4C063FB6102233B6200237B620023BB6201239F
:20E78000FB6207F11C031946504805F087F894E07B681B684E4A93421FD14B4BD3F8E030F2
:20E7A000494A43F00203C2F8E030474BD3F8E03003F002037B617B693023FB6102233B622E
:20E7C00000237B620023BB620223FB6207F11C031946404805F062F86FE07B681B683E4AED
:20E7E000934220D1384BD3F8E030374A43F00803C2F8E030344BD3F8E03003F008033B6178
:20E800003B694FF44053FB6102233B6200237B620023BB620223FB6207F11C0319462F48B1
:20E8200005F03CF849E07B681B682D4A93421FD1254BD3F8E030244A43F00403C2F8E03027
:20E84000214BD3F8E03003F00403FB60FB68C023FB6102233B6200237B620023BB62032352
:20E86000FB6207F11C0319461E4805F017F824E07B681B681C4A93421FD1134BD3F8E0308D
:20E88000114A43F00203C2F8E0300F4BD3F8E03003F00203BB60BB684FF44043FB61022369
:20E8A0003B6200237B620023BB620223FB6207F11C031946074804F0F1FF00BF3037BD4627
:20E8C00080BD00BF000001400044025800000258000400400004025800080040000C0258B3
:20E8E00000040140000802580018004080B5BEB000AF786007F1E40300221A605A609A60C0
:20E90000DA601A6107F11803C822002118460FF02BF97B681B68834A93427DD14FF002020A
:20E920004FF00003C7E906230023C7F8943007F11803184606F0CCFB0346002B01D0FFF7AD
:20E94000A1FB794BD3F8E830774A43F40023C2F8E830754BD3F8E83003F400237B617B690A
:20E96000714BD3F8E030704A43F00103C2F8E0306D4BD3F8E03003F001033B613B69032355
:20E98000C7F8E4300223C7F8E8300023C7F8EC300023C7F8F0300823C7F8F43007F1E403BB
:20E9A0001946624804F07AFF614B624A1A60604B3F225A605E4B00229A605D4B0022DA6080
:20E9C0005B4B4FF480621A61594B00225A61584B00229A61564B4FF48072DA61544B0022DE
:20E9E0001A62534B00225A62514802F011F90346002B01D0FFF746FB7B684D4AC3F8802039
:20EA00004B4A7B68936300220521342002F0C4F8342002F0DBF881E07B681B68464A9342F9
:20EA20007CD14FF002024FF00003C7E906230023C7F8943007F11803184606F049FB034691
:20EA4000002B01D0FFF71EFB374BD3F8E830364A43F40033C2F8E830334BD3F8E83003F432
:20EA60000033FB60FB68304BD3F8E0302E4A43F00103C2F8E0302C4BD3F8E03003F001038D
:20EA8000BB60BB680C23C7F8E4300223C7F8E8300023C7F8EC300023C7F8F0300723C7F851
:20EAA000F43007F1E4031946204804F0F7FE234B234A1A60214B2B225A60204B00229A6054
:20EAC0001E4B0022DA601D4B4FF480621A611B4B00225A61194B00229A61184B4FF480720D
:20EAE000DA61164B00221A62144B00225A62134802F08EF80346002B01D0FFF7C3FA7B68F1
:20EB00000E4AC3F880200D4A7B68936300220521262002F041F8262002F058F800BFF837E3
:20EB2000BD4680BD004C00400044025800000258FC0C00101000024000440040740D001092
:20EB40007000024080B590B000AF78607B680F2B27D800227968362002F01EF8362002F042
:20EB600035F8294A7B681360284BD3F8E830274A43F01003C2F8E830244BD3F8E83003F07B
:20EB80001003FB60FB6807F1100207F114031146184606F05BFABB6ABB63BB6B002B06D120
:20EBA00001E001232BE006F025FAF86304E006F021FA03465B00FB63FB6B154AA2FB032356
:20EBC0009B0C013B7B63134B134A1A60114B40F2E732DA600F4A7B6B53600E4B00221A6176
:20EBE0000C4B00229A600B4809F047FD0346002B04D1084809F098FD034600E00123184640
:20EC00004037BD4680BD00BFD40300100044025883DE1B43442B00100010004080B400AF88
:20EC200000BFFDE780B400AF00BFFDE780B400AF00BFFDE780B400AF00BFFDE780B400AFBC
:20EC400000BFFDE780B400AF00BFBD465DF8047B7047000080B500AF024803F001FB00BF05
:20EC600080BD00BFFC0C001080B500AF024803F0F7FA00BF80BD00BF5C07001080B500AF5C
:20EC8000024803F0EDFA00BF80BD00BF740D001080B500AF024803F0E3FA00BF80BD00BF4B
:20ECA000B008001080B500AF024800F0A5FD00BF80BD00BFF806001080B500AF024809F0DC
:20ECC00011FF00BF80BD00BF7409001080B500AF02480BF069F900BF80BD00BF680C001012
:20ECE00080B500AF034809F0FDFE034809F0FAFE00BF80BDA40A00103C0B001080B500AFC0
:20ED0000024809F0EFFE00BF80BD00BF580A001080B500AF024809F07DF900BF80BD00BF3E
:20ED20002808001080B500AF02480BF03DF900BF80BD00BFD40B001080B500AF024809F063
:20ED4000D1FE00BF80BD00BF442B001080B500AF024809F0C7FE00BF80BD00BF880B001060
:20ED600080B500AF04F0BCFF00BF80BDDFF834D0F2F71CF90C480D490D4A002302E0D458F9
:20ED8000C4500433C4188C42F9D30A4A0A4C002301E013600432A242FBD30EF049FFFDF76F
:20EDA0007BFF704700800410000000103004001094EE110830040010306A0010FEE70000CC
:20EDC00080B582B000AF284BD3F8D830264A43F48043C2F8D830244BD3F8D83003F48043AF
:20EDE0003B603B68214B1B6823F47F2323F470631E4A43F4014313601C4B1B681B4A43F06B
:20EE000001031360032001F0BCFE05F047FF0246154B9B691B0A03F00F031549CB5C03F024
:20EE20001F0322FA03F37B600F4B9B6903F00F030F4AD35C03F01F037A6822FA03F30D4A78
:20EE400013600C4B1B680C4A13600F20FFF77AFE0346002B01D0012302E0FFF719F9002389
:20EE600018460837BD4680BD0044025800440240D4E31108040000100000001080B400AFBA
:20EE8000064B1B781A46064B1B681344044A136000BFBD465DF8047B704700BFD80300104B
:20EEA000902B001080B400AF034B1B681846BD465DF8047B704700BF902B001080B584B0F4
:20EEC00000AF7860FFF7EEFFB8607B68FB60FB68B3F1FF3F05D00A4B1B781A46FB68134456
:20EEE000FB6000BFFFF7DEFF0246BB68D31AFA689A42F7D800BF00BF1037BD4680BD00BFFC
:20EF0000D803001080B400AF034B1B681B0C1846BD465DF8047B70470010005C80B483B06C
:20EF200000AF786039607B689B6823F47C123B681A437B689A6000BF0C37BD465DF8047B70
:20EF4000704780B483B000AF786039607B689B6823F0E0723B681A437B689A6000BF0C3749
:20EF6000BD465DF8047B704780B483B000AF78607B689B6803F0E07318460C37BD465DF8F0
:20EF8000047B704780B487B000AFF860B9607A603B60FB6860331A46BB689B0013447B61F4
:20EFA0007B691B6803F000427B6803F0F8413B680B431A437B691A6000BF1C37BD465DF890
:20EFC000047B704780B485B000AFF860B9607A60FB681B6923F4F042BB6803F01F0379684F
:20EFE00001FA03F31A43FB681A6100BF1437BD465DF8047B704780B487B000AFF860B960C2
:20F000007A60FB6860331A46BB689B0013447B617B691B6823F000427B681A437B691A6075
:20F0200000BF1C37BD465DF8047B704780B483B000AF78607B68DB6803F44063002B01D185
:20F04000012300E0002318460C37BD465DF8047B704780B487B000AFF860B9607A60FB6892
:20F0600030331A46BB681B0A9B0003F00C0313447B617B691A68BB6803F01F031F2101FADC
:20F0800003F3DB431A407B689B0E03F01F01BB6803F01F0301FA03F31A437B691A6000BFC0
:20F0A0001C37BD465DF8047B704780B483B000AF786039607B68DB6823F003023B681A43AA
:20F0C0007B68DA6000BF0C37BD465DF8047B704780B483B000AF78607B68DB6C03F4C07341
:20F0E000002B01D1012300E0002318460C37BD465DF8047B704780B487B000AFF860B96032
:20F100007A60FB6814331A46BB685B0E9B0003F0040313447B617B691A68BB681B0D03F013
:20F120001F03072101FA03F3DB431A40BB681B0D03F01F03796801FA03F31A437B691A602F
:20F1400000BF1C37BD465DF8047B704780B485B000AFF860B9607A60FB68D3F8C020BB687B
:20F16000C3F31303DB431A407B6803F018030849D940BB680B40C3F313031A43FB68C3F83B
:20F18000C02000BF1437BD465DF8047B704700BFFFFF0F0080B483B000AF78607B689B6857
:20F1A00003F01F0318460C37BD465DF8047B704780B483B000AF78607B689B6803F44043BD
:20F1C00018460C37BD465DF8047B704780B483B000AF78607B689B6823F0204323F03F0361
:20F1E0007A68936000BF0C37BD465DF8047B704780B483B000AF78607B689B6803F0005390
:20F20000B3F1005F01D1012300E0002318460C37BD465DF8047B704780B483B000AF7860D5
:20F220007B689B6823F0104323F03F0343F080527B689A6000BF0C37BD465DF8047B7047BB
:20F2400080B483B000AF78607B689B6803F08053B3F1805F01D1012300E0002318460C37F7
:20F26000BD465DF8047B704780B483B000AF78607B689B6823F0004323F03F0343F001024B
:20F280007B689A6000BF0C37BD465DF8047B704780B483B000AF78607B689B6803F0010336
:20F2A000012B01D1012300E0002318460C37BD465DF8047B704780B483B000AF78607B6829
:20F2C0009B6823F0004323F03F0343F004027B689A6000BF0C37BD465DF8047B704780B4A6
:20F2E00083B000AF78607B689B6803F00403042B01D1012300E0002318460C37BD465DF853
:20F30000047B704780B483B000AF78607B689B6803F00803082B01D1012300E0002318465B
:20F320000C37BD465DF8047B7047000090B589B000AF78600023FB770023BB607B68002B16
:20F3400001D101238FE17B68DB68002B7B685B6D002B09D17868FEF7C1FE7B6800229A65AE
:20F360007B68002283F850207B681B681846FFF73FFF0346002B04D07B681B681846FFF7A3
:20F3800025FF7B681B681846FFF75AFF0346002B14D17B681B681846FFF73EFF884B1B6890
:20F3A0009B09884AA2FB03239B090133BB6002E0BB68013BBB60BB68002BF9D17B681B6847
:20F3C0001846FFF73DFF0346002B0DD17B685B6D43F010027B685A657B689B6D43F0010298
:20F3E0007B689A650123FB777B681B681846FFF776FF78617B685B6D03F01003002B40F081
:20F4000029817B69002B40F025817B685B6D23F4817343F002027B685A657B681B6818460A
:20F42000FFF736FF0346002B36D17B681B68664A934204D07B681B68644A93420ED16248F5
:20F44000FFF726FF04466148FFF722FF03462343002B0CBF01230023DBB208E05C48FFF78C
:20F4600017FF0346002B0CBF01230023DBB2002B12D07B681B68544A934204D07B681B6843
:20F48000524A934201D1534A00E0534A7B685B6819461046FFF742FDFFF734FD034641F2DC
:20F4A0000302934214D97B689B68102B10D17B685B7D5A037B681B6B1A437B689B681A4362
:20F4C0007B681B7F1B04134343F00C03BB610DE07B685B7D5A037B681B6B1A437B689B682B
:20F4E0001A437B681B7F1B041343BB617B681B7F012B06D17B681B6A013B5B04BA691343A5
:20F50000BB617B685B6A002B09D07B685B6A03F478727B689B6A1343BA691343BB617B68E4
:20F520001B68DA682D4B13407A681268B9690B43D3607B681B681846FFF7D1FE38617B6837
:20F540001B681846FFF7DEFEF8603B69002B5FD1FB68002B5CD17B681B7D9A037B68DB6AA6
:20F560001343BB617B681B68DB6823F4804323F003037A681268B9690B43D3607B6893F810
:20F580003830012B2ED17B685B6A002B7B681B681A69134B13407A68D26B013A11047A681A
:20F5A000126C11437A68526C11437A68926C0A431A437B681B6842F001021A611AE000BF2C
:20F5C00000000010632D3E05002002400021024000600258002302400063025803C0F0FFF5
:20F5E0001EF800FC7B681B681A697B681B6822F001021A617B681B681B6923F070417B6889
:20F600005A6B7B681B680A431A61786800F0C6FF7B68DB68012B0CD17B681B681B6B23F034
:20F620000F017B689B695A1E7B681B680A431A6307E07B681B681A6B7B681B6822F00F02D0
:20F640001A637B685B6D23F0030343F001027B685A6507E07B685B6D43F010027B685A6518
:20F660000123FB77FB7F18462437BD4690BD00BF80B586B000AFF860B9607A60FB681B6867
:20F68000564A934204D0FB681B68554A934201D1544B00E0544B1846FFF77CFD3861FB680E
:20F6A0001B681846FFF71BFE0346002B40F08E80FB6893F85030012B01D1022389E0FB684B
:20F6C000012283F850203B69002B05D03B69052B02D03B69092B72D1F86800F041FE0346DF
:20F6E000FB75FB7D002B65D1FB685B6D23F4706323F0010343F48072FB685A65FB681B6864
:20F70000374A934202D0FB681B6800E0334BFA681268934202D03B69002B05D1FB685B6D2A
:20F7200023F48012FB685A65FB685B6D03F48053002B06D0FB689B6D23F00602FB689A6520
:20F7400002E0FB6800229A65FB68DB6C274ADA63FB68DB6C264A1A64FB68DB6C254ADA64FC
:20F76000FB681B681C221A60FB68002283F85020FB681B685A68FB681B6842F010025A60EF
:20F78000FB681A68FB68DB6A19461046FFF78DFCFB68D86CFB681B6840331946BA687B6844
:20F7A00001F090FD0346FB75FB681B681846FFF782FD0DE0FB68002283F8502008E00123F0
:20F7C000FB75FB68002283F8502001E00223FB75FB7D18461837BD4680BD00BF002002404D
:20F7E000002102400023024000630258750411084D0511086905110880B58AB000AF78600A
:20F8000000237B627B681B681B68FB617B681B685B68BB617B681B68874A934204D07B689B
:20F820001B68864A934201D1854B00E0854B1846FFF7B0FC7861FB6903F00203002B17D007
:20F84000BB6903F00203002B12D07B685B6D03F01003002B05D17B685B6D43F400627B68A6
:20F860005A65786800F0F4FF7B681B6802221A60FB6903F00403002B04D0BB6903F0040387
:20F88000002B0AD1FB6903F00803002B00F08380BB6903F00803002B7DD07B685B6D03F0AA
:20F8A0001003002B05D17B685B6D43F400727B685A657B681B681846FFF7B8FB0346002B5D
:20F8C00062D07B681B685D4A934202D07B681B6800E0594B7A681268934208D07B69002B40
:20F8E00005D07B69052B02D07B69092B04D17B681B68DB683B620CE07B681B684F4A93425A
:20F9000002D07B681B6800E04B4B3B613B69DB683B623B6A03F40053002B35D17B681B6893
:20F920001B6803F00803082B2ED17B681B681846FFF7D5FC0346002B1AD17B681B685A6802
:20F940007B681B6822F00C025A607B685B6D23F480727B685A657B685B6D03F48053002B71
:20F9600012D17B685B6D43F001027B685A650BE07B685B6D43F010027B685A657B689B6DB9
:20F9800043F001027B689A657868FCF775F87B681B680C221A60FB6903F02003002B04D088
:20F9A000BB6903F02003002B0BD1FB6903F04003002B00F0A080BB6903F04003002B00F0BC
:20F9C0009A807B685B6D03F01003002B05D17B685B6D43F400527B685A657B681B681846C1
:20F9E000FFF776FBF8607B681B681846FFF71EFBB8607B681B68114A934202D07B681B688F
:20FA000000E00D4B7A681268934208D07B69002B05D07B69062B02D07B69072B04D17B680C
:20FA20001B68DB683B6214E07B681B68034A93420AD07B681B6808E00020024000210240FA
:20FA40000023024000630258844B3B613B69DB683B62FB68002B47D03B6A03F00073002BBA
:20FA600007D0BB68002B3FD03B6A03F40053002B3AD17B681B681B6803F04003402B33D19F
:20FA80003B6A03F40013002B2ED17B681B681846FFF738FC0346002B1AD17B681B685A6818
:20FAA0007B681B6822F060025A607B685B6D23F480527B685A657B685B6D03F48073002BBC
:20FAC00012D17B685B6D43F001027B685A650BE07B685B6D43F010027B685A657B689B6D58
:20FAE00043F001027B689A65786800F089FE7B681B6860221A60FB6903F08003002B11D04F
:20FB0000BB6903F08003002B0CD07B685B6D43F480327B685A65786800F0B2F87B681B682E
:20FB200080221A60FB6903F48073002B12D0BB6903F48073002B0DD07B685B6D43F4003224
:20FB40007B685A65786800F06FFE7B681B684FF480721A60FB6903F40073002B12D0BB69B2
:20FB600003F40073002B0DD07B685B6D43F480227B685A65786800F061FE7B681B684FF415
:20FB800000721A60FB6903F01003002B43D0BB6903F01003002B3ED07B681B6B002B02D107
:20FBA00001237B6221E07B69002B15D07B681B682A4A934204D07B681B68294A934201D14C
:20FBC000284B00E0284B1846FFF7F2FA0346002B0BD001237B6208E07B681B68DB6803F04B
:20FBE0000303002B01D001237B627B6A012B0ED17B685B6D43F480627B685A657B689B6DC1
:20FC000043F002027B689A65786800F043F87B681B6810221A60FB6903F48063002B18D05D
:20FC2000BB6903F48063002B13D07B685B6D43F480427B685A657B689B6D43F008027B6867
:20FC40009A657B681B684FF480621A60786800F0E1FD00BF2837BD4680BD00BF0020024073
:20FC600000210240002302400063025880B483B000AF786000BF0C37BD465DF8047B704781
:20FC800080B483B000AF786000BF0C37BD465DF8047B704780B483B000AF786000BF0C37F6
:20FCA000BD465DF8047B704790B5A1B000AF78603960002387F87F300023BB603B68DB688B
:20FCC000654A93427B6893F85030012B01D102232EE37B68012283F850207B681B681846C9
:20FCE000FFF7FDFA0346002B40F013833B681B68002B2CDB3B681B68C3F31303002B08D18F
:20FD00003B681B689B0E03F01F03012202FA03F316E03B681B687B667B6E93FAA3F33B6640
:20FD20003B6EBB66BB6E002B01D1202303E0BB6EB3FA83F3DBB203F01F03012202FA03F3AA
:20FD40007A681268D1697A6812680B43D3617B6818683B6859683B681B681A46FFF779F97A
:20FD60007B681B681846FFF7BAFAB8677B681B681846FFF7C7FA7867BB6F002B40F0B880DF
:20FD80007B6F002B40F0B4807B6818683B6819683B689B681A46FFF7AEF9304B1B6803F0CF
:20FDA0007043B3F1805F0BD13B685A697B681B68DB689B0803F007035B0002FA03F31DE038
:20FDC0007B681B68DB6803F01003002B0BD13B685A697B681B68DB689B0803F007035B0063
:20FDE00002FA03F30AE03B685A697B681B68DB689B0803F004035B0002FA03F33B673B68E9
:20FE00001B69042B2CD07B6818683B6819693B681A683B6FFFF7B6F87B6818683B681969B0
:20FE20003B685B7E012B02D14FF0004300E000231A46FFF7E0F87B6818683B6819693B6869
:20FE40001B7E012B02D14FF4006300E000231A46FFF7B8F84CE000BF0000FF470010005CBE
:20FE60007B681B681B6E03F0F8423B681B689B069A4207D17B681B681A6E7B681B6822F085
:20FE800000421A667B681B685B6E03F0F8423B681B689B069A4207D17B681B685A6E7B68B8
:20FEA0001B6822F000425A667B681B689B6E03F0F8423B681B689B069A4207D17B681B682E
:20FEC0009A6E7B681B6822F000429A667B681B68DB6E03F0F8423B681B689B069A4207D109
:20FEE0007B681B68DA6E7B681B6822F00042DA667B681B681846FFF7CBF90346002B40F038
:20FF000011827B6818683B6819683B68DB681A46FFF71CF93B68DB68A14A934240F02E81F1
:20FF20007B6818683B681B68C3F31303002B0BD13B681B689B0E013303F01F03092B94BFC6
:20FF400001230023DBB219E03B681B68BB65BB6D93FAA3F37B657B6DFB65FB6D002B01D1B6
:20FF6000202303E0FB6DB3FA83F3DBB2013303F01F03092B94BF01230023DBB2002B79D02B
:20FF80003B681B68C3F31303002B07D13B681B689B0E01339B0603F0F84215E03B681B6880
:20FFA000FB64FB6C93FAA3F3BB64BB6C3B653B6D002B01D1202303E03B6DB3FA83F3DBB24F
:20FFC00001339B0603F0F8423B681B68C3F31303002B09D13B681B689B0E013303F01F0310
:20FFE000012101FA03F317E03B681B683B643B6C93FAA3F3FB63FB6B7B647B6C002B01D1E1
:020000040811E1
:20000000202303E07B6CB3FA83F3DBB2013303F01F03012101FA03F342EA03013B681B6871
:20002000C3F31303002B0AD13B681B689B0E013303F01F0213465B0013441B0518E03B6811
:200040001B687B637B6B93FAA3F33B633B6BBB63BB6B002B01D1202303E0BB6BB3FA83F342
:20006000DBB2013303F01F0213465B0013441B050B437EE03B681B68C3F31303002B07D1DF
:200080003B681B689B0E01339B0603F0F84215E03B681B68BB62BB6A93FAA3F37B627B6A4D
:2000A000FB62FB6A002B01D1202303E0FB6AB3FA83F3DBB201339B0603F0F8423B681B681E
:2000C000C3F31303002B09D13B681B689B0E013303F01F03012101FA03F317E03B681B6807
:2000E000FB61FB6993FAA3F3BB61BB693B623B6A002B01D1202303E03B6AB3FA83F3DBB223
:20010000013303F01F03012101FA03F342EA03013B681B68C3F31303002B0DD13B681B6832
:200120009B0E013303F01F0213465B0013441E3B1B0543F000731BE03B681B683B613B6943
:2001400093FAA3F3FB60FB687B617B69002B01D1202303E07B69B3FA83F3DBB2013303F020
:200160001F0213465B0013441E3B1B0543F000730B433A6892681946FEF7BDFF3B681B6814
:20018000002B80F2CF807B681B68064A934204D07B681B68044A93420AD1044B09E000BFB9
:2001A0000000FF47002002400021024000230240614B1846FEF7D8FEF8667B681B685F4A8D
:2001C000934204D07B681B685D4A93420ED15B48FFF75EF804465A48FFF75AF803462343E3
:2001E000002B0CBF01230023DBB208E05548FFF74FF80346002B0CBF01230023DBB2002B35
:200200007DD03B681B68504A934230D1FB6E03F40003002B2BD17B681B684A4A934240F072
:2002200081807B681B68454A934204D07B681B68434A934201D1454A00E03F4AFB6E43F4ED
:20024000000319461046FEF77CFE414B1B689B09404AA2FB03239B0901335B00BB6002E047
:20026000BB68013BBB60BB68002BF9D15AE03B681B68394A93421ED1FB6E03F08073002BCB
:2002800019D17B681B682F4A93424BD17B681B682A4A934204D07B681B68294A934201D1A1
:2002A0002A4A00E0244AFB6E43F0807319461046FEF747FE36E03B681B68284A934231D179
:2002C000FB6E03F48003002B2CD17B681B681D4A934227D17B681B68184A934204D07B6825
:2002E0001B68174A934201D1184A00E0124AFB6E43F4800319461046FEF723FE12E07B6812
:200300005B6D43F020027B685A65012387F87F3008E07B685B6D43F020027B685A6501231E
:2003200087F87F307B68002283F8502097F87F3018468437BD4690BD0063025800200240D9
:200340000021024000600258000084CB0023024000000010632D3E05000052C70000B8CF49
:2003600080B584B000AF78607B681B681846FEF78FFF0346002B6ED17B681B689A68384BA8
:200380001340002B0DD07B685B6D43F010027B685A657B689B6D43F001027B689A65012349
:2003A0005AE07B681B681846FEF75EFFFEF77AFDF8607B681B682B4A934204D07B681B683F
:2003C000294A934201D1294B00E0294B1846FEF7E1FEB8607B681B68234A934202D07B6894
:2003E0001B6800E01F4B7A68126893422CD0BB68002B30D128E07B681B681846FEF748FFAC
:200400000346002B04D17B681B681846FEF72CFFFEF748FD0246FB68D31A022B14D97B68E0
:200420001B681B6803F00103012B0DD07B685B6D43F010027B685A657B689B6D43F0010203
:200440007B689A65012307E07B681B681B6803F00103012BCFD1002318461037BD4680BDFB
:200460003F0000800020024000210240002302400063025880B584B000AF78607B689B6BFD
:20048000FB60FB685B6D03F05003002B4BD1FB685B6D43F40072FB685A65FB681B681B68EA
:2004A00003F00803002B21D0FB681B681846FEF7BDFD0346002B32D0FB681B68DB6803F499
:2004C0000053002B2BD1FB685B6D23F48072FB685A65FB685B6D03F48053002B1FD1FB68D9
:2004E0005B6D43F00102FB685A6518E0FB681B68DB6803F00303002B11D1FB685B6D23F473
:200500008072FB685A65FB685B6D03F48053002B05D1FB685B6D43F00102FB685A65F868EE
:20052000FBF7AAFA0EE0FB685B6D03F01003002B03D0F868FFF7AEFB04E0FB68DB6CDB6C34
:200540007868984700BF1037BD4680BD80B584B000AF78607B689B6BFB60F868FFF786FB8B
:2005600000BF1037BD4680BD80B584B000AF78607B689B6BFB60FB685B6D43F04002FB68FE
:200580005A65FB689B6D43F00402FB689A65F868FFF780FB00BF1037BD4680BD80B584B016
:2005A00000AF78607B681B687A4A934204D07B681B68794A934209D1784B9B6803F44033D9
:2005C000002B14BF01230023DBB208E0744B9B6803F44033002B14BF01230023DBB2002B38
:2005E0001CD004F0D5FCF8607B685B68B3F5403F10D0B3F5403F73D8B3F5803F02D0B3F5F2
:20060000003F6DD17B685B681B0CFA68B2FBF3F3FB6068E0FB689B08FB6064E04FF40020F0
:200620004FF0000105F09EFFF8607B685B68B3F5301F51D0B3F5301F54D8B3F5201F47D0B1
:20064000B3F5201F4ED8B3F5101F3DD0B3F5101F48D8B3F5001F33D0B3F5001F42D8B3F55F
:20066000E01F29D0B3F5E01F3CD8B3F5C01F1AD0B3F5C01F36D8B3F5A01F14D0B3F5A01F0F
:2006800030D8B3F5801F0ED0B3F5801F2AD8B3F5402F08D0B3F5402F24D8B3F5802F02D0B9
:2006A000B3F5002F1ED17B685B689B0C5B00FA68B2FBF3F3FB6016E0FB681B09FB6012E0B2
:2006C000FB685B09FB600EE0FB689B09FB600AE0FB68DB09FB6006E0FB681B0AFB6002E071
:2006E00000BF00E000BFFEF70DFC034641F20302934215D8FB682B4A934208D97B681B6867
:200700009A687B681B6842F480729A603EE07B681B689A687B681B6822F480729A6035E04C
:20072000FB685B08FB60FB681F4A934208D87B681B689A687B681B6822F440729A6025E082
:20074000FB681A4A93420AD87B681B689B6823F440727B681B6842F480729A6016E0FB6808
:20076000134A93420AD87B681B689B6823F440727B681B6842F400729A6007E07B681B68DE
:200780009A687B681B6842F440729A6000BF1037BD4680BD0020024000210240002302409F
:2007A00000630258002D3101105E5F0020BCBE0040787D0180B483B000AF78607B689B68AC
:2007C00003F00103012B01D1012300E0002318460C37BD465DF8047B704780B483B000AFB8
:2007E00078607B689B6803F00403042B01D1012300E0002318460C37BD465DF8047B7047EA
:2008000080B483B000AF786000BF0C37BD465DF8047B704780B483B000AF786000BF0C376A
:20082000BD465DF8047B704780B483B000AF786000BF0C37BD465DF8047B704780B483B045
:2008400000AF786000BF0C37BD465DF8047B704780B483B000AF786000BF0C37BD465DF839
:20086000047B704790B59FB000AF78603960002387F877307B6893F85030012B01D1022334
:20088000C4E07B68012283F850200023FB6500233B667B681B685F4A934202D15E4BBB6001
:2008A00001E00023BB60BB68002B0BD17B685B6D43F020027B685A657B68002283F850205D
:2008C0000123A3E0BB681846FFF787FF38677B681B681846FFF781FF0346002B40F08580F2
:2008E0003B6F002B40F081807B681B68494A934204D07B681B68484A934201D1474B00E03F
:20090000474BFB663B681B68002B3BD0FB6E9B6823F440423B685B681A43FB6E9A607B687A
:200920001B683C4A934204D07B681B683A4A93420ED13848FFF73EFF04463748FFF73AFFBC
:2009400003462343002B0CBF01230023DBB208E03448FFF72FFF0346002B0CBF0123002310
:20096000DBB2002B4BD0FB6E9B6823F4716323F00F033A6811683A6892680A431A43FB6E5E
:200980009A603CE0FB6E9B6823F44042FB6E9A607B681B681F4A934204D07B681B681E4A93
:2009A00093420ED11B48FFF705FF04461A48FFF701FF03462343002B0CBF01230023DBB20B
:2009C00008E01848FFF7F6FE0346002B0CBF01230023DBB2002B12D0FB6E9B6823F471636E
:2009E00023F00F03FA6E936009E07B685B6D43F020027B685A65012387F8773000E000BF03
:200A00007B68002283F8502097F8773018467C37BD4690BD00200240002102400023024025
:200A2000006302580060025880B485B000AF78607B6803F00703FB600C4BDB68BB60BA683D
:200A40004FF6FF031340BB60FB681A02BB68134343F0BF6343F40033BB60044ABB68D3606B
:200A600000BF1437BD465DF8047B704700ED00E080B400AF044BDB681B0A03F0070318461C
:200A8000BD465DF8047B704700ED00E080B483B000AF0346FB80B7F90630002B0BDBFB88A7
:200AA00003F01F020749B7F906305B09012000FA02F241F8232000BF0C37BD465DF8047B24
:200AC000704700BF00E100E080B483B000AF03463960FB80B7F90630002B0ADB3B68DAB247
:200AE0000C49B7F906301201D2B20B4483F800230AE03B68DAB20849FB8803F00F03043B06
:200B00001201D2B20B441A7600BF0C37BD465DF8047B704700E100E000ED00E080B489B0D4
:200B200000AFF860B9607A60FB6803F00703FB61FB69C3F10703042B28BF0423BB61FB6920
:200B40000433062B02D9FB69033B00E000237B614FF0FF32BB6902FA03F3DA43BB681A40B1
:200B60007B699A404FF0FF317B6901FA03F3D9437B680B40134318462437BD465DF8047B43
:200B8000704780B582B000AF78607868FFF74CFF00BF0837BD4680BD80B586B000AF0346EE
:200BA000B9607A60FB81FFF763FF78617A68B9687869FFF7B3FF0246B7F90E30114618461E
:200BC000FFF782FF00BF1837BD4680BD80B582B000AF0346FB80B7F906301846FFF756FFE7
:200BE00000BF0837BD4680BD80B400AF074B1B681B0903F00F03072B01D1032300E00123A8
:200C00001846BD465DF8047B704700BF00ED00E080B586B000AF7860FEF744F938617B68BC
:200C2000002B01D1012314E37B681B68664A93424AD07B681B68654A934245D07B681B6832
:200C4000634A934240D07B681B68624A93423BD07B681B68604A934236D07B681B685F4A16
:200C6000934231D07B681B685D4A93422CD07B681B685C4A934227D07B681B685A4A934209
:200C800022D07B681B68594A93421DD07B681B68574A934218D07B681B68564A934213D015
:200CA0007B681B68544A93420ED07B681B68534A934209D07B681B68514A934204D07B683F
:200CC0001B68504A934201D1012300E00023002B00F03B817B68022283F835207B68002276
:200CE00083F834207B681B68374A93424AD07B681B68364A934245D07B681B68344A9342C6
:200D000040D07B681B68334A93423BD07B681B68314A934236D07B681B68304A934231D08E
:200D20007B681B682E4A93422CD07B681B682D4A934227D07B681B682B4A934222D07B68D6
:200D40001B682A4A93421DD07B681B68284A934218D07B681B68274A934213D07B681B6850
:200D6000254A93420ED07B681B68244A934209D07B681B68224A934204D07B681B68214A83
:200D8000934208D17B681B681A687B681B6822F001021A6007E07B681B681A687B681B6893
:200DA00022F001021A602FE0FEF77CF802463B69D31A052B28D97B6820225A657B68032236
:200DC00083F83520012344E2100002402800024040000240580002407000024088000240A5
:200DE000A0000240B8000240100402402804024040040240580402407004024088040240AB
:200E0000A0040240B80402407B681B681B6803F00103002BC8D17B681B681B687B617A69A2
:200E2000844B13407B617B689A687B68DB681A437B681B691A437B685B691A437B689B699D
:200E40001A437B68DB691A437B681B6A13437A6913437B617B685B6A042B07D17B68DA6A08
:200E60007B681B6B13437A6913437B61724B1B681B0C1B04B3F1005F28D37B685B68282B21
:200E800003D97B685B682E2B17D97B685B683E2B03D97B685B68422B0FD97B685B68462B8A
:200EA00003D97B685B68482B07D97B685B684E2B05D97B685B68522B01D8012300E000233D
:200EC000002B03D07B6943F480137B617B681B687A691A607B681B685B697B617B6923F0CA
:200EE00007037B617B685B6A7A6913437B617B685B6A042B17D17B689B6A7A6913437B6193
:200F00007B68DB6A002B0ED0786802F03DFB0346002B08D07B6840225A657B68012283F8C5
:200F20003520012395E17B681B687A695A61786802F078FA0346BB607B68DB6D03F01F03D6
:200F40003F229A40BB689A60CBE07B681B683B4A934222D07B681B68394A93421DD07B684E
:200F60001B68384A934218D07B681B68364A934213D07B681B68354A93420ED07B681B6813
:200F8000334A934209D07B681B68324A934204D07B681B68304A934201D1012300E00023ED
:200FA000002B00F095807B681B68244A934221D07B681B68224A93421CD07B681B68214A03
:200FC000934217D07B681B681F4A934212D07B681B681E4A93420DD07B681B681C4A9342AE
:200FE00008D07B681B681B4A934203D07B681B68194A93427B68022283F835207B6800222C
:2010000083F834207B681B681B687B617B6923F4FF3323F4F8737B617B689B68402B1DD073
:201020007B689B68802B02D14FF4804317E0002315E000BF3F8010FE0010005C0854025889
:201040001C5402583054025844540258585402586C540258805402589454025810237A6851
:20106000D268D2081A437B681B69DB081A437B685B69DB081A437B689B69DB081A437B6867
:20108000DB69DB081A437B681B6A1B0913437A6913437B617B681B687A691A607B681B68AC
:2010A0001A466E4B13446E4AA2FB03231B099A007B68DA65786802F0B5F90346FB607B685E
:2010C000DB6D03F01F0301229A40FB685A6008E07B6840225A657B68032283F835200123B1
:2010E000B7E07B681B685F4A934272D07B681B685D4A93426DD07B681B685C4A934268D0FB
:201100007B681B685A4A934263D07B681B68594A93425ED07B681B68574A934259D07B68C9
:201120001B68564A934254D07B681B68544A93424FD07B681B68534A93424AD07B681B6843
:20114000514A934245D07B681B68504A934240D07B681B684E4A93423BD07B681B684D4A4A
:20116000934236D07B681B684B4A934231D07B681B684A4A93422CD07B681B68484A93422B
:2011800027D07B681B68474A934222D07B681B68454A93421DD07B681B68444A934218D032
:2011A0007B681B68424A934213D07B681B68414A93420ED07B681B683F4A934209D07B6861
:2011C0001B683E4A934204D07B681B683C4A934201D1012300E00023002B32D0786802F0A2
:2011E0004FFA7B689B68802B02D17B6800225A607B685A687B681B6ED2B21A607B685B6EC8
:201200007A68926E5A607B685B68002B10D07B685B68082B0CD8786802F0CCFA7B68DB6E00
:2012200000221A607B681B6F7A68526F5A6008E07B680022DA667B6800221A677B68002290
:201240005A677B6800225A657B68012283F83520002318461837BD4680BD00BFF8ABFDA71D
:20126000CDCCCCCC100002402800024040000240580002407000024088000240A000024007
:20128000B8000240100402402804024040040240580402407004024088040240A004024002
:2012A000B8040240085402581C5402583054025844540258585402586C5402588054025892
:2012C0009454025880B586B000AFF860B9607A603B600023FB75FB68002B01D1012326E2AD
:2012E000FB6893F83430012B01D102231FE2FB68012283F83420FB6893F83530DBB2012B17
:2013000040F00A82FB68022283F83520FB6800225A65FB681B68684A93424AD0FB681B6809
:20132000664A934245D0FB681B68654A934240D0FB681B68634A93423BD0FB681B68624A94
:20134000934236D0FB681B68604A934231D0FB681B685F4A93422CD0FB681B685D4A93428A
:2013600027D0FB681B685C4A934222D0FB681B685A4A93421DD0FB681B68594A934218D091
:20138000FB681B68574A934213D0FB681B68564A93420ED0FB681B68544A934209D0FB6840
:2013A0001B68534A934204D0FB681B68514A934208D1FB681B681A68FB681B6822F00102D2
:2013C0001A6007E0FB681B681A68FB681B6822F001021A603B687A68B968F86801F076FE64
:2013E000FB681B68344A93424AD0FB681B68334A934245D0FB681B68314A934240D0FB68A4
:201400001B68304A93423BD0FB681B682E4A934236D0FB681B682D4A934231D0FB681B689D
:201420002B4A93422CD0FB681B682A4A934227D0FB681B68284A934222D0FB681B68274ACA
:2014400093421DD0FB681B68254A934218D0FB681B68244A934213D0FB681B68224A934285
:201460000ED0FB681B68214A934209D0FB681B681F4A934204D0FB681B681E4A934201D1A2
:20148000012300E00023002B36D0FB681B681B6823F01E02FB681B6842F016021A60FB684B
:2014A0001B6C002B3ED0FB681B681A68FB681B6842F008021A6035E0100002402800024097
:2014C00040000240580002407000024088000240A0000240B80002401004024028040240D4
:2014E00040040240580402407004024088040240A0040240B8040240FB681B681B6823F0E4
:201500000E02FB681B6842F00A021A60FB681B6C002B07D0FB681B681A68FB681B6842F0B1
:2015200004021A60FB681B68834A934272D0FB681B68824A93426DD0FB681B68804A934218
:2015400068D0FB681B687F4A934263D0FB681B687D4A93425ED0FB681B687C4A934259D042
:20156000FB681B687A4A934254D0FB681B68794A93424FD0FB681B68774A93424AD0FB6832
:201580001B68764A934245D0FB681B68744A934240D0FB681B68734A93423BD0FB681B682C
:2015A000714A934236D0FB681B68704A934231D0FB681B686E4A93422CD0FB681B686D4A13
:2015C000934227D0FB681B686B4A934222D0FB681B686A4A93421DD0FB681B68684A934214
:2015E00018D0FB681B68674A934213D0FB681B68654A93420ED0FB681B68644A934209D02A
:20160000FB681B68624A934204D0FB681B68614A934201D1012300E00023002B1AD0FB68B8
:201620001B6E1B6803F48033002B07D0FB681B6E1A68FB681B6E42F480721A60FB68DB6E4A
:20164000002B07D0FB68DB6E1A68FB68DB6E42F480721A60FB681B68374A93424AD0FB6853
:201660001B68364A934245D0FB681B68344A934240D0FB681B68334A93423BD0FB681B680B
:20168000314A934236D0FB681B68304A934231D0FB681B682E4A93422CD0FB681B682D4A32
:2016A000934227D0FB681B682B4A934222D0FB681B682A4A93421DD0FB681B68284A9342F3
:2016C00018D0FB681B68274A934213D0FB681B68254A93420ED0FB681B68244A934209D009
:2016E000FB681B68224A934204D0FB681B68214A934208D1FB681B681A68FB681B6842F070
:2017000001021A6012E0FB681B681A68FB681B6842F001021A6009E0FB684FF400625A65AD
:20172000FB68002283F834200123FB75FB7D18461837BD4680BD00BF1000024028000240E1
:2017400040000240580002407000024088000240A0000240B8000240100402402804024051
:2017600040040240580402407004024088040240A0040240B8040240085402581C5402585D
:201780003054025844540258585402586C540258805402589454025880B586B000AF7860F7
:2017A000FDF780FB38617B68002B01D10123DCE27B6893F83530DBB2022B08D07B68802275
:2017C0005A657B68002283F834200123CDE27B681B68764A93424AD07B681B68744A934295
:2017E00045D07B681B68734A934240D07B681B68714A93423BD07B681B68704A934236D0D0
:201800007B681B686E4A934231D07B681B686D4A93422CD07B681B686B4A934227D07B681C
:201820001B686A4A934222D07B681B68684A93421DD07B681B68674A934218D07B681B6896
:20184000654A934213D07B681B68644A93420ED07B681B68624A934209D07B681B68614A89
:20186000934204D07B681B685F4A934201D1012300E00023002B13D07B681B681A687B6809
:201880001B6822F01E021A607B681B685A697B681B6822F080025A617B681B687B610AE00F
:2018A0007B681B681A687B681B6822F00E021A607B681B687B617B681B683C4A934272D0F9
:2018C0007B681B683A4A93426DD07B681B68394A934268D07B681B68374A934263D07B6844
:2018E0001B68364A93425ED07B681B68344A934259D07B681B68334A934254D07B681B68BE
:20190000314A93424FD07B681B68304A93424AD07B681B682E4A934245D07B681B682D4AE4
:20192000934240D07B681B682B4A93423BD07B681B682A4A934236D07B681B68284A9342A5
:2019400031D07B681B68274A93422CD07B681B68254A934227D07B681B68244A934222D0A2
:201960007B681B68224A93421DD07B681B68214A934218D07B681B681F4A934213D07B68DB
:201980001B681E4A93420ED07B681B681C4A934209D07B681B681B4A934204D07B681B6855
:2019A000194A934232D1012331E000BF10000240280002404000024058000240700002406E
:2019C00088000240A0000240B80002401004024028040240400402405804024070040240C3
:2019E00088040240A0040240B8040240085402581C540258305402584454025858540258DF
:201A00006C54025880540258945402580023002B07D07B681B6E1A687B681B6E22F48072B5
:201A20001A607B681B686D4A93424AD07B681B686B4A934245D07B681B686A4A934240D01C
:201A40007B681B68684A93423BD07B681B68674A934236D07B681B68654A934231D07B68CE
:201A60001B68644A93422CD07B681B68624A934227D07B681B68614A934222D07B681B6848
:201A80005F4A93421DD07B681B685E4A934218D07B681B685C4A934213D07B681B685B4A41
:201AA00093420ED07B681B68594A934209D07B681B68584A934204D07B681B68564A934230
:201AC00008D17B681B681A687B681B6822F001021A6007E07B681B681A687B681B6822F009
:201AE00001021A6013E0FDF7DDF902463B69D31A052B0CD97B6820225A657B68032283F857
:201B000035207B68002283F8342001232DE17B691B6803F00103002BE5D17B681B682F4A4C
:201B200093424AD07B681B682D4A934245D07B681B682C4A934240D07B681B682A4A93427F
:201B40003BD07B681B68294A934236D07B681B68274A934231D07B681B68264A93422CD072
:201B60007B681B68244A934227D07B681B68234A934222D07B681B68214A93421DD07B68B5
:201B80001B68204A934218D07B681B681E4A934213D07B681B681D4A93420ED07B681B682F
:201BA0001B4A934209D07B681B681A4A934204D07B681B68184A934201D1012300E0002309
:201BC000002B2BD07B689B6DBB607B68DB6D03F01F033F229A40BB689A602AE010000240E5
:201BE0002800024040000240580002407000024088000240A0000240B800024010040240B1
:201C00002804024040040240580402407004024088040240A0040240B80402407B689B6DDF
:201C2000FB607B68DB6D03F01F0301229A40FB685A607B681B684F4A934272D07B681B6873
:201C40004D4A93426DD07B681B684C4A934268D07B681B684A4A934263D07B681B68494AD7
:201C600093425ED07B681B68474A934259D07B681B68464A934254D07B681B68444A9342B4
:201C80004FD07B681B68434A93424AD07B681B68414A934245D07B681B68404A934240D093
:201CA0007B681B683E4A93423BD07B681B683D4A934236D07B681B683B4A934231D07B68EA
:201CC0001B683A4A93422CD07B681B68384A934227D07B681B68374A934222D07B681B6864
:201CE000354A93421DD07B681B68344A934218D07B681B68324A934213D07B681B68314A87
:201D000093420ED07B681B682F4A934209D07B681B682E4A934204D07B681B682C4A93424B
:201D200001D1012300E00023002B15D07B685B6E7A68926E5A607B68DB6E002B0CD07B683C
:201D4000DB6E1A687B68DB6E22F480721A607B681B6F7A68526F5A607B68012283F835206A
:201D60007B68002283F83420002318461837BD4680BD00BF10000240280002404000024082
:201D8000580002407000024088000240A0000240B800024010040240280402404004024007
:201DA000580402407004024088040240A0040240B8040240085402581C54025830540258BF
:201DC00044540258585402586C540258805402589454025880B584B000AF78607B68002B83
:201DE00001D1012337E27B6893F83530DBB2022B04D07B6880225A6501232CE27B681B6897
:201E00005C4A93424AD07B681B685B4A934245D07B681B68594A934240D07B681B68584A42
:201E200093423BD07B681B68564A934236D07B681B68554A934231D07B681B68534A93422E
:201E40002CD07B681B68524A934227D07B681B68504A934222D07B681B684F4A93421DD030
:201E60007B681B684D4A934218D07B681B684C4A934213D07B681B684A4A93420ED07B6864
:201E80001B68494A934209D07B681B68474A934204D07B681B68464A934201D1012300E03D
:201EA0000023002B00F086807B68042283F835207B681B682F4A93424AD07B681B682E4A59
:201EC000934245D07B681B682C4A934240D07B681B682B4A93423BD07B681B68294A9342EE
:201EE00036D07B681B68284A934231D07B681B68264A93422CD07B681B68254A934227D0E6
:201F00007B681B68234A934222D07B681B68224A93421DD07B681B68204A934218D07B6823
:201F20001B681F4A934213D07B681B681D4A93420ED07B681B681C4A934209D07B681B689D
:201F40001A4A934204D07B681B68194A934208D17B681B681A687B681B6822F001021A6020
:201F600078E17B681B681A687B681B6822F001021A606FE11000024028000240400002409D
:201F8000580002407000024088000240A0000240B800024010040240280402404004024005
:201FA000580402407004024088040240A0040240B80402407B681B681A687B681B6822F0BB
:201FC0000E021A607B681B686C4A93424AD07B681B686B4A934245D07B681B68694A934279
:201FE00040D07B681B68684A93423BD07B681B68664A934236D07B681B68654A934231D0FD
:202000007B681B68634A93422CD07B681B68624A934227D07B681B68604A934222D07B6844
:202020001B685F4A93421DD07B681B685D4A934218D07B681B685C4A934213D07B681B68BE
:202040005A4A93420ED07B681B68594A934209D07B681B68574A934204D07B681B68564ABC
:20206000934208D17B681B681A687B681B6822F001021A6007E07B681B681A687B681B68A0
:2020800022F001021A607B681B683C4A934272D07B681B683A4A93426DD07B681B68394AC9
:2020A000934268D07B681B68374A934263D07B681B68364A93425ED07B681B68344A934282
:2020C00059D07B681B68334A934254D07B681B68314A93424FD07B681B68304A93424AD057
:2020E0007B681B682E4A934245D07B681B682D4A934240D07B681B682B4A93423BD07B68B8
:202100001B682A4A934236D07B681B68284A934231D07B681B68274A93422CD07B681B6831
:20212000254A934227D07B681B68244A934222D07B681B68224A93421DD07B681B68214A64
:20214000934218D07B681B681F4A934213D07B681B681E4A93420ED07B681B681C4A934219
:2021600009D07B681B681B4A934204D07B681B68194A934232D1012331E000BF100002402B
:202180002800024040000240580002407000024088000240A0000240B8000240100402400B
:2021A0002804024040040240580402407004024088040240A0040240B8040240085402586F
:2021C0001C5402583054025844540258585402586C54025880540258945402580023002B87
:2021E00028D07B681B6E1A687B681B6E22F480721A607B689B6DFB607B68DB6D03F01F0385
:2022000001229A40FB685A607B685B6E7A68926E5A607B68DB6E002B0CD07B68DB6E1A687B
:202220007B68DB6E22F480721A607B681B6F7A68526F5A607B68012283F835207B6800224B
:2022400083F834207B681B6D002B03D07B681B6D78689847002318461037BD4680BD00BF55
:2022600080B58AB000AF78600023FB60674B1B68674AA2FB03239B0A7B627B689B6D3B6237
:202280007B689B6DFB613B6A1B68BB61FB691B687B617B681B685F4A93424AD07B681B688C
:2022A0005D4A934245D07B681B685C4A934240D07B681B685A4A93423BD07B681B68594AA9
:2022C000934236D07B681B68574A934231D07B681B68564A93422CD07B681B68544A934296
:2022E00027D07B681B68534A934222D07B681B68514A93421DD07B681B68504A934218D09D
:202300007B681B684E4A934213D07B681B684D4A93420ED07B681B684B4A934209D07B68CB
:202320001B684A4A934204D07B681B68484A934201D1012300E00023002B00F02B847B686A
:20234000DB6D03F01F0308229A40BB691340002B00F0A2807B681B682E4A93424AD07B68B8
:202360001B682D4A934245D07B681B682B4A934240D07B681B682A4A93423BD07B681B6899
:20238000284A934236D07B681B68274A934231D07B681B68254A93422CD07B681B68244AC9
:2023A000934227D07B681B68224A934222D07B681B68214A93421DD07B681B681F4A934281
:2023C00018D07B681B681E4A934213D07B681B681C4A93420ED07B681B681B4A934209D097
:2023E0007B681B68194A934204D07B681B68184A93422FD17B681B681B6803F00403002BC0
:2024000014BF01230023DBB22EE000BF00000010B5814E1B1000024028000240400002405B
:20242000580002407000024088000240A0000240B800024010040240280402404004024060
:20244000580402407004024088040240A0040240B80402407B681B681B6803F00803002B64
:2024600014BF01230023DBB2002B15D07B681B681A687B681B6822F004021A607B68DB6D9A
:2024800003F01F0308229A403B6A9A607B685B6D43F001027B685A657B68DB6D03F01F03C1
:2024A000BA6922FA03F303F00103002B6ED07B681B68694A93424AD07B681B68674A934293
:2024C00045D07B681B68664A934240D07B681B68644A93423BD07B681B68634A934236D00A
:2024E0007B681B68614A934231D07B681B68604A93422CD07B681B685E4A934227D07B6857
:202500001B685D4A934222D07B681B685B4A93421DD07B681B685A4A934218D07B681B68D0
:20252000584A934213D07B681B68574A93420ED07B681B68554A934209D07B681B68544AD0
:20254000934204D07B681B68524A93420AD17B681B685B6903F08003002B14BF012300233B
:20256000DBB203E07B681B681B680023002B0DD07B68DB6D03F01F0301229A403B6A9A60FB
:202580007B685B6D43F002027B685A657B68DB6D03F01F0304229A40BB691340002B00F0E5
:2025A0008F807B681B682C4A93424AD07B681B682A4A934245D07B681B68294A934240D0BF
:2025C0007B681B68274A93423BD07B681B68264A934236D07B681B68244A934231D07B6806
:2025E0001B68234A93422CD07B681B68214A934227D07B681B68204A934222D07B681B6880
:202600001E4A93421DD07B681B681D4A934218D07B681B681B4A934213D07B681B681A4AB9
:2026200093420ED07B681B68184A934209D07B681B68174A934204D07B681B68154A934267
:202640002AD17B681B681B6803F00203002B14BF01230023DBB223E010000240280002400D
:2026600040000240580002407000024088000240A0000240B8000240100402402804024022
:2026800040040240580402407004024088040240A0040240B80402407B681B681B680023A2
:2026A000002B0DD07B68DB6D03F01F0304229A403B6A9A607B685B6D43F004027B685A65AD
:2026C0007B68DB6D03F01F0310229A40BB691340002B00F0A6807B681B68854A93424AD0D2
:2026E0007B681B68834A934245D07B681B68824A934240D07B681B68804A93423BD07B68B3
:202700001B687F4A934236D07B681B687D4A934231D07B681B687C4A93422CD07B681B682C
:202720007A4A934227D07B681B68794A934222D07B681B68774A93421DD07B681B68764A0A
:20274000934218D07B681B68744A934213D07B681B68734A93420ED07B681B68714A934214
:2027600009D07B681B68704A934204D07B681B686E4A93420AD17B681B681B6803F0080302
:20278000002B14BF01230023DBB209E07B681B681B6803F00403002B14BF01230023DBB2C9
:2027A000002B3ED07B68DB6D03F01F0310229A403B6A9A607B681B681B6803F48023002B47
:2027C00018D07B681B681B6803F40023002B08D17B681B6C002B24D07B681B6C7868984758
:2027E0001FE07B689B6C002B1BD07B689B6C7868984716E07B681B681B6803F48073002B3D
:2028000007D17B681B681A687B681B6822F008021A607B681B6C002B03D07B681B6C78684A
:2028200098477B68DB6D03F01F0320229A40BB691340002B00F010817B681B682C4A934289
:202840004AD07B681B682B4A934245D07B681B68294A934240D07B681B68284A93423BD023
:202860007B681B68264A934236D07B681B68254A934231D07B681B68234A93422CD07B6875
:202880001B68224A934227D07B681B68204A934222D07B681B681F4A93421DD07B681B68EF
:2028A0001D4A934218D07B681B681C4A934213D07B681B681A4A93420ED07B681B68194A2A
:2028C000934209D07B681B68174A934204D07B681B68164A93422BD17B681B681B6803F067
:2028E0001003002B14BF01230023DBB22AE000BF1000024028000240400002405800024052
:202900007000024088000240A0000240B80002401004024028040240400402405804024077
:202920007004024088040240A0040240B80402407B681B681B6803F00203002B14BF01232C
:202940000023DBB2002B00F087807B68DB6D03F01F0320229A403B6A9A607B6893F83530D7
:20296000DBB2042B39D17B681B681A687B681B6822F016021A607B681B685A697B681B6810
:2029800022F080025A617B681B6C002B03D17B689B6C002B07D07B681B681A687B681B6845
:2029A00022F008021A607B68DB6D03F01F033F229A403B6A9A607B68012283F835207B68AE
:2029C000002283F834207B681B6D002B00F04A837B681B6D7868984744E37B681B681B6879
:2029E00003F48023002B18D07B681B681B6803F40023002B08D17B685B6C002B2CD07B686F
:202A00005B6C7868984727E07B68DB6B002B23D07B68DB6B786898471EE07B681B681B6813
:202A200003F48073002B0FD17B681B681A687B681B6822F010021A607B68012283F83520DF
:202A40007B68002283F834207B68DB6B002B03D07B68DB6B786898477B685B6D002B00F0CD
:202A600006837B685B6D03F00103002B00F088807B68042283F835207B681B687A4A934230
:202A80004AD07B681B68794A934245D07B681B68774A934240D07B681B68764A93423BD0F7
:202AA0007B681B68744A934236D07B681B68734A934231D07B681B68714A93422CD07B6849
:202AC0001B68704A934227D07B681B686E4A934222D07B681B686D4A93421DD07B681B68C3
:202AE0006B4A934218D07B681B686A4A934213D07B681B68684A93420ED07B681B68674AB0
:202B0000934209D07B681B68654A934204D07B681B68644A934208D17B681B681A687B68BC
:202B20001B6822F001021A6007E07B681B681A687B681B6822F001021A60FB680133FB60CD
:202B40007A6A9A4207D37B681B681B6803F00103002BF2D100E000BF7B681B681B6803F092
:202B60000103002B04D07B68032283F8352003E07B68012283F835207B68002283F83420ED
:202B80007B68DB6C002B00F072827B68DB6C786898476CE27B681B68434A934222D07B6828
:202BA0001B68424A93421DD07B681B68404A934218D07B681B683F4A934213D07B681B688A
:202BC0003D4A93420ED07B681B683C4A934209D07B681B683A4A934204D07B681B68394AA5
:202BE000934201D1012300E00023002B00F03F827B681B681B683B617B68DB6D03F01F0366
:202C000004229A407B691340002B00F0CD803B6903F00403002B00F0C7807B68DB6D03F0F7
:202C20001F0304229A40FB695A603B6903F40043002B49D03B6903F48033002B09D17B68FC
:202C40009B6C002B00F010827B689B6C786898470AE27B681B6C002B00F006827B681B6CB4
:202C60007868984700E200BF100002402800024040000240580002407000024088000240A0
:202C8000A0000240B8000240100402402804024040040240580402407004024088040240EC
:202CA000A0040240B8040240085402581C5402583054025844540258585402586C540258C0
:202CC00080540258945402583B6903F02003002B60D17B681B687F4A93424AD07B681B68EA
:202CE0007D4A934245D07B681B687C4A934240D07B681B687A4A93423BD07B681B68794ADF
:202D0000934236D07B681B68774A934231D07B681B68764A93422CD07B681B68744A9342EB
:202D200027D07B681B68734A934222D07B681B68714A93421DD07B681B68704A934218D0F2
:202D40007B681B686E4A934213D07B681B686D4A93420ED07B681B686B4A934209D07B6821
:202D60001B686A4A934204D07B681B68684A934208D17B681B681A687B681B6822F0080243
:202D80001A6007E07B681B681A687B681B6822F004021A607B681B6C002B00F065817B68A4
:202DA0001B6C786898475FE17B68DB6D03F01F0302229A407B691340002B00F0C5803B6914
:202DC00003F00203002B00F0BF807B68DB6D03F01F0302229A40FB695A603B6903F4004367
:202DE000002B18D03B6903F48033002B09D17B685B6C002B00F03A817B685B6C7868984784
:202E000034E17B68DB6B002B00F030817B68DB6B786898472AE13B6903F02003002B40F0A0
:202E200089807B681B682B4A93424AD07B681B68294A934245D07B681B68284A934240D03F
:202E40007B681B68264A93423BD07B681B68254A934236D07B681B68234A934231D07B6880
:202E60001B68224A93422CD07B681B68204A934227D07B681B681F4A934222D07B681B68FA
:202E80001D4A93421DD07B681B681C4A934218D07B681B681A4A934213D07B681B68194A35
:202EA00093420ED07B681B68174A934209D07B681B68164A934204D07B681B68144A9342E2
:202EC00028D17B681B681A687B681B6822F014021A6027E0100002402800024040000240C4
:202EE000580002407000024088000240A0000240B800024010040240280402404004024096
:202F0000580402407004024088040240A0040240B80402407B681B681A687B681B6822F04B
:202F20000A021A607B68012283F835207B68002283F834207B68DB6B002B00F097807B6823
:202F4000DB6B7868984791E07B68DB6D03F01F0308229A407B691340002B00F088803B69B9
:202F600003F00803002B00F082807B681B68414A93424AD07B681B683F4A934245D07B689A
:202F80001B683E4A934240D07B681B683C4A93423BD07B681B683B4A934236D07B681B6849
:202FA000394A934231D07B681B68384A93422CD07B681B68364A934227D07B681B68354A68
:202FC000934222D07B681B68334A93421DD07B681B68324A934218D07B681B68304A934231
:202FE00013D07B681B682F4A93420ED07B681B682D4A934209D07B681B682C4A934204D04C
:203000007B681B682A4A934208D17B681B681A687B681B6822F01C021A6007E07B681B68E3
:203020001A687B681B6822F00E021A607B68DB6D03F01F0301229A40FB695A607B680122AB
:203040005A657B68012283F835207B68002283F834207B68DB6C002B09D07B68DB6C7868CF
:20306000984704E000BF02E000BF00E000BF2837BD4680BD100002402800024040000240B1
:20308000580002407000024088000240A0000240B8000240100402402804024040040240F4
:2030A000580402407004024088040240A0040240B804024080B483B000AF78607B685B6D71
:2030C00018460C37BD465DF8047B704780B487B000AFF860B9607A603B60FB689B6D7B617A
:2030E000FB689B6D3B61FB681B687F4A934272D0FB681B687D4A93426DD0FB681B687C4A98
:20310000934268D0FB681B687A4A934263D0FB681B68794A93425ED0FB681B68774A9342C8
:2031200059D0FB681B68764A934254D0FB681B68744A93424FD0FB681B68734A93424AD09D
:20314000FB681B68714A934245D0FB681B68704A934240D0FB681B686E4A93423BD0FB687E
:203160001B686D4A934236D0FB681B686B4A934231D0FB681B686A4A93422CD0FB681B6878
:20318000684A934227D0FB681B68674A934222D0FB681B68654A93421DD0FB681B68644A68
:2031A000934218D0FB681B68624A934213D0FB681B68614A93420ED0FB681B685F4A934260
:2031C00009D0FB681B685E4A934204D0FB681B685C4A934201D1012300E00023002B0DD07D
:2031E000FB685B6EFA68926E5A60FB68DB6E002B04D0FB681B6FFA68526F5A60FB681B682C
:20320000394A93424AD0FB681B68384A934245D0FB681B68364A934240D0FB681B68354A3A
:2032200093423BD0FB681B68334A934236D0FB681B68324A934231D0FB681B68304A934203
:203240002CD0FB681B682F4A934227D0FB681B682D4A934222D0FB681B682C4A93421DD005
:20326000FB681B682A4A934218D0FB681B68294A934213D0FB681B68274A93420ED0FB68B9
:203280001B68264A934209D0FB681B68244A934204D0FB681B68234A934201D1012300E092
:2032A0000023002B59D0FB68DB6D03F01F033F229A407B699A60FB681B681A68FB681B6870
:2032C00022F480221A60FB681B683A685A60FB689B68402B38D1FB681B687A689A60FB687B
:2032E0001B68BA68DA6086E010000240280002404000024058000240700002408800024035
:20330000A0000240B800024010040240280402404004024058040240700402408804024065
:20332000A0040240B8040240085402581C5402583054025844540258585402586C54025839
:203340008054025894540258FB681B68BA689A60FB681B687A68DA604DE0FB681B68294A73
:20336000934222D0FB681B68274A93421DD0FB681B68264A934218D0FB681B68244A934231
:2033800013D0FB681B68234A93420ED0FB681B68214A934209D0FB681B68204A934204D04C
:2033A000FB681B681E4A934201D1012300E00023002B20D0FB68DB6D03F01F0301229A4019
:2033C0003B695A60FB681B683A685A60FB689B68402B08D1FB681B687A689A60FB681B68FB
:2033E000BA68DA6007E0FB681B68BA689A60FB681B687A68DA6000BF1C37BD465DF8047B9D
:20340000704700BF085402581C5402583054025844540258585402586C5402588054025898
:203420009454025880B485B000AF78607B681B68434A93424AD07B681B68424A934245D09C
:203440007B681B68404A934240D07B681B683F4A93423BD07B681B683D4A934236D07B681D
:203460001B683C4A934231D07B681B683A4A93422CD07B681B68394A934227D07B681B6897
:20348000374A934222D07B681B68364A93421DD07B681B68344A934218D07B681B68334AB8
:2034A000934213D07B681B68314A93420ED07B681B68304A934209D07B681B682E4A93427F
:2034C00004D07B681B682D4A934201D1012300E00023002B26D07B681B68DBB2103B284A9C
:2034E000A2FB03231B09FB60FB6803F00703254AD35C1A467B68DA65FB68032B09D97B68B4
:203500001B6823F47F7323F003031A1D7B689A650EE07B681B6823F47F7323F003037A6895
:20352000936505E07B681B6823F0FF027B689A657B689B6D18461437BD465DF8047B704730
:20354000100002402800024040000240580002407000024088000240A0000240B80002403B
:20356000100402402804024040040240580402407004024088040240A0040240B8040240FB
:20358000ABAAAAAA50EE110880B485B000AF78600023FB737B689B69002B20D17B689B6ABF
:2035A000032B58D801A252F823F000BFBD351108CF351108BD351108573611087B68DB6AED
:2035C00003F08073002B48D00123FB7345E07B68DB6AB3F1C07F42D10123FB733FE07B6859
:2035E0009B69B3F5005F23D17B689B6A032B38D801A252F823F000BF093611080F36110831
:2036000009361108213611080123FB7330E07B68DB6A03F08073002B25D00123FB7322E07E
:203620007B68DB6AB3F1C07F1FD10123FB731CE07B689B6A022B02D9032B03D018E00123F4
:20364000FB7315E07B68DB6A03F08073002B0ED00123FB730BE000BF0AE000BF08E000BF64
:2036600006E000BF04E000BF02E000BF00E000BFFB7B18461437BD465DF8047B704700BF56
:2036800080B485B000AF78607B681B68BB607B681B683A4A934222D07B681B68384A93424B
:2036A0001DD07B681B68374A934218D07B681B68354A934213D07B681B68344A93420ED045
:2036C0007B681B68324A934209D07B681B68314A934204D07B681B682F4A934201D1012326
:2036E00000E00023002B1CD07B681B68DBB2083B2A4AA2FB03231B09FB60FB6803F1B0536A
:2037000003F516439B001A467B681A667B68244A5A66FB6803F01F0301229A407B689A6691
:2037200026E07B681B68DBB2103B1E4AA2FB03231B09FB60BB681C4A934206D8BB681B4AD7
:20374000934202D9FB680833FB60FB6803F1805303F502439B001A467B681A667B68144ABA
:203760005A66FB6803F01F0301229A407B689A6600BF1437BD465DF8047B704708540258E3
:203780001C5402583054025844540258585402586C5402588054025894540258CDCCCCCCCE
:2037A00080580258ABAAAAAAB80402400F0402408008024080B485B000AF78607B685B687B
:2037C000DBB2FB60FB68002B4AD0FB68082B47D87B681B68254A934222D07B681B68244A34
:2037E00093421DD07B681B68224A934218D07B681B68214A934213D07B681B681F4A93424B
:203800000ED07B681B681E4A934209D07B681B681C4A934204D07B681B681B4A934201D167
:20382000012300E00023002B0AD0FA68174B13449B001A467B68DA667B68154A1A6709E077
:20384000FA68144B13449B001A467B68DA667B68114A1A67FB68013B01229A407B685A6733
:2038600000BF1437BD465DF8047B7047085402581C5402583054025844540258585402585A
:203880006C54025880540258945402583F960016405902583F8200104009024080B489B0F7
:2038A00000AF786039600023FB61894B7B6194E13B681A680121FB6901FA03F313403B61B9
:2038C0003B69002B00F086813B685B6803F00303012B05D03B685B6803F00303022B30D135
:2038E0007B689B68BB61FB695B00032202FA03F3DB43BA691340BB613B68DA68FB695B009C
:2039000002FA03F3BA691343BB617B68BA699A607B685B68BB610122FB6902FA03F3DB43C7
:20392000BA691340BB613B685B681B0903F00102FB6902FA03F3BA691343BB617B68BA6984
:203940005A603B685B6803F00303032B17D07B68DB68BB61FB695B00032202FA03F3DB4303
:20396000BA691340BB613B689A68FB695B0002FA03F3BA691343BB617B68BA69DA603B68E7
:203980005B6803F00303022B23D1FB69DA087B68083253F82230BB61FB6903F007039B0032
:2039A0000F2202FA03F3DB43BA691340BB613B681A69FB6903F007039B0002FA03F3BA69FD
:2039C0001343BB61FB69DA087B680832B96943F822107B681B68BB61FB695B00032202FA21
:2039E00003F3DB43BA691340BB613B685B6803F00302FB695B0002FA03F3BA691343BB617D
:203A00007B68BA691A603B685B6803F44033002B00F0E0802F4BD3F8F4302E4A43F00203C2
:203A2000C2F8F4302B4BD3F8F43003F00203FB60FB68294AFB699B08023352F82330BB6125
:203A4000FB6903F003039B000F2202FA03F3DB43BA691340BB617B68204A934252D07B6874
:203A60001F4A934231D07B681E4A93422BD07B681D4A934225D07B681C4A93421FD07B68E8
:203A80001B4A934219D07B681A4A934213D07B68194A93420DD07B68184A934207D07B6838
:203AA000174A934201D109232DE00A232BE0082329E0072327E0062325E0052323E00423A8
:203AC00021E003231FE002231DE001231BE000BFC000005800440258000400580000025854
:203AE0000004025800080258000C0258001002580014025800180258001C02580020025866
:203B0000002402580023FA6902F0030292009340BA691343BB613849FB699B080233BA69D0
:203B200041F823204FF0B0431B68BB613B69DB43BA691340BB613B685B6803F48013002BC9
:203B400003D0BA693B691343BB614FF0B042BB6913604FF0B0435B68BB613B69DB43BA699B
:203B60001340BB613B685B6803F40013002B03D0BA693B691343BB614FF0B042BB69536027
:203B80007B695B68BB613B69DB43BA691340BB613B685B6803F40033002B03D0BA693B69B9
:203BA0001343BB617B69BA695A607B691B68BB613B69DB43BA691340BB613B685B6803F49E
:203BC0008033002B03D0BA693B691343BB617B69BA691A60FB690133FB613B681A68FB69FD
:203BE00022FA03F3002B7FF463AE00BF00BF2437BD465DF8047B70470004005880B485B0D8
:203C000000AF78600B467B807B681A697B881340002B02D00123FB7301E00023FB73FB7B9E
:203C200018461437BD465DF8047B704780B483B000AF78600B467B8013467B707B78002BB1
:203C400003D07A887B689A6103E07B881A047B689A6100BF0C37BD465DF8047B704700003F
:203C600080B483B000AF7860084A7B68203352F82330074A934201D1002300E001231846B4
:203C80000C37BD465DF8047B704700BF006402580001008080B483B000AF7860396006497F
:203CA0003B6843F480727B6841F8232000BF0C37BD465DF8047B70470064025880B483B024
:203CC00000AF7860054B1A6804497B6813430B6000BF0C37BD465DF8047B7047106502583B
:203CE00080B582B000AF0A4BDB687B60084B1A687B68DB43064913400B60054A7B68536073
:203D00007868F7F7C9FE00BF0837BD4680BD00BF1065025880B582B000AF78607B68002B46
:203D200001D101238DE07B6893F84130DBB2002B06D17B68002283F840207868FAF76EFA99
:203D40007B68242283F841207B681B681A687B681B6822F001021A607B685A687B681B6876
:203D600022F070621A617B681B689A687B681B6822F400429A607B68DB68012B07D17B68B7
:203D80009A687B681B6842F400429A6006E07B689A687B681B6842F404429A607B68DB687C
:203DA000022B08D17B681B685A687B681B6842F400625A6007E07B681B685A687B681B68A8
:203DC00022F400625A607B681B685B687A68126843F0007343F4004353607B681B68DA68B1
:203DE0007B681B6822F40042DA607B681A697B685B6942EA03017B689B691A027B681B6825
:203E00000A43DA607B68D9697B681A6A7B681B680A431A607B681B681A687B681B6842F0E2
:203E200001021A607B6800225A647B68202283F841207B6800221A637B68002283F84220DD
:203E4000002318460837BD4680BD000080B588B002AFF8607A601A460B467B8113463B8150
:203E6000FB6893F84130DBB2202B40F0FD80FB6893F84030012B01D10223F6E0FB68012281
:203E800083F84020FBF70EF838613B690093192301224FF40041F86800F0EAFB0346002BF3
:203EA00001D00123E1E0FB68212283F84120FB68102283F84220FB6800225A64FB687A68D0
:203EC0005A62FB683A895A85FB6800225A63FB685B8D9BB2FF2B06D9FB68FF221A854FF0DC
:203EE00080737B6107E0FB685B8D9AB2FB681A854FF000737B61FB681B8D002B24D0FB6858
:203F00005B6A1A78FB681B689A62FB685B6A5A1CFB685A62FB685B8D9BB2013B9AB2FB6828
:203F20005A85FB681B8D013B9AB2FB681A85FB681B8DDBB20133DAB279894E4B00937B69A3
:203F4000F86800F059FD66E0FB681B8DDAB27989484B00937B69F86800F04EFD5BE03A6959
:203F6000396AF86800F0DDFB0346002B01D001237BE0FB685B6A1A78FB681B689A62FB68B3
:203F80005B6A5A1CFB685A62FB685B8D9BB2013B9AB2FB685A85FB681B8D013B9AB2FB686F
:203FA0001A85FB685B8D9BB2002B34D0FB681B8D002B30D13B6900933B6A00228021F86865
:203FC00000F056FB0346002B01D001234DE0FB685B8D9BB2FF2B0ED9FB68FF221A85FB68DB
:203FE0001B8DDAB27989002300934FF08073F86800F002FD0FE0FB685B8D9AB2FB681A85CC
:20400000FB681B8DDAB27989002300934FF00073F86800F0F1FCFB685B8D9BB2002B9ED130
:204020003A69396AF86800F0C3FB0346002B01D001231AE0FB681B682022DA61FB681B6880
:204040005968FB681A680C4B0B405360FB68202283F84120FB68002283F84220FB680022FD
:2040600083F84020002300E0022318461837BD4680BD00BF0020008000E800FE80B588B09E
:2040800002AFF860084611461A4603467B810B463B811346FB80FB6893F84130DBB2202BB5
:2040A00040F0F9803B6A002B02D0BB8C002B05D1FB684FF400725A640123EDE0FB6893F8B8
:2040C0004030012B01D10223E6E0FB68012283F84020FAF7E7FE78617B69009319230122A1
:2040E0004FF40041F86800F0C3FA0346002B01D00123D1E0FB68212283F84120FB684022CE
:2041000083F84220FB6800225A64FB683A6A5A62FB68BA8C5A85FB6800225A63F8883A89AF
:2041200079897B690193BB6A00930346F86800F0D3F90346002B05D0FB68002283F840203F
:204140000123A9E0FB685B8D9BB2FF2B0ED9FB68FF221A85FB681B8DDAB279890023009397
:204160004FF08073F86800F047FC0FE0FB685B8D9AB2FB681A85FB681B8DDAB27989002336
:2041800000934FF00073F86800F036FC7A69B96AF86800F0C6FA0346002B01D001237BE07E
:2041A000FB685B6A1A78FB681B689A62FB685B6A5A1CFB685A62FB685B8D9BB2013B9AB286
:2041C000FB685A85FB681B8D013B9AB2FB681A85FB685B8D9BB2002B34D0FB681B8D002B0B
:2041E00030D17B690093BB6A00228021F86800F03FFA0346002B01D001234DE0FB685B8DF5
:204200009BB2FF2B0ED9FB68FF221A85FB681B8DDAB27989002300934FF08073F86800F04C
:20422000EBFB0FE0FB685B8D9AB2FB681A85FB681B8DDAB27989002300934FF00073F868AF
:2042400000F0DAFBFB685B8D9BB2002B9ED17A69B96AF86800F0ACFA0346002B01D0012302
:204260001AE0FB681B682022DA61FB681B685968FB681A680A4B0B405360FB68202283F8E2
:204280004120FB68002283F84220FB68002283F84020002300E0022318461837BD4680BDE6
:2042A00000E800FE80B588B002AFF860084611461A4603467B810B463B811346FB80FB6814
:2042C00093F84130DBB2202B40F0FD803B6A002B02D0BB8C002B05D1FB684FF400725A649D
:2042E0000123F1E0FB6893F84030012B01D10223EAE0FB68012283F84020FAF7D3FD786183
:204300007B690093192301224FF40041F86800F0AFF90346002B01D00123D5E0FB68222286
:2043200083F84120FB68402283F84220FB6800225A64FB683A6A5A62FB68BA8C5A85FB680E
:2043400000225A63F8883A8979897B690193BB6A00930346F86800F013F90346002B05D01B
:20436000FB68002283F840200123ADE0FB685B8D9BB2FF2B0ED9FB68FF221A85FB681B8D55
:20438000DAB27989524B00934FF08073F86800F033FB0FE0FB685B8D9AB2FB681A85FB68C4
:2043A0001B8DDAB279894A4B00934FF00073F86800F022FB7B690093BB6A00220421F8683D
:2043C00000F056F90346002B01D001237CE0FB681B685A6AFB685B6AD2B21A70FB685B6AD1
:2043E0005A1CFB685A62FB681B8D013B9AB2FB681A85FB685B8D9BB2013B9AB2FB685A8531
:20440000FB685B8D9BB2002B34D0FB681B8D002B30D17B690093BB6A00228021F86800F0EF
:2044200027F90346002B01D001234DE0FB685B8D9BB2FF2B0ED9FB68FF221A85FB681B8DEF
:20444000DAB27989002300934FF08073F86800F0D3FA0FE0FB685B8D9AB2FB681A85FB68DE
:204460001B8DDAB27989002300934FF00073F86800F0C2FAFB685B8D9BB2002B9AD17A6981
:20448000B96AF86800F094F90346002B01D001231AE0FB681B682022DA61FB681B685968AF
:2044A000FB681A680B4B0B405360FB68202283F84120FB68002283F84220FB68002283F8E0
:2044C0004020002300E0022318461837BD4680BD0024008000E800FE80B586B002AFF86069
:2044E000084611461A4603467B810B463B811346FB80FB88DAB27989204B00934FF0807350
:20450000F86800F079FAFA69B969F86800F009F90346002B01D001232CE0FB88012B05D107
:204520003B89DAB2FB681B689A6215E03B891B0A9BB2DAB2FB681B689A62FA69B969F868CB
:2045400000F0EFF80346002B01D0012312E03B89DAB2FB681B689A62FB690093BB690022BA
:204560008021F86800F084F80346002B01D0012300E0002318461037BD4680BD00200080DD
:2045800080B586B002AFF860084611461A4603467B810B463B811346FB80FB88DAB279896B
:2045A000204B00930023F86800F026FAFA69B969F86800F0B6F80346002B01D001232CE072
:2045C000FB88012B05D13B89DAB2FB681B689A6215E03B891B0A9BB2DAB2FB681B689A628B
:2045E000FA69B969F86800F09CF80346002B01D0012312E03B89DAB2FB681B689A62FB6961
:204600000093BB6900224021F86800F031F80346002B01D0012300E0002318461037BD46D3
:2046200080BD00BF0020008080B483B000AF78607B681B689B6903F00203022B03D17B68AA
:204640001B6800229A627B681B689B6903F00103012B07D07B681B689A697B681B6842F054
:2046600001029A6100BF0C37BD465DF8047B704780B584B000AFF860B9603B601346FB71C3
:204680003BE0BA693968F86800F0D6F80346002B01D0012341E03B68B3F1FF3F2DD0FAF720
:2046A00001FC0246BB69D31A3A689A4202D33B68002B22D1FB681B689A69BB681340BA680F
:2046C0009A420CBF01230023DBB21A46FB799A4213D1FB685B6C43F02002FB685A64FB68C8
:2046E000202283F84120FB68002283F84220FB68002283F8402001230FE0FB681B689A69DE
:20470000BB681340BA689A420CBF01230023DBB21A46FB799A42B4D0002318461037BD4687
:2047200080BD80B584B000AFF860B9607A6033E07A68B968F86800F07FF80346002B01D0B7
:20474000012331E0BB68B3F1FF3F25D0FAF7AAFB02467B68D31ABA689A4202D3BB68002B5B
:204760001AD1FB681B689B6903F00203022B13D0FB685B6C43F02002FB685A64FB68202217
:2047800083F84120FB68002283F84220FB68002283F84020012307E0FB681B689B6903F093
:2047A0000203022BC4D1002318461037BD4680BD80B584B000AFF860B9607A602FE07A68D6
:2047C000B968F86800F038F80346002B01D001232DE0FAF767FB02467B68D31ABA689A4259
:2047E00002D3BB68002B1AD1FB681B689B6903F02003202B13D0FB685B6C43F02002FB689B
:204800005A64FB68202283F84120FB68002283F84220FB68002283F84020012307E0FB6829
:204820001B689B6903F02003202BC8D1002318461037BD4680BD000080B58AB000AFF86079
:20484000B9607A60002387F82730FB681B689B69BB6100233B627B68FB61BB6903F010033D
:20486000002B68D0FB681B681022DA6149E0BB68B3F1FF3F45D0FAF715FB0246FB69D31AA5
:20488000BA689A4202D3BB68002B3AD1FB681B685B6803F480437B61FB6893F84230FB74DE
:2048A000FB681B689B6903F40043B3F5004F21D17B69B3F5804F1DD0FB7C202B1AD0FB6894
:2048C0001B685A68FB681B6842F480425A60FAF7E9FAF8610EE0FAF7E5FA0246FB69D31A77
:2048E000192B07D93B6A43F020033B62012387F8273006E0FB681B689B6903F02003202BD1
:20490000E9D1FB681B689B6903F02003202B03D097F82730002BAAD097F82730002B03D14F
:20492000FB681B682022DA613B6A43F004033B62012387F82730FB681B689B69BB61BB6974
:2049400003F48073002B0BD03B6A43F001033B62FB681B684FF48072DA61012387F827309E
:20496000BB6903F48063002B0BD03B6A43F008033B62FB681B684FF48062DA61012387F8CA
:204980002730BB6903F40073002B0BD03B6A43F002033B62FB681B684FF40072DA610123B8
:2049A00087F8273097F82730002B1CD0F868FFF73BFEFB681B685968FB681A680D4B0B4066
:2049C0005360FB685A6C3B6A1A43FB685A64FB68202283F84120FB68002283F84220FB6892
:2049E000002283F8402097F8273018462837BD4680BD00BF00E800FE80B487B000AFF860C0
:204A00007B600B467B8113467B727B89C3F309027B7A1B0403F47F031A437B681A433B6A94
:204A2000134323F000437B61FB681B685A683B6A5B0D03F48061084B0B43DB4302EA0301B2
:204A4000FB681B687A690A435A6000BF1C37BD465DF8047B704700BFFF63FF0380B483B05C
:204A600000AF786039607B6893F84130DBB2202B38D17B6893F84030012B01D1022332E043
:204A80007B68012283F840207B68242283F841207B681B681A687B681B6822F001021A6053
:204AA0007B681B681A687B681B6822F480521A607B681B6819687B681B683A680A431A6090
:204AC0007B681B681A687B681B6842F001021A607B68202283F841207B68002283F84020F8
:204AE000002300E0022318460C37BD465DF8047B704780B485B000AF786039607B6893F868
:204B00004130DBB2202B39D17B6893F84030012B01D1022333E07B68012283F840207B686A
:204B2000242283F841207B681B681A687B681B6822F001021A607B681B681B68FB60FB68CF
:204B400023F47063FB603B681B02FA681343FB607B681B68FA681A607B681B681A687B6830
:204B60001B6842F001021A607B68202283F841207B68002283F84020002300E0022318469C
:204B80001437BD465DF8047B7047000080B584B000AFF8600B467A60FB72374B1B6823F01C
:204BA00001023549FB6813430B607B68002B23D1FCF71AF80346032B58D12F4B1B692E4A33
:204BC00023F0010313612D4B1B692C4A43F004031361BFF34F8F00BFBFF36F8F00BFFB7AF7
:204BE000012B01D130BF00E020BF244B1B69234A23F0040313613CE07B68012B23D1FBF70A
:204C0000F3FF0346012B33D11B4B5B691A4A23F002035361194B1B69184A43F004031361D7
:204C2000BFF34F8F00BFBFF36F8F00BFFB7A012B01D130BF00E020BF104B1B690F4A23F04A
:204C40000403136115E0FBF7CFFF0346032B06D1094B1B69084A23F00403136109E0064BE4
:204C60005B69054A23F00403536102E000BF00E000BF1037BD4680BD0048025800ED00E01D
:204C800080B500AFFBF7B0FF0346032B01D120BF01E040BF20BF00BF80BD000080B489B03F
:204CA00000AFB34B1B6903F03803182B00F2558101A252F823F000BF1D4D11085B4F110885
:204CC0005B4F11085B4F11085B4F11085B4F11085B4F11085B4F1108434D11085B4F1108D6
:204CE0005B4F11085B4F11085B4F11085B4F11085B4F11085B4F1108494D11085B4F1108B0
:204D00005B4F11085B4F11085B4F11085B4F11085B4F11085B4F11084F4D1108944B1B68EA
:204D200003F02003002B09D0914B1B68DB0803F00303904A22FA03F3BB6111E18D4BBB6130
:204D40000EE18D4BBB610BE18C4BBB6108E1884B9B6A03F003037B61854B9B6A1B0903F00F
:204D60003F033B61824BDB6A03F00103FB60804B5B6BDB08C3F30C03FA6802FB03F307EE6E
:204D8000903AF8EE677AC7ED027A3B69002B00F0E1807B69022B00F083807B69022B00F22B
:204DA000A1807B69002B03D07B69012B56D099E06F4B1B6803F02003002B2DD06C4B1B688C
:204DC000DB0803F003036B4A22FA03F37B607B6807EE903AF8EE676A3B6907EE903AF8EEB3
:204DE000677A86EEA77A624B1B6BC3F3080307EE903AF8EE676A97ED026ADFED615AC6EEA8
:204E0000257A76EEA77AF7EE006A77EEA67A67EE277AC7ED077A87E03B6907EE903AF8EEBF
:204E2000677ADFED586A86EEA77A514B1B6BC3F3080307EE903AF8EE676A97ED026ADFED59
:204E4000505AC6EE257A76EEA77AF7EE006A77EEA67A67EE277AC7ED077A65E03B6907EEF3
:204E6000903AF8EE677ADFED486A86EEA77A404B1B6BC3F3080307EE903AF8EE676A97EDC2
:204E8000026ADFED3F5AC6EE257A76EEA77AF7EE006A77EEA67A67EE277AC7ED077A43E047
:204EA0003B6907EE903AF8EE677ADFED386A86EEA77A2F4B1B6BC3F3080307EE903AF8EE5F
:204EC000676A97ED026ADFED2E5AC6EE257A76EEA77AF7EE006A77EEA67A67EE277AC7ED67
:204EE000077A21E03B6907EE903AF8EE677ADFED266A86EEA77A1E4B1B6BC3F3080307EE70
:204F0000903AF8EE676A97ED026ADFED1D5AC6EE257A76EEA77AF7EE006A77EEA67A67EEDC
:204F2000277AC7ED077A00BF114B1B6B5B0A03F07F0301333B603B6807EE903AB8EE677A68
:204F4000D7ED076AC6EE877AFCEEE77A17EE903ABB6105E00023BB6102E0074BBB6100BFFE
:204F6000BB6918462437BD465DF8047B704700BF004402580090D00300093D0040787D018A
:204F8000000000460024744C0024744A20BCBE4B80B582B000AFFFF781FE0246114B9B69ED
:204FA0001B0A03F00F031049CB5C03F01F0322FA03F37B600B4B9B6903F00F030A4AD35C63
:204FC00003F01F037A6822FA03F3084A1360074B1B68074A1360054B1B6818460837BD46F7
:204FE00080BD00BF00440258D4E31108040000100000001080B500AFFFF7CAFF0246064BE7
:20500000DB691B0903F007030449CB5C03F01F0322FA03F3184680BD00440258D4E3110887
:2050200080B500AFFFF7B4FF0246064BDB691B0A03F007030449CB5C03F01F0322FA03F349
:20504000184680BD00440258D4E3110880B483B000AF786039607B683F221A601A4B1B6919
:2050600003F007027B685A60174B9B6903F470627B689A60144B9B6903F00F027B68DA6007
:20508000114B9B6903F070027B681A610E4BDB6903F070027B685A610B4BDB6903F4E0627A
:2050A0007B689A61084B1B6A03F070027B68DA61064B1B6803F00F023B681A6000BF0C37C0
:2050C000BD465DF8047B704700440258002000522DE9B04FCCB000AFC7F81C01002387F874
:2050E0002F31002387F82E31D7F81C31D3E9002302F00064002554EA050349D0D7F81C315E
:20510000DB6EB3F5401F2FD0B3F5401F28D8B3F5001F1AD0B3F5001F22D8002B03D0B3F521
:20512000801F07D01CE0B84BDB6AB74A43F40033D3621AE0D7F81C3108330221184602F051
:20514000A1FB034687F82F310FE0D7F81C3128330221184602F048FC034687F82F3104E062
:20516000012387F82F3100E000BF97F82F31002B0AD1A54B1B6D23F44011D7F81C31DB6E53
:20518000A14A0B43136503E097F82F3187F82E31D7F81C31D3E9002302F480784FF000097D
:2051A00058EA090347D0D7F81C31DB6D042B2AD801A252F823F000BFCD511108DB511108BA
:2051C000F15111080F5211080F5211088E4BDB6A8D4A43F40033D3621AE0D7F81C3108339B
:2051E0000021184602F04EFB034687F82F310FE0D7F81C3128330021184602F0F5FB0346BD
:2052000087F82F3104E0012387F82F3100E000BF97F82F31002B0AD17B4B1B6D23F00701CB
:20522000D7F81C31DB6D784A0B43136503E097F82F3187F82E31D7F81C31D3E9002302F4E1
:20524000007A4FF0000B5AEA0B034CD0D7F81C311B6EB3F5807F30D0B3F5807F29D8C02B3D
:205260002DD0C02B25D8802B18D0802B21D8002B02D0402B07D01CE0634BDB6A624A43F401
:205280000033D3621CE0D7F81C3108330021184602F0F8FA034687F82F3111E0D7F81C31BB
:2052A00028330021184602F09FFB034687F82F3106E0012387F82F3102E000BF00E000BF37
:2052C00097F82F31002B0AD14F4B1B6D23F4E071D7F81C311B6E4C4A0B43136503E097F8DC
:2052E0002F3187F82E31D7F81C31D3E9002302F48063C7F810310023C7F81431D7E944125F
:205300000B46134353D0D7F81C31D3F8AC30B3F5000F35D0B3F5000F2ED8B3F5C00F31D00F
:20532000B3F5C00F28D8B3F5800F1AD0B3F5800F22D8002B03D0B3F5001F07D01CE0324B8F
:20534000DB6A314A43F40033D3621CE0D7F81C3108330021184602F095FA034687F82F3173
:2053600011E0D7F81C3128330021184602F03CFB034687F82F3106E0012387F82F3102E02A
:2053800000BF00E000BF97F82F31002B0BD11E4B9B6D23F46001D7F81C31D3F8AC301A4AA9
:2053A0000B43936503E097F82F3187F82E31D7F81C31D3E9002302F40063C7F80831002388
:2053C000C7F80C31D7E942120B46134356D0D7F81C31D3F8B030B3F1806F38D0B3F1806FFB
:2053E00031D8B3F1407F34D0B3F1407F2BD8B3F1007F1DD0B3F1007F25D8002B06D0B3F102
:20540000807F0AD01FE000BF00440258A24BDB6AA14A43F40033D3621CE0D7F81C31083348
:205420000021184602F02EFA034687F82F3111E0D7F81C3128330021184602F0D5FA0346BA
:2054400087F82F3106E0012387F82F3102E000BF00E000BF97F82F31002B0BD18E4B9B6D6D
:2054600023F0E061D7F81C31D3F8B0308A4A0B43936503E097F82F3187F82E31D7F81C312B
:20548000D3E9002302F00073C7F800310023C7F80431D7E940120B4613433AD0D7F81C31E2
:2054A000DB6C302B1FD0302B19D8202B0CD0202B15D8002B19D0102B11D1774BDB6A764AB8
:2054C00043F40033D36211E0D7F81C3108330221184602F0D7F9034687F82F3106E0012370
:2054E00087F82F3102E000BF00E000BF97F82F31002B0AD1684BDB6C23F03001D7F81C313E
:20550000DB6C654A0B43D36403E097F82F3187F82E31D7F81C31D3E9002302F48053C7F8DD
:20552000F8300023C7F8FC30D7E93E120B46134351D0D7F81C315B6EB3F5804F35D0B3F554
:20554000804F2ED8B3F5405F31D0B3F5405F28D8B3F5005F1AD0B3F5005F22D8002B03D0F7
:20556000B3F5805F07D01CE04B4BDB6A4A4A43F40033D3621CE0D7F81C31083300211846F1
:2055800002F080F9034687F82F3111E0D7F81C3128330021184602F027FA034687F82F3156
:2055A00006E0012387F82F3102E000BF00E000BF97F82F31002B0AD1374B1B6D23F4E0418B
:2055C000D7F81C315B6E344A0B43136503E097F82F3187F82E31D7F81C31D3E9002302F401
:2055E0000053C7F8F0300023C7F8F430D7E93C120B46134356D0D7F81C319B6EB3F5A02FFC
:2056000033D0B3F5A02F2CD8B3F5802F2FD0B3F5802F26D8B3F5403F2BD0B3F5403F20D820
:20562000B3F5003F12D0B3F5003F1AD8002B22D0B3F5803F15D1D7F81C3108330121184687
:2056400002F020F9034687F82F3115E0D7F81C3128330121184602F0C7F9034687F82F3151
:205660000AE0012387F82F3106E000BF04E000BF02E000BF00E000BF97F82F31002B0DD1BD
:20568000054B1B6D23F4E021D7F81C319B6E024A0B43136506E000BF0044025897F82F31B1
:2056A00087F82E31D7F81C31D3E9002302F48043C7F8E8300023C7F8EC30D7E93A120B4626
:2056C000134355D0D7F81C31D3F8B430B3F1A04F33D0B3F1A04F2CD8B3F1804F2FD0B3F141
:2056E000804F26D8B3F1405F2BD0B3F1405F20D8B3F1005F12D0B3F1005F1AD8002B22D06D
:20570000B3F1805F15D1D7F81C3108330121184602F0B8F8034687F82F3115E0D7F81C316E
:2057200028330121184602F05FF9034687F82F310AE0012387F82F3106E000BF04E000BFE7
:2057400002E000BF00E000BF97F82F31002B0BD1B74B9B6D23F0E041D7F81C31D3F8B4300A
:20576000B34A0B43936503E097F82F3187F82E31D7F81C31D3E9002302F08063C7F8E03097
:205780000023C7F8E430D7E938120B4613432AD0D7F81C311B6D002B11D0B3F5807F0AD136
:2057A000D7F81C3108330121184602F06BF8034687F82F3104E0012387F82F3100E000BF0F
:2057C00097F82F31002B0AD1994BDB6C23F48071D7F81C311B6D964A0B43D36403E097F826
:2057E0002F3187F82E31D7F81C31D3E9002302F40043C7F8D8300023C7F8DC30D7E936127A
:205800000B46134337D0D7F81C315B6FB3F1005F0ED0B3F1005F16D8002B18D0B3F1805F8C
:2058200011D1834BDB6A824A43F40033D3620FE0D7F81C3108330121184602F023F80346EC
:2058400087F82F3104E0012387F82F3100E000BF97F82F31002B0AD1754B1B6D23F0405102
:20586000D7F81C315B6F724A0B43136503E097F82F3187F82E31D7F81C31D3E9002302F023
:205880008073C7F8D0300023C7F8D430D7E934120B4613433AD0D7F81C319B6C032B1DD873
:2058A00001A252F823F000BFE5581108B9581108C7581108E55811085D4BDB6A5C4A43F451
:2058C0000033D3620FE0D7F81C3108330221184601F0D8FF034687F82F3104E0012387F822
:2058E0002F3100E000BF97F82F31002B0AD1504BDB6C23F00301D7F81C319B6C4C4A0B43B4
:20590000D36403E097F82F3187F82E31D7F81C31D3E9002302F48003C7F8C8300023C7F893
:20592000CC30D7E932120B46134300F0A080414B1B68404A43F480731360F9F7B3FAC7F81E
:2059400028010BE0F9F7AEFA0246D7F82831D31A642B03D9032387F82F3105E0354B1B68E6
:2059600003F48073002BEDD097F82F31002B7AD12F4B1A6FD7F81C31D3F8B830534003F494
:205980004073002B15D02A4B1B6F23F44073C7F82431274B1B6F264A43F480331367244B28
:2059A0001B6F234A23F480331367214AD7F824311367D7F81C31D3F8B830B3F5807F18D144
:2059C000F9F770FAC7F828010DE0F9F76BFA0246D7F82831D21A41F288339A4203D903231B
:2059E00087F82F3105E0124B1B6F03F00203002BEBD097F82F31002B30D1D7F81C31D3F81C
:205A0000B83003F44073B3F5407F15D1084B1B6923F47C51D7F81C31D3F8B8301B0923F0E6
:205A20007F4323F03003024A0B4313610AE000BF0044025800480258D44B1B69D34A23F490
:205A40007C531361D14B196FD7F81C31D3F8B830C3F30B03CD4A0B43136708E097F82F3116
:205A600087F82E3103E097F82F3187F82E31D7F81C31D3E9002302F00103C7F8C0300023D5
:205A8000C7F8C430D7E930120B46134300F08B80D7F81C31D3F88030282B6BD801A252F895
:205AA00023F000BF7D5B1108755B1108755B1108755B1108755B1108755B1108755B1108AD
:205AC000755B1108495B1108755B1108755B1108755B1108755B1108755B1108755B1108AA
:205AE000755B11085F5B1108755B1108755B1108755B1108755B1108755B1108755B110874
:205B0000755B11087D5B1108755B1108755B1108755B1108755B1108755B1108755B110835
:205B2000755B11087D5B1108755B1108755B1108755B1108755B1108755B1108755B110815
:205B4000755B11087D5B1108D7F81C3108330121184601F097FE034687F82F310FE0D7F828
:205B60001C3128330121184601F03EFF034687F82F3104E0012387F82F3100E000BF97F892
:205B80002F31002B0BD1814B5B6D23F03801D7F81C31D3F880307D4A0B43536503E097F8E8
:205BA0002F3187F82E31D7F81C31D3E9002302F00203C7F8B8300023C7F8BC30D7E92E1240
:205BC0000B46134342D0D7F81C31DB6F052B25D801A252F823F000BF255C1108F15B1108BB
:205BE000075C1108255C1108255C1108255C1108D7F81C3108330121184601F043FE034609
:205C000087F82F310FE0D7F81C3128330121184601F0EAFE034687F82F3104E0012387F837
:205C20002F3100E000BF97F82F31002B0AD1574B5B6D23F00701D7F81C31DB6F534A0B439A
:205C4000536503E097F82F3187F82E31D7F81C31D3E9002302F00403C7F8B0300023C7F867
:205C6000B430D7E92C120B46134344D0D7F81C31D3F89830052B25D801A252F823F000BFEC
:205C8000CD5C1108995C1108AF5C1108CD5C1108CD5C1108CD5C1108D7F81C310833012151
:205CA000184601F0EFFD034687F82F310FE0D7F81C3128330121184601F096FE034687F84E
:205CC0002F3104E0012387F82F3100E000BF97F82F31002B0BD12D4B9B6D23F00701D7F87E
:205CE0001C31D3F89830294A0B43936503E097F82F3187F82E31D7F81C31D3E9002302F06E
:205D00002003C7F8A8300023C7F8AC30D7E92A120B46134357D0D7F81C31D3F89430B3F1F2
:205D2000A04F35D0B3F1A04F2CD8B3F1804F31D0B3F1804F26D8B3F1405F2DD0B3F1405F70
:205D400020D8B3F1005F12D0B3F1005F1AD8002B24D0B3F1805F15D1D7F81C310833002171
:205D6000184601F08FFD034687F82F3117E0D7F81C3128330221184601F036FE034687F844
:205D80002F310CE0012387F82F3108E00044025800BF04E000BF02E000BF00E000BF97F8FD
:205DA0002F31002B0BD1C24B5B6D23F0E041D7F81C31D3F89430BE4A0B43536503E097F848
:205DC0002F3187F82E31D7F81C31D3E9002302F04003C7F8A0300023C7F8A430D7E9281216
:205DE0000B46134355D0D7F81C31D3F8A030B3F5A05F33D0B3F5A05F2CD8B3F5805F2FD045
:205E0000B3F5805F26D8B3F5406F2BD0B3F5406F20D8B3F5006F12D0B3F5006F1AD8002B2F
:205E200022D0B3F5806F15D1D7F81C3108330021184601F027FD034687F82F3115E0D7F81C
:205E40001C3128330221184601F0CEFD034687F82F310AE0012387F82F3106E000BF04E0BF
:205E600000BF02E000BF00E000BF97F82F31002B0BD18F4B9B6D23F4E051D7F81C31D3F81C
:205E8000A0308B4A0B43936503E097F82F3187F82E31D7F81C31D3E9002302F08003C7F838
:205EA00098300023C7F89C30D7E926120B46134355D0D7F81C31D3F8A430B3F5204F33D0D3
:205EC000B3F5204F2CD8B3F5004F2FD0B3F5004F26D8B3F5C04F2BD0B3F5C04F20D8B3F5B3
:205EE000804F12D0B3F5804F1AD8002B22D0B3F5005F15D1D7F81C3108330021184601F0B7
:205F0000C1FC034687F82F3115E0D7F81C3128330221184601F068FD034687F82F310AE047
:205F2000012387F82F3106E000BF04E000BF02E000BF00E000BF97F82F31002B0BD15C4B39
:205F40009B6D23F46041D7F81C31D3F8A430584A0B43936503E097F82F3187F82E31D7F85F
:205F60001C31D3E9002302F00803C7F890300023C7F89430D7E924120B4613431ED0D7F879
:205F80001C31D3F88830B3F5805F0CD1D7F81C3128330221184601F027FD0346002B02D07A
:205FA000012387F82E31424B5B6D23F44051D7F81C31D3F888303E4A0B435365D7F81C3199
:205FC000D3E9002302F01003C7F888300023C7F88C30D7E922120B4613431ED0D7F81C3123
:205FE000D3F89C30B3F5807F0CD1D7F81C3128330221184601F0F8FC0346002B02D001233F
:2060000087F82E312A4B9B6D23F44071D7F81C31D3F89C30264A0B439365D7F81C31D3E91C
:20602000002302F40023C7F880300023C7F88430D7E920120B46134340D0D7F81C31D3F88F
:20604000A830B3F5003F22D0B3F5003F1BD8002B03D0B3F5803F0BD015E0D7F81C31083329
:206060000021184601F00EFC034687F82F310FE0D7F81C3128330221184601F0B5FC0346AC
:2060800087F82F3104E0012387F82F3100E000BF97F82F31002B0DD1054B9B6D23F44031C3
:2060A000D7F81C31D3F8A830014A0B43936505E00044025897F82F3187F82E31D7F81C3124
:2060C000D3E9002302F48023BB670023FB67D7E91E120B4613433BD0D7F81C31D3F88C305C
:2060E000B3F5401F1FD0B3F5401F18D8B3F5801F03D0B3F5001F07D011E0644BDB6A634A69
:2061000043F40033D3620FE0D7F81C3128330121184601F069FC034687F82F3104E0012374
:2061200087F82F3100E000BF97F82F31002B0BD1564B5B6D23F44011D7F81C31D3F88C3077
:20614000524A0B43536503E097F82F3187F82E31D7F81C31D3E9002302F480333B67002384
:206160007B67D7E91C120B46134331D0D7F81C315B6D002B03D0B3F5803F07D011E0434B08
:20618000DB6A424A43F40033D3620EE0D7F81C3108330221184601F075FB034687F82F3140
:2061A00003E0012387F82F3100BF97F82F31002B0AD1364BDB6C23F48031D7F81C315B6DD1
:2061C000324A0B43D36403E097F82F3187F82E31D7F81C31D3E9002302F00053BB6600238A
:2061E000FB66D7E91A120B4613430CD0D7F81C3128330221184601F0F7FB0346002B02D0AE
:20620000012387F82E31D7F81C31D3E9002302F400333B6600237B66D7E918120B46134322
:206220003AD0D7F81C31D3F88430B3F5407F18D0B3F5407F11D8B3F5007F14D0B3F5007FE8
:206240000BD8002B11D0B3F5807F06D10F4BDB6A0E4A43F40033D36208E0012387F82F3150
:2062600004E000BF02E000BF00E000BF97F82F31002B0DD1054B5B6D23F44071D7F81C3147
:20628000D3F88430014A0B43536505E00044025897F82F3187F82E31D7F81C31D3E90023E3
:2062A00002F48013BB650023FB65D7E916120B46134309D0AA4B1B6D23F00041D7F81C315D
:2062C0009B6FA74A0B431365D7F81C31D3E9002302F080533B6500237B65D7E914120B4663
:2062E00013430AD09E4B1B6923F48041D7F81C31D3F8BC309A4A0B431361D7F81C31D3E9D8
:20630000002302F40013BB640023FB64D7E912120B46134309D0924B1B6D23F08071D7F814
:206320001C311B6F8E4A0B431365D7F81C31D3E9002302F080433B6400237B64D7E91012B5
:206340000B4613430ED0864B1B69854A23F400431361834B1969D7F81C31D3F8C030804AD5
:206360000B431361D7F81C31D3E9002302F00043BB630023FB63D7E90E120B46134309D02C
:20638000774BDB6C23F04051D7F81C319B6D744A0B43D364D7F81C31D3E9002302F40003F5
:2063A0003B6300237B63D7E90C120B4613430AD06B4B5B6D23F44001D7F81C31D3F8903062
:2063C000674A0B435365D7F81C31D3E900230021B96203F00103FB62D7E90A120B461343F8
:2063E00011D0D7F81C3108330021184601F04AFA034687F82F3197F82F31002B03D097F80D
:206400002F3187F82E31D7F81C31D3E900230021396203F002037B62D7E908120B46134331
:2064200011D0D7F81C3108330121184601F02AFA034687F82F3197F82F31002B03D097F8EB
:206440002F3187F82E31D7F81C31D3E900230021B96103F00403FB61D7E906120B461343F3
:2064600011D0D7F81C3108330221184601F00AFA034687F82F3197F82F31002B03D097F8CA
:206480002F3187F82E31D7F81C31D3E900230021396103F008037B61D7E904120B461343B1
:2064A00011D0D7F81C3128330021184601F09CFA034687F82F3197F82F31002B03D097F8DA
:2064C0002F3187F82E31D7F81C31D3E900230021B96003F01003FB60D7E902120B4613436D
:2064E00011D0D7F81C3128330121184601F07CFA034687F82F3197F82F31002B03D097F8B9
:206500002F3187F82E31D7F81C31D3E900230021396003F020037B60D7E900120B4613431E
:2065200011D0D7F81C3128330221184601F05CFA034687F82F3197F82F31002B03D097F897
:206540002F3187F82E3197F82E31002B01D1002300E00123184607F59877BD46BDE8B08F9B
:206560000044025880B590B000AFC7E90001D7E90023A2F580710B4340F094809E4B1B6D3A
:2065800003F007033B633B6B042B00F2878001A252F823F0A9651108D1651108F9651108A5
:2065A0009566110821661108934B1B6803F00073B3F1007F08D107F12403184601F010F8EE
:2065C000BB6AFB6300F045BD0023FB6300F041BD894B1B6803F00063B3F1006F08D107F146
:2065E0001803184600F054FDBB69FB6300F031BD0023FB6300F02DBD7F4B1B6803F0005393
:20660000B3F1005F08D107F10C03184600F094FEFB68FB6300F01DBD0023FB6300F019BDE5
:20662000754BDB6C03F040537B63734B1B6803F00403042B0CD17B6B002B09D16E4B1B6881
:20664000DB0803F003036D4A22FA03F3FB631FE0694B1B6803F48073B3F5807F06D17B6BB3
:20666000B3F1805F02D1664BFB6311E0624B1B6803F40033B3F5003F06D17B6BB3F1005FC3
:2066800002D1604BFB6303E00023FB6300F0E1BC00F0DFBC5C4BFB6300F0DBBC0023FB6395
:2066A00000F0D7BCD7E90023A2F500710B4340F0AD80514B1B6D03F4E0733B633B6BB3F567
:2066C000807F56D03B6BB3F5807F00F290803B6BC02B00F088803B6BC02B00F288803B6B8C
:2066E000802B32D03B6B802B00F281803B6B002B03D03B6B402B14D079E03F4B1B6803F0B7
:206700000073B3F1007F08D107F12403184600F067FFBB6AFB6300F09CBC0023FB6300F0FB
:2067200098BC354B1B6803F00063B3F1006F08D107F11803184600F0ABFCBB69FB6300F046
:2067400088BC0023FB6300F084BC2B4B1B6803F00053B3F1005F08D107F10C03184600F0D4
:20676000EBFDFB68FB6300F074BC0023FB6300F070BC214BDB6C03F040537B631E4B1B68B0
:2067800003F00403042B0CD17B6B002B09D11A4B1B68DB0803F00303184A22FA03F3FB6372
:2067A0001FE0154B1B6803F48073B3F5807F06D17B6BB3F1805F02D1114BFB6311E00E4B4F
:2067C0001B6803F40033B3F5003F06D17B6BB3F1005F02D10B4BFB6303E00023FB6300F08A
:2067E00038BC00F036BC084BFB6300F032BC0023FB6300F02EBC00BF004402580090D00319
:2068000000093D0040787D010080BB00D7E90023A2F580610B4340F09C809E4B9B6D03F4E4
:2068200060033B633B6BB3F5000F54D03B6BB3F5000F00F28B803B6BB3F5C00F00F083806C
:206840003B6BB3F5C00F00F281803B6BB3F5800F2FD03B6BB3F5800F78D83B6B002B04D07A
:206860003B6BB3F5001F12D070E08A4B1B6803F00073B3F1007F07D107F12403184600F053
:20688000AFFEBB6AFB63E4E30023FB63E1E3814B1B6803F00063B3F1006F07D107F1180319
:2068A000184600F0F5FBBB69FB63D2E30023FB63CFE3784B1B6803F00053B3F1005F07D1C9
:2068C00007F10C03184600F037FDFB68FB63C0E30023FB63BDE36F4BDB6C03F040537B6345
:2068E0006C4B1B6803F00403042B0CD17B6B002B09D1684B1B68DB0803F00303664A22FA8F
:2069000003F3FB631EE0634B1B6803F48073B3F5807F06D17B6BB3F1805F02D15F4BFB6348
:2069200010E05C4B1B6803F40033B3F5003F06D17B6BB3F1005F02D1594BFB6302E0002392
:20694000FB6386E385E3574BFB6382E30023FB637FE3D7E90023A2F500610B4340F0A78040
:206960004C4B9B6D03F0E0633B633B6BB3F1806F55D03B6BB3F1806F00F296803B6BB3F1BB
:20698000407F00F084803B6BB3F1407F00F28C803B6BB3F1007F30D03B6BB3F1007F00F2B9
:2069A00083803B6B002B04D03B6BB3F1807F12D07AE0384B1B6803F00073B3F1007F07D143
:2069C00007F12403184600F00BFEBB6AFB6340E30023FB633DE32F4B1B6803F00063B3F103
:2069E000006F07D107F11803184600F051FBBB69FB632EE30023FB632BE3264B1B6803F09A
:206A00000053B3F1005F07D107F10C03184600F093FCFB68FB631CE30023FB6319E31D4BBF
:206A2000DB6C03F040537B631A4B1B6803F00403042B0CD17B6B002B09D1164B1B68DB080B
:206A400003F00303144A22FA03F3FB631EE0114B1B6803F48073B3F5807F06D17B6BB3F1A0
:206A6000805F02D10D4BFB6310E00A4B1B6803F40033B3F5003F06D17B6BB3F1005F02D142
:206A8000074BFB6302E00023FB63E2E2E1E2054BFB63DEE2004402580090D00300093D00A7
:206AA00040787D010080BB000023FB63D1E2D7E90023A2F580510B4340F09C80934B1B6DE6
:206AC00003F4E043BB63BB6BB3F5804F54D0BB6BB3F5804F00F28B80BB6BB3F5405F00F0C6
:206AE0008380BB6BB3F5405F00F28180BB6BB3F5005F2FD0BB6BB3F5005F78D8BB6B002B39
:206B000004D0BB6BB3F5805F12D070E07F4B1B6803F00073B3F1007F07D107F12403184697
:206B200000F05EFDBB6AFB6393E20023FB6390E2764B1B6803F00063B3F1006F07D107F1A2
:206B40001803184600F0A4FABB69FB6381E20023FB637EE26D4B1B6803F00053B3F1005FE4
:206B600007D107F10C03184600F0E6FBFB68FB636FE20023FB636CE2644BDB6C03F04053AA
:206B80007B63624B1B6803F00403042B0CD17B6B002B09D15D4B1B68DB0803F003035C4A49
:206BA00022FA03F3FB631EE0584B1B6803F48073B3F5807F06D17B6BB3F1805F02D1554BFD
:206BC000FB6310E0514B1B6803F40033B3F5003F06D17B6BB3F1005F02D14F4BFB6302E0CA
:206BE0000023FB6335E234E24C4BFB6331E20023FB632EE2D7E90023A2F500510B4340F005
:206C00008F80424B1B6D03F4E023BB63BB6BB3F5A02F6BD0BB6BB3F5A02F74D8BB6BB3F5A9
:206C2000802F56D0BB6BB3F5802F6CD8BB6BB3F5403F3BD0BB6BB3F5403F64D8BB6BB3F50F
:206C4000003F21D0BB6BB3F5003F5CD8BB6B002B04D0BB6BB3F5803F04D054E0FEF7CAF951
:206C6000F863F6E1294B1B6803F00063B3F1006F07D107F11803184600F00AFAFB69FB6383
:206C8000E7E10023FB63E4E1204B1B6803F00053B3F1005F07D107F10C03184600F04CFB3B
:206CA0003B69FB63D5E10023FB63D2E1174B1B6803F00403042B09D1144B1B68DB0803F048
:206CC0000303134A22FA03F3FB63C2E10023FB63BFE10E4B1B6803F48073B3F5807F02D1DD
:206CE0000C4BFB63B5E10023FB63B2E1074B1B6803F40033B3F5003F02D1074BFB63A8E143
:206D00000023FB63A5E10023FB63A2E1004402580090D00300093D0040787D010080BB00B0
:206D2000D7E90023A2F500210B4373D19C4B9B6D03F44033BB63BB6BB3F5003F2FD0BB6B7D
:206D4000B3F5003F63D8BB6B002B04D0BB6BB3F5803F12D05BE0924B1B6803F00063B3F1E8
:206D6000006F07D107F11803184600F091F9BB69FB636EE10023FB636BE1894B1B6803F0F9
:206D80000053B3F1005F07D107F10C03184600F0D3FA7B69FB635CE10023FB6359E1804B9E
:206DA000DB6C03F040537B637D4B1B6803F00403042B0CD17B6B002B09D1794B1B68DB08C2
:206DC00003F00303774A22FA03F3FB631EE0744B1B6803F48073B3F5807F06D17B6BB3F157
:206DE000805F02D1704BFB6310E06D4B1B6803F40033B3F5003F06D17B6BB3F1005F02D1F9
:206E00006A4BFB6302E00023FB6322E121E10023FB631EE1D7E90023A2F580310B4333D1FA
:206E20005F4BDB6C03F48033BB63BB6B002B04D0BB6BB3F5803F12D023E0594B1B6803F0E8
:206E40000073B3F1007F07D107F12403184600F0C7FBBB6AFB63FCE00023FB63F9E0504B41
:206E60001B6803F00063B3F1006F07D107F11803184600F00DF93B6AFB63EAE00023FB6399
:206E8000E7E00023FB63E4E0D7E90023A2F580410B4340F08D80424B9B6D03F0E043BB6357
:206EA000BB6BB3F1A04F6BD0BB6BB3F1A04F74D8BB6BB3F1804F56D0BB6BB3F1804F6CD83D
:206EC000BB6BB3F1405F3BD0BB6BB3F1405F64D8BB6BB3F1005F21D0BB6BB3F1005F5CD822
:206EE000BB6B002B04D0BB6BB3F1805F04D054E000F0B8F8F863ACE0294B1B6803F00063E8
:206F0000B3F1006F07D107F11803184600F0C0F8FB69FB639DE00023FB639AE0204B1B6845
:206F200003F00053B3F1005F07D107F10C03184600F002FA3B69FB638BE00023FB6388E089
:206F4000174B1B6803F00403042B09D1144B1B68DB0803F00303134A22FA03F3FB6378E066
:206F60000023FB6375E00E4B1B6803F48073B3F5807F02D10C4BFB636BE00023FB6368E032
:206F8000074B1B6803F40033B3F5003F02D1074BFB635EE00023FB635BE00023FB6358E0D5
:206FA000004402580090D00300093D0040787D01D7E90023A2F500410B4348D1274B1B6D38
:206FC00003F04053BB63BB6BB3F1005F2AD0BB6BB3F1005F38D8BB6B002B04D0BB6BB3F1C2
:206FE000805F0DD030E01D4B1B6803F40033B3F5003F02D11A4BFB632BE00023FB6328E09F
:20700000164B1B6803F00073B3F1007F07D107F12403184600F0E4FABB6AFB6319E0002341
:20702000FB6316E00D4B1B6803F00063B3F1006F07D107F11803184600F02AF8FB69FB639B
:2070400007E00023FB6304E00023FB6301E00023FB63FB6B18464037BD4680BD00440258E8
:2070600040787D0180B500AFFDF792FF0246064B1B6A1B0903F007030449CB5C03F01F03A9
:2070800022FA03F3184680BD00440258D4E3110880B489B000AF7860A14B9B6A03F00303F7
:2070A000BB619F4B9B6A1B0B03F03F037B619C4BDB6A1B0903F001033B61994BDB6BDB089E
:2070C000C3F30C033A6902FB03F307EE903AF8EE677AC7ED037A7B69002B00F01181BB69E9
:2070E000022B00F08380BB69022B00F2A180BB69002B03D0BB69012B56D099E0884B1B68A5
:2071000003F02003002B2DD0854B1B68DB0803F00303844A22FA03F3BB60BB6807EE903A25
:20712000F8EE676A7B6907EE903AF8EE677A86EEA77A7B4B9B6BC3F3080307EE903AF8EE67
:20714000676A97ED036ADFED785AC6EE257A76EEA77AF7EE006A77EEA67A67EE277AC7ED79
:20716000077A87E07B6907EE903AF8EE677ADFED6F6A86EEA77A6A4B9B6BC3F3080307EE12
:20718000903AF8EE676A97ED036ADFED675AC6EE257A76EEA77AF7EE006A77EEA67A67EEEF
:2071A000277AC7ED077A65E07B6907EE903AF8EE677ADFED5F6A86EEA77A594B9B6BC3F3C0
:2071C000080307EE903AF8EE676A97ED036ADFED565AC6EE257A76EEA77AF7EE006A77EE35
:2071E000A67A67EE277AC7ED077A43E07B6907EE903AF8EE677ADFED4F6A86EEA77A484B0A
:207200009B6BC3F3080307EE903AF8EE676A97ED036ADFED455AC6EE257A76EEA77AF7EE18
:20722000006A77EEA67A67EE277AC7ED077A21E07B6907EE903AF8EE677ADFED3D6A86EEE2
:20724000A77A374B9B6BC3F3080307EE903AF8EE676A97ED036ADFED345AC6EE257A76EE4C
:20726000A77AF7EE006A77EEA67A67EE277AC7ED077A00BF2A4B9B6B5B0A03F07F0307EEE5
:20728000903AF8EE677AB7EE007A37EE877AD7ED076AC6EE877AFCEEE77A17EE902A7B6841
:2072A0001A601F4B9B6B1B0C03F07F0307EE903AF8EE677AB7EE007A37EE877AD7ED076A48
:2072C000C6EE877AFCEEE77A17EE902A7B685A60134B9B6B1B0E03F07F0307EE903AF8EEAB
:2072E000677AB7EE007A37EE877AD7ED076AC6EE877AFCEEE77A17EE902A7B689A6008E0AF
:207300007B6800221A607B6800225A607B6800229A6000BF2437BD465DF8047B704700BFC9
:20732000004402580090D003000000460024744C0024744A20BCBE4B80B489B000AF786067
:20734000A14B9B6A03F00303BB619F4B9B6A1B0D03F03F037B619C4BDB6A1B0A03F00103B7
:207360003B61994B5B6CDB08C3F30C033A6902FB03F307EE903AF8EE677AC7ED037A7B69ED
:20738000002B00F01181BB69022B00F08380BB69022B00F2A180BB69002B03D0BB69012B26
:2073A00056D099E0884B1B6803F02003002B2DD0854B1B68DB0803F00303844A22FA03F38B
:2073C000BB60BB6807EE903AF8EE676A7B6907EE903AF8EE677A86EEA77A7B4B1B6CC3F3F7
:2073E000080307EE903AF8EE676A97ED036ADFED785AC6EE257A76EEA77AF7EE006A77EEF1
:20740000A67A67EE277AC7ED077A87E07B6907EE903AF8EE677ADFED6F6A86EEA77A6A4B61
:207420001B6CC3F3080307EE903AF8EE676A97ED036ADFED675AC6EE257A76EEA77AF7EE53
:20744000006A77EEA67A67EE277AC7ED077A65E07B6907EE903AF8EE677ADFED5F6A86EE5A
:20746000A77A594B1B6CC3F3080307EE903AF8EE676A97ED036ADFED565AC6EE257A76EE65
:20748000A77AF7EE006A77EEA67A67EE277AC7ED077A43E07B6907EE903AF8EE677ADFED73
:2074A0004F6A86EEA77A484B1B6CC3F3080307EE903AF8EE676A97ED036ADFED455AC6EE1D
:2074C000257A76EEA77AF7EE006A77EEA67A67EE277AC7ED077A21E07B6907EE903AF8EEFF
:2074E000677ADFED3D6A86EEA77A374B1B6CC3F3080307EE903AF8EE676A97ED036ADFEDA6
:20750000345AC6EE257A76EEA77AF7EE006A77EEA67A67EE277AC7ED077A00BF2A4B1B6C4B
:207520005B0A03F07F0307EE903AF8EE677AB7EE007A37EE877AD7ED076AC6EE877AFCEED2
:20754000E77A17EE902A7B681A601F4B1B6C1B0C03F07F0307EE903AF8EE677AB7EE007A7C
:2075600037EE877AD7ED076AC6EE877AFCEEE77A17EE902A7B685A60134B1B6C1B0E03F053
:207580007F0307EE903AF8EE677AB7EE007A37EE877AD7ED076AC6EE877AFCEEE77A17EE64
:2075A000902A7B689A6008E07B6800221A607B6800225A607B6800229A6000BF2437BD46F2
:2075C0005DF8047B704700BF004402580090D003000000460024744C0024744A20BCBE4B6F
:2075E00080B489B000AF7860A04B9B6A03F00303BB619E4B9B6A1B0903F03F037B619B4B89
:20760000DB6A03F001033B61984B5B6BDB08C3F30C033A6902FB03F307EE903AF8EE677A25
:20762000C7ED037A7B69002B00F01181BB69022B00F08380BB69022B00F2A180BB69002B91
:2076400003D0BB69012B56D099E0884B1B6803F02003002B2DD0854B1B68DB0803F00303A5
:20766000834A22FA03F3BB60BB6807EE903AF8EE676A7B6907EE903AF8EE677A86EEA77A78
:207680007A4B1B6BC3F3080307EE903AF8EE676A97ED036ADFED775AC6EE257A76EEA77A02
:2076A000F7EE006A77EEA67A67EE277AC7ED077A87E07B6907EE903AF8EE677ADFED6E6A56
:2076C00086EEA77A694B1B6BC3F3080307EE903AF8EE676A97ED036ADFED665AC6EE257AD4
:2076E00076EEA77AF7EE006A77EEA67A67EE277AC7ED077A65E07B6907EE903AF8EE677A57
:20770000DFED5E6A86EEA77A584B1B6BC3F3080307EE903AF8EE676A97ED036ADFED555A74
:20772000C6EE257A76EEA77AF7EE006A77EEA67A67EE277AC7ED077A43E07B6907EE903AAC
:20774000F8EE677ADFED4E6A86EEA77A474B1B6BC3F3080307EE903AF8EE676A97ED036A09
:20776000DFED445AC6EE257A76EEA77AF7EE006A77EEA67A67EE277AC7ED077A21E07B69E3
:2077800007EE903AF8EE677ADFED3B6A86EEA77A364B1B6BC3F3080307EE903AF8EE676A1F
:2077A00097ED036ADFED335AC6EE257A76EEA77AF7EE006A77EEA67A67EE277AC7ED077AA8
:2077C00000BF2A4B1B6B5B0A03F07F0307EE903AF8EE677AB7EE007A37EE877AD7ED076A15
:2077E000C6EE877AFCEEE77A17EE902A7B681A601E4B1B6B1B0C03F07F0307EE903AF8EE3D
:20780000677AB7EE007A37EE877AD7ED076AC6EE877AFCEEE77A17EE902A7B685A60134B53
:207820001B6B1B0E03F07F0307EE903AF8EE677AB7EE007A37EE877AD7ED076AC6EE877A6F
:20784000FCEEE77A17EE902A7B689A6008E07B6800221A607B6800225A607B6800229A601C
:2078600000BF2437BD465DF8047B7047004402580090D003000000460024744C0024744A53
:2078800020BCBE4B80B584B000AF786039600023FB73544B9B6A03F00303032B01D1012328
:2078A0009BE0504B1B684F4A23F080631360F7F7F9FAB86008E0F7F7F5FA0246BB68D31A17
:2078C000022B01D9032388E0464B1B6803F00063002BF0D1434B9B6A23F47C327B681B68FF
:2078E0001B03404913438B627B685B68013BC3F308027B689B68013B5B029BB21A437B68F0
:20790000DB68013B1B0403F4FE031A437B681B69013B1B0603F0FE43324913438B63314B41
:20792000DB6A23F0C0027B685B692E491343CB622C4BDB6A23F020027B689B6929491343EC
:20794000CB62284BDB6A274A23F01003D362254BDB6B23F47F4323F0F8037A68D269D200EA
:2079600020491343CB631F4BDB6A1E4A43F01003D3623B68002B06D11A4BDB6A194A43F49F
:207980000023D3620FE03B68012B06D1154BDB6A144A43F48013D36205E0124BDB6A114A16
:2079A00043F40013D3620F4B1B680E4A43F080631360F7F777FAB86008E0F7F773FA024688
:2079C000BB68D31A022B01D9032306E0054B1B6803F00063002BF0D0FB7B18461037BD4652
:2079E00080BD00BF0044025880B584B000AF786039600023FB73544B9B6A03F00303032B08
:207A000001D101239BE0504B1B684F4A23F080531360F7F747FAB86008E0F7F743FA024643
:207A2000BB68D31A022B01D9032388E0464B1B6803F00053002BF0D1434B9B6A23F07C72C7
:207A40007B681B681B05404913438B627B685B68013BC3F308027B689B68013B5B029BB266
:207A60001A437B68DB68013B1B0403F4FE031A437B681B69013B1B0603F0FE43324913430A
:207A80000B64314BDB6A23F440627B685B692E491343CB622C4BDB6A23F400727B689B6930
:207AA00029491343CB62284BDB6A274A23F48073D362254B5B6C23F47F4323F0F8037A6869
:207AC000D269D200204913434B641F4BDB6A1E4A43F48073D3623B68002B06D11A4BDB6A66
:207AE000194A43F48003D3620FE03B68012B06D1154BDB6A144A43F40003D36205E0124BEB
:207B0000DB6A114A43F08073D3620F4B1B680E4A43F080531360F7F7C5F9B86008E0F7F722
:207B2000C1F90246BB68D31A022B01D9032306E0054B1B6803F00053002BF0D0FB7B184648
:207B40001037BD4680BD00BF0044025880B584B000AF78607B68002B01D101230FE17B687A
:207B600000229A627B681B68874A93420FD07B681B68864A93420AD07B681B68844A93420E
:207B800005D07B68DB680F2B01D90123F7E0786800F058FDF8607B681B687B4A93420CD082
:207BA0007B681B68794A934207D07B681B68784A934202D0FB68082B11D87B681B68724A80
:207BC000934209D07B681B68704A934204D07B681B686F4A934204D1FB68102B01D90123C9
:207BE000CDE07B6893F88130DBB2002B06D17B68002283F880207868F6F7A0FB7B6802229B
:207C000083F881207B681B681A687B681B6822F001021A607B681B689B6803F4F813BB60E5
:207C20007B689B69B3F1806F19D17B685B68B3F5800F03D17B689B6B002B08D07B685B689D
:207C4000002B0CD17B689B6BB3F1805F07D17B681B681A687B681B6842F480521A607B6825
:207C60005B6803F48003002B0FD07B68DB68062B0BD97B681B681B6823F480717B681A6D27
:207C80007B681B680A431A6007E07B681B681A687B681B6822F480721A607B68DA697B68F7
:207CA0009B6A1A43BB681A437B68DB6B42EA03017B68DA687B681B680A439A607B685A6B0F
:207CC0007B685B6A1A437B689B6B1A437B689B691A437B681B691A437B685B691A437B686A
:207CE0001B6A1A437B685B681A437B68DB6C1A437B689B681A437B689B6C42EA03017B68D8
:207D00009A6D7B681B680A43DA607B685B68002B13D17B681B689B6823F4C0527B681B68C2
:207D200042F400629A607B681B689B6823F4C0627B681B6842F480629A607B681B681A6DAA
:207D40007B681B6822F001021A657B685B6803F48003002B0AD07B681B68DB6823F0004107
:207D60007B685A6D7B681B680A43DA607B680022C3F884207B68012283F881200023184665
:207D80001037BD4680BD00BF0030014000380040003C004080B584B000AFF860B960134656
:207DA000FB80FB6893F88130DBB2012B01D0022326E1BB68002B02D0FB88002B01D101232F
:207DC0001EE1FB6893F88030012B01D1022317E1FB68012283F88020FB68032283F88120A6
:207DE000FB680022C3F88420FB68BA68DA65FB68FA88A3F86020FB68FA88A3F86220FB6876
:207E000000225A66FB6800225A67FB6800221A67FB680022A3F86820FB680022A3F86A20E2
:207E2000FB689B68B3F5C02F08D1FB681B681A68FB681B6842F400621A6009E0FB681B683D
:207E4000DB6823F4C022FB681B6842F40032DA60FB68DB680F2B05D9FB689B6F9B69B3F587
:207E6000804F0FD1FB68DB68072B11D9FB689B6F9B69B3F5005F0BD0FB689B6F9B69B3F525
:207E8000804F05D0FB68002283F880200123B7E0FB68DB68072B20D8FB689B6F9B69B3F5FA
:207EA000005F09D1FB68B3F862309BB201335B109AB2FB68A3F86220FB689B6F9B69B3F518
:207EC000804F1ED1FB68B3F862309BB203339B109AB2FB68A3F8622013E0FB68DB680F2B77
:207EE0000FD8FB689B6F9B69B3F5804F09D1FB68B3F862309BB201335B109AB2FB68A3F803
:207F00006220FB689B6F404A1A64FB689B6F3F4ADA63FB689B6F3E4ADA64FB689B6F002275
:207F20001A65FB681B689A68FB681B6822F400429A60FB68986FFB68DB6D1946FB681B6848
:207F400020331A46FB68B3F862309BB2F9F7BAF90346002B11D0FB68D3F8843043F0100262
:207F6000FB68C3F88420FB68012283F88120FB68002283F88020012342E0FB689B6FDB6906
:207F8000B3F5807F08D1FB681B685B68FA6812681B0C1B04536009E0FB681B685B681B0C2A
:207FA0001B04F988FA6812680B435360FB681B689A68FB681B6842F400429A60FB681B681E
:207FC0001A69FB681B6842F448721A61FB681B681A68FB681B6842F001021A60FB685B68AA
:207FE000B3F5800F07D1FB681B681A68FB681B6842F400721A60FB68002283F8802000233F
:2080000018461037BD4680BD6F841108298411088B84110880B58AB000AF78607B681B6825
:208020001B693B627B681B685B69FB613A6AFB691340BB617B681B689B687B6100237B62DD
:208040007B6893F88130FB747B681B683033FB60FB6903F40063002B10D03B6A03F0080302
:20806000002B0BD07B681B689A697B681B6842F400629A61786800F0CDF994E1BB6903F076
:208080004003002B13D1BB6903F02003002B0ED1BB6903F00403002B09D07B685B6F78689B
:2080A00098477B681B6F7868984701237B62BB6903F04003002B0FD1BB6903F00103002B09
:2080C0000AD0BB6903F00403002B05D17B681B6F7868984701237B62BB6903F02003002B15
:2080E0000FD1BB6903F00203002B0AD0BB6903F00403002B05D17B685B6F786898470123D0
:208100007B627B6A002B40F04981BB6903F00803002B00F08B807B681B689A697B681B6861
:2081200042F008029A617B681B689A697B681B6842F010029A617B681B689A697B681B682B
:2081400042F400629A617B681B681A697B681B6822F008021A617B681B689B6803F44043C3
:20816000002B3DD136E07B68DB680F2B0BD97B681A687B685B6E126B1A607B685B6E1A1D81
:208180007B685A661DE07B68DB68072B0BD97B685B6EFA68128892B21A807B685B6E9A1C1B
:2081A0007B685A660DE07B681B6803F130027B685B6E1278D2B21A707B685B6E5A1C7B685A
:2081C0005A667B68B3F86A309BB2013B9AB27B68A3F86A207B68B3F86A309BB2002BC2D1A7
:2081E000786800F08FF97B68012283F881207B68D3F88430002B03D0786800F001F9D2E029
:20820000FB7C052B03D1786800F0E6F8C8E0FB7C042B03D1786800F0D5F8C1E0FB7C032B30
:2082200040F0BE80786800F0C3F8B9E0BB6903F45873002B00F0B780BB6903F04003002BEF
:208240000FD07B68D3F8843043F004027B68C3F884207B681B689A697B681B6842F040021F
:208260009A61BB6903F40073002B0FD07B68D3F8843043F001027B68C3F884207B681B682B
:208280009A697B681B6842F400729A61BB6903F48073002B0FD07B68D3F8843043F008021B
:2082A0007B68C3F884207B681B689A697B681B6842F480729A61BB6903F02003002B0FD046
:2082C0007B68D3F8843043F080027B68C3F884207B681B689A697B681B6842F020029A6127
:2082E0007B68D3F88430002B5CD07B681B681A687B681B6822F001021A607B681B681B69FE
:208300007A68126823F45A7323F0030313617B6903F44043B3F5404F38D17B681B689A688A
:208320007B681B6822F440429A607B68DB6F002B13D07B68DB6F1D4A1A657B68DB6F18466C
:20834000F9F748FD0346002B07D07B68D3F8843043F040027B68C3F884207B689B6F002B6C
:2083600020D07B689B6F114A1A657B689B6F1846F9F730FD0346002B14D07B68D3F8843024
:2083800043F040027B68C3F884200BE07B68012283F88120786800F033F803E000BF02E09A
:2083A00000BF00E000BF2837BD4680BDD184110880B483B000AF786000BF0C37BD465DF80A
:2083C000047B704780B483B000AF786000BF0C37BD465DF8047B704780B483B000AF7860FB
:2083E00000BF0C37BD465DF8047B704780B483B000AF786000BF0C37BD465DF8047B70476F
:2084000080B483B000AF786000BF0C37BD465DF8047B704780B483B000AF786000BF0C37EE
:20842000BD465DF8047B704780B584B000AF78607B689B6BFB60FB6893F88130DBB2072B1C
:2084400011D0FB689B6FDB69B3F5807F03D1F868FFF7AEFF07E0FB681B681A69FB681B68D6
:2084600042F008021A6100BF1037BD4680BD80B584B000AF78607B689B6BFB60F868FFF775
:20848000B5FF00BF1037BD4680BD80B584B000AF78607B689B6BFB607868FAF70BFE03468B
:2084A000022B11D0F86800F02DF8FB68D3F8843043F01002FB68C3F88420FB68012283F84F
:2084C0008120F868FFF79CFF00BF1037BD4680BD80B584B000AF78607B689B6BFB60FB682D
:2084E0000022A3F86A20FB680022A3F86220FB68012283F88120F868FFF782FF00BF103714
:20850000BD4680BD80B485B000AF78607B681B685B69FB607B681B689A697B681B6842F0A5
:2085200008029A617B681B689A697B681B6842F010029A617B681B681A687B681B6822F0C8
:2085400001021A607B681B681B697A68126823F45B7323F0030313617B681B689A687B689B
:208560001B6822F440429A607B6893F88130DBB2042B14D0FB6803F02003002B0FD07B68C1
:20858000D3F8843043F080027B68C3F884207B681B689A697B681B6842F020029A617B6864
:2085A00093F88130DBB2032B14D0FB6803F04003002B0FD07B68D3F8843043F004027B68BF
:2085C000C3F884207B681B689A697B681B6842F040029A61FB6803F40073002B0FD07B6844
:2085E000D3F8843043F001027B68C3F884207B681B689A697B681B6842F400729A61FB68AF
:2086000003F48073002B0FD07B68D3F8843043F008027B68C3F884207B681B689A697B6839
:208620001B6842F480729A617B680022A3F862207B680022A3F86A2000BF1437BD465DF8E6
:20864000047B704780B485B000AF78607B68DB6B5B090133FB607B68DB680133BB60BB6840
:208660000733DB08BB60BB68FA6802FB03F318461437BD465DF8047B704780B582B000AFFD
:2086800078607B68002B01D1012349E07B6893F83D30DBB2002B06D17B68002283F83C208F
:2086A0007868F5F7BFFF7B68022283F83D207B681A687B6804331946104600F04FFD7B68FE
:2086C000012283F848207B68012283F83E207B68012283F83F207B68012283F840207B6811
:2086E000012283F841207B68012283F842207B68012283F843207B68012283F844207B68EC
:20870000012283F845207B68012283F846207B68012283F847207B68012283F83D20002386
:2087200018460837BD4680BD80B485B000AF78607B6893F83D30DBB2012B01D0012354E0AF
:208740007B68022283F83D207B681B68DA687B681B6842F00102DA607B681B68264A934212
:2087600022D07B681B68B3F1804F1DD07B681B68224A934218D07B681B68214A934213D029
:208780007B681B681F4A93420ED07B681B681E4A934209D07B681B681C4A934204D07B6883
:2087A0001B681B4A934215D17B681B689A68194B1340FB60FB68062B15D0FB68B3F5803F59
:2087C00011D07B681B681A687B681B6842F001021A6008E07B681B681A687B681B6842F053
:2087E00001021A6000E000BF002318461437BD465DF8047B704700BF0000014000040040BF
:2088000000080040000C00400004014000180040004001400700010080B582B000AF7860B0
:208820007B68002B01D1012349E07B6893F83D30DBB2002B06D17B68002283F83C207868E5
:20884000F5F76CFE7B68022283F83D207B681A687B6804331946104600F080FC7B6801223D
:2088600083F848207B68012283F83E207B68012283F83F207B68012283F840207B6801226F
:2088800083F841207B68012283F842207B68012283F843207B68012283F844207B6801224A
:2088A00083F845207B68012283F846207B68012283F847207B68012283F83D2000231846AA
:2088C0000837BD4680BD000080B584B000AF786039603B68002B09D17B6893F83E30DBB27F
:2088E000012B14BF01230023DBB23CE03B68042B09D17B6893F83F30DBB2012B14BF012350
:208900000023DBB22FE03B68082B09D17B6893F84030DBB2012B14BF01230023DBB222E0A8
:208920003B680C2B09D17B6893F84130DBB2012B14BF01230023DBB215E03B68102B09D197
:208940007B6893F84230DBB2012B14BF01230023DBB208E07B6893F84330DBB2012B14BF82
:2089600001230023DBB2002B01D00123A1E03B68002B04D17B68022283F83E2023E03B6859
:20898000042B04D17B68022283F83F201BE03B68082B04D17B68022283F8402013E03B68D4
:2089A0000C2B04D17B68022283F841200BE03B68102B04D17B68022283F8422003E07B6880
:2089C000022283F843207B681B6801223968184600F0DCFF7B681B68384A934213D07B68BF
:2089E0001B68374A93420ED07B681B68354A934209D07B681B68344A934204D07B681B683A
:208A0000324A934201D1012300E00023002B07D07B681B685A6C7B681B6842F400425A6442
:208A20007B681B68254A934222D07B681B68B3F1804F1DD07B681B68254A934218D07B685F
:208A40001B68244A934213D07B681B68224A93420ED07B681B681A4A934209D07B681B680A
:208A60001E4A934204D07B681B68164A934215D17B681B689A681A4B1340FB60FB68062B55
:208A800015D0FB68B3F5803F11D07B681B681A687B681B6842F001021A6008E07B681B68FB
:208AA0001A687B681B6842F001021A6000E000BF002318461037BD4680BD00BF0000014078
:208AC000000401400040014000440140004801400004004000080040000C00400018004092
:208AE0000700010080B584B000AF78607B681B68DB68FB607B681B681B69BB60BB6803F05F
:208B00000203002B20D0FB6803F00203002B1BD07B681B686FF002021A617B6801221A77E9
:208B20007B681B689B6903F00303002B03D0786800F0F6FA05E0786800F0E8FA786800F0AD
:208B4000F9FA7B6800221A77BB6803F00403002B20D0FB6803F00403002B1BD07B681B687B
:208B60006FF004021A617B6802221A777B681B689B6903F44073002B03D0786800F0D0FAD1
:208B800005E0786800F0C2FA786800F0D3FA7B6800221A77BB6803F00803002B20D0FB6892
:208BA00003F00803002B1BD07B681B686FF008021A617B6804221A777B681B68DB6903F020
:208BC0000303002B03D0786800F0AAFA05E0786800F09CFA786800F0ADFA7B6800221A77C5
:208BE000BB6803F01003002B20D0FB6803F01003002B1BD07B681B686FF010021A617B687D
:208C000008221A777B681B68DB6903F44073002B03D0786800F084FA05E0786800F076FAD4
:208C2000786800F087FA7B6800221A77BB6803F00103002B0CD0FB6803F00103002B07D0D0
:208C40007B681B686FF001021A617868F5F7E0F9BB6803F08003002B04D1BB6803F4005326
:208C6000002B0CD0FB6803F08003002B07D07B681B686FF402521A61786800F0C3FFBB68C5
:208C800003F48073002B0CD0FB6803F08003002B07D07B681B686FF480721A61786800F002
:208CA000BBFFBB6803F04003002B0CD0FB6803F04003002B07D07B681B686FF040021A617D
:208CC000786800F041FABB6803F02003002B0CD0FB6803F02003002B07D07B681B686FF009
:208CE00020021A61786800F083FF00BF1037BD4680BD000080B586B000AFF860B9607A60DA
:208D00000023FB75FB6893F83C30012B01D10223FFE0FB68012283F83C207B68142B00F2F3
:208D2000F08001A252F823F07D8D1108038F1108038F1108038F1108BD8D1108038F110891
:208D4000038F1108038F1108FF8D1108038F1108038F1108038F11083F8E1108038F110886
:208D6000038F1108038F1108818E1108038F1108038F1108038F1108C18E1108FB681B6826
:208D8000B968184600F090FAFB681B689A69FB681B6842F008029A61FB681B689A69FB6888
:208DA0001B6822F004029A61FB681B689969BB681A69FB681B680A439A61A5E0FB681B68F6
:208DC000B968184600F000FBFB681B689A69FB681B6842F400629A61FB681B689A69FB687B
:208DE0001B6822F480629A61FB681B689969BB681B691A02FB681B680A439A6184E0FB685D
:208E00001B68B968184600F069FBFB681B68DA69FB681B6842F00802DA61FB681B68DA694D
:208E2000FB681B6822F00402DA61FB681B68D969BB681A69FB681B680A43DA6164E0FB6816
:208E40001B68B968184600F0D1FBFB681B68DA69FB681B6842F40062DA61FB681B68DA6949
:208E6000FB681B6822F48062DA61FB681B68D969BB681B691A02FB681B680A43DA6143E05D
:208E8000FB681B68B968184600F01AFCFB681B685A6DFB681B6842F008025A65FB681B68F3
:208EA0005A6DFB681B6822F004025A65FB681B68596DBB681A69FB681B680A435A6523E0E7
:208EC000FB681B68B968184600F05EFCFB681B685A6DFB681B6842F400625A65FB681B6813
:208EE0005A6DFB681B6822F480625A65FB681B68596DBB681B691A02FB681B680A435A65AD
:208F000002E00123FB7500BFFB68002283F83C20FB7D18461837BD4680BD00BF80B584B033
:208F200000AF786039600023FB737B6893F83C30012B01D10223DEE07B68012283F83C20E8
:208F40007B68022283F83D207B681B689B68BB60BB6823F4441323F07703BB60BB6823F43B
:208F60007F43BB607B681B68BA689A603B681B68634A934200F0A980614A934200F2AE8031
:208F8000604A934200F0A1805E4A934200F2A6805D4A934200F099805B4A934200F29E809D
:208FA000B3F1101F00F09180B3F1101F00F29680B3F5801F00F08980B3F5801F00F28E807B
:208FC000B3F5005F3ED0B3F5005F00F28780B3F5805F00F08680B3F5805F7FD8702B1AD09C
:208FE000702B7BD8602B50D0602B77D8502B3CD0502B73D8402B58D0402B6FD8302B64D0DD
:20900000302B6BD8202B60D0202B67D8002B5CD0102B5AD062E07B6818683B6899683B6805
:209020005A683B68DB6800F091FC7B681B689B68BB60BB6843F07703BB607B681B68BA6814
:209040009A604FE07B6818683B6899683B685A683B68DB6800F07AFC7B681B689A687B68E4
:209060001B6842F480429A603CE07B6818683B6859683B68DB681A4600F0ECFB7B681B6815
:209080005021184600F045FC2CE07B6818683B6859683B68DB681A4600F00BFC7B681B685A
:2090A0006021184600F035FC1CE07B6818683B6859683B68DB681A4600F0CCFB7B681B688A
:2090C0004021184600F025FC0CE07B681A683B681B681946104600F01CFC03E00123FB7317
:2090E00000E000BF7B68012283F83D207B68002283F83C20FB7B18461037BD4680BD00BFFD
:2091000040001000300010002000100080B483B000AF786000BF0C37BD465DF8047B704711
:2091200080B483B000AF786000BF0C37BD465DF8047B704780B483B000AF786000BF0C37C1
:20914000BD465DF8047B704780B483B000AF786000BF0C37BD465DF8047B704780B485B09A
:2091600000AF786039607B681B68FB607B68464A934213D07B68B3F1804F0FD07B68434A3E
:2091800093420BD07B68424A934207D07B68414A934203D07B68404A934208D1FB6823F05D
:2091A0007003FB603B685B68FA681343FB607B68354A93421FD07B68B3F1804F1BD07B681E
:2091C000324A934217D07B68314A934213D07B68304A93420FD07B682F4A93420BD07B6841
:2091E0002E4A934207D07B682D4A934203D07B682C4A934208D1FB6823F44073FB603B6817
:20920000DB68FA681343FB60FB6823F080023B685B691343FB607B68FA681A603B689A6884
:209220007B68DA623B681A687B689A627B68164A93420FD07B68184A93420BD07B68174ADB
:20924000934207D07B68164A934203D07B68154A934203D13B681A697B681A637B68012200
:209260005A617B681B6903F00103012B05D17B681B6923F001027B681A6100BF1437BD46EB
:209280005DF8047B704700BF000001400004004000080040000C00400004014000400140A5
:2092A000004401400048014080B487B000AF786039607B681B6A7B617B681B6A23F0010253
:2092C0007B681A627B685B683B617B689B69FB60FB6823F4803323F07003FB60FB6823F027
:2092E0000303FB603B681B68FA681343FB607B6923F002037B613B689B687A6913437B6141
:209300007B682C4A93420FD07B682B4A93420BD07B682A4A934207D07B68294A934203D037
:209320007B68284A93420CD17B6923F008037B613B68DB687A6913437B617B6923F004034F
:209340007B617B681B4A93420FD07B681A4A93420BD07B68194A934207D07B68184A934232
:2093600003D07B68174A934211D13B6923F480733B613B6923F400733B613B685B693A6901
:2093800013433B613B689B693A6913433B617B683A695A607B68FA689A613B685A687B68D7
:2093A0005A637B687A691A6200BF1C37BD465DF8047B704700000140000401400040014007
:2093C000004401400048014080B487B000AF786039607B681B6A7B617B681B6A23F0100223
:2093E0007B681A627B685B683B617B689B69FB60FB6823F0807323F4E043FB60FB6823F412
:209400004073FB603B681B681B02FA681343FB607B6923F020037B613B689B681B017A694D
:2094200013437B617B68284A934203D07B68274A93420DD17B6923F080037B613B68DB68BA
:209440001B017A6913437B617B6923F040037B617B681D4A93420FD07B681C4A93420BD0CE
:209460007B681B4A934207D07B681A4A934203D07B68194A934213D13B6923F480633B61D0
:209480003B6923F400633B613B685B699B003A6913433B613B689B699B003A6913433B61A4
:2094A0007B683A695A607B68FA689A613B685A687B689A637B687A691A6200BF1C37BD4690
:2094C0005DF8047B704700BF000001400004014000400140004401400048014080B487B0C2
:2094E00000AF786039607B681B6A7B617B681B6A23F480727B681A627B685B683B617B6813
:20950000DB69FB60FB6823F4803323F07003FB60FB6823F00303FB603B681B68FA681343E9
:20952000FB607B6923F400737B613B689B681B027A6913437B617B68274A934203D07B68CF
:20954000264A93420DD17B6923F400637B613B68DB681B027A6913437B617B6923F48063B8
:209560007B617B681C4A93420FD07B681B4A93420BD07B681A4A934207D07B68194A93420C
:2095800003D07B68184A934213D13B6923F480533B613B6923F400533B613B685B691B01A3
:2095A0003A6913433B613B689B691B013A6913433B617B683A695A607B68FA68DA613B685B
:2095C0005A687B68DA637B687A691A6200BF1C37BD465DF8047B7047000001400004014041
:2095E00000400140004401400048014080B487B000AF786039607B681B6A3B617B681B6AE5
:2096000023F480527B681A627B685B687B617B68DB69FB60FB6823F0807323F4E043FB6000
:20962000FB6823F44073FB603B681B681B02FA681343FB603B6923F400533B613B689B68FC
:209640001B033A6913433B617B68184A93420FD07B68174A93420BD07B68164A934207D07B
:209660007B68154A934203D07B68144A934209D17B6923F480437B613B685B699B017A6990
:2096800013437B617B687A695A607B68FA68DA613B685A687B681A647B683A691A6200BF11
:2096A0001C37BD465DF8047B704700BF0000014000040140004001400044014000480140F5
:2096C00080B487B000AF786039607B681B6A3B617B681B6A23F480327B681A627B685B68C5
:2096E0007B617B685B6DFB60FB6823F4803323F07003FB603B681B68FA681343FB603B699D
:2097000023F400333B613B689B681B043A6913433B617B68174A93420FD07B68164A9342F9
:209720000BD07B68154A934207D07B68144A934203D07B68134A934209D17B6923F48033DA
:209740007B613B685B691B027A6913437B617B687A695A607B68FA685A653B685A687B68C8
:209760009A657B683A691A6200BF1C37BD465DF8047B704700000140000401400040014041
:20978000004401400048014080B487B000AF786039607B681B6A3B617B681B6A23F480121B
:2097A0007B681A627B685B687B617B685B6DFB60FB6823F0807323F4E043FB603B681B689E
:2097C0001B02FA681343FB603B6923F400133B613B689B681B053A6913433B617B68184A4F
:2097E00093420FD07B68174A93420BD07B68164A934207D07B68154A934203D07B68144AA7
:20980000934209D17B6923F480237B613B685B699B027A6913437B617B687A695A607B68A3
:20982000FA685A653B685A687B68DA657B683A691A6200BF1C37BD465DF8047B704700BF1F
:20984000000001400004014000400140004401400048014080B487B000AFF860B9607A608E
:20986000FB681B6A7B61FB681B6A23F00102FB681A62FB689B693B613B6923F0F0033B61FE
:209880007B681B013A6913433B617B6923F00A037B617A69BB6813437B61FB683A699A611B
:2098A000FB687A691A6200BF1C37BD465DF8047B704780B487B000AFF860B9607A60FB687E
:2098C0001B6A7B61FB681B6A23F01002FB681A62FB689B693B613B6923F470433B617B684B
:2098E0001B033A6913433B617B6923F0A0037B61BB681B017A6913437B61FB683A699A61EA
:20990000FB687A691A6200BF1C37BD465DF8047B704780B485B000AF786039607B689B6876
:20992000FB60FB6823F4401323F07003FB603A68FB68134343F00703FB607B68FA689A60EC
:2099400000BF1437BD465DF8047B704780B487B000AFF860B9607A603B60FB689B687B612D
:209960007B6923F47F437B613B681A027B681A43BB6813437A6913437B61FB687A699A6081
:2099800000BF1C37BD465DF8047B704780B487B000AFF860B9607A60BB6803F01F03012267
:2099A00002FA03F37B61FB681A6A7B69DB431A40FB681A62FB681A6ABB6803F01F037968B7
:2099C00001FA03F31A43FB681A6200BF1C37BD465DF8047B7047000080B485B000AF7860CA
:2099E00039607B6893F83C30012B01D102236DE07B68012283F83C207B68022283F83D20C8
:209A00007B681B685B68FB607B681B689B68BB607B681B68304A934204D07B681B682F4AD6
:209A2000934208D1FB6823F47003FB603B685B68FA681343FB60FB6823F07003FB603B68D0
:209A40001B68FA681343FB607B681B68FA685A607B681B68204A934222D07B681B68B3F14D
:209A6000804F1DD07B681B681D4A934218D07B681B681C4A934213D07B681B681A4A93427D
:209A80000ED07B681B68154A934209D07B681B68164A934204D07B681B68154A93420CD18F
:209AA000BB6823F08003BB603B689B68BA681343BB607B681B68BA689A607B68012283F896
:209AC0003D207B68002283F83C20002318461437BD465DF8047B704700000140000401406D
:209AE0000004004000080040000C0040001800400040014080B485B000AF78603960002309
:209B0000FB607B6893F83C30012B01D1022365E07B68012283F83C20FB6823F0FF023B68B1
:209B2000DB681343FB60FB6823F440723B689B681343FB60FB6823F480623B685B68134396
:209B4000FB60FB6823F400623B681B681343FB60FB6823F480523B681B691343FB60FB6870
:209B600023F400523B685B691343FB60FB6823F480423B689B6A1343FB60FB6823F47022C3
:209B80003B689B691B041343FB607B681B68164A934204D07B681B68144A934215D1FB68FD
:209BA00023F470023B685B6A1B051343FB60FB6823F080723B68DB691343FB60FB6823F06D
:209BC00000723B681B6A1343FB607B681B68FA685A647B68002283F83C200023184614370C
:209BE000BD465DF8047B7047000001400004014080B483B000AF786000BF0C37BD465DF809
:209C0000047B704780B483B000AF786000BF0C37BD465DF8047B704780B483B000AF7860A2
:209C200000BF0C37BD465DF8047B704780B582B000AF78607B68002B01D1012342E07B689D
:209C4000D3F88830002B06D17B68002283F884207868F4F74BFE7B682422C3F888207B68D8
:209C60001B681A687B681B6822F001021A607B689B6A002B02D0786801F0D8FA786800F092
:209C80006DFD0346012B01D101231BE07B681B685A687B681B6822F490425A607B681B685E
:209CA0009A687B681B6822F02A029A607B681B681A687B681B6842F001021A60786801F036
:209CC00057FB034618460837BD4680BD80B58AB002AFF860B9603B601346FB80FB68D3F8DE
:209CE0008830202B7BD1BB68002B02D0FB88002B01D1012374E0FB680022C3F89020FB68AA
:209D00002122C3F88820F5F7CDF87861FB68FA88A3F85420FB68FA88A3F85620FB689B68C3
:209D2000B3F5805F08D1FB681B69002B04D10023FB61BB68BB6103E0BB68FB610023BB617D
:209D400030E03B6800937B6900228021F86801F0B9FB0346002B05D0FB682022C3F88820C0
:209D600003233DE0FB69002B0BD1BB691B881A46FB681B68C2F308029A62BB690233BB61F8
:209D800007E0FB691A78FB681B689A62FB690133FB61FB68B3F856309BB2013B9AB2FB6844
:209DA000A3F85620FB68B3F856309BB2002BC8D13B6800937B6900224021F86801F082FB82
:209DC0000346002B05D0FB682022C3F88820032306E0FB682022C3F88820002300E00223F6
:209DE00018462037BD4680BD80B491B000AFF860B9601346FB80FB68D3F88830202B78D18B
:209E0000BB68002B02D0FB88002B01D1012371E0FB68BA681A65FB68FA88A3F85420FB68D2
:209E2000FA88A3F85620FB6800229A67FB680022C3F89020FB682122C3F88820FB685B6EE4
:209E4000B3F1005F2AD1FB689B68B3F5805F07D1FB681B69002B03D1FB68294A9A6702E0A0
:209E6000FB68284A9A67FB681B680833BB62BB6A53E8003F7B627B6A43F40003BB63FB68B2
:209E80001B680833BA6B7A633B63396B7A6B41E80023FB62FB6A002BE5D128E0FB689B687E
:209EA000B3F5805F07D1FB681B69002B03D1FB68154A9A6702E0FB68144A9A67FB681B6810
:209EC0007B617B6953E8003F3B613B6943F08003FB63FB681B681A46FB6B3B62FA61F969EE
:209EE0003A6A41E80023BB61BB69002BE6D1002300E0022318464437BD465DF8047B7047C1
:209F0000A7BC1108C7BB110805BB11084DBA110880B58AB000AFF860B9601346FB80FB686B
:209F2000D3F88C30202B37D1BB68002B02D0FB88002B01D1012330E0FB680022DA66FB684B
:209F40001B68184A93421FD0FB681B685B6803F40003002B18D0FB681B687B617B6953E8C1
:209F6000003F3B613B6943F080637B62FB681B681A467B6A3B62FA61F9693A6A41E80023FA
:209F8000BB61BB69002BE6D1FB881A46B968F86801F006FB034600E0022318462837BD463B
:209FA00080BD00BF000C005880B5BAB000AF78607B681B68DB69C7F8E4307B681B681B68B5
:209FC000C7F8E0307B681B689B68C7F8DC30D7F8E42040F60F031340C7F8D830D7F8D83072
:209FE000002B1BD1D7F8E43003F02003002B15D0D7F8E03003F02003002B05D1D7F8DC3070
:20A0000003F08053002B09D07B685B6F002B00F079837B685B6F7868984773E3D7F8D83019
:20A02000002B00F02381D7F8DC208D4B1340002B06D1D7F8E0208B4B1340002B00F01681BF
:20A04000D7F8E43003F00103002B11D0D7F8E03003F48073002B0BD07B681B6801221A6246
:20A060007B68D3F8903043F001027B68C3F89020D7F8E43003F00203002B11D0D7F8DC302C
:20A0800003F00103002B0BD07B681B6802221A627B68D3F8903043F004027B68C3F89020C8
:20A0A000D7F8E43003F00403002B11D0D7F8DC3003F00103002B0BD07B681B6804221A62D7
:20A0C0007B68D3F8903043F002027B68C3F89020D7F8E43003F00803002B17D0D7F8E030BB
:20A0E00003F02003002B05D1D7F8DC205C4B1340002B0BD07B681B6808221A627B68D3F8C4
:20A10000903043F008027B68C3F89020D7F8E43003F40063002B12D0D7F8E03003F08063F5
:20A12000002B0CD07B681B684FF400621A627B68D3F8903043F020027B68C3F890207B689D
:20A14000D3F89030002B00F0DF82D7F8E43003F02003002B13D0D7F8E03003F02003002BD1
:20A1600005D1D7F8DC3003F08053002B07D07B685B6F002B03D07B685B6F786898477B686C
:20A18000D3F89030C7F8D4307B681B689B6803F04003402B05D0D7F8D43003F02803002B76
:20A1A00054D0786801F0E3FA7B681B689B6803F04003402B46D17B681B680833C7F89C3080
:20A1C000D7F89C3053E8003FC7F89830D7F8983023F04003C7F8D0307B681B680833D7F8C7
:20A1E000D020C7F8A820C7F8A430D7F8A410D7F8A82041E80023C7F8A030D7F8A030002B96
:20A20000D9D17B68D3F88030002B17D07B68D3F88030154A1A657B68D3F880301846F7F73E
:20A22000D9FD0346002B19D07B68D3F880301B6D7A68D2F88020104698470FE07868F1F7CD
:20A24000F1FB0BE07868F1F7EDFB07E07868F1F7E9FB7B680022C3F8902055E200BF53E249
:20A26000010000102001000421BA11087B68DB6E012B40F0E981D7F8E43003F01003002BAE
:20A2800000F0E281D7F8E03003F01003002B00F0DB817B681B6810221A627B681B689B6892
:20A2A00003F04003402B40F051817B68D3F880301B68964A934268D07B68D3F880301B684C
:20A2C000934A934261D07B68D3F880301B68914A93425AD07B68D3F880301B688E4A934252
:20A2E00053D07B68D3F880301B688C4A93424CD07B68D3F880301B68894A934245D07B6812
:20A30000D3F880301B68874A93423ED07B68D3F880301B68844A934237D07B68D3F88030A2
:20A320001B68824A934230D07B68D3F880301B687F4A934229D07B68D3F880301B687D4AD9
:20A34000934222D07B68D3F880301B687A4A93421BD07B68D3F880301B68784A934214D075
:20A360007B68D3F880301B68754A93420DD07B68D3F880301B68734A934206D07B68D3F894
:20A3800080301B68704A934206D17B68D3F880301B685B689BB205E07B68D3F880301B686D
:20A3A0005B689BB2A7F8BE30B7F8BE30002B00F0AD817B68B3F85C30B7F8BE209A4280F027
:20A3C000A5817B68B7F8BE20A3F85E207B68D3F88030DB69B3F5807F00F087807B681B6828
:20A3E000C7F88830D7F8883053E8003FC7F88430D7F8843023F48073C7F8B8307B681B68D8
:20A400001A46D7F8B830C7F89430C7F89020D7F89010D7F8942041E80023C7F88C30D7F8AB
:20A420008C30002BDAD17B681B6808337B677B6F53E8003F3B673B6F23F00103C7F8B4309D
:20A440007B681B680833D7F8B420C7F88020FB67F96FD7F8802041E80023BB67BB6F002B5D
:20A46000E1D17B681B6808333B663B6E53E8003FFB65FB6D23F04003C7F8B0307B681B68A2
:20A480000833D7F8B020FA66BB66B96EFA6E41E800237B667B6E002BE3D17B682022C3F8FD
:20A4A0008C207B680022DA667B681B68FB64FB6C53E8003FBB64BB6C23F01003C7F8AC30FE
:20A4C0007B681B681A46D7F8AC30BB657A65796DBA6D41E800233B653B6D002BE4D17B68A8
:20A4E000D3F880301846F7F757F97B6802221A677B68B3F85C207B68B3F85E309BB2D31A5D
:20A500009BB21946786800F01DF9FFE0100002402800024040000240580002407000024040
:20A5200088000240A0000240B80002401004024028040240400402405804024070040240D7
:20A5400088040240A0040240B80402407B68B3F85C207B68B3F85E309BB2D31AA7F8CE304C
:20A560007B68B3F85E309BB2002B00F0D180B7F8CE30002B00F0CC807B681B68BB63BB6B48
:20A5800053E8003F7B637B6B23F49073C7F8C8307B681B681A46D7F8C8307B643A64396CFD
:20A5A0007A6C41E80023FB63FB6B002BE4D17B681B6808337B627B6A53E8003F3B623B6AA6
:20A5C00023F0805323F00103C7F8C4307B681B680833D7F8C4203A63FB62F96A3A6B41E84C
:20A5E0000023BB62BB6A002BE1D17B682022C3F88C207B680022DA667B6800225A677B689F
:20A600001B683B613B6953E8003FFB60FB6823F01003C7F8C0307B681B681A46D7F8C030E5
:20A62000FB61BA61B969FA6941E800237B617B69002BE4D17B6802221A67B7F8CE3019469E
:20A64000786800F07FF863E0D7F8E43003F48013002B0ED0D7F8DC3003F48003002B08D0A2
:20A660007B681B684FF480121A62786801F0BBFB51E0D7F8E43003F08003002B14D0D7F834
:20A68000E03003F08003002B05D1D7F8DC3003F40003002B08D07B689B6F002B3AD07B6856
:20A6A0009B6F7868984735E0D7F8E43003F04003002B09D0D7F8E03003F04003002B03D08C
:20A6C000786801F065FB26E0D7F8E43003F40003002B09D0D7F8E03003F08043002B03D0CF
:20A6E000786801F094FB16E0D7F8E43003F08073002B10D0D7F8E030002B0CDA786801F06F
:20A700007CFB08E000BF06E000BF04E000BF02E000BF00E000BFE837BD4680BD80B483B0CD
:20A7200000AF786000BF0C37BD465DF8047B704780B483B000AF786000BF0C37BD465DF8BA
:20A74000047B704780B483B000AF78600B467B8000BF0C37BD465DF8047B70472DE9B04FE4
:20A7600092B000AF7861002387F842307B699A687B691B691A437B695B691A437B69DB6923
:20A7800013437B647B691B681A68BD4B13407A691268796C0B4313607B691B685B6823F4FC
:20A7A00040517B69DA687B691B680A435A607B699B697B647B691B68B24A934204D07B69BD
:20A7C0001B6A7A6C13437B647B691B689B6823F06E4323F430637A691268796C0B4393607E
:20A7E0007B691B68DB6A23F00F017B695A6A7B691B680A43DA627B691B68A34A934277D181
:20A80000A24B5B6D03F03803282B6DD801A252F823F000BFB9A81108E9A81108E9A8110830
:20A82000E9A81108E9A81108E9A81108E9A81108E9A81108C1A81108E9A81108E9A81108F0
:20A84000E9A81108E9A81108E9A81108E9A81108E9A81108C9A81108E9A81108E9A81108C8
:20A86000E9A81108E9A81108E9A81108E9A81108E9A81108D1A81108E9A81108E9A81108A0
:20A88000E9A81108E9A81108E9A81108E9A81108E9A81108D9A81108E9A81108E9A8110878
:20A8A000E9A81108E9A81108E9A81108E9A81108E9A81108E1A81108012387F8433020E28C
:20A8C000042387F843301CE2082387F8433018E2102387F8433014E2202387F8433010E208
:20A8E000402387F843300CE2802387F8433008E27B691B68664A934230D1644B5B6D03F03F
:20A900000703052B26D801A252F823F025A911082DA9110835A911083DA9110845A911082C
:20A920004DA91108002387F84330EAE1042387F84330E6E1082387F84330E2E1102387F8B6
:20A940004330DEE1202387F84330DAE1402387F84330D6E1802387F84330D2E17B691B681A
:20A960004C4A934230D1494B5B6D03F00703052B26D801A252F823F091A9110899A9110836
:20A98000A1A91108A9A91108B1A91108B9A91108002387F84330B4E1042387F84330B0E1A7
:20A9A000082387F84330ACE1102387F84330A8E1202387F84330A4E1402387F84330A0E1AF
:20A9C000802387F843309CE17B691B68324A934230D12E4B5B6D03F00703052B26D801A29D
:20A9E00052F823F0FDA9110805AA11080DAA110815AA11081DAA110825AA1108002387F861
:20AA000043307EE1042387F843307AE1082387F8433076E1102387F8433072E1202387F842
:20AA200043306EE1402387F843306AE1802387F8433066E17B691B68184A934240D1134BCB
:20AA40005B6D03F00703052B36D801A252F823F069AA110871AA110879AA1108A1AA1108F3
:20AA6000A9AA1108B1AA1108002387F8433048E1042387F8433044E1082387F8433040E13C
:20AA8000F369FFCF000C005800100140004402580044004000480040004C00400050004011
:20AAA000102387F843302CE1202387F8433028E1402387F8433024E1802387F8433020E136
:20AAC0007B691B68CB4A934276D1CB4B5B6D03F03803282B6CD801A252F823F081AB1108F6
:20AAE000B1AB1108B1AB1108B1AB1108B1AB1108B1AB1108B1AB1108B1AB110889AB1108D6
:20AB0000B1AB1108B1AB1108B1AB1108B1AB1108B1AB1108B1AB1108B1AB110891AB1108AD
:20AB2000B1AB1108B1AB1108B1AB1108B1AB1108B1AB1108B1AB1108B1AB110899AB110885
:20AB4000B1AB1108B1AB1108B1AB1108B1AB1108B1AB1108B1AB1108B1AB1108A1AB11085D
:20AB6000B1AB1108B1AB1108B1AB1108B1AB1108B1AB1108B1AB1108B1AB1108A9AB110835
:20AB8000012387F84330BCE0042387F84330B8E0082387F84330B4E0102387F84330B0E0EC
:20ABA000202387F84330ACE0402387F84330A8E0802387F84330A4E07B691B688F4A9342C9
:20ABC00030D18D4B5B6D03F00703052B26D801A252F823F0EDAB1108F5AB1108FDAB11087E
:20ABE00005AC11080DAC110815AC1108002387F8433086E0042387F8433082E0082387F83F
:20AC000043307EE0102387F843307AE0202387F8433076E0402387F8433072E0802387F890
:20AC200043306EE07B691B68754A934230D1724B5B6D03F00703052B26D801A252F823F0A7
:20AC400059AC110861AC110869AC110871AC110879AC110881AC1108002387F8433050E083
:20AC6000042387F843304CE0082387F8433048E0102387F8433044E0202387F8433040E0AC
:20AC8000402387F843303CE0802387F8433038E07B691B685B4A934230D1574B9B6D03F017
:20ACA0000703052B26D801A252F823F0C5AC1108CDAC1108D5AC1108DDAC1108E5AC11085A
:20ACC000EDAC1108022387F843301AE0042387F8433016E0082387F8433012E0102387F8E1
:20ACE00043300EE0202387F843300AE0402387F8433006E0802387F8433002E0802387F800
:20AD000043307B691B683F4A934240F0F88097F84330202B46DC022BC0F28280023B1E2B7D
:20AD20007ED801A252F823F0ABAD110821AE1108B3AD110821AE110821AE110821AE110833
:20AD4000C3AD110821AE110821AE110821AE110821AE110821AE110821AE110821AE110812
:20AD6000D3AD110821AE110821AE110821AE110821AE110821AE110821AE110821AE1108E2
:20AD800021AE110821AE110821AE110821AE110821AE110821AE110821AE110821AE110873
:20ADA00013AE1108402B37D03AE0FCF75BF9F8633CE007F124031846FCF76AF9BB6AFB6319
:20ADC00034E007F118031846FCF7B6FAFB69FB632CE0094B1B6803F02003002B16D0064B2E
:20ADE0001B68DB0803F00303074A22FA03F3FB631CE000BF001401400044025800780040CD
:20AE0000007C0040000C00580090D0039D4BFB630CE09D4BFB6309E04FF40043FB6305E085
:20AE20000023FB63012387F8423000BFFB6B002B00F0DE817B695B6A944A32F813301A4689
:20AE4000FB6BB3FBF2F33B637B695A6813465B0013443A6B9A4205D37B695B681B033A6BE7
:20AE60009A4203D9012387F84230C1E1FB6B0022BB60FA607B695B6A844A32F813309BB235
:20AE800000223B607A60D7E90023D7E90201E5F715FF02460B46104619464FF000024FF0B7
:20AEA00000030B0243EA1063020279694968490800200C46054612EB040843EB05097B6914
:20AEC0005B6800229A46934652465B4640464946E5F7F4FE02460B461346BB63BB6BB3F5DA
:20AEE000407F08D3BB6BB3F5801F04D27B691B68BA6BDA607CE1012387F8423078E17B6900
:20AF0000DB69B3F5004F40F0C58097F84330202B48DC002B7BDB202B79D801A252F823F0F3
:20AF2000ABAF1108B3AF11080FB011080FB01108BBAF11080FB011080FB011080FB0110868
:20AF4000CBAF11080FB011080FB011080FB011080FB011080FB011080FB011080FB0110876
:20AF6000DBAF11080FB011080FB011080FB011080FB011080FB011080FB011080FB0110846
:20AF80000FB011080FB011080FB011080FB011080FB011080FB011080FB011080FB01108F1
:20AFA00001B01108402B2ED031E0FAF723F8F86333E0FAF735F8F8632FE007F124031846CE
:20AFC000FCF766F8BB6AFB6327E007F118031846FCF7B2F9FB69FB631FE02D4B1B6803F0D8
:20AFE0002003002B09D02A4B1B68DB0803F00303244A22FA03F3FB630FE0224BFB630CE0D2
:20B00000214BFB6309E04FF40043FB6305E00023FB63012387F8423000BFFB6B002B00F0DE
:20B02000E7807B695B6A194A32F813301A46FB6BB3FBF2F35A007B695B685B081A447B6931
:20B040005B68B2FBF3F3BB63BB6B0F2B16D9BB6BB3F5803F12D2BB6B9BB223F00F03FB86A3
:20B06000BB6B5B089BB203F007039AB2FB8E1343FB867B691B68FA8EDA60B9E0012387F8EC
:20B080004230B5E00090D00300093D0058EE11080044025897F84330202B49DC002B7CDB0F
:20B0A000202B7AD801A252F823F000BF37B111083FB111089BB111089BB1110847B111084F
:20B0C0009BB111089BB111089BB1110857B111089BB111089BB111089BB111089BB111088C
:20B0E0009BB111089BB111089BB1110867B111089BB111089BB111089BB111089BB111085C
:20B100009BB111089BB111089BB111089BB111089BB111089BB111089BB111089BB1110807
:20B120009BB111089BB111089BB111088DB11108402B2ED031E0F9F75DFFF86333E0F9F765
:20B140006FFFF8632FE007F124031846FBF7A0FFBB6AFB6327E007F118031846FCF7ECF837
:20B16000FB69FB631FE02D4B1B6803F02003002B09D02A4B1B68DB0803F00303284A22FA97
:20B1800003F3FB630FE0264BFB630CE0254BFB6309E04FF40043FB6305E00023FB6301238C
:20B1A00087F8423000BFFB6B002B21D07B695B6A1D4A32F813301A46FB6BB3FBF2F27B69A4
:20B1C0005B685B081A447B695B68B2FBF3F3BB63BB6B0F2B09D9BB6BB3F5803F05D2BB6BC7
:20B1E0009AB27B691B68DA6002E0012387F842307B690122A3F86A207B690122A3F8682015
:20B200007B6900225A677B6900229A6797F8423018464837BD46BDE8B08F00BF004402583E
:20B220000090D00300093D0058EE110880B483B000AF78607B689B6A03F00803002B0AD02D
:20B240007B681B685B6823F400417B689A6B7B681B680A435A607B689B6A03F00103002B0E
:20B260000AD07B681B685B6823F400317B68DA6A7B681B680A435A607B689B6A03F002030F
:20B28000002B0AD07B681B685B6823F480317B681A6B7B681B680A435A607B689B6A03F008
:20B2A0000403002B0AD07B681B685B6823F480217B685A6B7B681B680A435A607B689B6AA4
:20B2C00003F01003002B0AD07B681B689B6823F480517B68DA6B7B681B680A439A607B685A
:20B2E0009B6A03F02003002B0AD07B681B689B6823F400517B681A6C7B681B680A439A6047
:20B300007B689B6A03F04003002B1AD07B681B685B6823F480117B685A6C7B681B680A43CD
:20B320005A607B685B6CB3F5801F0AD17B681B685B6823F4C0017B689A6C7B681B680A43EA
:20B340005A607B689B6A03F08003002B0AD07B681B685B6823F400217B68DA6C7B681B68E0
:20B360000A435A6000BF0C37BD465DF8047B704780B598B002AF78607B680022C3F89020C0
:20B38000F3F790FD78657B681B681B6803F00803082B2FD16FF07E4300937B6D00224FF43F
:20B3A0000011786800F08EF80346002B22D07B681B68BB63BB6B53E8003F7B637B6B23F0C5
:20B3C00080033B657B681B681A463B6D7B643A64396C7A6C41E80023FB63FB6B002BE6D1E2
:20B3E0007B682022C3F888207B68002283F88420032363E07B681B681B6803F00403042B26
:20B4000049D16FF07E4300937B6D00224FF48001786800F057F80346002B3CD07B681B688C
:20B420007B627B6A53E8003F3B623B6A23F49073FB647B681B681A46FB6C3B63FA62F96A8B
:20B440003A6B41E80023BB62BB6A002BE6D17B681B6808333B613B6953E8003FFB60FB68BE
:20B4600023F00103BB647B681B680833BA6CFA61BB61B969FA6941E800237B617B69002B9C
:20B48000E5D17B682022C3F88C207B68002283F88420032312E07B682022C3F888207B68C3
:20B4A0002022C3F88C207B680022DA667B6800221A677B68002283F88420002318465837E4
:20B4C000BD4680BD80B584B000AFF860B9603B601346FB714FE0BB69B3F1FF3F4BD0F3F709
:20B4E000E1FC02463B68D31ABA699A4202D3BB69002B01D103234EE0FB681B681B6803F0F2
:20B500000403002B37D0BB68802B34D0BB68402B31D0FB681B68DB6903F00803082B10D155
:20B52000FB681B6808221A62F86800F020F9FB680822C3F89020FB68002283F88420012356
:20B5400029E0FB681B68DB6903F40063B3F5006F11D1FB681B684FF400621A62F86800F00E
:20B5600006F9FB682022C3F89020FB68002283F8842003230FE0FB681B68DA69BB68134064
:20B58000BA689A420CBF01230023DBB21A46FB799A42A0D0002318461037BD4680BD0000E6
:20B5A00080B596B000AFF860B9601346FB80FB68BA689A65FB68FA88A3F85C20FB68002217
:20B5C000C3F89020FB682222C3F88C20FB68D3F88030002B2DD0FB68D3F88030404ADA6347
:20B5E000FB68D3F880303F4A1A64FB68D3F880303D4ADA64FB68D3F8803000221A65FB68E1
:20B60000D3F88000FB681B6824331946FB689B6D1A46FB88F5F756FE0346002B09D0FB6805
:20B620001022C3F89020FB682022C3F88C20012351E0FB681B69002B18D0FB681B68FB63CE
:20B64000FB6B53E8003FBB63BB6B43F480737B65FB681B681A467B6DBB647A64796CBA6C86
:20B6600041E800233B643B6C002BE6D1FB681B680833BB62BB6A53E8003F7B627B6A43F084
:20B6800001033B65FB681B6808333A6D7A633B63396B7A6B41E80023FB62FB6A002BE5D14B
:20B6A000FB681B6808337B617B6953E8003F3B613B6943F04003FB64FB681B680833FA6C93
:20B6C0003A62FB61F9693A6A41E80023BB61BB69002BE5D1002318465837BD4680BD00BFF0
:20B6E0003BB8110863B91108A1B9110880B48FB000AF78607B681B683B623B6A53E8003F7A
:20B70000FB61FB6923F0C0037B637B681B681A467B6BFB62BA62B96AFA6A41E800237B62E0
:20B720007B6A002BE6D17B681B680833FB60FB6853E8003FBB60BB6823F400033B637B6890
:20B740001B6808333A6BBA617B617969BA6941E800233B613B69002BE5D17B682022C3F83D
:20B76000882000BF3C37BD465DF8047B704780B495B000AF78607B681B687B637B6B53E8FC
:20B78000003F3B633B6B23F49073FB647B681B681A46FB6C3B64FA63F96B3A6C41E800232E
:20B7A000BB63BB6B002BE6D17B681B6808333B623B6A53E8003FFB61FB6923F0805323F04D
:20B7C0000103BB647B681B680833BA6CFA62BB62B96AFA6A41E800237B627B6A002BE3D192
:20B7E0007B68DB6E012B18D17B681B68FB60FB6853E8003FBB60BB6823F010037B647B6844
:20B800001B681A467B6CBB617A617969BA6941E800233B613B69002BE6D17B682022C3F814
:20B820008C207B680022DA667B6800225A6700BF5437BD465DF8047B704780B59CB000AF49
:20B8400078607B689B6BFB667B68DB69B3F5807F71D0FB6E0022A3F85E20FB6E1B68FB64C8
:20B86000FB6C53E8003FBB64BB6C23F48073BB66FB6E1B681A46BB6EBB657A65796DBA6DF5
:20B8800041E800233B653B6D002BE6D1FB6E1B680833BB63BB6B53E8003F7B637B6B23F076
:20B8A00001037B66FB6E1B6808337A6E7A643B64396C7A6C41E80023FB63FB6B002BE5D19B
:20B8C000FB6E1B6808337B627B6A53E8003F3B623B6A23F040033B66FB6E1B6808333A6EFD
:20B8E0003A63FB62F96A3A6B41E80023BB62BB6A002BE5D1FB6E2022C3F88C20FB6EDB6E13
:20B90000012B18D1FB6E1B683B613B6953E8003FFB60FB6823F01003FB65FB6E1B681A46DC
:20B92000FB6DFB61BA61B969FA6941E800237B617B69002BE6D1FB6E00221A67FB6EDB6EF7
:20B94000012B07D1FB6EB3F85C301946F86EFEF7F9FE02E0F86EEFF7C9FF00BF7037BD4633
:20B9600080BD80B584B000AF78607B689B6BFB60FB6801221A67FB68DB6E012B09D1FB683A
:20B98000B3F85C305B089BB21946F868FEF7DAFE02E0F868FEF7CCFE00BF1037BD4680BDED
:20B9A00080B586B000AF78607B689B6B7B617B69D3F888303B617B69D3F88C30FB607B6923
:20B9C0001B689B6803F08003802B09D13B69212B06D17B690022A3F856207869FFF786FEAD
:20B9E0007B691B689B6803F04003402B09D1FB68222B06D17B690022A3F85E207869FFF7E5
:20BA0000B6FE7B69D3F8903043F010027B69C3F890207869F0F706F800BF1837BD4680BD5B
:20BA200080B584B000AF78607B689B6BFB60FB680022A3F85E20FB680022A3F85620F8683E
:20BA4000EFF7F0FF00BF1037BD4680BD80B48FB000AF78607B68D3F88830212B4CD17B681F
:20BA6000B3F856309BB2002B32D17B681B683B623B6A53E8003FFB61FB6923F080037B63C4
:20BA80007B681B681A467B6BFB62BA62B96AFA6A41E800237B627B6A002BE6D17B681B68A4
:20BAA000FB60FB6853E8003FBB60BB6843F040033B637B681B681A463B6BBB617A617969B7
:20BAC000BA6941E800233B613B69002BE6D113E07B681B6D1A787B681B689A627B681B6D18
:20BAE0005A1C7B681A657B68B3F856309BB2013B9AB27B68A3F8562000BF3C37BD465DF807
:20BB0000047B704780B491B000AF78607B68D3F88830212B51D17B68B3F856309BB2002B93
:20BB200032D17B681B687B627B6A53E8003F3B623B6A23F08003BB637B681B681A46BB6B7E
:20BB40003B63FA62F96A3A6B41E80023BB62BB6A002BE6D17B681B683B613B6953E8003F53
:20BB6000FB60FB6843F040037B637B681B681A467B6BFB61BA61B969FA6941E800237B61E3
:20BB80007B69002BE6D118E07B681B6DFB63FB6B1B881A467B681B68C2F308029A627B68B1
:20BBA0001B6D9A1C7B681A657B68B3F856309BB2013B9AB27B68A3F8562000BF4437BD46CB
:20BBC0005DF8047B704780B491B000AF78607B68D3F88830212B60D17B68B3F86A30FB8751
:20BBE00057E07B68B3F856309BB2002B33D17B681B6808337B627B6A53E8003F3B623B6A5F
:20BC000023F40003BB637B681B680833BA6B3A63FB62F96A3A6B41E80023BB62BB6A002B6B
:20BC2000E5D17B681B683B613B6953E8003FFB60FB6843F040037B637B681B681A467B6B70
:20BC4000FB61BA61B969FA6941E800237B617B69002BE6D121E07B681B68DB6903F08003D9
:20BC6000002B13D07B681B6D1A787B681B689A627B681B6D5A1C7B681A657B68B3F8563000
:20BC80009BB2013B9AB27B68A3F85620FB8F013BFB87FB8F002BA4D1FFE700BF4437BD4646
:20BCA0005DF8047B704780B491B000AF78607B68D3F88830212B65D17B68B3F86A30FB876B
:20BCC0005CE07B68B3F856309BB2002B33D17B681B6808333B623B6A53E8003FFB61FB697B
:20BCE00023F400037B637B681B6808337A6BFA62BB62B96AFA6A41E800237B627B6A002B8D
:20BD0000E5D17B681B68FB60FB6853E8003FBB60BB6843F040033B637B681B681A463B6B11
:20BD2000BB617A617969BA6941E800233B613B69002BE6D126E07B681B68DB6903F0800373
:20BD4000002B18D07B681B6DBB63BB6B1B881A467B681B68C2F308029A627B681B6D9A1CDC
:20BD60007B681A657B68B3F856309BB2013B9AB27B68A3F85620FB8F013BFB87FB8F002B87
:20BD80009FD1FFE700BF4437BD465DF8047B704780B588B000AF78607B681B68FB60FB686D
:20BDA00053E8003FBB60BB6823F04003FB617B681B681A46FB69BB617A617969BA6941E8CA
:20BDC00000233B613B69002BE6D17B682022C3F888207B6800229A677868FEF79FFC00BF61
:20BDE0002037BD4680BD80B483B000AF786000BF0C37BD465DF8047B704780B483B000AF18
:20BE0000786000BF0C37BD465DF8047B704780B483B000AF786000BF0C37BD465DF8047BF3
:20BE2000704780B485B000AF78607B6893F88430012B01D1022327E07B68012283F88420EA
:20BE40007B682422C3F888207B681B681B68FB607B681B681A687B681B6822F001021A6035
:20BE6000FB6823F00053FB607B6800225A667B681B68FA681A607B682022C3F888207B682C
:20BE8000002283F88420002318461437BD465DF8047B704780B584B000AF786039607B689B
:20BEA00093F88430012B01D102232DE07B68012283F884207B682422C3F888207B681B68FC
:20BEC0001B68FB607B681B681A687B681B6822F001021A607B681B689B6823F060417B68A7
:20BEE0001B683A680A439A60786800F04FF87B681B68FA681A607B682022C3F888207B6812
:20BF0000002283F88420002318461037BD4680BD80B584B000AF786039607B6893F884302D
:20BF2000012B01D102232DE07B68012283F884207B682422C3F888207B681B681B68FB60DC
:20BF40007B681B681A687B681B6822F001021A607B681B689B6823F060617B681B683A68BF
:20BF60000A439A60786800F011F87B681B68FA681A607B682022C3F888207B68002283F857
:20BF80008420002318461037BD4680BD80B485B000AF78607B685B6E002B08D17B6801224F
:20BFA000A3F86A207B680122A3F8682031E01023FB731023BB737B681B689B685B0EDBB2C1
:20BFC00003F007037B737B681B689B685B0FDBB203F007033B73BB7B3A7B11498A5C02FB43
:20BFE00003F33A7B0F498A5C93FBF2F39AB27B68A3F86A20FB7B7A7B09498A5C02FB03F3FB
:20C000007A7B08498A5C93FBF2F39AB27B68A3F8682000BF1437BD465DF8047B704700BFD8
:20C0200070EE110878EE110880B485B000AF0346FB800023FB60B7F90630842B05D0B7F996
:20C040000620FB6813440333FB60FB6818461437BD465DF8047B704780B483B000AFEFF3DD
:20C0600005837B607B68002B14BF01230023DBB218460C37BD465DF8047B704780B500AF95
:20C0800000F0D8FF0023184680BDF0B589B004AF786039607B685B69002B20D07B689B6970
:20C0A000002B1CD07B685C687B681D687B681E697B68B3F908301846FFF7B6FF01467B68F6
:20C0C0005B697A6892690292019300913B6832462946204600F0BAFD0346FB601CE07B68EC
:20C0E0005C687B681D687B681B699EB27B68B3F908301846FFF798FF024607F10C030193C8
:20C1000000923B6832462946204600F0FFFD0346012B01D0002300E0FB6818461437BD4659
:20C12000F0BD80B584B000AF78607B68FB60FB68002B01D0FB6800E00123184600F044FFCD
:20C14000002318461037BD4680BD000080B586B002AF786039600023FB600023BB60FFF798
:20C160007BFF0346002B1CD0396807F1080207F10C03009313460122786801F0A9FB03466E
:20C18000012B02D04FF0004319E0FB68002B15D00D4B4FF080521A60BFF34F8FBFF36F8F90
:20C1A0000CE0396807F108030122786801F0CEFA0346012B02D04FF0004300E0BB68184609
:20C1C0001037BD4680BD00BF04ED00E090B589B000AFF860B9607A6000237B610023FB6152
:20C1E0007B68B3F1FF3F03D14FF0FF33FB6109E07B68002B06D07B68FB61FB69002B01D16C
:20C200000123FB61FFF728FF0346002B02D082233B611BE0B96807F110031A1DFB69002018
:20C2200001F034FA0346012B08D0FB69002B02D100233B610AE040233B6107E07B69002B92
:20C2400002DA86233B6101E008233B61FB681C4607F1100393E8070084E80700F868243795
:20C26000BD4690BD80B58AB000AF78600023FB6100F04CFF5C4B1B68002B01D100F024F98A
:20C280005A4B1A687B681340002B40F095807B68002B1ED008227B6813447B607B6803F0C0
:20C2A0000703002B15D07B6823F0070308337B607B6803F00703002B0BD04FF0500383F360
:20C2C0001188BFF36F8FBFF34F8F7B6100BF00BFFDE77B68002B6FD0454B1B687A689A4229
:20C2E0006AD8444B3B62434B1B687B6204E07B6A3B627B6A1B687B627B6A5B687A689A42D1
:20C3000003D97B6A1B68002BF1D1374B1B687A6A9A4251D03B6A1B6808221344FB617B6A1C
:20C320001A683B6A1A607B6A5A687B68D21A08235B009A4220D97A6A7B681344BB61BB692D
:20C3400003F00703002B0BD04FF0500383F31188BFF36F8FBFF34F8F3B6100BF00BFFDE7FB
:20C360007B6A5A687B68D21ABB695A607B6A7A685A60B86900F00AF91D4B1A687B6A5B6842
:20C38000D31A1B4A13601A4B1A681B4B1B689A4203D2174B1B68184A13607B6A5A68134B98
:20C3A0001B681A437B6A5A607B6A00221A60134B1B680133114A136000F0B6FEFB6903F09F
:20C3C0000703002B0BD04FF0500383F31188BFF36F8FBFF34F8FFB6000BF00BFFDE7FB694B
:20C3E00018462837BD4680BD9C670010B0670010A067001094670010A4670010A8670010AA
:20C4000080B586B000AF78607B687B617B68002B4FD008235B427A6913447B617B693B61E0
:20C420003B695A68254B1B681340002B0BD14FF0500383F31188BFF36F8FBFF34F8FFB600D
:20C4400000BF00BFFDE73B691B68002B0BD04FF0500383F31188BFF36F8FBFF34F8FBB6051
:20C4600000BF00BFFDE73B695A68144B1B681340002B1ED03B691B68002B1AD13B695A6803
:20C480000E4B1B68DB431A403B695A6000F03EFE3B695A680A4B1B681344094A13603869C2
:20C4A00000F074F8074B1B680133064A136000F03BFE00BF1837BD4680BD00BFB0670010F7
:20C4C000A0670010AC67001080B485B000AF4FF47053BB60274BFB60FB6803F00703002B91
:20C4E0000CD0FB680733FB60FB6823F00703FB60BA68FB68D31A1F4A1344BB60FB687B6002
:20C500001D4A7B6813601C4B00225A607B68BA681344FB600822FB689B1AFB60FB6823F051
:20C520000703FB60FB68154A1360144B1B6800225A60124B1B6800221A607B683B603B6806
:20C54000FA68D21A3B685A600C4B1A683B681A603B685B680A4A13603B685B68094A1360E1
:20C56000094B4FF000421A6000BF1437BD465DF8047B7047942B0010946700109C670010E7
:20C58000A4670010A0670010B067001080B485B000AF7860284BFB6002E0FB681B68FB6061
:20C5A000FB681B687A689A42F7D8FB68BB60FB685B68BA6813447A689A4208D1FB685A682F
:20C5C0007B685B681A44FB685A60FB687B607B68BB607B685B68BA681A44FB681B689A4216
:20C5E00018D1FB681A68154B1B689A420DD07B685A68FB681B685B681A447B685A60FB6825
:20C600001B681A687B681A6008E00C4B1A687B681A6003E0FB681A687B681A60FA687B6830
:20C620009A4202D0FB687A681A6000BF1437BD465DF8047B704700BF946700109C67001018
:20C6400080B483B000AF78607B6803F108027B685A607B684FF0FF329A607B6803F1080240
:20C660007B68DA607B6803F108027B681A617B6800221A6000BF0C37BD465DF8047B70474F
:20C6800080B483B000AF78607B6800221A6100BF0C37BD465DF8047B704780B485B000AF84
:20C6A000786039607B685B68FB603B68FA685A60FB689A683B689A60FB689B683A685A6085
:20C6C000FB683A689A603B687A681A617B681B685A1C7B681A6000BF1437BD465DF8047B41
:20C6E000704780B485B000AF786039603B681B68BB60BB68B3F1FF3F03D17B681B69FB601E
:20C700000CE07B680833FB6002E0FB685B68FB60FB685B681B68BA689A42F6D2FB685A68BD
:20C720003B685A603B685B683A689A603B68FA689A60FB683A685A603B687A681A617B68F9
:20C740001B685A1C7B681A6000BF1437BD465DF8047B704780B485B000AF78607B681B6994
:20C76000FB607B685B687A6892689A607B689B687A6852685A60FB685B687A689A4203D1EE
:20C780007B689A68FB685A607B6800221A61FB681B685A1EFB681A60FB681B68184614374D
:20C7A000BD465DF8047B704780B485B000AFF860B9607A60FB68043BFB60FB684FF08072F7
:20C7C0001A60FB68043BFB60BB6823F00102FB681A60FB68043BFB600C4AFB681A60FB6839
:20C7E000143BFB607A68FB681A60FB68043BFB60FB686FF002021A60FB68203BFB60FB6817
:20C8000018461437BD465DF8047B704711C8110880B485B000AF00237B60134B1B68B3F154
:20C82000FF3F0BD04FF0500383F31188BFF36F8FBFF34F8FFB6000BF00BFFDE74FF05003AF
:20C8400083F31188BFF36F8FBFF34F8FBB6000BF00BF7B68002BFCD000BF00BF1437BD464A
:20C860005DF8047B704700BFDC03001000000000074B19680868B0E8F04F80F30988BFF3AF
:20C880006F8F4FF0000080F311887047AFF30080BC67001000BF00BF08480068006880F332
:20C8A00008884FF0000080F3148862B661B6BFF34F8FBFF36F8F00DF00BF00BF08ED00E0F9
:20C8C00080B586B000AF474B1B68474A93420BD14FF0500383F31188BFF36F8FBFF34F8F06
:20C8E0003B6100BF00BFFDE73E4B1B683F4A93420BD14FF0500383F31188BFF36F8FBFF3F1
:20C900004F8FFB6000BF00BFFDE7394B7B617B691B78DBB27B607B69FF221A707B691B7837
:20C92000DBB2FB70FB78DBB203F05003DAB2314B1A70314B07221A6009E02F4B1B68013BE6
:20C940002D4A1360FB78DBB25B00DBB2FB70FB78DBB203F08003802BEFD0274B1B68C3F111
:20C960000703042B0BD04FF0500383F31188BFF36F8FBFF34F8FBB6000BF00BFFDE71E4BDC
:20C980001B681B021C4A13601B4B1B6803F4E063194A13607B68DAB27B691A70174B1B6863
:20C9A000164A43F470031360144B1B68134A43F07043136000F0DAF8114B00221A6000F0B8
:20C9C000F9F8104B1B680F4A43F040431360FFF763FF00F001FDFFF71BFF002318461837E0
:20C9E000BD4680BD00ED00E071C20F4170C20F4100E400E0B4670010B867001020ED00E01A
:20CA0000DC03001034EF00E080B483B000AF4FF0500383F31188BFF36F8FBFF34F8F7B6052
:20CA200000BF104B1B6801330E4A13600D4B1B68012B10D10C4B1B68DBB2002B0BD04FF0C6
:20CA4000500383F31188BFF36F8FBFF34F8F3B6000BF00BFFDE700BF0C37BD465DF8047B5E
:20CA6000704700BFDC03001004ED00E080B483B000AF124B1B68002B0BD14FF0500383F37B
:20CA80001188BFF36F8FBFF34F8F7B6000BF00BFFDE70A4B1B68013B084A1360074B1B68D2
:20CAA000002B05D100233B603B6883F3118800BF00BF0C37BD465DF8047B7047DC030010C7
:20CAC000EFF30980BFF36F8F154B1A681EF0100F08BF20ED108A20E9F04F10602DE90900E7
:20CAE0004FF0500080F31188BFF34F8FBFF36F8F00F072FC4FF0000080F3118809BC19686C
:20CB00000868B0E8F04F1EF0100F08BFB0EC108A80F30988BFF36F8F704700BFAFF3008058
:20CB2000BC67001000BF00BF80B582B000AF4FF0500383F31188BFF36F8FBFF34F8F7B6072
:20CB400000BF00F08FFB0346002B03D0064B4FF080521A6000233B603B6883F3118800BF4A
:20CB600000BF0837BD4680BD04ED00E080B400AF0B4B00221A600B4B00221A600A4B1B6807
:20CB80000A4AA2FB03239B09094A013B1360044B07221A6000BFBD465DF8047B704700BFDA
:20CBA00010E000E018E000E004000010D34D621014E000E0DFF80C00016841F47001016000
:20CBC000704700BF88ED00E080B485B000AFEFF30583FB60FB680F2B15D9184AFB68134406
:20CBE0001B78FB72164B1B78FA7A9A420BD24FF0500383F31188BFF36F8FBFF34F8F7B6058
:20CC000000BF00BFFDE70F4B1B6803F4E0620E4B1B689A420BD94FF0500383F31188BFF3AD
:20CC20006F8FBFF34F8F3B6000BF00BFFDE700BF1437BD465DF8047B704700BFF0E300E05F
:20CC4000B46700100CED00E0B867001080B58EB004AFF860B9607A603B607B6B002B0BD1A8
:20CC60004FF0500383F31188BFF36F8FBFF34F8F3B6200BF00BFFDE7BB6B002B0BD14FF068
:20CC8000500383F31188BFF36F8FBFF34F8FFB6100BF00BFFDE7AC233B613B69AC2B0BD073
:20CCA0004FF0500383F31188BFF36F8FBFF34F8FBB6100BF00BFFDE73B69BB6B002B1ED032
:20CCC0007B6B002B1BD0BB6B7B627B6A7A6B1A637B6A022283F8A920002303937B6A02938E
:20CCE00007F1140301933B6B00933B687A68B968F86800F051F8786A00F0F8F801E0002353
:20CD00007B617B6918462837BD4680BD80B58CB004AFF860B9603B601346FB80FB889B0034
:20CD20001846FFF79FFA78617B69002B0ED0AC20FFF798FAF861FB69002B03D0FB697A69EA
:20CD40001A6305E07869FFF75BFB01E00023FB61FB69002B17D0FB69002283F8A920FA8822
:20CD600000230393FB690293FB6A0193BB6A00933B68B968F86800F00FF8F86900F0B6F836
:20CD80000123BB6102E04FF0FF33BB61BB6918462037BD4680BD000080B588B000AFF86057
:20CDA000B9607A603B603B6B186B7B689B001A46A52100F0D9FE3B6B1A6B7B6803F180438C
:20CDC000013B9B001344BB61BB6923F00703BB61BB6903F00703002B0BD04FF0500383F37D
:20CDE0001188BFF36F8FBFF34F8F7B6100BF00BFFDE7BB68002B1FD00023FB6112E0BA684C
:20CE0000FB69134419783A6BFB69134434330A461A70BA68FB6913441B78002B06D0FB6950
:20CE20000133FB61FB690F2BE9D900E000BF3B6B002283F8432003E03B6B002283F8342043
:20CE4000BB6A062B01D90623BB623B6BBA6ADA623B6BBA6ADA643B6B00221A653B6B04332A
:20CE60001846FFF70DFC3B6B18331846FFF708FC3B6B3A6B1A61BB6AC3F107023B6B9A61C3
:20CE80003B6B3A6B5A623B6B00225A653B6B0022C3F8A4203B6B002283F8A8203B6B583381
:20CEA0004C220021184600F05FFE3B6B0C4ADA653B6B0C4A1A663B6B0B4A5A663A68F968C3
:20CEC000B869FFF771FC02463B6B1A60FB6A002B02D0FB6A3A6B1A6000BF2037BD4680BD2A
:20CEE000F068001058690010C069001080B582B000AF7860FFF788FD2C4B1B6801332B4AB4
:20CF000013602B4B1B68002B09D1294A7B681360264B1B68012B10D100F0F4FA0DE0254B9B
:20CF20001B68002B09D1224B1B68DA6A7B68DB6A9A4202D81E4A7B6813601F4B1B68013378
:20CF40001D4A13601C4B1A687B685A647B68DB6A01229A40194B1B681343184A13607B6853
:20CF6000DA6A13469B0013449B00154A1A447B68043319461046FFF790FBFFF777FD0D4BB8
:20CF80001B68002B0ED00A4B1B68DA6A7B68DB6A9A4207D20B4B4FF080521A60BFF34F8F9B
:20CFA000BFF36F8F00BF0837BD4680BDBC680010BC670010C8680010D8680010C468001050
:20CFC000C067001004ED00E080B584B000AF78600023FB607B68002B18D0144B1B68002BD8
:20CFE0000BD04FF0500383F31188BFF36F8FBFF34F8FBB6000BF00BFFDE700F087F8002168
:20D00000786800F04BFD00F08FF8F860FB68002B07D1074B4FF080521A60BFF34F8FBFF3A4
:20D020006F8F00BF1037BD4680BD00BFE468001004ED00E080B58AB004AF0023BB6000233D
:20D040007B603A46391D07F108031846E3F7C6FF39687B68BA680292019300230093002378
:20D060000A4622492248FFF7F1FD0346214A1360204B1B68002B02D001237B6101E0002391
:20D080007B617B69012B1DD14FF0500383F31188BFF36F8FBFF34F8F3B6100BF164B1B6896
:20D0A0005833164A1360164B4FF0FF321A60154B01221A60144B00221A60F0F7BFFDFFF736
:20D0C000FFFB0FE07B69B3F1FF3F0BD14FF0500383F31188BFF36F8FBFF34F8FFB6000BFCA
:20D0E00000BFFDE700BF1837BD4680BDA4E31108D5D41108E0680010BC670010E00300105F
:20D10000DC680010C8680010C068001080B400AF044B1B680133034A136000BFBD465DF883
:20D12000047B7047E468001080B584B000AF0023FB600023BB60424B1B68002B0BD14FF033
:20D14000500383F31188BFF36F8FBFF34F8F3B6000BF00BFFDE7FFF757FC394B1B68013BA4
:20D16000374A1360364B1B68002B61D1354B1B68002B5DD02EE0344BDB68DB68FB60FB682E
:20D1800018331846FFF7E6FAFB6804331846FFF7E1FAFB68DB6A01229A402C4B1B68134352
:20D1A0002A4A1360FB68DA6A13469B0013449B00274A1A44FB68043319461046FFF76DFA80
:20D1C000FB68DA6A234B1B68DB6A9A4202D3224B01221A601C4B1B68002BCCD1FB68002B77
:20D1E00001D000F033FA1D4B1B687B607B68002B10D000F037F80346002B02D0164B0122A4
:20D200001A607B68013B7B607B68002BF1D1134B00221A60104B1B68002B09D00123BB60AF
:20D220000F4B4FF080521A60BFF34F8FBFF36F8FFFF71CFCBB6818461037BD4680BD00BFF4
:20D24000E4680010BC6800107C680010C4680010C0670010BC670010D0680010CC68001018
:20D2600004ED00E080B586B000AF00237B614F4B1B68002B40F08F804D4B1B6801333B6152
:20D280004B4A3B6913603B69002B21D1494B1B681B68002B0BD04FF0500383F31188BFF32E
:20D2A0006F8FBFF34F8F3B6000BF00BFFDE7414B1B68FB60404B1B683E4A13603E4AFB6885
:20D2C00013603E4B1B6801333C4A136000F0BEF93B4B1B683A699A4248D3364B1B681B68D1
:20D2E000002B04D1364B4FF0FF321A603EE0314B1B68DB68DB68BB60BB685B687B603A69A1
:20D300007B689A4203D22E4A7B6813602EE0BB6804331846FFF71EFABB689B6A002B04D0B0
:20D32000BB6818331846FFF715FABB68DB6A01229A40244B1B681343224A1360BB68DA6A29
:20D3400013469B0013449B001F4A1A44BB68043319461046FFF7A1F9BB68DA6A1B4B1B6831
:20D36000DB6A9A42B9D301237B61B6E7174B1B68DA6A154913469B0013449B000B441B6824
:20D38000012B01D901237B61114B1B68002B07D001237B6104E00F4B1B6801330D4A1360E7
:20D3A0007B6918461837BD4680BD00BFE4680010C06800107468001078680010D468001021
:20D3C000DC680010C4680010C0670010BC670010D0680010CC68001080B586B000AF354B2D
:20D3E0001B68002B03D0344B01221A605EE0324B00221A60F0F72CFC0346304A13602F4B7A
:20D400001A682F4B1B689A4209D92E4B1B68596D2A4A10682A4A1268821A0A445A65274B18
:20D420001B68274A1360284B1B68FB60FB68B3FA83F3FB72FB7AC3F11F037B6123497A69CB
:20D4400013469B0013449B000B441B68002B0BD14FF0500383F31188BFF36F8FBFF34F8F2C
:20D460007B6000BF00BFFDE77A6913469B0013449B00164A13443B613B695B685A683B6986
:20D480005A603B695A683B6908339A4204D13B695B685A683B695A603B695B68DB68094A58
:20D4A0001360084B1B685833094A136000BF1837BD4680BDE4680010D0680010EC6800107C
:20D4C000E8680010BC670010C4680010C0670010E003001080B582B000AF786000F052F82B
:20D4E000064B1B68012BF9D9054B4FF080521A60BFF34F8FBFF36F8FF0E700BFC067001072
:20D5000004ED00E080B582B000AF00237B600CE07A6813469B0013449B00124A1344184661
:20D52000FFF78EF87B6801337B607B68062BEFD90D48FFF785F80D48FFF782F80C48FFF7CA
:20D540007FF80C48FFF77CF80B48FFF779F80B4B054A1A600A4B054A1A6000BF0837BD469E
:20D5600080BD00BFC06700104C680010606800107C68001090680010A868001074680010D4
:20D580007868001080B582B000AF19E0FFF73CFA104BDB68DB687B607B6804331846FFF736
:20D5A000D9F80D4B1B68013B0B4A13600B4B1B68013B0A4A1360FFF759FA786800F010F8BE
:20D5C000064B1B68002BE1D100BF00BF0837BD4680BD00BF90680010BC680010A468001086
:20D5E00080B584B000AF78607B685833184600F0C3FA7B6893F8A930002B08D17B681B6B0E
:20D600001846FEF7FDFE7868FEF7FAFE19E07B6893F8A930012B03D17868FEF7F1FE10E0FB
:20D620007B6893F8A930022B0BD04FF0500383F31188BFF36F8FBFF34F8FFB6000BF00BFE1
:20D64000FDE700BF1037BD4680BD000080B483B000AF0C4B1B681B68002B04D10A4B4FF099
:20D66000FF321A6008E0074B1B68DB68DB687B607B685B68044A136000BF0C37BD465DF820
:20D68000047B704774680010DC68001080B586B000AFF860B9607A603B60FFF7B5F9294BFC
:20D6A0001B6893F8A830DBB2022B1CD0254B1B68D3F8A410FA68D2430A40C3F8A420214BC0
:20D6C0001B68012283F8A8203B68002B0BD00121386800F0E3F91C4B4FF080521A60BFF386
:20D6E0004F8FBFF36F8FFFF7C1F9FFF78DF97B68002B05D0134B1B68D3F8A4207B681A60C0
:20D70000104B1B6893F8A830DBB2022B02D000237B610AE00B4B1B68D3F8A410BA68D243C4
:20D720000A40C3F8A42001237B61064B1B68002283F8A820FFF79AF97B6918461837BD46CA
:20D7400080BD00BFBC67001004ED00E080B58AB000AFF860B9603B601346FB7101237B62D9
:20D76000FB68002B0BD14FF0500383F31188BFF36F8FBFF34F8FBB6100BF00BFFDE7FB687D
:20D780003B62FFF741F93B68002B04D03B6AD3F8A4203B681A603B6A93F8A830FB773B6AAA
:20D7A000022283F8A820FB79042B2ED801A252F823F000BF2FD81108C9D71108DBD71108F6
:20D7C000EBD71108F5D711083B6AD3F8A420BB681A433B6AC3F8A4202CE03B6AD3F8A43061
:20D7E0005A1C3B6AC3F8A42024E03B6ABA68C3F8A4201FE0FB7F022B04D03B6ABA68C3F849
:20D80000A42017E000237B6214E03B6AD3F8A430B3F1FF3F0DD04FF0500383F31188BFF303
:20D820006F8FBFF34F8F7B6100BF00BFFDE700BF00E000BFFB7F012B3AD13B6A04331846D3
:20D84000FEF788FF3B6ADB6A01229A401C4B1B6813431B4A13603B6ADA6A13469B00134419
:20D860009B00184A1A443B6A043319461046FEF714FF3B6A9B6A002B0BD04FF0500383F3FC
:20D880001188BFF36F8FBFF34F8F3B6100BF00BFFDE73B6ADA6A0C4B1B68DB6A9A4207D9ED
:20D8A0000A4B4FF080521A60BFF34F8FBFF36F8FFFF7DCF87B6A18462837BD4680BD00BFDD
:20D8C000C4680010C0670010BC67001004ED00E080B58EB000AFF860B9603B601346FB71DE
:20D8E00001237B63FB68002B0BD14FF0500383F31188BFF36F8FBFF34F8F7B6200BF00BF80
:20D90000FDE7FFF761F9FB683B63EFF311824FF0500383F31188BFF36F8FBFF34F8F3A62E0
:20D92000FB613B6AFB623B68002B04D03B6BD3F8A4203B681A603B6B93F8A83087F82B30B2
:20D940003B6B022283F8A820FB79042B2ED801A252F823F0D1D9110869D911087BD9110886
:20D960008BD9110895D911083B6BD3F8A420BB681A433B6BC3F8A4202DE03B6BD3F8A43077
:20D980005A1C3B6BC3F8A42025E03B6BBA68C3F8A42020E097F82B30022B04D03B6BBA68ED
:20D9A000C3F8A42017E000237B6314E03B6BD3F8A430B3F1FF3F0DD04FF0500383F3118857
:20D9C000BFF36F8FBFF34F8FBB6100BF00BFFDE700BF00E000BF97F82B30012B46D13B6B58
:20D9E0009B6A002B0BD04FF0500383F31188BFF36F8FBFF34F8F7B6100BF00BFFDE7214B91
:20DA00001B68002B1CD13B6B04331846FEF7A2FE3B6BDB6A01229A401B4B1B6813431A4A10
:20DA200013603B6BDA6A13469B0013449B00174A1A443B6B043319461046FEF72EFE05E04C
:20DA40003B6B183319461248FEF727FE3B6BDA6A104B1B68DB6A9A4208D93B6C002B02D094
:20DA60003B6C01221A600C4B01221A60FB6A3B613B6983F3118800BF7B6B18463837BD4645
:20DA800080BD00BFE4680010C4680010C06700107C680010BC670010D068001080B584B0E3
:20DAA00000AF78603960294B1B68FB60284B1B6804331846FEF74EFE0346002B0BD1244B69
:20DAC0001B68DB6A012202FA03F3DA43214B1B681340204A13607B68B3F1FF3F0AD13B68EA
:20DAE000002B07D01A4B1B68043319461A48FEF7D4FD26E0FA687B681344BB60144B1B68DF
:20DB0000BA685A60BA68FB689A4209D2134B1A680F4B1B68043319461046FEF7E2FD10E080
:20DB20000F4B1A680A4B1B68043319461046FEF7D8FD0C4B1B68BA689A4202D2094ABB6859
:20DB4000136000BF1037BD4680BD00BFC0680010BC670010C4680010A86800107868001096
:20DB600074680010DC68001002440346934200D1704703F8011BF9E7294B1B68834270B5A1
:20DB800004464BD0C369ABB1DB686BB10025E369DB68595900293BD10435802DF7D1E369A4
:20DBA0002046D96800F06AF8E369196811B1204600F064F8616911B1204600F05FF8E169A8
:20DBC00011B1204600F05AF8216B11B1204600F055F8616B11B1204600F050F8A16B11B1F0
:20DBE000204600F04BF8A16C11B1204600F046F8616C11B1204600F041F8E16A11B1204698
:20DC000000F03CF8236A4BB12046BDE8704018470E68204600F032F83146BBE770BD00BF42
:20DC2000E0030010014B1868704700BFE003001070B50D4D0D4C641BA4100026A64209D1C9
:20DC40000B4D0C4C00F0A6FA641BA4100026A64205D170BD55F8043B98470136EEE755F87C
:20DC6000043B98470136F2E78CEE11088CEE11088CEE110890EE11087047704738B5054680
:20DC8000002941D051F8043C0C1F002BB8BFE41800F03EF81D4A136833B96360146028465F
:20DCA000BDE8384000F03AB8A34208D9206821188B4201BF19685B6809182160EDE71A4637
:20DCC0005B680BB1A342FAD911685018A0420BD120680144501883421160E0D118685B680F
:20DCE000536008441060DAE702D90C232B60D6E7206821188B4204BF19685B68636004BF87
:20DD0000091821605460CAE738BD00BF2C6A00100148FFF7B1BF00BF286A00100148FFF753
:20DD2000ACBF00BF286A001008B52DED028BB0EE408A00F0E5F8B4EE488AF1EE10FA0FD63C
:20DD4000B5EEC08AF1EE10FA0AD8B5EE408AF1EE10FA08D1FFF766FF22239FED080A03603B
:20DD6000BDEC028B08BDFFF75DFFBDEC028B21230360BDE80840024800F004B8000080FF17
:20DD800080EE11089FED010A704700BF0000C07F08B52DED028BB0EE408AF0EE608A00F02C
:20DDA00015F830B9B0EE688AB0EE480ABDEC028B08BDB0EE680A00F009F80028F4D0B4EE63
:20DDC000E88AF1EE10FAEDD5EEE7000010EE103A33F000400DD0A0F50003B3F1FE4F0AD363
:20DDE000074B421E9A4208D9A0F1FF4358425841704702207047042070470320704700BFAA
:20DE0000FEFF7F000000000051EC100BC1F30A532DE9F041A3F2FF36132E0C460546804668
:20DE200034DC002E17DA32A3D3E90023E2F75EFA00220023E2F7A0FE50B1002C55DA24F0A2
:20DE400000442C430025AC422B4C08BF4FF000442146284623E0294F374101EA0703034338
:20DE60001DD023A3D3E90023E2F740FA00220023E2F782FE0028EBD0002CBEBF4FF48013FD
:20DE80003341E41824EA07040025E1E7332E0ADDB6F5806F03D102460B46E2F727FA41EC96
:20DEA000100BBDE8F081A3F213434FF0FF37DF400742F4D00EA3D3E90023E2F717FA002209
:20DEC0000023E2F759FE0028C2D0002C0ADA142E01D1013406E0C6F134060123B3401D448D
:20DEE0004545F6D325EA0705B2E700252C46AFE79C7500883CE4377E0000F0BFFFFF0F00C4
:20DF000008B510EE103A33F000422DED028B08D19FED217ADFED217A87EE270ABDEC028BAD
:20DF200008BD002B1A4602DA30EE407AF2E7B3F1FF4F02DB30EE000AF0E7B3F5000FBFBF01
:20DF4000DFED177A60EE277A6FF0180117EE902A4FEAE253A8BF00217F3B0B44D90F03EB69
:20DF6000D37307EE903AC2F31602C1F17F0342EAC35300EE103AB8EEE78A00F019F8DFED3D
:20DF8000097A20EE270ADFED087AA8EE270ADFED077AA8EE270AC1E7000000CC0000000022
:20DFA0000000004CD95BDE3EDB27543580209A3E10EE103A33F0004206D19FED667ADFED06
:20DFC000667A87EE270A7047002B1A4602DA30EE407AF4E7B3F1FF4F02DB30EE000A70473C
:20DFE000B3F5000FB8BFDFED5D7A5D48BEBF60EE277A6FF0180117EE902A4FEAE253C2F3E5
:20E0000016021044A8BF00217F3B0B4400F4000181F07E51114300EE101A524903EBD053B6
:20E0200002F10F00F7EE007A014030EE670A89BBB5EE400AF1EE10FA0FD1002B00F0878093
:20E0400007EE903A9FED480A9FED487AF8EEE77A27EE800AA7EE870A7047DFED456AF6EEB3
:20E06000007AE0EE667A20EE007A27EE277A13B930EE470A704707EE903ADFED3B6AF8EE32
:20E08000E77AA7EEE67A37EE400A9FED387A97EE870A7047F0EE007A70EE277ADFED355AFE
:20E0A000DFED354A354980EE276A1144C2F5571202F522720A43002A07EE903A26EE065AEE
:20E0C000F8EEE76A25EE057ADFED2D7AE7EE257ADFED2C5AE7EE875ADFED2B7AE7EE247AA4
:20E0E000DFED2A4AE7EE874ADFED297AE4EE877A67EE857AE5EE877A1ADDB6EE007A20EEAD
:20E10000077A27EE007A77EE877A67EE867A13B937EE677AACE79FED146AE6EE867A37EECC
:20E12000677A37EE400ADFED117A96EEA70A704770EE677A67EE867A13B930EE670A7047A6
:20E140009FED097AE6EEC77A37EEC00AEBE79FED020A7047000000CC000000000000004C73
:20E1600020FB4A00F0FF7F00D1F717378071313FABAAAA3E4FD01C3E9788173E305CCFFFD1
:20E18000298E633ECDCCCC3E25333A3E2549923EABAA2A3FF8B500BFF8BC08BC9E46704739
:20E1A000F8B500BFF8BC08BC9E4670474D0000004500000047000000480000004D00000072
:20E1C000490000004A0000004B0000009002001024010010F4010010F80200105C0200100D
:20E1E000C4020010C00100108C0100102802001058010010640000000000000000000000D4
:20E20000000000006400000050000000500000005000000000000000000000006400000046
:20E220000F00000000000000000000006400000053000000000000000000000064000000B4
:20E240000F000000010000000100000001000000FFFFFFFFFFFFFFFFFFFFFFFF09000000AF
:20E260000B0000000700000006000000080000000400000003000000050000000100000071
:20E2800000000000020000000000000004000000030000000400000003000000020000006C
:20E2A000030000000200000001000000020000000100000001000000010000000000000053
:20E2C000020000000100000000000000020000000100000000000000020000000100000035
:20E2E000000000000100000001000000000F01010100000E00FF02370300040005000000B8
:20E300000122020003FF04FF050006000703080009000A0D0B0C0C0008EE110869DC100807
:20E32000FFFF00000000000000020000000000000000000018EE1108E1DD100802000000E6
:20E340000000000000010000000000000000000028EE110819DE1008FEFF00000000000081
:20E3600000010000000000000000000034EE110831DE1008000000000000000080000000BA
:20E38000000000000000000040EE1108CDDE100801000000000000008000000000000000F2
:20E3A0000000000049444C45000000000925630925750925750925750D0A00000925750902
:20E3C00009257525250D0A0009257509093C3125250D0A00000000000102030401020304A2
:20E3E0000607080900000000000000000000000000000000000000000000000000000000FF
:20E400000000000000000000000000000000000000000000010000000100000002000000F8
:20E420000300000004000000050000000500000006000000070000000800000009000000AD
:20E44000090000000A0000000B0000000C0000000D0000000E0000000E0000000F0000005A
:20E46000100000001100000012000000130000001400000015000000150000001600000002
:20E480001700000018000000190000001A0000001B0000001C0000001D0000001E000000A8
:20E4A0001F000000200000002100000022000000230000002400000024000000250000004A
:20E4C000260000002700000028000000290000002A0000002B0000002D0000002E000000EE
:20E4E0002F0000003000000031000000320000003300000034000000350000003600000088
:20E500003700000038000000390000003A0000003B0000003D0000003E0000003F00000024
:20E520004000000041000000420000004300000044000000460000004700000048000000BC
:20E54000490000004A0000004B0000004D0000004E0000004F000000500000005100000052
:20E560005300000054000000550000005600000058000000590000005A0000005B000000E3
:20E580005D0000005E0000005F000000600000006200000063000000640000006500000073
:20E5A0006700000068000000690000006B0000006C0000006D0000006E0000007000000001
:20E5C000710000007200000074000000750000007600000078000000790000007A0000008E
:20E5E0007C0000007D0000007E000000800000008100000082000000840000008500000018
:20E600008600000088000000890000008A0000008C0000008D0000008E0000008F000000A3
:20E62000910000009200000093000000950000009600000097000000980000009A00000030
:20E640009B0000009C0000009D0000009F000000A0000000A1000000A2000000A3000000C1
:20E66000A5000000A6000000A7000000A8000000A9000000AA000000AB000000AC00000056
:20E68000AD000000AE000000AF000000B0000000B1000000B2000000B3000000B4000000F6
:20E6A000B5000000B6000000B7000000B8000000B9000000BA000000BA000000BB00000098
:20E6C000BC000000BD000000BD000000BE000000BF000000BF000000C0000000C100000047
:20E6E000C1000000C2000000C2000000C3000000C4000000C4000000C5000000C500000000
:20E70000C5000000C6000000C6000000C7000000C7000000C7000000C8000000C8000000C3
:20E72000C8000000C9000000C9000000C9000000C9000000CA000000CA000000CA0000008F
:20E74000CA000000CB000000CB000000CB000000CB000000CB000000CB000000CB00000062
:20E76000CC000000CC000000CC000000CC000000CC000000CC000000CC000000CC00000039
:20E78000CC000000CC000000CC000000CC000000CC000000CC000000CC000000CC00000019
:20E7A000CC000000CC000000CC000000CC000000CD000000CD000000CD000000CD000000F5
:20E7C000CD000000CD000000CD000000CD000000CD000000CD000000CD000000CD000000D1
:20E7E000CD0000000000803F0000803F0000803F0000803F0000803F0000803F0000803F13
:20E800000000803F0000803F0000803F0000803F0000803FFFD5803F49F9813FCA20833FFC
:20E82000964C843FC07C853F5EB1863F84EA873F4928893FC26A8A3F06B28B3F2AFE8C3F88
:20E84000494F8E3F79A58F3FD300913F6F61923F67C7933FD632953FD6A3963F821A983F86
:20E86000F796993F51199B3FACA19C3F26309E3FDFC49F3FF45FA13F8601A33FB5A9A43F36
:20E88000A258A63F6E0EA83F3DCBA93F318FAB3F6E5AAD3F192DAF3F5907B13F52E9B23F38
:20E8A0002CD3B43F11C5B63F27BFB83F9AC1BA3F93CCBC3F3EE0BE3FC8FCC03F5E22C33FB0
:20E8C0002F51C53F6A89C73F3ECBC93FDE16CC3F7D6CCE3F4CCCD03F8236D33F53ABD53FB2
:20E8E000F52AD83FA2B5DA3F904BDD3FFBECDF3F1E9AE23F3453E53F7C18E83F34EAEA3FF0
:20E900009AC8ED3FF2B3F03F7DACF33F7EB2F63F39C6F93FF5E7FC3FFD0B004047AB01400C
:20E92000FE5103404700054049B606402A740840103A0A4025080C4090DE0D407BBD0F403F
:20E940000EA5114074951340D98E154066911740489D1940ABB21B40BBD11D40A7FA1F406E
:20E960009A2D2240C36A244051B226407104294053612B4026C92D40193C30405ABA3240D0
:20E980001A44354088D93740D37A3A4029283D40BBE13F40B7A74240497A4540A159484072
:20E9A000EB454B40543F4E40064651402D5A5440F27B57407DAB5A40F5E85D407F346140EF
:20E9C0003F8E644056F66740E56C6B4009F26E40DC85724078287640F3D979405E9A7D408B
:20E9E000E5B4804021A48240E79A844039998640189F884081AC8A4070C18C40DDDD8E405F
:20EA0000C00191400A2D9340AD5F954096999740B1DA9940E3229C4010729E4019C8A0400D
:20EA2000DA24A3402B88A540E1F1A740CC61AA40B8D7AC406F53AF40B3D4B140445BB44056
:20EA4000DDE6B6403577B940FD0BBC40E3A4BE408F41C140A8E1C340CB84C640952AC94055
:20EA60009FD2CB40797CCE40B527D140DDD3D3407980D6400E2DD9401CD9DB402284DE4030
:20EA80009B2DE14001D5E340CA79E6406D1BE9405EB9EB401053EE40F8E7F0408777F34067
:20EAA0003301F6406F84F840B300FB407675FD4034E2FF4035230141CC500241A1790341FF
:20EAC0007B9D04411FBC054157D50641EFE80741B7F6084182FE094126000B417BFB0B4132
:20EAE00060F00C41B4DE0D415DC60E4144A70F41548110417E541141B7201241F8E5124148
:20EB00003CA41341855B1441D70B154139B51541B857164164F316414E8817418D161841D2
:20EB20003A9E1841711F1941529A1941FD0E1A41967D1A4144E61A412F491B4180A61B41C5
:20EB400062FE1B4102511C418F9E1C4136E71C41282B1D41946A1D41AAA51D419BDC1D41B6
:20EB6000980F1E41D03E1E41756A1E41B4921E41BDB71E41BDD91E41E3F81E4159151F416F
:20EB80004A2F1F41E1461F41465C1F419F6F1F4113811F41C5901F41D89E1F416CAB1F41AF
:20EBA000A2B61F4197C01F4167C91F412CD11F4101D81F41FBDD1F4131E31F41B8E71F4115
:20EBC000A1EB1F41FFEE1F41E1F11F4156F41F416CF61F412EF81F41A8F91F41E3FA1F419A
:20EBE000E8FB1F410000803FDB72813FE9E9823F3665843FCDE4853FBC68873F0FF1883FEF
:20EC0000D27D8A3F130F8C3FDEA48D3F413F8F3F4ADE903F0482923F7F2A943FC8D7953F16
:20EC2000EC89973FFB40993F01FD9A3F0EBE9C3F30849E3F764FA03FEF1FA23FA9F5A33F54
:20EC4000B3D0A53F1FB1A73FFA96A93F5582AB3F4073AD3FCA69AF3F0466B13FFF67B33FEC
:20EC6000CB6FB53F797DB73F1A91B93FBFAABB3F7BCABD3F5DF0BF3F791CC23FDF4EC43F22
:20EC8000A487C63FD9C6C83F8F0CCB3FDB58CD3FD0ABCF3F8005D23F0066D43F63CDD63FDD
:20ECA000BC3BD93F21B1DB3FA62DDE3F5FB1E03F603CE33FC0CEE53F9368E83FEF09EB3F86
:20ECC000EBB2ED3F9C63F03F181CF33F75DCF53FCCA4F83F3275FB3FC04DFE3F4697004063
:20ECE000D80B0240A0840340AD0105400A830640C4080840E69209407E210B4099B40C406A
:20ED0000444C0E408DE80F407F8911402A2F13409BD91440DF881640043D184019F61940C6
:20ED20002DB41B404C771D40873F1F40EB0C214089DF22406EB72440AA9426404D772840D7
:20ED4000675F2A40074D2C403D402E4019393040AC373240063C34403846364053563840F6
:20ED6000696C3A408A883C40C7AA3E4034D34040E1014340E03645404572474021B44940A4
:20ED800087FC4B408A4B4E403EA15040B6FD5240056155403FCB5740783C5A40C5B45C404F
:20EDA00039345F40EBBA6140EE48644058DE66403E7B6940B61F6C40D6CB6E40B57F714034
:20EDC000683B744006FF7640A6CA7940609E7C404A7A7F403F2F814089A582400F208440A9
:20EDE000DE9E85400222874088A988407C358A40ECC58B40E35A8D4070F48E40A0929040B9
:20EE00007F359240F3F1DE007570646174696E675F7379735F73740072756E5F636F6D70E7
:20EE2000726573736F7200004765745F5374617473000000736C696465725F636F6D730012
:20EE40006D6964695F70726F63657373696E6700000610160006101601000200040006000E
:20EE600008000A000C00100020004000800000010101010307010000080402040801010158
:20EE800000000000681EFE7F01000000C5021008A10210080090D0030090D00318000000F6
:20EEA000000002580000025800140258001402580014025800140258100020008000000135
:20EEC000000200040004025800040258001802580018025800180258001802580018025836
:20EEE0000001000200040008001000200040000000040258000402580018025800180258F3
:20EF00000008025800200010400080000001000034180040380800403800014034040140A0
:20EF20003404004038180040340800403C0001403804014038040040000402580008025817
:20EF40000004000401000000010000000000803F30753075D007D00700FF7F470000803F6C
:20EF600001000000010000000000000001010000010100000000803E0000803FCDCCCC3D6C
:20EF80006F12833B000001000000010000000000010000BEBE007F7F7F2D321F7F00C80071
:20EFA00000000000000000000000000000000000000000000000000000010000010001004E
:20EFC00000000000010000820032C82D917F506A7F00DC0000000000000000000000000062
:20EFE000000000000000000000000000020102010100000001000100010000B4823264D269
:20F00000B47F001E78AAAA00000000000000000000000000000000000000000000000000D3
:20F020000001010302000101010000000100007F5A0078967FB4581E7F007F000000000037
:20F040000000000000000000000000000000000000000000000002000300010001000000A9
:20F06000010000DC5AFF7F8C737F39417F00820000000000000000000000000000000000E2
:20F0800000000000000000000000010202000100000100000100007F00004C7F7F7F41419E
:20F0A000B3B3B3000000000000000000000000000000000000000000000000000000020332
:20F0C00003000100000000000100004C4C007FBFA6FF5D427F000000000000000000000092
:20F0E00000000000000000000000000000000000030202030200000000000000010000B44F
:20F1000032007F6E967F3C7F7F00CC000000000000000000000000000000000000000000B5
:20F1200000000000000102020000010000000000010000BE500046BE7F3200147F00C800AA
:20F140000000000000000000000000000000000000000000000000000003000003000100A8
:20F160000001010001000064B4007FFF7F78D27F8773B40000000000000000000000000000
:20F1800000000000000000000000000000010103010001000000000001000064B4005AC332
:20F1A000B4FF00287F00B40000000000000000000000000000000000000000000000000041
:20F1C000AA9500000000E0423333733F0700000005040302010000008FC2F53CFFFFFFFF22
:20F1E000FFFFFFFFFFFFFFFFFFFFFFFFFFFFFFFFFFFFFFFFFFFFFFFFFFFFFFFFFFFFFFFF2F
:20F20000FFFFFFFF010101010100000001010101010000000101010101000000FFFFFFFFE7
:20F22000FFFFFFFFFFFFFFFFFFFFFFFF01010000010100000101000000000000FFFFFFFFD8
:20F24000FFFFFFFFFFFFFFFFFFFFFFFF0101000001010000010101000200000001000000B0
:20F26000FFFFFFFF0000803F1000000001000000AAAAAAAAE403001000000000F0680010BB
:20F2800058690010C069001000000000000000000000000000000000000000000000000064
:20F2A00000000000000000000000000000000000000000000000000000000000000000004E
:04F2C000000000004A
:040000050810ED6D85
:00000001FF
