:020000040800F2
:2000000000000824F9650008556500085D650008656500086D650008756500080000000034
:200020000000000000000000000000007D6500088B6500080000000099650008A7650008C4
:200040004966000849660008496600084966000849660008496600084966000849660008E8
:2000600049660008496600084966000849660008B5650008C96500084966000849660008DE
:200080004966000849660008496600084966000849660008496600084966000849660008A8
:2000A000496600084966000849660008496600084966000849660008496600084966000888
:2000C000496600084966000849660008496600084966000849660008496600084966000868
:2000E0004966000849660008000000004966000849660008496600084966000849660008FF
:20010000496600084966000849660008496600084966000849660008496600084966000827
:20012000496600084966000849660008496600084966000849660008496600084966000807
:20014000496600084966000800000000000000004966000849660008496600084966000855
:200160004966000849660008496600084966000849660008496600084966000849660008C7
:2001800049660008496600084966000849660008496600084966000849660008DD65000814
:2001A000496600084966000849660008496600084966000849660008496600084966000887
:2001C000496600084966000849660008496600084966000849660008496600084966000867
:2001E000496600084966000849660008496600084966000849660008496600084966000847
:20020000496600084966000849660008496600084966000849660008496600084966000826
:20022000496600084966000849660008496600084966000849660008496600084966000806
:200240004966000849660008496600084966000849660008496600084966000849660008E6
:200260004966000849660008496600084966000849660008496600084966000849660008C6
:2002800049660008496600084966000800000000496600084966000810B5054C237833B92E
:2002A000044B13B10448AFF300800123237010BD941100240000000050FC000808B5034B11
:2002C0001BB103490348AFF3008008BD000000009811002450FC000881F0004102E000BF60
:2002E00083F0004330B54FEA41044FEA430594EA050F08BF90EA020F1FBF54EA000C55EA19
:20030000020C7FEA645C7FEA655C00F0E2804FEA5454D4EB5555B8BF6D420CDD2C4480EAF7
:20032000020281EA030382EA000083EA010180EA020281EA0303362D88BF30BD11F0004FA7
:200340004FEA01314FF4801C4CEA113102D0404261EB410113F0004F4FEA03334CEA1333BC
:2003600002D0524263EB430394EA050F00F0A780A4F10104D5F1200E0DDB02FA0EFC22FA42
:2003800005F2801841F1000103FA0EF2801843FA05F359410EE0A5F120050EF1200E012A36
:2003A00003FA0EFC28BF4CF0020C43FA05F3C01851EBE37101F0004507D54FF0000EDCF13C
:2003C000000C7EEB00006EEB0101B1F5801F1BD3B1F5001F0CD349085FEA30004FEA3C0C2B
:2003E00004F101044FEA445212F5800F80F09A80BCF1004F08BF5FEA500C50F1000041EB3F
:20040000045141EA050130BD5FEA4C0C404141EB0101013C28BFB1F5801FE9D291F0000F65
:2004200004BF01460020B1FA81F308BF2033A3F10B03B3F120020CDA0C3208DD02F1140CD5
:20044000C2F10C0201FA0CF021FA02F10CE002F11402D8BFC2F1200C01FA02F120FA0CFC5B
:20046000DCBF41EA0C019040E41AA2BF01EB0451294330BD6FEA04041F3C1CDA0C340EDC04
:2004800004F11404C4F1200220FA04F001FA02F340EA030021FA04F345EA030130BDC4F166
:2004A0000C04C4F1200220FA02F001FA04F340EA0300294630BD21FA04F0294630BD94F0DF
:2004C000000F83F4801306BF81F480110134013D4EE77FEA645C18BF7FEA655C29D094EAEF
:2004E000050F08BF90EA020F05D054EA000C04BF1946104630BD91EA030F1EBF0021002067
:2005000030BD5FEA545C05D14000494128BF41F0004130BD14F580043CBF01F5801130BD13
:2005200001F0004545F0FE4141F470014FF0000030BD7FEA645C1ABF194610467FEA655C5E
:200540001CBF0B46024650EA013406BF52EA033591EA030F41F4002130BD00BF90F0000F61
:2005600004BF0021704730B54FF4806404F132044FF000054FF0000150E700BF90F0000FA0
:2005800004BF0021704730B54FF4806404F1320410F0004548BF40424FF000013EE700BF97
:2005A00042004FEAE2014FEA31014FEA02701FBF12F07F4393F07F4F81F06051704732F0D9
:2005C0007F4208BF704793F07F4F04BF41F40021704730B54FF4607401F0004521F0004137
:2005E0001CE700BF50EA010208BF704730B54FF000050AE050EA010208BF704730B511F0CA
:20060000004502D5404261EB41014FF4806404F132045FEA915C3FF4D8AE4FF003025FEAE0
:20062000DC0C18BF03325FEADC0C18BF033202EBDC02C2F1200300FA03FC20FA02F001FAE8
:2006400003FE40EA0E0021FA02F11444BDE600BF80B400AF3D4BD3F888303C4A43F470037B
:20066000C2F88830394B1B69384A43F010031361374B1B6803F00F03062B07D8344B1B68A8
:2006800023F00F03324A43F007031360314B1B68304A43F0010313602E4B00221A612D4B58
:2006A0001A682C492C4B13400B60294B1B6803F00803002B07D0264B1B6823F00F03244A90
:2006C00043F007031360234B00229A61214B0022DA61204B00221A621E4B204A9A621D4BD6
:2006E0001F4ADA621B4B1F4A1A631A4B00225A63184B1C4A9A63174B0022DA63154B194A7B
:200700001A64144B00225A64124B1B68114A23F4802313600F4B00221A66134B5B6A124A39
:2007200043F480435362114B1A68114B1340B3F1005F02D20F4B01221A600F4B43F2D2024C
:200740001A6000BFBD465DF8047B704700ED00E000200052004402587FEDF6EA00020202A3
:200760000000FF0180020101C00000580010005C0000FFFF088100510040005280B584B09E
:2007800000AF786039600023FB603B6801221A603B6810225A603B6801229A603B68002267
:2007A000DA604FF6FF72396878680EF077F8012005F0DEFF3B6802221A603B6810225A6098
:2007C0003B6801229A603B680022DA604FF6FF72396878680EF062F83B6803221A603B68E6
:2007E00010225A603B6808229A603B680022DA604FF6FF72396878680EF050F84FF40C7308
:20080000FB603B6804221A603B6810225A603B6801229A60FA683B68DA604FF6FF72396855
:2008200078680EF03BF84FF4667178680EF06BF800BF1037BD4680BD80B483B000AF0023CD
:200840007B600CE00B4A7B68002142F823100A4A7B68002142F823107B6801337B607B6871
:200860003F2BEFDD00BF00BF0C37BD465DF8047B704700BF000000240001002400000000EB
:20088000D0ED006A90ED016AB7EEE67AB4EEE66AB7EEC60AF1EE10FA9FED076B04D5A0EE8F
:2008A000067BB7EEC70B7047A7EE060BB7EEC00B704700BFAFF300806E3480B74082DA3F27
:2008C00070EE607AE7EE810AB0EE600A704700BFFDEEC07A17EE902AF6EEC07A70EE677AC1
:2008E000531E07EE103AB8EEC77AB5EEC07AF1EE10FA48BF5B189B00034400EB820093ED52
:20090000000A90ED007A37EE407AA7EE270A704760EE006AD0ED014AB0EE005AD0ED037A88
:20092000B0EE083A90ED024A20EE267AD0ED005A74EEE77AF6EE003A37EE076A30EE070AA3
:20094000F7EE002A37EE667AA6EEC50AB0EE465A75EEC45A27EE237AA6EEC35A96EE836A8D
:2009600027EE800A20EE230A75EE227AA7EE840AA5EE870AA6EE240A704700BF816842688C
:200980000368C16080ED000A82604360704700BFF7EE007A002380ED000AC0ED010A87EE33
:2009A000A07AC0ED027A036180ED051AC0ED061A80ED037A704700BFD0ED047A9FED257A71
:2009C000F0EE676A00B5D0EE006A2DED028BB0EE408A83B0E6EE877AF5EEC07AC0ED047A2C
:2009E000F1EE10FA2DDBF1EEE76AD0ED007AF4EEE67AF1EE10FA21D536EEE76AD0ED035AEF
:200A0000E5EE867AB0EE677AC7EE267A90ED020AB4EEE70A77EEC07AF1EE10FACCBF90ED83
:200A2000057A90ED067AA7EE870A80ED020A20EE080A03B0BDEC028B5DF804FBF7EE007ADF
:200A4000E4E7B0EE670A01900EF02AF90198F0EE406ACAE76F12833AB7EE007AF6EE006A8D
:200A600077EE417A67EEA67AF4EEC07AF1EE10FA18DC31EE071A21EE261AB4EEC01AF1EEFE
:200A800010FA02DBB0EE600A704777EE607A30EE410A37EE417A67EE807AC7EE876A36EE0F
:200AA000A00A704780EEA77A27EE000A704700BF00291ADD70B5051F002605EB8101AE46BC
:200AC00030465EF8044F2B464FF0000C53F8042F944208BF0CF1010C8B42F7D1664501DAFB
:200AE000664620468E45ECD170BD0020704700BF80B588B000AF78600B46FB704FF07A53D5
:200B0000FB614FF07E53BB61FB7883F00103DBB2002B05D04FF07653FB614FF07E53BB6146
:200B20004FF480533B6100237B612DE07B6907EE903AF8EEE76A3B69013B07EE903AB8EED8
:200B4000E77AC6EE877AB7EE007A77EE677AC7ED037A97ED067AD7ED077AC7EE276AD7ED96
:200B6000030AB0EE660A0EF0B7F9B0EE407A7B699B007A681344D7ED077A67EE277AC3EDB1
:200B8000007A7B6901337B617A693B699A42CDDB3B69013B18462037BD4680BDB0B495B05E
:200BA00000AF78600B46FB70244B07F108041D460FCD0FC40FCD0FC40FCD0FC42B682360F9
:200BC0004FF07A537B644FF07E53FB64FB7883F00103DBB2002B05D04FF076537B644FF01E
:200BE0007E53FB6428233B640023BB6418E0BB6C0C2B1ADCBB6C9B0050333B44483BD3ED46
:200C0000007A97ED137A67EE277AC7ED0F7ABB6C9B007A681344FA6B1A60BB6C0133BB64C2
:200C2000BA6C3B6C9A42E2DB00E000BFBB6C013B18465437BD46B0BC704700BF74FC000806
:200C400080B588B000AF78600B46FB704FF07A53FB614FF07E53BB61FB7883F00103DBB2D9
:200C6000002B05D04FF07653FB614FF07E53BB616423FB6000237B6129E07B695B4207EE84
:200C8000903AF8EEE77AF2EE086A87EEA67AF0EE470AB0EE000A0EF01FF9B0EE407AD7ED53
:200CA000067A67EE877AC7ED027A97ED027AD7ED077AB4EEE77AF1EE10FA0DD47B699B009D
:200CC0007A681344BA681A607B6901337B617A69FB689A42D1DB00E000BF00233B611AE025
:200CE0003B697F3B07EE903AF8EEE77AF2EE086A87EEA67AF0EE470AB0EE000A0EF0ECF8F0
:200D0000F0EE407A084A3B699B001344C3ED007A3B6901333B613B697F2BE1DD7B69013B89
:200D200018462037BD4680BDD099012480B58AB000AF78600B46FB704FF078537B624FF058
:200D40007E533B62FB7883F00103DBB2002B05D04FF076537B624FF07E533B6214237B6109
:200D60000C233B610023FB610023BB612DE0BB695B4207EE903AF8EEE77AF2EE086A87EE4F
:200D8000A67AF0EE470AB0EE000A0EF0A5F8B0EE407AD7ED087A67EE877AC7ED037A97ED18
:200DA000037AD7ED097AB4EEE77AF1EE10FA11D4FB699B007A681344FA681A60FB690133F2
:200DC000FB61BA693B691344BB61FA697B699A42CDDB00E000BFFB69013B18462837BD46B3
:200DE00080BD00BF80B500AF00210E48FFF780FE03460D4A136000210C48FFF721FF034641
:200E0000094A536000210A48FFF7C8FE0346064A936000210748FFF789FF0346024AD3605B
:200E200000BF80BDCC5901243C5701243C5801249C5701244C570124DFED0D7A20EE270A89
:200E4000FDEEC07A17EE903AF6EEC07A70EE677A5A1C00EB8303C2F3090293ED000A00EB25
:200E6000820090ED007A37EE407AA7EE270A70470000804410B52DED028B96B00446542267
:200E8000124901A8B0EE408AF0EE608A0DF098FEB0EE007AC4EBC404F1EE0C7A87EE280AF0
:200EA00028EE278ABDEEC88A18EE103A062BD4BFE418063416AB03EB840454ED157A20EE0F
:200EC000270A16B0BDEC028B10BD00BFA8FC000880B400AF00BFBD465DF8047B704700BFBE
:200EE000294AD2ED007AF4EE607AF1EE10FA36D1264BF7EE006A264A93ED007AD2ED007A37
:200F00009FED246A70EEE70A37EE067A87FE667AE0EE877A83ED007A88B3F7EE006AB0EE7D
:200F2000677A77EEE65AF0EE667AF7EE006A1A4B21EE001AB0EE005AB0EE086A81FE661A89
:200F400061EE016AA1EE456A66EE866AE6EEA57AA6EEE57AC3ED007A83ED017A7047C2EDF4
:200F6000000A70EEE70A9FED0B7A0949074BC1ED007AE0EE877A83ED007A0028CDD1B7EE17
:200F8000007A77EE675AD0E734110024E4DB01243811002452499D39D8DB012438B5194AA7
:200FA0000146194BD2ED007AD3ED006A174DE7EE806A174C2846F6EEE67A76EEE76AB0EE98
:200FC000660AC3ED006AFFF737FFF0EE407A05F58050B0EE660A60EEA77AFDEEE77A17EE2B
:200FE000903A01EB83031B682360FFF725FF60EE800AFDEEE00A10EE903A01EB83010B683D
:20100000636038BDC8550124E0DB0124D0BB0124D8DB0124114AB7EE007A114B00EB81002C
:20102000D2ED006AB0EE601AD3ED007A0D4AE6EE807AD0ED000A1078F4EEC77AF1EE10FAB5
:2010400004DD77EEC77A80F001001070B6EEE77A37EEC70A83ED000AFFF742BFCC55012466
:20106000E0DB0124E8DB0124B0EEC00A90ED037AD0ED017A9FED2F6AB4EEC07A9FED2E4A09
:20108000DFED2E6A30EE475ADFED2D4A70EE675AF1EE10FA0368F4EEC07A58BFB0EE446AF8
:2010A000F1EE10FAA5EE067A58BFF0EE646AE5EEA67A80ED037AC0ED017ACBB1B0EE026AE6
:2010C000DFED206A67EE867AC7FEA67AB4EEE77AF1EE10FA23DB037DF7EE007A002283F022
:2010E000010380FEE70A0260037580ED020A7047DFED156A90ED026A67EEA67AB4EEE77AC7
:20110000F1EE10FA08D970EE860AF7EE007A80FEE70A80ED020A704701230360F3E7D0EDFB
:20112000027A70EEA70AF7EE007A80FEE70A80ED020A7047F028273D008088390068DA39EE
:2011400000C02E386F12833A6666663F08B5034601EB8201B6EE000A0C4AD3ED007AB7EE62
:20116000001A93ED017A0A4877EE877AD1ED003AD2ED000A27EE800AFFF776FFF0EE630A8C
:20118000007DBDE80840FFF7ABBE00BFF4560124F4DB0124284AF6EEE00A284BD2ED006A88
:2011A00092ED017AB0EE664AD3ED005AF0EE474A93ED016A224B234893ED005AD0ED003ACA
:2011C000214810B4214CD4ED007A97EEA54AD6EE274AF7EE005AB2EE046AF0EE657AE5EEB4
:2011E000046AA4EE857AE3EE867AB0EE666AF0EE476A27EE867A82ED006A66EEA77A87FE3A
:20120000657A27EE207AC7FEE57A67EEA07ABDEEC77AFDEEE77A17EE103A17EE904A01EB5B
:20122000830301EB84015DF8044B1B68C2ED016A03600B6843607047ECDB012430560124AF
:20124000F8560124E0560124D8DB01241C100024124B00EB8100124A93ED000AD2ED007AB0
:20126000104A30EE270AD0ED000A107810B40E4C83ED000A217851B1DFED0C7A002180F060
:201280000100B0EE670A21701070C3ED007AB7EE001A5DF8044BFFF723BE00BF7C2A04243C
:2012A000F456012424DC01241E5701240000000080B582B000AF00237B6055E07B6807EEDF
:2012C000903AB8EEE77B9FED306B27EE066B9FED305B86EE057BF7EEC77BC7ED007A97EDAB
:2012E000000A0DF085FFF0EE407A2B4A7B689B001344C3ED007A97ED000A0EF03DF8F0EEB8
:20130000407A264A7B689B001344C3ED007A97ED000A0DF06DFFF0EE407AB6EE007A67EEA2
:20132000877AB6EE007A77EE877A1D4A7B689B001344C3ED007A97ED000A0EF01DF8F0EE43
:20134000407AB6EE007A67EE877AB6EE007A77EE877A134A7B6803F580639B001344C3ED1E
:20136000007A7B6801337B607B68B3F5806FA5DBFFF738FDFFF7ACFD0A4B4FF07A521A6063
:2013800000BF0837BD4680BD182D4454FB2119400000000000009040D09B0124D0AB0124BD
:2013A000D0BB01245C560124C94BF7EE005AC9491A68C94B2DE97043C84C054601EB820015
:2013C00084B02478D0ED007A04A802FB04F4DFF87483F8EEE77A00EB820C01EB8402D8EDA0
:2013E000006A0DF1100E67EE807A92ED007ABC4AF4EEE56AB8EEC77A92ED006AFDEEE77ACC
:20140000B84AF1EE10FA27EE066A16680FCB0EE90F0017EE902A5CF8103C03EB820393EDAC
:20142000000AB14B35DB83ED000AF0EE400AAF4B1B68012B33D0B0EE661AFFF741FAAC4B02
:20144000B6EE004AF7EE007ADFF8FC9293ED007AD9ED005AB8EEC77ADFEDA64A9FEDA65A91
:20146000A64BE7EE447AB0EE657A97EE807A87FE247A87FE457A37EE257A89ED007A83ED61
:20148000007A042E00F22181DFE806F0B0B6C5DA1D00D3ED000A954B1B68012BCBD1984957
:2014A000984B0968984A03EB810392ED000AD3ED007A964B77EEC07A93ED007AA7EE870A21
:2014C00082ED000ABBE704ABFDEEC67A904D03EB840417EE901A54F8100CFFF7B9FED8ED3B
:2014E000006A99ED007A8B4BB7EE006A95ED000AD3ED007AF4EEC66ADFED874A30EE670A99
:201500009FED865A864AF1EE10FA864880FE240A80FE450A30EE270AD2ED005A83ED000A7D
:20152000C0F2A380F0EE400A80ED000AB0EE661A7D49FFF7C5F9F7EE007AF4EEE75AF1EE3E
:2015400010FAC0F28F80F0EE400A81ED000AB0EE651A9FED713AF7EE004AFFF7B1F993ED7D
:20156000015A20EE076AD5ED017AF4EEE46ADFED6B3A77EEC57A6D4A9FED6D4AF1EE10FA2C
:20158000C7FE837AC7FEE37A37EE850A86FE046A82ED006A83ED010A6ADBF0EE400A80ED93
:2015A000010AB0EE661AFFF78BF9F7EE007AF4EEE75AF1EE10FA52DBF0EE400A81ED010A4F
:2015C000B0EE651A5B4BFFF77BF920EE070ADFED587AF0EE460A93ED001A80FE270AFFF7B4
:2015E0006FF982ED010A04B0BDE870834FF07E53474D2B606B6076E7002C50D1B0EE470A2A
:201600004D48F0EE460A424DFFF7C8FCD8ED006A99ED007A67E704ABFDEEC67AB0EE470A78
:20162000DFED460A03EB8404394D17EE901A54F8100CFFF7EFFCD8ED006A99ED007A52E732
:20164000CCB9B0EE470A2846F0EE460A3A49FFF7A1FD2F4DD8ED006A99ED007A43E7D1EDD0
:20166000010AADE7D1ED000A71E7D0ED000A5DE7D0ED010A95E704ABFDEEC67AB0EE470A93
:20168000284603EB8404224D17EE902A54F8101CFFF75CFDD8ED006A99ED007A23E704AA8A
:2016A000FDEEC67A264BB0EE470A02EB8404184D17EE901AD3ED000A54F8100CFFF7AAFC48
:2016C000D8ED006A99ED007A0DE7114D0BE700BFA45601243C570124FCFC0008385501244F
:2016E000E0560124885601241C11002428570124905601246F1283BA6F12833A4C10002410
:20170000245701243C580124601000242C570124D8DB0124D0DB01240AD723BC0AD7233C8C
:201720008C560124241100242C1100243457012404DC2A3AC4560124CC590124000000006B
:2017400044100024C856012420110024B7EE007AC7EE007A08B9F1EE677AB0EE670A7047E4
:20176000F7EE007A9FED047A30EE200A80FE070A80FE670A704700BF00000000224A234BEA
:2017800011681A78032930B421D02149F7EE006A204C91ED007ADFED207A37EE266A84ED94
:2017A000007A67EE277A1D491D4D86EE867A1D481D4CC5ED007A046081ED007A1AB11B4AFF
:2017C0000021C2E9001100221A7030BC7047002AFBD10F4AF7EE006ADFED0F7A92ED007AF1
:2017E0000C4D37EE266A0D4A67EE277A85ED007A0B4C86EE867A0B490B48C4ED007A08609D
:2018000082ED007ADFE700BFB4560124084D012410100024F44C0124E17A5440144D012493
:20182000FC4C012408100024FFFF1F00DC550124564B574A10B51B781268012B00F08A8052
:20184000032A68D0534A9FED540A1078FFF77EFFDFED527A20EE270A51485249D0ED007A5F
:20186000D1ED006A9FED507A77EEE67A4F4A82ED000AF0EEE77AF4EEC77AF1EE10FA52D5A1
:201880004B4A107880F001004A499FED430AFFF75DFFD1ED007A484AF5EE407A82ED000A1C
:2018A000F1EE10FA04D04549097809B944491160032B36D0434B1B789BBB434B187880F063
:2018C0000100424A9FED340AFFF740FF1068F0EE407A3F4B01283F4A9FED2F0ACCBF0020C0
:2018E0000120C3ED007AFFF731FFD2ED007A3A4BF5EEC07A83ED000AF1EE10FA34D9374BAA
:20190000D3ED007A364BF5EEC07AF1EE10FA0CD901221A7010BD01209FED1F0AFFF716FFC6
:201920009AE70020CDE70020AEE71A78002AF1D02C4A11680029EDD12B490978042919D03F
:20194000032914D01F490978B9B10521116000221A7010BD0F499FED100A0878FFF7F6FEAC
:20196000032A7FF475AF77E7FFF708FFC7E702211160ECE701211160E9E713480478002CCD
:20198000E5D0062401701460E1E700BF58560124B45601241C5701240000FA438FC2F53CA3
:2019A00010100024F44C01240000C8422CDC01245A560124F84C01247010002438DC01242C
:2019C0006F12033B094D012439DC012464560124681000246C100024781000246410002434
:2019E000004D0124044D0124595601247049714B91ED000AD3ED000A6F4A704BDFED703A7A
:201A00009FED705A9FED703ADFED702A9FED702A70B5FFF7A5FE6F4CF0EE407A92ED000A14
:201A2000D4ED000A6C4DC1ED007AFFF799FEF0EE407A6A4993ED000AD1ED000AC2ED007AA7
:201A4000FFF78EFE664AF0EE407A95ED000AD2ED000A644AC3ED007AFFF782FE624BB7EEC7
:201A6000007A12681968614C012A614B85ED000A43FE855AD4ED007A01295E4D5E4903FE19
:201A8000856AD3ED006A77EE867A91ED004AD5ED004A76EEA56A594E34EE234ADFED585ACD
:201AA00074EEA34A366887FEA56A86FE476A84ED006A012E534C84FEC76A84FE474A85ED8F
:201AC000006A81ED004A03FE855A4F49C6FEA56AC6FEC76AC3ED006A91ED006A4B4B36EEE8
:201AE000056AD3ED006AD3ED017A86FE256A86FE476AD4E9005481ED006A002D444D454995
:201B000002FE835A002C76EE856A434C02FE833A77EE837AC6FEA56AC6FEC76AC7FEA57A0F
:201B2000C3ED006AC7FEC77AC3ED017AD5ED000AD4ED007A394BF4EEC27A93ED000AF1EE48
:201B400010FAC8BFF1EE600AFFF70AFE83ED000A0B78012B13D0012A1BD09FED1A7A304BF0
:201B6000F7EE006A9FED266AD3ED007A77EE877AC7FE867AC7FEE67AC3ED007A70BD294BA5
:201B80001B78002BE7D0284B012A1B6803604360E3D1264B9FED0B7AD3ED006ADFED087AFB
:201BA000F5EE406AF1EE10FA07FE877AD7E700BF6C1000247010002430DC012428DC01248E
:201BC00017B7D13817B7D1B86F1283BA6F12833A3333733F78100024641000242CDC012452
:201BE000681000244C5601245056012474100024C45601248C560124C8560124D455012438
:201C00000000000008560124D85501247C100024401000245856012400560124BC56012446
:201C200034DC01245A56012450100024F84C0124B7EE007AA0EE007AB7EEC00AB7EEC77A31
:201C4000B1EEC76B30EE060BB7EEC00B0DF0C6B860EE006A9FED047AF7EE007AE6EE877AA3
:201C600027EE800A704700BF9FAAAA3E000000000029B5EE400A07EE901AF0EE400A80F8C9
:201C80000428F8EEE77A70B5B4BF4E1C0E46F1EE10FA0D464FEA660604462DED068BB7EE00
:201CA000008A066088EE279A2ED1012929DD00F204540025B7EEC99AF6EE008A9FED3C7BA6
:201CC00029EE079B07EE905A0135B8EEE70A30EE280AB7EEC00A20EE090BB7EEC08BB0EE30
:201CE000480A0DF049FBF0EE407AB0EE480AF1EE677AE4EC017A0DF07BFAAE4284ED3F0AA2
:201D0000E0DCBDEC068B70BDDFED2B7AB2EE040A60EEA70A0DF0E0F830EE480A88EE000ABD
:201D2000FFF786FF20EE098AB7EEC88AB0EE480B0CF082FFB0EE40ABB0EE480B0CF050FF5D
:201D4000012DB7EECAABF7EEC08BDADDB7EEC99A04F20454F6EE00AA00259FED157B29EE18
:201D6000079B07EE905A0135B8EEE70A30EE2A0AB7EEC00A20EE090BB7EEC08BB0EE480A52
:201D80000DF036FAF0EE407AB0EE480A6AEE677AE4EC017A0DF0F0FA20EE280AAE4284ED82
:201DA0003F0ADEDCBDEC068B70BD00BFAFF30080182D4454FB210940CDCC4C3D0000000074
:201DC0009FED615BB7EEC06ADFED617AF0EE402AFFEE001A26EE056B70B5B7EEC66B2DED5D
:201DE000028B26EE270AFFF733FF90F80438F7EE007A20EE005A012B036836EE066A41FEF4
:201E0000A71A47FE850A002B40F3988035EE671A021D00F2044630EE002AF0EE674A9D0044
:201E200035EE275A02EB830C31EE011A044631EEA10A3146B1EE008ADFED468AB0EE674AA9
:201E40001346D1ED407A91ED807A66EE277A26EE077AF0EEE77A27EE077AC7FEA87AA7EE5E
:201E6000A77AF1EEC75AB0EE457AC2EE256AF0EE455AE6EEA75AA6EEE77AC4EE257A27EEF8
:201E8000277A67EE815A60EEA77A77EE046AE3EC017A67EE883A20EE273AC3ED7F7AF0EED8
:201EA000667AC3EDBF5A9C4583ED3F3AE1EEA57AA1EC017A83EEA77A64EE874AC1D1C4EEC0
:201EC000246A1346D3ED007A67EEA67AE3EC017A9C4593ED3F7AD3ED7F7A27EE267A67EE45
:201EE000A67A83ED3F7AC3ED7F7AEBD1DFED1A7AF4EE672AF1EE10FA20D14FF07E5342F83D
:201F0000043B6245FBD12A46002104F582700CF025FE2A46002104F501700CF01FFE2A46F0
:201F2000002104F541700CF019FE2A4630460021BDEC028BBDE870400CF010BEBDEC028B31
:201F400070BD00BFAFF30080182D4454FB2109403EC3AE37CCBC8C2B0080BB46000000008B
:201F60000029B5EE400AF0EE400A70B5B4BF4E1C0E46F1EE10FA0D4626F0010304464FEAF4
:201F8000660603602DED068B30D101292BDD07EE901AF6EE008A00F204540025B8EEE77B10
:201FA0009FED3F6B86EE079B07EE905A0135B8EEE70A30EE280AB7EEC00A20EE090BB7EEA3
:201FC000C08BB0EE480A0DF0D7F9F0EE407AB0EE480AF1EE677AE4EC017A0DF009F9AE4277
:201FE00084ED3F0AE0DCBDEC068B70BDDFED2E7AB2EE040A60EEA70A0CF06EFFF7EE007A1B
:2020000030EE670A87EE800AFFF712FE07EE905AF8EEE77A80EE278AB7EEC88AB0EE480BFF
:202020000CF00AFEB0EE40ABB0EE480B0CF0D8FD012DB7EECAABF7EEC08BD4DD07EE905A49
:20204000F6EE00AA04F204540025B8EEE77B9FED146B86EE079B07EE905A0135B8EEE70AAA
:2020600030EE2A0AB7EEC00A20EE090BB7EEC08BB0EE480A0DF0BCF8F0EE407AB0EE480A64
:202080006AEE677AE4EC017A0DF076F920EE280AAE4284ED3F0ADEDCBDEC068B70BD00BF86
:2020A000182D4454FB210940CDCC4C3D000000002DE97047C0FE807AC0FEC00A0468F7EE5E
:2020C000004A031DF1EE002A002C9FED714AF0EE643A9FED703AB8BF0134002564102DED09
:2020E000048B03EB840883B04FEA84096E4641460DF1080ACDED007ACDED010A9FED625B51
:20210000B6EC016A2A462544B7EEC66A26EE056BB7EEC66B26EE040AFFF79AFD954236EE00
:20212000066A60EE008A5EDD38EEE31A944270EE001A38EEA32A31EE011A5FD003F5806C6B
:202140001A46DCED407AF0EE420A9CED807A66EE277A26EE077AF0EEE77A27EE077AC7FECB
:20216000837AA7EEA77AF1EEC76A81EEA67AF0EE426AE7EE270AE7EE676AC3EEA07A66EEB8
:20218000A76A28EEA77A61EE277A76EEA30AA2EC017A27EE220AC2EDBF7A37EE078A70EEB0
:2021A000A77A82ED7F7A914282ED3F8A80EE277AECEC016A64EE874AC3D1C3EEA46AD3ED03
:2021C000007A67EEA67AE3EC017A994293ED3F7AD3ED7F7A27EE267A67EEA67A83ED3F7AA6
:2021E000C3ED7F7AEBD156454346494401D0C84486E703B0BDEC048BBDE87087B7EE000A49
:202200009FED249AF1EE008A00F2045C1A46FCEC017A9CED3F7A67EE867A26EE077AF0EEEC
:20222000E77A27EE077AC7FE897AA7EEA77AF1EEC70AB0EE427AC1EEA06AF0EE420AE6EE68
:20224000A70AA6EEE77AC0EE207A27EE277AE2EC017A67EE810AC2ED7F7A27EEA88A9142EF
:2022600077EEA76A82EDFF7A77EE007AC2EDBF0AF1EE666A77EEE07AC2ED3F6A88EE277ACC
:2022800064EE874AC3D198E7182D4454FB2109403EC3AE37CCBC8C2B80B485B000AF7860B1
:2022A0000023FB6011E07A68FB689B0013444FF000021A607A68FB6840339B0013444FF0D4
:2022C00000021A60FB680133FB60FB683F2BEADD00BF00BF1437BD465DF8047B704700BFE6
:2022E0000368002B24DD043000EB8303F0EC015AB0EE407AF1EC016A90ED3F6A8342E5EE0D
:20230000806AD1ED3F7AE6EE077AB0EE660AD0EDBF6AE6EEC07A41ED017AD0EDFF7AD0ED69
:202320007F6A67EEC07AE6EE877AC1ED3F7ADDD1704700BF002901601BDD031D00EB8100B7
:20234000D2F800C019461832043343F804CC814252F814CCC3F8FCC052F810CCC3F8FCC106
:2023600052F808CCC3F8FCC252F804CCC3F8FCC3E6D17047C64A9FEDC76A92ED007AC64BED
:2023800070EE477AD3ED006AF0EEE77A2DE97047F4EEC67A89B0F1EE10FA00F32B82DFED38
:2023A000BF7AB7EE006ADFEDBE5A76EEA76AC6FEC66A76EEC67A86FEC67A87FE257A36EED8
:2023C000474AC7FEC67AC7FEA57A37EE677AB54A0029C3ED006A1368B34D03F10103DFEDFC
:2023E000B37A85ED004AC3F30D0360EE277A85ED017A136040F3C781DFF8BCE2F0EE005AB7
:20240000AB4E03F58048DEED006A0129D6ED013AB1EE675AFDEEE66A96ED003AA54CD0EDA0
:20242000004A16EE90CAF0EE656A04EB8309ACF10202A3EB0C0C04EB880806EE102ACCF319
:202440000D0CB8EEC66AE3EE866AF0EE653AE3EE063AFDEEE66A16EE90AAFDEEE33AA3EB2F
:202460000A0A13EE902ACAF30D0AA3EB020204EB8A030AF5804AC2F30D02D3ED006A04EB05
:202480008A0A04EB820367EE266A9AED006A02F5804227EE067A93ED006A04EB8202E4EEE1
:2024A000066A92ED006AA4EE067AE7EEE64AC9ED004AE7EEA46A90ED016AA7EEC76AC0ED6E
:2024C000006ACDED006AA7EE867A88ED006A8DED047A80ED017A00F056819EED017A04EB5E
:2024E0008C0996ED034A0CF58048BDEEC77A96ED023AD5ED016A04EB8808D5ED003A022930
:2025000017EE103AB0EE657AD0ED004AA3F10202ACEB030306EE102AC3F30D03B8EEC66AE9
:20252000A4EE067AB0EE654AA3EE064ABDEEC77A17EE10AABDEEC44AACEB0A0A14EE102A10
:20254000CAF30D0AACEB020204EB8A0C0AF5804AC2F30D029CED006A04EB8A0A04EB820C07
:2025600026EE866A9AED007A02F5804266EE876A9CED007A04EB8202A7EE236A92ED007AC7
:20258000E7EE236AE6EE054AC9ED004AA7EEA46A90ED017AA5EE267A80ED006A8DED016A2C
:2025A000E7EE876A88ED007ACDED056AC0ED016A00F0E9809EED027A04EB830996ED054A78
:2025C00003F58048BDEEC77A96ED043AD5ED016A04EB8808D5ED003A032917EE10CAB0EE3D
:2025E000657AD0ED004AACF10202A3EB0C0C06EE102ACCF30D0CB8EEC66AA4EE067AB0EE22
:20260000654AA3EE064ABDEEC77A17EE10AABDEEC44AA3EB0A0A14EE102ACAF30D0AA3EB86
:20262000020204EB8A030AF5804AC2F30D0293ED007A04EB8A0A04EB820326EE877A9AED00
:20264000006A02F5804266EE866A93ED006A04EB8202A6EE237A92ED006AE6EE236AE7EE66
:20266000674AC9ED004AA4EEA77A90ED016AA6EEE76A80ED007A8DED027AE6EE276A88ED72
:20268000006ACDED066AC0ED016A7CD016E000BFDC1000240AD7233C3CDC032417B7D13827
:2026A0000000000068DC032440DC0324FA7E2A3F48DC03243CDC0124CC1000249EED037AFB
:2026C000F0EE656A96ED063AFDEEC74AD6ED072AB0EE657A95ED016AD5ED003A04EB8C05B4
:2026E00014EE903A90ED004A023B04EE903AF8EEE44AA4EE837AE4EEA26ABDEEC77A17EEDC
:20270000102ABDEEE67AACEB020217EE103AC2F30D02ACEB03030CF5804C04EB820602F5EE
:202720008042C3F30D0304EB8C0C04EB8202D6ED004AD2ED005A04EB830203F58043D2ED03
:20274000006A04EB830366EE266A93ED007AE4EEA36A26EE077AA5EEA37AF0EE445AE5EE49
:20276000265AC5ED005AE7EEA56A90ED016AA5EE076AC0ED006ACDED036AA7EE867A8CEDB1
:20278000006A8DED077A08AA3A4C3B4BB7EE005A02EB8102246893ED007ADDED006A012CC0
:2027A00052ED095A08AA9FED356ADFED357A75EEE65ADFED344A02EB810146FE277A77EE79
:2027C000877A11ED056A9DED047AC7FEA47AC7FEC57AE7EEA56AC3ED007A36EE476AC0ED0C
:2027E000006AD3ED007AA6EE277A80ED017A09B0BDE87087F7EE007AF4EEE76AF1EE10FA48
:2028000021DB002916DD204C012984ED007A84ED010A0FD0022984ED027A84ED030A09D055
:20282000032984ED047A84ED050A03D084ED067A84ED070A9FED117A9FED144AF0EE476A27
:2028400082ED000AC3E59FED0D7ADFED0E5A76EE876AC6FEE76A36EEE76A86FEE77A87FEC7
:20286000257A37EEC74A86FE676A86FE256A37EE467AACE5945601246CDC032417B7D13850
:2028800017B7D1B80000000048DC032472F97F3F08B52DED0A8BF0EE628A32EEA2CAB0EE0D
:2028A000409AB0EE620AF0EE60AAF0EE619AF0EE42BAB0EE418A0CF05FFDB0EE40BAB0EEA2
:2028C000680A0CF095FCB0EE40AAB0EE4C0A0CF053FDF0EE408AB0EE4C0A0CF089FC20EE06
:2028E0002B2A28EE887A68EEAB8A20EE088AABEE2A7AEBEE298AAAEE2A8AAAEE292AF7EE5B
:20290000006A39EE070A78EEA68A28EE088A22EE022AA0EE008AA8EEA82A88EE020ABDECF0
:202920000A8BB1EEC00A08BD08B52DED068BD0ED008A90ED019AD0ED029AB0EE680A90ED27
:2029400003AAF0EE490AD0ED04AAB0EE691AF0EE4A1ADFED452AB0EE6A2AFFF799FFB0EE32
:20296000408AB0EE6A2ADFED412AF0EE4A1AB0EE691AF0EE490AB0EE680AFFF789FF38EEDC
:20298000008AB0EE6A2ADFED3A2AF0EE4A1AB0EE691AF0EE490AB0EE680AFFF779FF38EE13
:2029A000008AB0EE6A2ADFED332AF0EE4A1AB0EE691AF0EE490AB0EE680AFFF769FF38EE0A
:2029C000008AB0EE6A2ADFED2C2AF0EE4A1AB0EE691AF0EE490AB0EE680AFFF759FF38EE01
:2029E000008AB0EE6A2ADFED252AF0EE4A1AB0EE691AF0EE490AB0EE680AFFF749FF38EEF8
:202A0000008AB0EE6A2ADFED1E2AF0EE4A1AB0EE691AF0EE490AB0EE680AFFF739FF38EEEE
:202A2000008AB0EE6A2ADFED172AF0EE4A1AB0EE691AF0EE490AB0EE680AFFF729FF30EEED
:202A4000080ADFED117AB4EEE70AF1EE10FA06D4F4EE007ABDEC068B20EE270A08BDBDEC74
:202A6000068B9FED0A0A08BD20C9A93E20C9293FB0AD7E3F20C9A93F683BD43FB0ADFE3F04
:202A8000FC8F144020C9294017B7513A17B7D138DFED537A534A60EEA77A53499FED537A3B
:202AA000FDEEE77A10B52DED048BB0EE409A17EE903AB2EE040A044602EB8302F0EEC90AFA
:202AC00001EB830192ED008AD1ED008A60EE870A0CF002FAB1EEC06ADFED457AB7EE005A0B
:202AE000B5EEC09A68EE276AF1EE10FAF1EEC65A76EE057A36EE457A28EEA74A68EE878AD6
:202B000066EEA56A30DD77EEE85A77EEA87A77EE044A75EEA63A37EE447A75EEE65A37EE76
:202B2000A64A77EEE67AC5EE236AB8EE003A37EE077A64EE834ABDEC048B26EE266A27EE0A
:202B4000267A65EEA65A24EE065A64EE866A84ED037A67EE867AC4ED045A84ED005AC4ED00
:202B6000016AC4ED027A10BD09D4002384ED005ABDEC048BA36063602361E36010BD77EE2E
:202B8000A84A77EEE87A77EE445A74EEA63A37EE047A74EEE64A37EEA64A77EEE67AC5EE75
:202BA000236AB8EE003A75EEA55A27EE037ABDEC048B26EE266A27EE267A64EEA64A65EE8E
:202BC000865A64EE066A84ED037A67EE867AC4ED044AC4ED015AC4ED006AC4ED027A10BDF0
:202BE0003EC3AE3CD09B0124D0AB0124CDCCCCBCF30BB53FD0ED007AF0EE406A91ED006A00
:202C0000D0ED015AA7EE806A91ED017AD0ED047AA5EE807A90ED035AD0ED025A67EEC67AD4
:202C2000B0EE460AA5EE467AE5EEA67A81ED007AC1ED017A704700BF80B582B000AF0022A1
:202C40009FED2A0A04212A48FFF712F8DFED297AB0EE670A2648FFF7B3F89FED270A0221B0
:202C60002648FFF77DF9DFED260A9FED260A2348FFF71EFA244A03212448FFF75BFB0022DD
:202C80009FED1D0A04212248FEF7F2FF9FED210A1F48FFF795F800237B601FE000233B60B0
:202CA00016E03B685A007B6813445B021A4A13441846FFF7F1FA3B685A007B6813445B02FC
:202CC000164A13441846FFF7E7FA3B6801333B603B68032BE5DD7B6801337B607B68012B02
:202CE000DCDD00BF00BF0837BD4680BD0000000094EC03240080BB46CDCC4C3E9CF403241C
:202D000000002A430000FA4584100024A4FC0324AC0404240000164594DC0324B40C0424D6
:202D20002E4BB7EE007AD0ED007A93ED006A0023D0ED036A77EE867AD0ED025AC360F4EE0A
:202D4000C77AC0ED007AF1EE10FA22DB244B77EEC77A90ED046AB6EE005A93ED004AC0EDB0
:202D6000007A70EE464A67EE847A37EE677A67EEA77AA4EE876A27EE477A76EE655A80ED33
:202D8000026A25EE855AA5EE076AE7EE856AF0EE465A144AF6EE004AB7EE005A124BD2EDE8
:202DA000007ABFEE007A93ED006A76EE856A0F4B67EEA47A80ED040A36EE066A93ED005A7F
:202DC00037EE407AC0ED035A67EEA67AF8FE677AA7EE867AA7EE050A704700BF0056012494
:202DE00004560124F8550124FC550124BC560124774A0321774B92ED000AD3ED007A9FED3F
:202E0000766A30EE270ADFED756A9FED757A9FED751A90ED002AD0ED011ADFED730A2DE964
:202E2000704F2DED028BB7EE008A704D0446F0EE008AD5ED007A80FE480AB4EEC60ADFF839
:202E4000DC8104F1080A6A4EF1EE10FADFF8D0B158BFB0EE667A77EE877AC7FE817AC7FE95
:202E6000C87AC5ED007AFFF785FAD0ED007AFFEE003AD5ED006AB6EE005A77EEC27A5D4B9E
:202E800090ED017ABAEE083ADFED5B5AB2EE080AA7EEA62A594937EE617A594ADFED592A24
:202EA0009FED474B9FED486B80ED002AD3ED007A554862EE277A95ED002AE7EE021AC7FEF4
:202EC000A37AB0EE487AC7FEC87A27EEE72AA2EE257A67EE877AC4ED007A91ED007AD3EDE0
:202EE000007AB4EEC57AB0EE485A61EEA77AF1EE10FAA7EE685A92ED007AC7FEA37AC7FEE7
:202F0000C87AE7EE220A67EEE73AB0EE487A58BFB0EE430AB0EEC55AA3EEA57AB7EEC55A65
:202F2000A5EE046B67EE277AC4ED017AB7EEC66B86FE016A26EE000AFFF7AAFD334A344BF1
:202F400015681B6805EB0522D8ED007A03EB03299FED307AED1A06EBC90977EE877A06EBAA
:202F6000C2062D4AAD0202EB8322C7FEC87AC8ED007A594694ED000A23480BF1080BFFF701
:202F800039FE1146F0EE404A4846FFF7A9F9B0EE405AA9183046B0EE640A02F50072FFF73B
:202FA0009FF930EE450AD8ED007AA0EE275AA4EC015AA245DDD1BDEC028BBDE8708F00BFA5
:202FC000000000403333F33F000000A09999C9BF1057012420570124CDCC4C3D6F12833A37
:202FE0006F1283BA0000000000007042BC28042494EC0324341000244CA6AA3E08570124E8
:20300000F05601240000FA4570DC0324785601247456012417B7D13894DC0324C056012408
:2030200084DC0324002305480549064A036043600B6013604B605360704700BF3056012498
:2030400038560124405601245F4AF7EE003AD0ED006AD2ED007A5D4AF0EEE66AF8EEE77ABE
:203060005B4B9FED5C6A93ED003AF4EE637AD2ED007AB7EEC35A5849584BF1EE10FA91ED39
:20308000007AF4EEE76A93ED001A9FED4D4B46FE233AF1EE10FA10B5514C25EE045BD4EDA6
:2030A000002A03DDF0EE667AC2ED006ADFED4D6AF4EEE67AF1EE10FA03DB4FF07E544A4BFD
:2030C0001C604A4B67EE277A9FED494AF7EE000AD3ED006A90ED012AF4EEE76AD2ED011AFC
:2030E00077EEE67A434CB0EEC22A9FED3A0AF1EE10FAF4EEC21A54BFB0EE626AB0EE416AB5
:20310000F1EE10FAE6EE276A36EE844AC3ED006AB7EEC44A85EE046BB7EEC66B86FE006AFC
:2031200086FE606A84ED006A03D5F0EE421A82ED012ADFED2C7AF4EEE71AF1EE10FA03DB9E
:203140004FF07E50284A506067EE217A93ED017A9FED274AF7EE004A9FED1E2AB4EE677AD2
:20316000224877EEC77AF1EE10FA48BFF0EE412AA7EEA27A37EE046A83ED017A1E4BB7EEC9
:20318000C66A85EE067BB7EEC77B87FE027A87FE647A84ED017AFDF773FB30EE044A83ED96
:2031A000000AF0EE647A83EE047A37EE647AE7EE237AC7FE827AC7FEE47AC1ED007A10BD0C
:2031C0001B0DE02D90A0E63F645601243056012420100024000000001C10002414100024EF
:2031E000181000246666663F385601243C55012417B7D138485501244455012480B588B0E5
:2032000000AF0023FB6112E02F4AFB699B0013444FF000021A602C4AFB6903F500139B0084
:2032200013444FF000021A60FB690133FB61FB69B3F5001FE8DB01229FED240A022124482E
:20324000FEF716FD0023BB6130E04FF07A533B614FF08043FB601F4BBB601F4B7B60BA6925
:203260001346DB009B1A9B001C4A1344D7ED011A97ED021AD7ED030A97ED040A1846FDF7D9
:2032800087FBBA691346DB009B1A9B00144A1344D7ED011A97ED021AD7ED030A97ED040A6E
:2032A0001846FDF775FBBB690133BB61BB69012BCBDD0C4B7B6197ED050A0548FEF780FD5B
:2032C00000BF2037BD4680BD000000C100000000B42004240AD7233C6F12833A3C290424D0
:2032E000742904240000F0423A4AF0EE006A9FED3A6ABFEE007AD2ED007AB0EE085A374BF9
:20330000F6EE085A77EE867A04EE101A93ED006AF6EEE74A77EEE47A2DE9704FA7EEA67A9A
:2033200080462DED0C8BF7EE00CA88B0B0EEC77AB4EEEC6A3CEEC77AF1EE10FA67EE074A5E
:20334000A7EE665A64EEA54A40F3A082B1EE089A9FED237AF0EE6C5A2248B5EE006A224992
:20336000D0ED006A91ED002AA4EE856A1F4BC2EE263A9FED1F3AD3ED002ADFED1E4A9FEDF4
:203380001E5A1E4837EE227A1D49C2ED007A87FE037A87FE647A83ED007AA6EE257A80ED10
:2033A000007AF4EEC53AC1ED003AF1EE10FA2FDC9FED147AF4EEC73AF1EE10FA40F34482F7
:2033C00037EE637A9FED106AB6EE083AA7EE063A20E000BFAC290424CDAFE635005701245B
:2033E00017B7D1384C100024FC4C0124802A042400000000295C8F3D0080F847205701248B
:20340000B429042400C293463560AA36CDCC4C3E1FED023AB2EE006AE049F7EE005A9FED2E
:20342000E07AF0EE003ADF4827EE866AD1ED067A66EE878A91ED017AF8EEC46ABFEE005A37
:20344000B6EEC64A77EEE57A36EE446A37EE657A67EEA67AA6EE235A27EE267AFDEEE77A97
:20346000F0EE084ABDEEC77A17EE903A68EE838AF0EEC57A17EE102A8DED017AB0EE647A31
:20348000059375EEE77AFF2AA7EEE37A68EEA78A68EEA78A68EE878AC0ED008A02DC02F534
:2034A00080720192FF2B02DC03F580730593B7EE006A91ED027AD1ED077ADFEDC95A37EEA0
:2034C000467A77EEC67A79EE46AA27EE267A67EEA67ACAFEA5AACAFEC6AABDEEC77AFDEEE0
:2034E000E77A6AEEAAAA17EE102A8DED027A17EE903ACDED067AFF2A2AEEAA0A02DC02F5B7
:2035000080720292FF2B02DC03F580730693B7EE006A91ED037AF0EE009ADFEDB15AD1ED82
:20352000087A37EE467A79EE699A77EEC67A27EE267AC9FEA59AC9FEC69A69EEA99ABDEEEE
:20354000C77A67EEA67AA9EEA90A17EE102A3AEEA9AAFDEEE77A8DED037AFF2A3AEE06AA6D
:2035600017EE903ACDED077A30EE060A02DC02F580720392FF2B02DC03F580730793B0EE8C
:20358000086A9FED977AF7EE007A874BF6EE006A39EE469A93ED008A28EE268A89FE079A9E
:2035A00089FE679A29EE099AA9EE090A3AEE09AAB4EEC70AF1EE10FAC0F29C81F1EEC07A00
:2035C0007A4B0024DFF810A21E68DFF810B2F7EE00DA06EE906A88EE0ADA8DEEA77ADDEDED
:2035E000017AB8EEE7BADDED027A3DEEC88AF8EEE7BADDED037A3BEE68BAB8EEE7CADFED0A
:20360000787A7BEEE8BAB8EEE6AA8BFE27BA3CEE68CACBFEA7BA8CFE27CAA8EE07DABAECEF
:20362000012AA500F8EC017AB8EEC22A604B3DEEE70A03EB04105F4B32EE672AFDF768F950
:20364000B0EE405A03EB840332EE4B0AD3ED007A25EE275AB4EECA0AF1EE10FA80F2EC803D
:20366000B5EEC00AF1EE10FA01D530EE0A0A524B314603EBC4594846FDF72AF9F0EE406AA0
:20368000002C40F0E48032EE6B0AAAEEA65AB4EECA0AF1EE10FA80F2A580B5EEC00AF1EEFB
:2036A00010FA01D530EE0A0A31464846FDF710F9F0EE406A002C40F0A08032EE4C0AA6EEE8
:2036C000A95AB4EECA0AF1EE10FA3DDAB5EEC00AF1EE10FA01D530EE0A0A48463146FDF71A
:2036E000F7F8F0EE406A002C38D1A6EE895A334BC4EBC40003EB80002DEE058AB0EE480AAE
:20370000FDF75AF930EE480ADBED007A2C4BA0EE278A2C4803EB4421B0EE480AFEF7E0FD71
:2037200030EE480A284B2819A0EE2C8A03EB8000B0EE480AFFF7F4FA244B1D4485ED000A93
:20374000002C7CD101246AE730EE4A0A48463146FDF7BEF8F0EE406A002CC6D0DDED077AC4
:203760009FED1F7AF8EEE77A77EEE87AC7FE877A32EE670AB4EECA0AF1EE10FAC0F2B1807D
:2037800030EE4A0A31461248FDF7A2F8114B30EE660AD3ED007AE0EE276AA6E7E81000242C
:2037A00000008043B0290424985501240C100024F42804247C100024000000C13C290424B1
:2037C000B41C0424B4200424C0280424EC550124000080C174100024E455012430DC012407
:2037E0000000000030EE4A0A31464846FDF770F8F0EE406A002C3FF460AF9DED067A5FEDAA
:20380000087AB8EEC70A30EE680A80FE270A32EE400AB4EECA0AF1EE10FA5ADB30EE4A0A00
:2038200031463748FDF754F8364B30EE660AD3ED007AE0EE276A40E730EE4A0A17E708B05B
:20384000BDEC0C8BBDE8708FB6EE083AE2E59DED057ADFED2D7AB8EEC70A30EE680A80FED6
:20386000270A32EE400AB4EECA0AF1EE10FA28DB30EE4A0A31462248FDF72AF8214B30EE58
:20388000660AD3ED007AE0EE276AFCE6B1EE043ADFED1D3AF1EE005A9FED1C7ADFED1C6A90
:2038A00026EE036A76EE655A36EE2C9AC6FE6CCAC5FEA35AF4EEE35AF1EE10FA37FE267AE3
:2038C0004AE5B5EEC00AF1EE10FAD3D530EE0A0AD0E7B5EEC00AF1EE10FAA1D530EE0A0AD4
:2038E0009EE7B5EEC00AF1EE10FA7FF54BAF30EE0A0A47E70BF0D4F9F0EE407A60E600BFBA
:20390000000080C1741000240000000017B7D13817B7D1B880B483B000AF0E4B00221A6085
:203920000D4B00221A6000237B6009E00B4A7B689B0013444FF000021A607B6801337B60D5
:203940007B68012BF2DD00BF00BF0C37BD465DF8047B7047CC290424C8290424C0290424F3
:20396000524BD3ED0D7AF5EE407A2DE9704FF1EE10FA4F4DDFF85C914E4E14BF01230023F2
:203980002B7002F0E9FED9F80030044695F80080C51A3378434564D0DFF83CA1DFF83CB19D
:2039A000DAED007A9BED007AF8EEE77A77EE677AFDEEE77A17EE903A002BB8BF5B42B3F535
:2039C0007A7F3FDC3C4B0021DFF814E1DFF814C11960DEF80030DCF80010581C2029D8BFFC
:2039E000013100F01F00BDEEC77ACEF800003348CCF8001017EE102A40F823200023CBF8E5
:203A00000030FDF755F82E4B07EE100A2D4A0121D3ED007A0223B8EEC77AC9F80040F8EEE7
:203A2000E77A1360284B197040F69801C7FEC77AFDEEE77A8D42CAED007A29D886F8008096
:203A4000BDE8708F1C490B680133022B0B6017DD0023DFF88CE0DFF88CC00B6001210846C6
:203A6000C1E740F698039D42E8D9164A1368022B0BD0154B012286F800801A70BDE8708F9B
:203A8000DFF85CE0DFF85CC0A3E7DFF84CA00E4B00214FF07E50C9F8004011600B4C0C4A2D
:203AA000CAF8001021701060E4E700BFB01100245410002455100024682A0424E0290424C8
:203AC000E828042430570124702A042439DC0124141100246C2A0424C4550124BC290424B4
:203AE000642A0424602A042430B5784C8FB00FCC0DF1040CACE80F000FCCACE80F000FCC91
:203B00002468ACE80F00CCF8004002F025FE704B0446704AD3ED007A92ED007AF4EEC77A48
:203B2000F1EE10FA44DB77EEC77A6B4A0121C3ED007A117069496A4B6A4A08691B691178BC
:203B400003F48063002943D000211170664A002111603BB3654A664866490368B3F57A7F65
:203B600003D80D685D1B2B190360634D0C6063482C78017824B9624C24680CB1032C36D1E8
:203B80000023137061B1002313705E4901235E4A0C685E4D5E49146000222B600B70027080
:203BA0000FB030BD5B4B01221A70FFF7B3FED1E7594BDFED5A6A93ED007A27EE267AF4EEE2
:203BC000C77AF1EE10FAB5DD434B00221A70B1E74205BBD5444B1A68012ABBD050480268B7
:203BE000A21A642A5ED80121404A1960B3E74D4C2478002CC4D1B3F57A7FC1D31378002BA5
:203C0000C0D014700029C0D1474B484CD3ED007A94ED007AF8EEE77AF4EEC77AF1EE10FA28
:203C200033DD434A43491368434801EB8305013303F0010385ED007A13600368012B27DDBC
:203C4000D1ED006AD1ED017A76EEA76A07EE903A3A4B0EAD0122F8EEE77A1B682B48C3F17B
:203C60000C03294986EEA77A026005EB8303284853ED0D7A027067EE277AFDEEE77AC1EDBD
:203C8000007A002323600FB030BDFFF743FEF8E70133002B0360F4DD012BD1ED006AD5D0B6
:203CA0000223CFE71B4D2A782AB1104A29700121046019604FE7224901250C4A096815703F
:203CC000B1FA81F11F4D49092970F0E70CFD0008D4290424F44C0124D1290424000402587E
:203CE00000080258BD55012418110024D029042410110024DC290424A8560124AA56012403
:203D0000B4560124AC560124C055012430570124A9560124D82904244C10002400007F43D8
:203D2000782A04245C100024E8280424B8290424C8290424C0290424CC2904245810002415
:203D40008C5501241E5701244FF48072002101480AF004BF00010024891A0131194470B5EB
:203D60001446054691FBF3F203FB12115E1A00EB8100B44207DC002C17DDA2000021BDE8C7
:203D800070400AF0EBBE002E03DDB20000210AF0E5FEA31B002128468B424FEA8302BDE895
:203DA0007040D8BF04220AF0D9BE70BD2DE97043FFF7CAFF104BDFF854800024D3F80090CB
:203DC0004FF400130D4ED8F800104A4630460C4DFFF7C2FF4FF400134A46D8F8041006F577
:203DE00000002C60FFF7B8FF064A074B6C6014701C60BDE8708300BF08100024000000C0C9
:203E0000EC4C0124094D0124044D0124DC55012480B586B000AFF860B9607A603B607A681C
:203E2000BB689A4201DB00237B607B68002B03DA7A68BB6813447B60BA687B68D31A7B61B9
:203E40003A6A7B699A420ADC7B689B00FA68D0183B6A9B001A4639680AF0B2FE15E07B688D
:203E60009B00FA68D0187B699B001A4639680AF0A7FE7B699B003A68D1183A6A7B69D31ABF
:203E80009B001A46F8680AF09BFE00BF1837BD4680BD00BF2DE9704F1A4B82B01A4C0D4602
:203EA000D3F800B006462268DFF874A05946174B0092D3F8009002685046154BFFF7A8FFDB
:203EC000DFF860802368494640460093114B2A68FFF79EFF72686368002659460AF500000E
:203EE00000930D4B2660FFF793FF63686A684946009308F50000094BFFF78AFF666002B0C2
:203F0000BDE8708F08100024EC4C01240C1000246C140024ACB000248C620024CCFE002400
:203F2000000000C0000000C12DE9704FFFF70CFF334EDFF804C14FF0000BDFF80081DFF894
:203F40000091DFF800A1DFF800E12E4C2E4DDFED2F7A2A46204671460023B3F5001F0EDAD7
:203F6000342BC2ED007A03F1010343DDB3F5001F00F1040002F10402E1EC017AF0DB0133A5
:203F8000043104300432B3F5800FE6D1204B04F59C444CF804BB0EF5000E9C4504F1200442
:203FA00005F5000546F804BB48F804BBE9EC017AEAEC017ACDD117490123174AC1ED007ABA
:203FC0001649174881F800B01168164C99420370154908BFC2F800B0144A1548127823607A
:203FE0000023042A80F800B00B7001D0114A1360BDE8708FE0EC017A0432E1EC017AACE732
:20400000E45501246C140024000000C000000000E4550124F84C012430570124A956012447
:204020005A560124E4100024084D01245856012439DC0124044D0124DC550124EC4C0124E3
:20404000B455012434290424000000C180B483B000AF274BD3ED007AF5EE407AF1EE10FAA4
:204060003FD0244B1B68002B3BD100237B6035E0214A7B68002142F82310204A7B689B0031
:2040800013444FF081421A6000233B6016E01C497B689A003B6813449B000B444FF0000292
:2040A0001A6018497B689A003B6813449B000B444FF000021A603B6801333B603B68032BC6
:2040C000E5DD114A7B68DB0513441A680F497B689B000B441A607B6801337B607B68012B87
:2040E000C6DD00BF0C37BD465DF8047B704700BFF84C0124D4550124DC550124B455012493
:2041000014290424F4280424000000C03429042408B5FFF719FEFFF799FF044B1B78022B4A
:2041200000D008BD024B00221A6008BD58560124044D012408B5FFF707FEFFF787FF024B72
:2041400000221A6008BD00BF044D01249C4B2DE970432DED028B1B78B0EE408A994D042B62
:204160002B7000F0B980062B40F0DC80964B0122DFF8BC921A70DFF8BC82944CD8F8003016
:204180002168934E994232782ED0924900200860002A47D14BBBFFF7BDFB00228E48D8F811
:2041A00000300270DFED8D7A032B8D49DFF888C28C4823600A7089F800203270CCF800206D
:2041C000C0ED007A00F0B180874A884902EB83031B680B60F5EE407AF1EE10FA40F08880D6
:2041E000BDEC028BBDE87083E2B9DFF84CC2032B7C48DCF80010D0ED007A236024D00022CB
:2042000089F800200029DFD0012900F0BA800229E0D1774A754B92ED007AB8EEC77A83ED24
:20422000007AD7E7032BB6D19FED6C7ADFF808C2F0EE477A6B486A4A23600023DCF80010EE
:20424000337080ED007A137099F8002000296CD0012900F0A280022900F0A880002AB9D009
:204260002B780024634A012B146064D0022BB7D15F4B0024604901221B6889F800400A70E9
:20428000002BA7D007EE103AB7EE006AB8EEC77AC7EE876AF8FE667AF4EEC67AF1EE10FAC0
:2042A00005D4FDEEE76A27EE277A16EE902ADFED536A534BB4EEE67A1A60F1EE10FA13DAFC
:2042C000DFED506AB4EEE67AF1EE10FA0CD4F0EE477A80ED007A7DE70322DFF8549101239E
:2042E0002A7089F8003046E7F0EE667AC0ED006ADFED456A454827EEA67A3C49C0ED007A88
:20430000C1ED007AFDEEC77AB6EEC77A37EE667A3F4A404BC2ED007A83ED007ABDEC028B02
:20432000BDE87083DFF8089125E72F492F4BC9681960002192E7F5EE407A00230129264AD9
:2043400008BFCCF80030F1EE10FA137005D1324B0022DFED327AC3E9002238EE270ADFED58
:20436000277A2F4A2F4BB4EEE70A12681A60F1EE10FA5A600EDB2C4B0122C0ED007A1A704B
:204380002EE72A4A194B92ED007AB8EEC77A83ED007A1FE780ED000A22E7244B93ED007A77
:2043A000124BB8EEC77A83ED007A57E7104B93ED007A0E4BB8EEC77A83ED007A4EE700BF1E
:2043C000595601245856012439DC0124B0560124BC550124044D0124A95601240000000001
:2043E000004D0124F84C0124184D012410100024C4550124D4290424084D012470371A492D
:20440000E410002400007A44E17A5440F44C012408100024FC4C0124DC55012400008043B0
:20442000501000243457012460560124C05501245A560124B45601243057012480B483B01C
:2044400000AF304B304A1A602E4B93ED007AF7EE006AC6EE877A2D4BC3ED007A01237B6026
:2044600023E07B68013B274A9B00134493ED007ADFED276AC7EE267A224A7B689B001344CA
:20448000C3ED007A1F4A7B689B00134493ED007AF7EE006AC6EE877A1C4A7B689B0013447B
:2044A000C3ED007A7B6801337B607B68032BD8DD144B9B68134AD360124B93ED037AF7EEE9
:2044C000006AC6EE877A114BC3ED037A0D4BD3ED037A9FED107A67EE877AFDEEE77A17EEE2
:2044E000902A0D4B1A60074BD3ED037AFDEEE77A17EE902A094B1A6000BF0C37BD465DF86E
:20450000047B7047184D0124E4B21543284D01240000803DE17A5440E0100024E82804245B
:2045200080B582B000AF00237B6012E00E4A7B689B0013444FF000021A600B4A7B6803F55D
:2045400000139B0013444FF000021A607B6801337B607B68B3F5001FE8DBFFF76FFF00BF19
:204560000837BD4680BD00BF000000C0C44BD3ED007AF5EE407A2DE9704FF1EE10FA04464F
:204580002DED0A8B9AB0179100F01B82BD4B08461B7807EE903AF8EEE71ABB4AB7EE008A2A
:2045A000DFEDBABA4FF000091370FDF71FFAB84BDFEDB87A93ED007AB74B77EE677AB74A9F
:2045C000D3ED008A67EE216AB54B67EEA17AD2ED000A93ED007AFDEEE66AB24B20EE879A17
:2045E0009FEDB1CA1B6860EEA80AFDEEE77A1194169378EE688AAD4BCDED0C6A0F93AC4B7E
:20460000CDED157A0E93AB4B0D93AB4B1093AB4B1493AB4B0493119B4FEA091293ED000ACD
:2046200020EE070AA3EC010A1193994B93ED00BA0E9B7BEE4C7AF3EC011A0E93F4EEC81AC8
:204640000F9BFDEEE77AB3EC011AF1EE10FACDED067A0F93179B03EB8903D3ED00AA994B6B
:204660006AEEABAA03EB890393ED00AA4FEA8903CAFEEBAAC8EE2A9A1293934B53F8294016
:20468000924B53F82980924B53F829A00D9B53F8041B0D938F4B019103EB0913059340F167
:2046A0009581049B41F288308B4D93ED002A00FB0910531989F00102884D07935305884A43
:2046C0000B932B68874D0893D5ED00CA864DD2F800B005EB8003854D854E039305EB800340
:2046E00002934FEA092309934FEA49530A9317EE903A323B13932DE0069BA5EB0B05E01A88
:20470000584572DBA0EB0B000A9B184406EB800090ED000A58190B9B06EB800090ED002AF1
:20472000581906EB8000D0ED007AB9F1000F67D177EEC27A049B71EEA91A0798A7EEAC2A03
:2047400083ED002AFCF71AF9F4EEC81AF1EE10FA40F1D480019BB0EE610A059808F1010843
:2047600001330AF10105634A01340193FCF7D0F8089B20EE827A29EE022A5C45A8BF0024B7
:204780009845A8BF4FF00008029BA3EC012A0293099B03EB0A005FFA85FA02EB800080ED54
:2047A000000A03EB0A00039B02EB8000D0ED007A6AEE277AA8EEA77AF0EEE77A81FE271A06
:2047C000A3EC017A03930C9BE51A5D4594DA07EE905A069BF8EEE77AE01AF5EEC07AF1EEC6
:2047E00010FA48BF5D4458458CDA07EE900AF8EEE77AF5EEC07AF1EE10FA48BF584483E71B
:20480000159BE01A584520DB139BA0EB0B00A4EB030CDC4528DBACEB0B0C0CF5001C00F590
:204820000010354B06EB8C0C06EB800093ED006ADCED006A90ED007A76EEC06A37EE427A6B
:20484000A6EE860AA6EE072A72E707EE100A139BB8EEC77AA4EB030CB5EEC07AF1EE10FA0E
:2048600048BF5844DC45D6DA07EE10CAB8EEC77AB5EEC07AF1EE10FA48BFDC44CDE700BFAE
:20488000F84C01245A56012438DC0124E17A5440FC4C01240000484228DC01246C100024F2
:2048A000641000240C4D01240000804340560124B4550124EC4C01240856012410560124CB
:2048C0003429042448550124DC550124E4550124EC28042414290424F42804240C100024B8
:2048E00008100024D85501246C140024ACB00024000000C0384D012434DC0124119B13EDBB
:20490000010A129B71EEC81A059860336AEEA1AA0DEB0302C2ED00AAFCF730F8109B1A682D
:20492000521B052A01D800221A600D9B019A43F8042C129B264A42F803A00E9A42ED011ACC
:20494000244AD450244A42F803800F9B03ED011A169B002B0ADD109A14605A1E149B169235
:20496000C3E90088C3E902881C4B1A60B9F1000F0ED1109B4FF0010904331093149B103394
:204980001493049B04330493154B93ED007A42E6FDEECB7A18A817EE901AFEF7A5FC114BF0
:2049A00093ED007AD3ED017A27EE097A67EE897A83ED007AC3ED017A1AB0BDEC0A8BBDE810
:2049C000708FF7EE001A01230846E6E5012598E7EC280424DC550124E45501240C4D012489
:2049E00064100024EC55012480B500AF40220A490A4809F06FF9402209490A4809F020FA54
:204A0000FBF71AFFFCF754FCFEF7F8FBFEF714F9FFF786FD00BF80BD00010024001200248E
:204A2000000000249812002480B483B000AF7860074B01221A70074B00221A80064B002216
:204A40001A8000BF0C37BD465DF8047B704700BF64140024104D0124124D012480B483B064
:204A600000AF7860074B02221A70074B10221A80064B20221A8000BF0C37BD465DF8047B8B
:204A8000704700BF64140024104D0124124D0124254A264B1178D3ED006AA9B9DFED247A9F
:204AA000F4EEE76AF1EE10FA31DBF5EE006A0121BDEE007A1170F0EE667AC3ED006A80ED74
:204AC000007AC0ED017A7047DFED1A7AF4EEE76AF1EE10FA0CD99FED187A76EEC77A37EE34
:204AE000667AC3ED007A80ED007AC0ED017A7047FDEE006A0021B5EE007A1170F0EE667A14
:204B0000C3ED006A80ED007AC0ED017A7047DFED0A7A76EEA77AB1EE677AC3ED007AC0ED89
:204B2000017A80ED007A7047842A0424882A0424DBF97E3EDBF97EBE6F12833A2DE9704FF9
:204B4000D24D0646B3EE007A2DED048B96B00FCD09AC0FC40FCD0FC40FCD0FC42B68236008
:204B6000FEF760FACA49CB4BD1ED007ACA4A1B7827EE870AC2ED007A002B40F05B81C74BC6
:204B8000C749D3ED006AD1ED007AE6EE877AC54AC548C1ED007AD2ED007A016877EE807A89
:204BA000C24B022993ED007AC2ED007A00F04881BA4AF3EE006AF0EE477A92ED006AE6EE36
:204BC000267AC3ED007AFFF7C1FAFCF731FEB84CFEF78AFF9FEDB79AFEF7C2FE701CB64B97
:204BE000B64E04EB800403EB8005DFEDB58A05F18003A846019387E006EE902A9FEDB17AF9
:204C0000B8EEE68A06EE903A25EE075AF8EEE69A65EE875A28EE458A69EEA59ADFF8B4921A
:204C200003A8A94AD9ED006A99ED017A92ED006A77EE665AA54BDFF8E0B2D3ED004AE5EE61
:204C4000866A93ED015AA5EEC67AA7EEA68AE7EE879AB0EE486A8DED038AF0EE697ACDED29
:204C6000049AA6EEE46AE5EE477A8DED056ACDED067AFEF7E9F9F7EE006A95ED007A9BF848
:204C80000030C6EE877A27EE888A67EEA97A8DED038ACDED047A1BB1CDED048ACDED038AF6
:204CA0009AED000A05A8FCF77FFB894B07A903A81A685B6807920893FFF758FC8548FEF795
:204CC00097F89BF80030002B40F0AB80824B08F108089FED826A0834D3ED007A99ED007A38
:204CE00067EE867AD9ED016A019B27EE877A984567EEA67ABDEEC77AFDEEE77A08ED027A81
:204D000048ED037A00F091803368002B40F08D80734A7449D2ED007A734ADFF800E2D1EDF6
:204D2000004AD2ED005A7149714ADEED000A714BDFF8EC9174EEE04ADFF8E8A1DFF8E8C14A
:204D40006D48C4FE894A6D4D91ED005A92ED006A6B496C4A93ED001AD9ED001A9AED002AF9
:204D600077EEC17ADCED002A35EE615A90ED003A75EEC25AD5ED003A36EE626AD1ED006A78
:204D8000C7FE897A92ED007A85FE095A9FED5E4A76EEC36A37EE637A5C4AC4FEC44A74EECD
:204DA000A04AC7FEC47A85FE445A77EE817AC5FE895A35EE215AC5FEC45A86FE096A75EE06
:204DC000825A86FE446AC6FE896A36EE226AC6FEC46A87FE097A76EE836A87FE447A37EEAB
:204DE000237ACEED004A1178DFF840E1C3ED007A89ED005ACAED005A226854F8043C9EEDE4
:204E0000005ADEED015A8CED006AC0ED006A85ED007A00293FF4F0AEF0EE689AB0EE688AC2
:204E2000FCE62C48FFF734FE50E716B0BDEC048BBDE8708F1A49D1ED007A70EE277AA6E6F5
:204E4000334A1268012A3FF7B3AE274AF7EE007AF2EE096A9FED1A6AD2ED005A16A92D4819
:204E600077EEE57AC7FE867A67EEA67AFDEEE77A17EE902AC0ED007AF0EE477A01EB8201F4
:204E800051ED0D6AE6EE807A9BE600BF40FD00084C1000241D570124501000245C56012496
:204EA000B8290424D429042430570124BC2904240000002417B7D1B800010024044D0124F5
:204EC0000000000000000030D85501241457012434570124EC550124641000240000004FC3
:204EE000D4560124D0560124CC560124E4560124E8560124045701240C570124341000249F
:204F0000EC5601243010002417B7D1385D10002498560124742A0424B856012400570124D6
:204F200008570124FC5601241057012438100024C24BF7EE004AC24A93ED025AC149D3ED90
:204F40000C7AD3ED035AF4EEE47A93ED0B7A93ED056ABDEEC77ABC48F1EE10FAD3ED0A6A6D
:204F60002DE9704F2DED0A8B82ED005AD3ED04BAB64A1C68C2ED00BA93ED068AB44A0C60FF
:204F800082ED008AB349B44A93ED089AC1ED005A82ED009AB149B24A93ED09BA81ED006ADA
:204FA00082ED00BA93ED01AAD3ED078AAD49DFF874E3AD4A80ED00AAC1ED008ACEED006ABD
:204FC00082ED007A40F2A482A84A0120FDEEE77A1070A74AC2ED007AD3ED137AF7EE009ACB
:204FE000D3ED104AFDEEE77A93ED127AA14CF5EE404AA14E17EE903A2070A04C03F00F03A6
:20500000D6F800809E4A23609E4B7468C3F800809D4BB5681C6051689C4B0029DFF808C3EB
:205020001D60D4BF00200120F1EE10FADFF8FCA2B5EE407ADFF8F892D6E9033614BF4FF0F9
:20504000010B4FF0000BCCF80030F1EE10FADFF8E4C2C9F80000CCF80060D2F808C0CAF867
:2050600000C0DFF8D4A28AF800B018BF4FF0010BDFF8C8A208BF4FF0000B8AF800B0002E1D
:2050800040F03F8239EEE67A9FED814AFFEE007ADFED80AAE6EEC49A67EE076AF3EE064ABB
:2050A000E7EE267AE7EEA4AABCF1000F03D0F5EE007A69EEA79AD2F80CE0DFF884C2764A41
:2050C000CCF800E0D2F800C063450BD01360734AC2F800C0724A13600022724B1A600022CB
:2050E000714B1A70714A13689E42714B18BF16600129D4BF002201221A60002D40F0EC8105
:205100001D60002E00F0FA8100229FED94CA1A60684B694A1B681060002B00F0DA81B4EE82
:20512000001AF6EE000AB0EE4A0AFBF795FC634B29EE099A624883ED000A624B83ED005AEF
:20514000614BC3ED005A614B83ED006AFDF7ECFBCBEE807ADFED816AB7EE007A67EE8C7A54
:20516000C7FEA67AC7FEC77A0EB1F2EE08AA584BB0EE000A574EF0EE6A0AC3ED007A564BE6
:20518000DFF8C09183ED009A544B86ED008A83ED00BA534BC9ED008AC3ED00AA09F09CFE4C
:2051A000F7EE007A4F4B50484FF0010C4F4A30EE670AC0ED009A87EEA97A4D48116883ED8D
:2051C000000A4C4BC7EE806A80ED007A4A4880F800C04A48C3ED006AB1FA81F35B0903703C
:2051E000002D00F01D81032D00F01A815368002B434B14BF624600221A7002D00424224B37
:205200001C60404A1368A34207D014603E4A136000223E4B1C603E4B1A603E4A13689845D8
:2052200000F0A880C2F800803B4A136000223B4BC3F800803A4B1A609CE000BFB011002422
:2052400028100024201000242410002498550124A455012494550124AC5501249C550124CC
:20526000B0550124A8550124D0550124AA560124AC560124A85601245055012458100024D3
:20528000645501249C56012480560124B4560124FA7E2A3F000000427056012474560124F2
:2052A00078560124C05601244856012464560124D45501243057012450560124CC56012412
:2052C00070DC0324D0560124E4560124D8560124D4560124DC560124EC560124E8560124EE
:2052E000F4550124F8550124005601247855012404560124FC55012448100024385501243E
:205300005C1000247C56012484560124885601248C56012498560124A0560124A4560124B0
:20532000C8560124A05501246C560124905601244C560124685601241C5701241D57012443
:2053400094560124E0560124B81EC53E9A99193EA4707D3F0AD7233C8988083E0000000019
:205360006666863FCDCC4C3D00002043CDCCCC3D3EC3AE37B8F1000F00D001B3F7EE007AF4
:20538000032C5FED0F6A5FED0F5A77EEE87A1FED106A46FEA56A68EEA68A1FED127A012D78
:2053A00077EEA67AC8EEA76AA6EE867A00F09F80C4BF5FED177A27EE277A89ED007AF7EE13
:2053C000007A5FED1A6A1FED1A9A1FED1A7A88FE268A88FE678A39EE489A28EE077A1FEDCA
:2053E0001E6A5FED1E7A5FED1E6AC7EE098A624B86ED008AE8EE867A67EEA67AC3ED007A06
:20540000D4B1012C00F08C805C4BB0EE480A0120D3ED000AFBF72EFD594B83ED000A15E02C
:20542000584A0023032D13707FF4EBAE564AC2E90033564A1360E4E65549514AD1ED006A2C
:2054400087EEA67A83ED007A82ED007ADFED518AF0EE4A0A9FED506A68EE285A9FED4F7A98
:20546000DFED4F6AA8EE067ADFED4E7A85EE896A4D4A4E4B9FED4E0A82ED007AE6EE267A26
:20548000C3ED007A09F028FDDFED4A7A87EE800A09F030FC484B9FED497AD3ED007A484A62
:2054A00067EEA88A474B37EE677A9FED476AF7EE006AC8EE877A36EEC00ABDEC0A8B82EDEF
:2054C000000AC7FE867AC7FEE67AC3ED007ABDE8708FB0EE4A0A2AE6002E7FF415AE01297A
:2054E0000CDDB7EE00CA3046C9F8006010E6DFED377A27EE277A89ED007A60E7B7EE00CAEE
:2055000006E64FF0000ADFED32AACEF800A0CBE5F5EE407AF1EE10FA14BF012000205BE5BE
:20552000B8F1000F88D0012D1AD015DC55B9134BB6EE000A0120D3ED000AFBF79BFC104B69
:2055400083ED000AB3EE027A224BF0EE007AE8EE877AC3ED007A79E7023D012DE7D9F1E789
:20556000064B28469FED1C0AD3ED000AFBF782FC034B83ED000AE5E7C8550124F44C012445
:20558000CC5501245C100024085601240C4D01244C1000248FC2F53D34EF023BBAED0C36E8
:2055A0006F12033AA97BAE35F8560124F45601240000C843AAAA2ABC0C570124295C8F3F24
:2055C0002C570124F056012400000000CDCC4C3E00000042441000242549923E2DE97841CE
:2055E000092004F075FA002840F0F5804FF06053854C864993F8B00022780870002A00F059
:20560000F380834A1168526819655A6581494FF06053814A0D6849689D65D96511787F489D
:2056200007EE901A00210078F8EE677A7C4E7D4DC3ED187A07EE900A11707B49F8EE677AFA
:2056400032780968C3ED197A01FB02F277497848C3F8B4202A68C3F8C020D1ED007A02681E
:20566000F5EEC07AC3F8C820F1EE10FA40F3C980704BD3ED006A86EEA77A6F4D4FF06050E0
:205680000023294680ED317A9A00013302F16052142B126841F8042BF6D1836E6749684AB2
:2056A0000B60C36F1360674BD0F890601E60D0F86CC0654EC1F804C0D0F880C0C2F804C048
:2056C000D0F894C0C3F804C0D0F870C0C1F808C0D0F884C0C2F808C0D0F898C0C3F808C085
:2056E000D0F874C0C1F80CC0D0F888C0C2F80CC0D0F89CC0C3F80CC0D0F878C0C1F810C05F
:20570000D0F88C101161D0F8A0201A61D0F8BC103160D0F8CC301A0702D54C4B01221A708B
:205720004FF060534A48D3F8CC20C2F380020270D3F8CC20D3F8CC30C2F340024548DB07A1
:20574000027002D5444B02221A60DFF83C81D8F80030994205D0FEF7DDF8404A002133687F
:2057600011603F493F4AC8F800300B6800211170002B42D0AE6BE96BD5ED117A3A4BFDEE3B
:20578000E77A3A4859604FF060511E6017EE902A374D02F07F03D211C3F154032A60302B75
:2057A000A8BF302323EAE373036091F8B130DBB22370FBB9D1F8A4404FF060522D482E4B9F
:2057C000002104600920D2F8A8401C60D2F8AC205A6004F097F90A2004F07AF900210A203D
:2057E000BDE8784104F08EB9244A1168526819655A650BE74FF07E54DEE7214B19680E4629
:20580000BAE79FED207A38E7B856012459560124305601243856012460560124D129042440
:20582000A9560124B4290424C0550124F44C012430570124D4290424B01100245055012420
:2058400064550124785501248C55012439DC0124BD550124BC5501240C4D01241011002408
:2058600064560124481000241457012424570124285701243010002438100024405601246E
:2058800098550124000000009055012480B588B000AF3B1D00221A605A609A60DA6001F0FD
:2058A000A7F801233B7100237B714FF04043BB6019233B730323FB730023FB740023BB742B
:2058C00000237B740123BB7300237B7301233B743B1D184601F0C4F801237B714FF060531B
:2058E000BB600F233B7301237B743B1D184601F0B7F802237B714FF01053BB6012233B7393
:205900000123BB740123FB7400237B743B1D184601F0A6F803237B714FF01053BB600B234D
:205920003B730023BB740023FB7401237B743B1D184601F095F8042001F072F8334B5B69CD
:2059400003F40033002B1BD1BFF34F8F00BFBFF36F8F00BF2D4B0022C3F85022BFF34F8FF1
:2059600000BFBFF36F8F00BF284B5B69274A43F400335361BFF34F8F00BFBFF36F8F00E054
:2059800000BF224B5B6903F48033002B38D11F4B0022C3F88420BFF34F8F00BF1B4BD3F8CE
:2059A0008030FB61FB695B0BC3F30E03BB61FB69DB08C3F309037B61BB695A0143F6E0733E
:2059C00013407A69920711491343C1F860327B695A1E7A61002BEFD1BB695A1EBA61002BF9
:2059E000E5D1BFF34F8F00BF084B5B69074A43F480335361BFF34F8F00BFBFF36F8F00E0BD
:205A000000BF00BF2037BD4680BD00BF00ED00E080B588B000AF00F07FFB4FF6FF73FB614C
:205A200000BF914B1B6803F40043002B04D0FB695A1EFA61002BF4DCFB69002B01DA00F083
:205A400097FB00F003FE00F04FF900F0FDF9864BD3F8E030844A43F00073C2F8E030824BEE
:205A6000D3F8E03003F000733B613B69002004F02FF80021002004F045F84FF6FF73FB61E5
:205A800000BF794B1B6803F40043002B04D1FB695A1EFA61002BF4DCFB69002B01DA00F03A
:205AA00067FB00F05BFA00F0D1FA00F0FFF900F07DFA41F2883000F05BFEFFF7E7FE6B4972
:205AC0006B48FAF75BFEFEF78FFF6A4B6A4A1A606A4B6B4A1A606B4B6B4A1A606B4B4FF0A5
:205AE00000021A606A4B4FF000021A60694B4FF000021A60684B4FF000021A60674B4FF0EC
:205B000000021A60664B4FF000021A60654B4FF000021A60644B4FF000021A60634B4FF0DB
:205B20007E521A600023BB610EE0614ABB699B001344604A1A60604ABB699B0013445D4AA2
:205B40001A60BB690133BB61BB69012BEDDD00237B6109E0594A7B699B0013444FF07E52CD
:205B60001A607B6901337B617B69132BF2DD0A2003F0AEFF00210A2003F0C4FF504B1B68DD
:205B8000BB604F4B5B68FB604E4B1B683B604D4B5B687B604C4B1B78002B2BD04B4B1B68DC
:205BA000002B0DD14A4B1B680133494A1360484B1B68322B02D9474B00221A70FFF7B8F957
:205BC000424B1B68591C444B83FB01231A11CB17D21A13469B001344DB00CA1A3B4B1A600C
:205BE0003E4B1B881846FEF7A9FFFFF7F7FC364B00221A703A4B1B68002B0AD13A4607F1E2
:205C0000080311461846FEF745F9364B01221A70B4E7334B1B68012B02D1FEF785F9ADE7C1
:205C20002F4B1B68022B02D1FEF772FAA6E72C4B1B68052B02D1FEF7B9F89FE7284B1B685A
:205C4000062B9BD1274B1B78002B09D03A4607F1080311461846FEF71DF9224B00221A7042
:205C6000FEF768FA8AE700BF00440258541400242014002420100024CDCC4C3F241000244B
:205C8000CDCCCC3D28100024C3F5283E94550124985501249C550124A0550124A45501247A
:205CA000A8550124AC550124B05501242C10002430560124ACC5273738560124B011002400
:205CC000DC550124E45501246414002468140024545601245D10002467666666124D012457
:205CE000044D0124712A042480B59EB000AF07F12C034C220021184608F030FF07F10C03F7
:205D000020220021184608F029FF022003F00EFF0023BB60494BDB6A484A23F00103D3628B
:205D2000464BDB6A03F00103BB60454B9B69444A43F440439361424B9B6903F44043BB6085
:205D4000BB6800BF3E4B9B6903F40053B3F5005FF8D13C4BD3F8F4303A4A43F00203C2F8CE
:205D6000F430384BD3F8F43003F002037B607B6800233B60324B9B69314A43F4404393616F
:205D80002F4B9B6903F440433B602C4BDB6A2B4A43F00103D362294BDB6A03F001033B6088
:205DA0003B6800BF264B9B6903F40053B3F5005FF8D10223FB620123BB634023FB63022348
:205DC0003B6500237B650423BB653C23FB6502233B6605237B660223BB660C23FB66002352
:205DE0003B6700237B6707F12C03184603F0F8FE0346002B01D000F0BBF93F23FB600323C2
:205E00003B6100237B610823BB614023FB6140233B624FF480637B624023BB6207F10C0357
:205E20000421184604F036FB0346002B01D000F09FF900BF7837BD4680BD00BF0004005824
:205E4000004802580044025880B5B2B000AF3B46C8220021184608F081FE134A4FF00003BC
:205E6000C7E900232023BB608123FB6002233B6102237B610223BB614023FB6100233B6270
:205E800000237B620023BB650123FB653B46184604F076FE0346002B01D000F069F900BF9E
:205EA000C837BD4680BD00BF0001008080B500AF264B274A1A60254B02225A60234B002245
:205EC0009A60224B00225A61204B0022DA611F4B0022DA601D4B0022DA621C4B00221A6324
:205EE0001A4B00225A63022303220021174807F085FB0346002B01D000F03AF9154B164AF5
:205F00001A60144B03225A60124B01229A60114B00225A610F4B0022DA610E4B0022DA60AA
:205F20000C4B0022DA620B4B00221A63094B00225A63022303220021064807F05FFB034631
:205F4000002B01D000F014F900BF80BD0012002404580140981200242458014080B582B087
:205F600000AF114BD3F8D8300F4A43F00103C2F8D8300D4BD3F8D83003F001037B607B6811
:205F8000002200210C2000F0FEFC0C2000F015FD002200210D2000F0F6FC0D2000F00DFD01
:205FA00000BF0837BD4680BD0044025880B588B000AF3B1D00221A605A609A60DA601A618C
:205FC0005A619A611F4B204A1A601E4B00225A601C4B01229A601B4B0822DA60194B102294
:205FE0001A61184B40225A61164B4FF4C0729A61144B0022DA61134B4FF400621A62114B3E
:2060000000225A620F4B4FF400529A6202237B600823BB600823FB6008233B6106237B611F
:206020000623BB610323FB613B1D1946054808F0F9FB0346002B01D000F09AF800BF2037CC
:20604000BD4680BD201400244041005280B487B000AF304BD3F8E0302E4A43F01003C2F8ED
:20606000E0302C4BD3F8E03003F010037B617B69284BD3F8E030274A43F02003C2F8E03019
:20608000244BD3F8E03003F020033B613B69214BD3F8E0301F4A43F00403C2F8E0301D4B44
:2060A000D3F8E03003F00403FB60FB68194BD3F8E030184A43F00103C2F8E030154BD3F880
:2060C000E03003F00103BB60BB68124BD3F8E030104A43F04003C2F8E0300E4BD3F8E03075
:2060E00003F040037B607B680A4BD3F8E030094A43F00803C2F8E030064BD3F8E03003F002
:2061000008033B603B6800BF1C37BD465DF8047B704700BF0044025880B584B000AF3B46A0
:2061200000221A605A609A60DA6000F061FC01233B7000237B7000237B601F233B72872314
:206140007B720023BB720023FB7201233B7301237B730023BB730023FB733B46184600F0DD
:206160007FFC042000F05CFC00BF1037BD4680BD80B400AF72B600BF00BFFDE780B483B01E
:2061800000AF0A4BD3F8F430084A43F00203C2F8F430064BD3F8F43003F002037B607B68AE
:2061A00000BF0C37BD465DF8047B70470044025880B5BAB000AF07F1D40300221A605A603E
:2061C0009A60DA601A615B4B1B68002B40F0AE80584B01221A6007F10803C82200211846B2
:2061E00008F0BCFC4FF080724FF00003C7E9022300233B6507F10803184604F0C1FC034689
:20620000002B01D0FFF7B4FF4B4BD3F8D4304A4A43F48053C2F8D430474BD3F8D43003F4C0
:2062200080537B607B684FF63F03C7F8D4300223C7F8D8300023C7F8DC300323C7F8E030B4
:206240000C23C7F8E43007F1D40319463B4803F08FFA0C23C7F8D4300223C7F8D83000230E
:20626000C7F8DC300323C7F8E0300C23C7F8E43007F1D4031946324803F07AFA8023C7F8EB
:20628000D4300223C7F8D8300023C7F8DC300323C7F8E0300C23C7F8E43007F1D4031946FB
:2062A000284803F065FA48F23713C7F8D4300223C7F8D8300023C7F8DC300323C7F8E03006
:2062C0000C23C7F8E43007F1D40319461E4803F04FFA4FF68373C7F8D4300223C7F8D83002
:2062E0000023C7F8DC300323C7F8E0300C23C7F8E43007F1D4031946144803F039FA4CF2CB
:206300000373C7F8D4300223C7F8D8300023C7F8DC300323C7F8E0300C23C7F8E43007F17B
:20632000D40319460A4803F023FA00E000BFE837BD4680BD8C2A04240044025800140258DD
:2063400000080258000002580018025800100258000C025880B582B000AF7860FFF728FF34
:2063600000BF0837BD4680BD80B58AB000AF78607B681B686D4A934267D16D4B1B68002B59
:2063800016D16C4BD3F8F0306A4A43F48003C2F8F030684BD3F8F03003F480033B613B69D4
:2063A00000220021572000F0EEFA572000F005FB5F4B1B6801335E4A136070237B610223D4
:2063C000BB610023FB6100233B6206237B6207F114031946584803F0CBF9584B584A1A60D8
:2063E000564B57225A60554B40229A60534B0022DA60524B4FF480621A61504B4FF48052E6
:206400005A614E4B4FF480429A614C4B4FF48072DA614A4B00221A62484B00225A624748EE
:2064200000F05EFB0346002B01D0FFF7A1FE7B68424AC3F88420414A7B6893637B683F4A9B
:20644000C3F880203D4A7B6893637B681B683D4A934267D1364B1B68002B16D1354BD3F826
:20646000F030344A43F48003C2F8F030314BD3F8F03003F48003FB60FB6800220021572091
:2064800000F081FA572000F098FA294B1B680133274A136040237B610223BB610023FB618A
:2064A00000233B6206237B6207F114031946264803F05EF9254B264A1A60244B58225A60F3
:2064C000224B00229A60214B0022DA601F4B4FF480621A611D4B4FF480525A611B4B4FF480
:2064E00080429A61194B4FF48072DA61174B00221A62164B00225A62144800F0F1FA03464C
:20650000002B01D0FFF734FE7B68104AC3F884200E4A7B6893637B680C4AC3F880200B4AA1
:206520007B68936300BF2837BD4680BD04580140902A042400440258001002583013002436
:20654000280002402458014000140258A81300244000024080B400AF00BFFDE780B400AFDC
:2065600000BFFDE780B400AF00BFFDE780B400AF00BFFDE780B400AF00BFFDE780B400AF03
:2065800000BFBD465DF8047B704780B400AF00BFBD465DF8047B704780B400AF00BFBD46D9
:2065A0005DF8047B704780B500AF00F0C1F800BF80BD000080B500AF024801F0BBFD00BF31
:2065C00080BD00BF3013002480B500AF024801F0B1FD00BF80BD00BFA813002480B500AF0D
:2065E000034807F0C1FC034807F0BEFC00BF80BD0012002498120024DFF834D0FAF728F8B4
:206600000C480D490D4A002302E0D458C4500433C4188C42F9D30A4A0A4C002301E0136066
:206620000432A242FBD308F0A7FAFFF7F1F97047000008240010002494110024D80A01082E
:2066400094110024D02B0424FEE7000080B582B000AF032000F08CF904F0D2F80246154B55
:206660009B691B0A03F00F031349CB5C03F01F0322FA03F37B600F4B9B6903F00F030E4AAC
:20668000D35C03F01F037A6822FA03F30B4A13600B4A7B6813600F2000F014F80346002BB0
:2066A00001D0012302E0FFF769FD002318460837BD4680BD0044025874FD00080410002458
:2066C0000010002480B582B000AF7860154B1B78002B01D1012321E0134B1A68114B1B78B4
:2066E00019464FF47A73B3FBF1F3B2FBF3F3184600F071F90346002B01D001230EE07B68F4
:206700000F2B0AD8002279684FF0FF3000F03BF9064A7B681360002300E00123184608375E
:20672000BD4680BD40110024001000243C11002480B400AF064B1B781A46064B1B681344AD
:20674000044A136000BFBD465DF8047B704700BF40110024942A042480B400AF034B1B685D
:206760001846BD465DF8047B704700BF942A042480B584B000AF7860FFF7EEFFB8607B68BA
:20678000FB60FB68B3F1FF3F05D00A4B1B781A46FB681344FB6000BFFFF7DEFF0246BB682A
:2067A000D31AFA689A42F7D800BF00BF1037BD4680BD00BF4011002480B400AF034B1B68F2
:2067C0001B0C1846BD465DF8047B70470010005C80B485B000AF78607B6803F00703FB600F
:2067E0000B4BDB68BB60BA684FF6FF031340BB60FB681A02BB681A43064B1343BB60044AFF
:20680000BB68D36000BF1437BD465DF8047B704700ED00E00000FA0580B400AF044BDB6849
:206820001B0A03F007031846BD465DF8047B704700ED00E080B483B000AF0346FB80B7F9F3
:206840000630002B0BDBFB8803F01F020749B7F906305B09012000FA02F241F8232000BF76
:206860000C37BD465DF8047B704700BF00E100E080B483B000AF03463960FB80B7F906306E
:20688000002B0ADB3B68DAB20C49B7F906301201D2B20B4483F800230AE03B68DAB2084990
:2068A000FB8803F00F03043B1201D2B20B441A7600BF0C37BD465DF8047B704700E100E04A
:2068C00000ED00E080B489B000AFF860B9607A60FB6803F00703FB61FB69C3F10703042B77
:2068E00028BF0423BB61FB690433062B02D9FB69033B00E000237B614FF0FF32BB6902FAB6
:2069000003F3DA43BB681A407B699A404FF0FF317B6901FA03F3D9437B680B4013431846E7
:206920002437BD465DF8047B7047000080B582B000AF78607B68013BB3F1807F01D30123C6
:206940000FE00A4A7B68013B53600F214FF0FF30FFF78EFF054B00229A60044B07221A60A3
:20696000002318460837BD4680BD00BF10E000E080B582B000AF78607868FFF729FF00BFDD
:206980000837BD4680BD80B586B000AF0346B9607A60FB81FFF740FF78617A68B9687869B4
:2069A000FFF790FF0246B7F90E3011461846FFF75FFF00BF1837BD4680BD80B582B000AFAF
:2069C0000346FB80B7F906301846FFF733FF00BF0837BD4680BD80B582B000AF786078687B
:2069E000FFF7A4FF034618460837BD4680BD000080B400AFBFF35F8F00BF074B5B6A064A2F
:206A000023F480335362054B00225A6000BFBD465DF8047B704700BF00ED00E090ED00E095
:206A200080B483B000AF78600B4A7B6843F0010353600A4B5B6A094A43F480335362BFF388
:206A40004F8F00BFBFF36F8F00BF00BF0C37BD465DF8047B704700BF90ED00E000ED00E0B1
:206A600080B483B000AF78607B685A781B4B9A601A4B1B69194A23F001031361174A7B68F8
:206A80005B68D3607B681B7B1A077B68DB7A1B061A437B689B7ADB041A437B685B7B9B0424
:206AA0001A437B689B7B5B041A437B68DB7B1B041A437B685B7A1B021A437B681B7A5B000A
:206AC00013437A6812781146044A0B43136100BF0C37BD465DF8047B704700BF90ED00E0E1
:206AE00080B586B000AF7860FFF736FE38617B68002B01D1012316E37B681B68664A9342F9
:206B00004AD07B681B68654A934245D07B681B68634A934240D07B681B68624A93423BD072
:206B20007B681B68604A934236D07B681B685F4A934231D07B681B685D4A93422CD07B68C4
:206B40001B685C4A934227D07B681B685A4A934222D07B681B68594A93421DD07B681B683E
:206B6000574A934218D07B681B68564A934213D07B681B68544A93420ED07B681B68534A3F
:206B8000934209D07B681B68514A934204D07B681B68504A934201D1012300E00023002BA4
:206BA00000F03B817B68022283F835207B68002283F834207B681B68374A93424AD07B68C5
:206BC0001B68364A934245D07B681B68344A934240D07B681B68334A93423BD07B681B68D6
:206BE000314A934236D07B681B68304A934231D07B681B682E4A93422CD07B681B682D4AFD
:206C0000934227D07B681B682B4A934222D07B681B682A4A93421DD07B681B68284A9342BD
:206C200018D07B681B68274A934213D07B681B68254A93420ED07B681B68244A934209D0D3
:206C40007B681B68224A934204D07B681B68214A934208D17B681B681A687B681B6822F0DA
:206C600001021A6007E07B681B681A687B681B6822F001021A602FE0FFF76EFD02463B6977
:206C8000D31A052B28D97B6820225A657B68032283F83520012346E2100002402800024012
:206CA00040000240580002407000024088000240A0000240B800024010040240280402409C
:206CC00040040240580402407004024088040240A0040240B80402407B681B681B6803F04C
:206CE0000103002BC8D17B681B681B687B617A69834B13407B617B689A687B68DB681A43BF
:206D00007B681B691A437B685B691A437B689B691A437B68DB691A437B681B6A13437A6942
:206D200013437B617B685B6A042B07D17B68DA6A7B681B6B13437A6913437B61714B1A6839
:206D4000714B1340B3F1005F28D37B685B68282B03D97B685B682E2B17D97B685B683E2B53
:206D600003D97B685B68422B0FD97B685B68462B03D97B685B68482B07D97B685B684E2B31
:206D800005D97B685B68522B01D8012300E00023002B03D07B6943F480137B617B681B6804
:206DA0007A691A607B681B685B697B617B6923F007037B617B685B6A7A6913437B617B68F3
:206DC0005B6A042B17D17B689B6A7A6913437B617B68DB6A002B0ED0786802F03FFB034654
:206DE000002B08D07B6840225A657B68012283F83520012397E17B681B687A695A61786836
:206E000002F07AFA0346BB607B68DB6D03F01F033F229A40BB689A60CDE07B681B683B4A78
:206E2000934222D07B681B68394A93421DD07B681B68384A934218D07B681B68364A934280
:206E400013D07B681B68354A93420ED07B681B68334A934209D07B681B68324A934204D09B
:206E60007B681B68304A934201D1012300E00023002B00F097807B681B68244A934221D098
:206E80007B681B68224A93421CD07B681B68214A934217D07B681B681F4A934212D07B6869
:206EA0001B681E4A93420DD07B681B681C4A934208D07B681B681B4A934203D07B681B68E3
:206EC000194A93427B68022283F835207B68002283F834207B681B681B687B617A69134BC9
:206EE00013407B617B689B68402B21D07B689B68802B02D14FF480431BE0002319E000BFE1
:206F00003F8010FE0010005C0000FFFF085402581C540258305402584454025858540258E4
:206F20006C54025880540258945402580F00FEFF10237A68D268D2081A437B681B69DB08EB
:206F40001A437B685B69DB081A437B689B69DB081A437B68DB69DB081A437B681B6A1B09D3
:206F600013437A6913437B617B681B687A691A607B681B681A466E4B13446E4AA2FB032392
:206F80001B099A007B68DA65786802F0B5F90346FB607B68DB6D03F01F0301229A40FB684D
:206FA0005A6008E07B6840225A657B68032283F835200123B7E07B681B685F4A934272D072
:206FC0007B681B685D4A93426DD07B681B685C4A934268D07B681B685A4A934263D07B6884
:206FE0001B68594A93425ED07B681B68574A934259D07B681B68564A934254D07B681B68FE
:20700000544A93424FD07B681B68534A93424AD07B681B68514A934245D07B681B68504A01
:20702000934240D07B681B684E4A93423BD07B681B684D4A934236D07B681B684B4A9342E5
:2070400031D07B681B684A4A93422CD07B681B68484A934227D07B681B68474A934222D0E2
:207060007B681B68454A93421DD07B681B68444A934218D07B681B68424A934213D07B681B
:207080001B68414A93420ED07B681B683F4A934209D07B681B683E4A934204D07B681B6895
:2070A0003C4A934201D1012300E00023002B32D0786802F04FFA7B689B68802B02D17B68ED
:2070C00000225A607B685A687B681B6ED2B21A607B685B6E7A68926E5A607B685B68002BAC
:2070E00010D07B685B68082B0CD8786802F0CCFA7B68DB6E00221A607B681B6F7A68526F83
:207100005A6008E07B680022DA667B6800221A677B6800225A677B6800225A657B68012272
:2071200083F83520002318461837BD4680BD00BFF8ABFDA7CDCCCCCC10000240280002407C
:2071400040000240580002407000024088000240A0000240B80002401004024028040240F7
:2071600040040240580402407004024088040240A0040240B8040240085402581C54025803
:207180003054025844540258585402586C540258805402589454025880B586B000AFF8601D
:2071A000B9607A603B600023FB75FB68002B01D1012326E2FB6893F83430012B01D10223AD
:2071C0001FE2FB68012283F83420FB6893F83530DBB2012B40F00A82FB68022283F835203A
:2071E000FB6800225A65FB681B68684A93424AD0FB681B68664A934245D0FB681B68654AAF
:20720000934240D0FB681B68634A93423BD0FB681B68624A934236D0FB681B68604A934244
:2072200031D0FB681B685F4A93422CD0FB681B685D4A934227D0FB681B685C4A934222D041
:20724000FB681B685A4A93421DD0FB681B68594A934218D0FB681B68574A934213D0FB68FA
:207260001B68564A93420ED0FB681B68544A934209D0FB681B68534A934204D0FB681B68F4
:20728000514A934208D1FB681B681A68FB681B6822F001021A6007E0FB681B681A68FB6816
:2072A0001B6822F001021A603B687A68B968F86801F076FEFB681B68344A93424AD0FB689B
:2072C0001B68334A934245D0FB681B68314A934240D0FB681B68304A93423BD0FB681B6858
:2072E0002E4A934236D0FB681B682D4A934231D0FB681B682B4A93422CD0FB681B682A4A82
:20730000934227D0FB681B68284A934222D0FB681B68274A93421DD0FB681B68254A93423F
:2073200018D0FB681B68244A934213D0FB681B68224A93420ED0FB681B68214A934209D055
:20734000FB681B681F4A934204D0FB681B681E4A934201D1012300E00023002B36D0FB6885
:207360001B681B6823F01E02FB681B6842F016021A60FB681B6C002B3ED0FB681B681A689F
:20738000FB681B6842F008021A6035E01000024028000240400002405800024070000240B2
:2073A00088000240A0000240B8000240100402402804024040040240580402407004024089
:2073C00088040240A0040240B8040240FB681B681B6823F00E02FB681B6842F00A021A60D1
:2073E000FB681B6C002B07D0FB681B681A68FB681B6842F004021A60FB681B68834A934219
:2074000072D0FB681B68824A93426DD0FB681B68804A934268D0FB681B687F4A934263D0F2
:20742000FB681B687D4A93425ED0FB681B687C4A934259D0FB681B687A4A934254D0FB68EC
:207440001B68794A93424FD0FB681B68774A93424AD0FB681B68764A934245D0FB681B68E6
:20746000744A934240D0FB681B68734A93423BD0FB681B68714A934236D0FB681B68704ACA
:20748000934231D0FB681B686E4A93422CD0FB681B686D4A934227D0FB681B686B4A9342CE
:2074A00022D0FB681B686A4A93421DD0FB681B68684A934218D0FB681B68674A934213D0DA
:2074C000FB681B68654A93420ED0FB681B68644A934209D0FB681B68624A934204D0FB6884
:2074E0001B68614A934201D1012300E00023002B1AD0FB681B6E1B6803F48033002B07D060
:20750000FB681B6E1A68FB681B6E42F480721A60FB68DB6E002B07D0FB68DB6E1A68FB6830
:20752000DB6E42F480721A60FB681B68374A93424AD0FB681B68364A934245D0FB681B68D4
:20754000344A934240D0FB681B68334A93423BD0FB681B68314A934236D0FB681B68304AE9
:20756000934231D0FB681B682E4A93422CD0FB681B682D4A934227D0FB681B682B4A9342AD
:2075800022D0FB681B682A4A93421DD0FB681B68284A934218D0FB681B68274A934213D0B9
:2075A000FB681B68254A93420ED0FB681B68244A934209D0FB681B68224A934204D0FB6863
:2075C0001B68214A934208D1FB681B681A68FB681B6842F001021A6012E0FB681B681A68B8
:2075E000FB681B6842F001021A6009E0FB684FF400625A65FB68002283F834200123FB755E
:20760000FB7D18461837BD4680BD00BF1000024028000240400002405800024070000240BC
:2076200088000240A0000240B8000240100402402804024040040240580402407004024006
:2076400088040240A0040240B8040240085402581C54025830540258445402585854025822
:207660006C540258805402589454025880B586B000AF7860FFF770F838617B68002B01D1B7
:207680000123DCE27B6893F83530DBB2022B08D07B6880225A657B68002283F83420012367
:2076A000CDE27B681B68764A93424AD07B681B68744A934245D07B681B68734A934240D0F0
:2076C0007B681B68714A93423BD07B681B68704A934236D07B681B686E4A934231D07B68D7
:2076E0001B686D4A93422CD07B681B686B4A934227D07B681B686A4A934222D07B681B6851
:20770000684A93421DD07B681B68674A934218D07B681B68654A934213D07B681B68644A40
:2077200093420ED07B681B68624A934209D07B681B68614A934204D07B681B685F4A934238
:2077400001D1012300E00023002B13D07B681B681A687B681B6822F01E021A607B681B68C2
:207760005A697B681B6822F080025A617B681B687B610AE07B681B681A687B681B6822F005
:207780000E021A607B681B687B617B681B683C4A934272D07B681B683A4A93426DD07B683B
:2077A0001B68394A934268D07B681B68374A934263D07B681B68364A93425ED07B681B6878
:2077C000344A934259D07B681B68334A934254D07B681B68314A93424FD07B681B68304A9C
:2077E00093424AD07B681B682E4A934245D07B681B682D4A934240D07B681B682B4A934260
:207800003BD07B681B682A4A934236D07B681B68284A934231D07B681B68274A93422CD052
:207820007B681B68254A934227D07B681B68244A934222D07B681B68224A93421DD07B6895
:207840001B68214A934218D07B681B681F4A934213D07B681B681E4A93420ED07B681B680F
:207860001C4A934209D07B681B681B4A934204D07B681B68194A934232D1012331E000BFEB
:20788000100002402800024040000240580002407000024088000240A0000240B8000240B8
:2078A000100402402804024040040240580402407004024088040240A0040240B804024078
:2078C000085402581C5402583054025844540258585402586C5402588054025894540258C8
:2078E0000023002B07D07B681B6E1A687B681B6E22F480721A607B681B686D4A93424AD07B
:207900007B681B686B4A934245D07B681B686A4A934240D07B681B68684A93423BD07B6888
:207920001B68674A934236D07B681B68654A934231D07B681B68644A93422CD07B681B6802
:20794000624A934227D07B681B68614A934222D07B681B685F4A93421DD07B681B685E4AF8
:20796000934218D07B681B685C4A934213D07B681B685B4A93420ED07B681B68594A9342EA
:2079800009D07B681B68584A934204D07B681B68564A934208D17B681B681A687B681B685B
:2079A00022F001021A6007E07B681B681A687B681B6822F001021A6013E0FEF7CDFE024679
:2079C0003B69D31A052B0CD97B6820225A657B68032283F835207B68002283F8342001234D
:2079E0002DE17B691B6803F00103002BE5D17B681B682F4A93424AD07B681B682D4A9342BA
:207A000045D07B681B682C4A934240D07B681B682A4A93423BD07B681B68294A934236D022
:207A20007B681B68274A934231D07B681B68264A93422CD07B681B68244A934227D07B686F
:207A40001B68234A934222D07B681B68214A93421DD07B681B68204A934218D07B681B68E9
:207A60001E4A934213D07B681B681D4A93420ED07B681B681B4A934209D07B681B681A4A23
:207A8000934204D07B681B68184A934201D1012300E00023002B2BD07B689B6DBB607B6898
:207AA000DB6D03F01F033F229A40BB689A602AE0100002402800024040000240580002402F
:207AC0007000024088000240A0000240B80002401004024028040240400402405804024066
:207AE0007004024088040240A0040240B80402407B689B6DFB607B68DB6D03F01F03012275
:207B00009A40FB685A607B681B684F4A934272D07B681B684D4A93426DD07B681B684C4A4D
:207B2000934268D07B681B684A4A934263D07B681B68494A93425ED07B681B68474A93426E
:207B400059D07B681B68464A934254D07B681B68444A93424FD07B681B68434A93424AD043
:207B60007B681B68414A934245D07B681B68404A934240D07B681B683E4A93423BD07B68A4
:207B80001B683D4A934236D07B681B683B4A934231D07B681B683A4A93422CD07B681B681E
:207BA000384A934227D07B681B68374A934222D07B681B68354A93421DD07B681B68344A3E
:207BC000934218D07B681B68324A934213D07B681B68314A93420ED07B681B682F4A934206
:207BE00009D07B681B682E4A934204D07B681B682C4A934201D1012300E00023002B15D06B
:207C00007B685B6E7A68926E5A607B68DB6E002B0CD07B68DB6E1A687B68DB6E22F4807207
:207C20001A607B681B6F7A68526F5A607B68012283F835207B68002283F8342000231846D5
:207C40001837BD4680BD00BF10000240280002404000024058000240700002408800024082
:207C6000A0000240B8000240100402402804024040040240580402407004024088040240BC
:207C8000A0040240B8040240085402581C5402583054025844540258585402586C54025890
:207CA000805402589454025880B584B000AF78607B68002B01D1012337E27B6893F8353074
:207CC000DBB2022B04D07B6880225A6501232CE27B681B685C4A93424AD07B681B685B4A9A
:207CE000934245D07B681B68594A934240D07B681B68584A93423BD07B681B68564A9342E9
:207D000036D07B681B68554A934231D07B681B68534A93422CD07B681B68524A934227D0E0
:207D20007B681B68504A934222D07B681B684F4A93421DD07B681B684D4A934218D07B681E
:207D40001B684C4A934213D07B681B684A4A93420ED07B681B68494A934209D07B681B6898
:207D6000474A934204D07B681B68464A934201D1012300E00023002B00F086807B680422DB
:207D800083F835207B681B682F4A93424AD07B681B682E4A934245D07B681B682C4A9342CC
:207DA00040D07B681B682B4A93423BD07B681B68294A934236D07B681B68284A934231D096
:207DC0007B681B68264A93422CD07B681B68254A934227D07B681B68234A934222D07B68DE
:207DE0001B68224A93421DD07B681B68204A934218D07B681B681F4A934213D07B681B6858
:207E00001D4A93420ED07B681B681C4A934209D07B681B681A4A934204D07B681B68194A92
:207E2000934208D17B681B681A687B681B6822F001021A6078E17B681B681A687B681B6810
:207E400022F001021A606FE1100002402800024040000240580002407000024088000240EF
:207E6000A0000240B8000240100402402804024040040240580402407004024088040240BA
:207E8000A0040240B80402407B681B681A687B681B6822F00E021A607B681B686C4A934223
:207EA0004AD07B681B686B4A934245D07B681B68694A934240D07B681B68684A93423BD0AD
:207EC0007B681B68664A934236D07B681B68654A934231D07B681B68634A93422CD07B68FF
:207EE0001B68624A934227D07B681B68604A934222D07B681B685F4A93421DD07B681B6879
:207F00005D4A934218D07B681B685C4A934213D07B681B685A4A93420ED07B681B68594A73
:207F2000934209D07B681B68574A934204D07B681B68564A934208D17B681B681A687B6864
:207F40001B6822F001021A6007E07B681B681A687B681B6822F001021A607B681B683C4A5F
:207F6000934272D07B681B683A4A93426DD07B681B68394A934268D07B681B68374A93423C
:207F800063D07B681B68364A93425ED07B681B68344A934259D07B681B68334A934254D007
:207FA0007B681B68314A93424FD07B681B68304A93424AD07B681B682E4A934245D07B6872
:207FC0001B682D4A934240D07B681B682B4A93423BD07B681B682A4A934236D07B681B68EC
:207FE000284A934231D07B681B68274A93422CD07B681B68254A934227D07B681B68244A1C
:20800000934222D07B681B68224A93421DD07B681B68214A934218D07B681B681F4A9342D3
:2080200013D07B681B681E4A93420ED07B681B681C4A934209D07B681B681B4A934204D0EE
:208040007B681B68194A934232D1012331E000BF10000240280002404000024058000240B3
:208060007000024088000240A0000240B800024010040240280402404004024058040240C0
:208080007004024088040240A0040240B8040240085402581C540258305402584454025828
:2080A000585402586C54025880540258945402580023002B28D07B681B6E1A687B681B6E90
:2080C00022F480721A607B689B6DFB607B68DB6D03F01F0301229A40FB685A607B685B6ED2
:2080E0007A68926E5A607B68DB6E002B0CD07B68DB6E1A687B68DB6E22F480721A607B6872
:208100001B6F7A68526F5A607B68012283F835207B68002283F834207B681B6D002B03D065
:208120007B681B6D78689847002318461037BD4680BD00BF80B58AB000AF78600023FB60DA
:20814000674B1B68674AA2FB03239B0A7B627B689B6D3B627B689B6DFB613B6A1B68BB61E1
:20816000FB691B687B617B681B685F4A93424AD07B681B685D4A934245D07B681B685C4A3B
:20818000934240D07B681B685A4A93423BD07B681B68594A934236D07B681B68574A934250
:2081A00031D07B681B68564A93422CD07B681B68544A934227D07B681B68534A934222D04D
:2081C0007B681B68514A93421DD07B681B68504A934218D07B681B684E4A934213D07B6886
:2081E0001B684D4A93420ED07B681B684B4A934209D07B681B684A4A934204D07B681B6800
:20820000484A934201D1012300E00023002B00F02B847B68DB6D03F01F0308229A40BB69CC
:208220001340002B00F0A2807B681B682E4A93424AD07B681B682D4A934245D07B681B68B4
:208240002B4A934240D07B681B682A4A93423BD07B681B68284A934236D07B681B68274A80
:20826000934231D07B681B68254A93422CD07B681B68244A934227D07B681B68224A93423B
:2082800022D07B681B68214A93421DD07B681B681F4A934218D07B681B681E4A934213D047
:2082A0007B681B681C4A93420ED07B681B681B4A934209D07B681B68194A934204D07B6871
:2082C0001B68184A93422FD17B681B681B6803F00403002B14BF01230023DBB22EE000BF62
:2082E00000100024B5814E1B10000240280002404000024058000240700002408800024057
:20830000A0000240B800024010040240280402404004024058040240700402408804024015
:20832000A0040240B80402407B681B681B6803F00803002B14BF01230023DBB2002B15D090
:208340007B681B681A687B681B6822F004021A607B68DB6D03F01F0308229A403B6A9A605A
:208360007B685B6D43F001027B685A657B68DB6D03F01F03BA6922FA03F303F00103002BE3
:208380006ED07B681B68694A93424AD07B681B68674A934245D07B681B68664A934240D09B
:2083A0007B681B68644A93423BD07B681B68634A934236D07B681B68614A934231D07B6811
:2083C0001B68604A93422CD07B681B685E4A934227D07B681B685D4A934222D07B681B688B
:2083E0005B4A93421DD07B681B685A4A934218D07B681B68584A934213D07B681B68574A88
:2084000093420ED07B681B68554A934209D07B681B68544A934204D07B681B68524A934272
:208420000AD17B681B685B6903F08003002B14BF01230023DBB203E07B681B681B68002300
:20844000002B0DD07B68DB6D03F01F0301229A403B6A9A607B685B6D43F002027B685A65B4
:208460007B68DB6D03F01F0304229A40BB691340002B00F08F807B681B682C4A93424AD050
:208480007B681B682A4A934245D07B681B68294A934240D07B681B68274A93423BD07B68C0
:2084A0001B68264A934236D07B681B68244A934231D07B681B68234A93422CD07B681B683A
:2084C000214A934227D07B681B68204A934222D07B681B681E4A93421DD07B681B681D4A71
:2084E000934218D07B681B681B4A934213D07B681B681A4A93420ED07B681B68184A934222
:2085000009D07B681B68174A934204D07B681B68154A93422AD17B681B681B6803F002039C
:20852000002B14BF01230023DBB223E01000024028000240400002405800024070000240DC
:2085400088000240A0000240B80002401004024028040240400402405804024070040240D7
:2085600088040240A0040240B80402407B681B681B680023002B0DD07B68DB6D03F01F03F5
:2085800004229A403B6A9A607B685B6D43F004027B685A657B68DB6D03F01F0310229A406A
:2085A000BB691340002B00F0A6807B681B68854A93424AD07B681B68834A934245D07B68DF
:2085C0001B68824A934240D07B681B68804A93423BD07B681B687F4A934236D07B681B68E7
:2085E0007D4A934231D07B681B687C4A93422CD07B681B687A4A934227D07B681B68794AC2
:20860000934222D07B681B68774A93421DD07B681B68764A934218D07B681B68744A9342CE
:2086200013D07B681B68734A93420ED07B681B68714A934209D07B681B68704A934204D0E9
:208640007B681B686E4A93420AD17B681B681B6803F00803002B14BF01230023DBB209E0AA
:208660007B681B681B6803F00403002B14BF01230023DBB2002B3ED07B68DB6D03F01F03CC
:2086800010229A403B6A9A607B681B681B6803F48023002B18D07B681B681B6803F4002396
:2086A000002B08D17B681B6C002B24D07B681B6C786898471FE07B689B6C002B1BD07B6822
:2086C0009B6C7868984716E07B681B681B6803F48073002B07D17B681B681A687B681B68BA
:2086E00022F008021A607B681B6C002B03D07B681B6C786898477B68DB6D03F01F032022D1
:208700009A40BB691340002B00F010817B681B682C4A93424AD07B681B682B4A934245D0CC
:208720007B681B68294A934240D07B681B68284A93423BD07B681B68264A934236D07B682F
:208740001B68254A934231D07B681B68234A93422CD07B681B68224A934227D07B681B68A9
:20876000204A934222D07B681B681F4A93421DD07B681B681D4A934218D07B681B681C4AE1
:20878000934213D07B681B681A4A93420ED07B681B68194A934209D07B681B68174A934291
:2087A00004D07B681B68164A93422BD17B681B681B6803F01003002B14BF01230023DBB28D
:2087C0002AE000BF100002402800024040000240580002407000024088000240A00002409A
:2087E000B8000240100402402804024040040240580402407004024088040240A00402402D
:20880000B80402407B681B681B6803F00203002B14BF01230023DBB2002B00F087807B68A2
:20882000DB6D03F01F0320229A403B6A9A607B6893F83530DBB2042B39D17B681B681A689F
:208840007B681B6822F016021A607B681B685A697B681B6822F080025A617B681B6C002B9B
:2088600003D17B689B6C002B07D07B681B681A687B681B6822F008021A607B68DB6D03F036
:208880001F033F229A403B6A9A607B68012283F835207B68002283F834207B681B6D002B9C
:2088A00000F04A837B681B6D7868984744E37B681B681B6803F48023002B18D07B681B68AE
:2088C0001B6803F40023002B08D17B685B6C002B2CD07B685B6C7868984727E07B68DB6B8D
:2088E000002B23D07B68DB6B786898471EE07B681B681B6803F48073002B0FD17B681B6830
:208900001A687B681B6822F010021A607B68012283F835207B68002283F834207B68DB6BFE
:20892000002B03D07B68DB6B786898477B685B6D002B00F006837B685B6D03F00103002B35
:2089400000F088807B68042283F835207B681B687A4A93424AD07B681B68794A934245D01A
:208960007B681B68774A934240D07B681B68764A93423BD07B681B68744A934236D07B6803
:208980001B68734A934231D07B681B68714A93422CD07B681B68704A934227D07B681B687D
:2089A0006E4A934222D07B681B686D4A93421DD07B681B686B4A934218D07B681B686A4A67
:2089C000934213D07B681B68684A93420ED07B681B68674A934209D07B681B68654A934265
:2089E00004D07B681B68644A934208D17B681B681A687B681B6822F001021A6007E07B683A
:208A00001B681A687B681B6822F001021A60FB680133FB607A6A9A4207D37B681B681B68E7
:208A200003F00103002BF2D100E000BF7B681B681B6803F00103002B04D07B68032283F850
:208A4000352003E07B68012283F835207B68002283F834207B68DB6C002B00F072827B6818
:208A6000DB6C786898476CE27B681B68434A934222D07B681B68424A93421DD07B681B68CE
:208A8000404A934218D07B681B683F4A934213D07B681B683D4A93420ED07B681B683C4A5C
:208AA000934209D07B681B683A4A934204D07B681B68394A934201D1012300E00023002B93
:208AC00000F03F827B681B681B683B617B68DB6D03F01F0304229A407B691340002B00F0CE
:208AE000CD803B6903F00403002B00F0C7807B68DB6D03F01F0304229A40FB695A603B6927
:208B000003F40043002B49D03B6903F48033002B09D17B689B6C002B00F010827B689B6C03
:208B2000786898470AE27B681B6C002B00F006827B681B6C7868984700E200BF1000024061
:208B40002800024040000240580002407000024088000240A0000240B800024010040240E1
:208B60002804024040040240580402407004024088040240A0040240B80402400854025845
:208B80001C5402583054025844540258585402586C54025880540258945402583B6903F014
:208BA0002003002B60D17B681B687F4A93424AD07B681B687D4A934245D07B681B687C4AD5
:208BC000934240D07B681B687A4A93423BD07B681B68794A934236D07B681B68774A9342A6
:208BE00031D07B681B68764A93422CD07B681B68744A934227D07B681B68734A934222D0A3
:208C00007B681B68714A93421DD07B681B68704A934218D07B681B686E4A934213D07B68DB
:208C20001B686D4A93420ED07B681B686B4A934209D07B681B686A4A934204D07B681B6855
:208C4000684A934208D17B681B681A687B681B6822F008021A6007E07B681B681A687B681E
:208C60001B6822F004021A607B681B6C002B00F065817B681B6C786898475FE17B68DB6DE0
:208C800003F01F0302229A407B691340002B00F0C5803B6903F00203002B00F0BF807B6851
:208CA000DB6D03F01F0302229A40FB695A603B6903F40043002B18D03B6903F48033002BD1
:208CC00009D17B685B6C002B00F03A817B685B6C7868984734E17B68DB6B002B00F03081C7
:208CE0007B68DB6B786898472AE13B6903F02003002B40F089807B681B682B4A93424AD099
:208D00007B681B68294A934245D07B681B68284A934240D07B681B68264A93423BD07B683A
:208D20001B68254A934236D07B681B68234A934231D07B681B68224A93422CD07B681B68B4
:208D4000204A934227D07B681B681F4A934222D07B681B681D4A93421DD07B681B681C4AEC
:208D6000934218D07B681B681A4A934213D07B681B68194A93420ED07B681B68174A93429C
:208D800009D07B681B68164A934204D07B681B68144A934228D17B681B681A687B681B68AB
:208DA00022F014021A6027E0100002402800024040000240580002407000024088000240B6
:208DC000A0000240B80002401004024028040240400402405804024070040240880402404B
:208DE000A0040240B80402407B681B681A687B681B6822F00A021A607B68012283F83520D3
:208E00007B68002283F834207B68DB6B002B00F097807B68DB6B7868984791E07B68DB6D9F
:208E200003F01F0308229A407B691340002B00F088803B6903F00803002B00F082807B681D
:208E40001B68414A93424AD07B681B683F4A934245D07B681B683E4A934240D07B681B6803
:208E60003C4A93423BD07B681B683B4A934236D07B681B68394A934231D07B681B68384A1F
:208E800093422CD07B681B68364A934227D07B681B68354A934222D07B681B68334A9342EB
:208EA0001DD07B681B68324A934218D07B681B68304A934213D07B681B682F4A93420ED0FC
:208EC0007B681B682D4A934209D07B681B682C4A934204D07B681B682A4A934208D17B6817
:208EE0001B681A687B681B6822F01C021A6007E07B681B681A687B681B6822F00E021A608C
:208F00007B68DB6D03F01F0301229A40FB695A607B6801225A657B68012283F835207B6878
:208F2000002283F834207B68DB6C002B09D07B68DB6C7868984704E000BF02E000BF00E005
:208F400000BF2837BD4680BD1000024028000240400002405800024070000240880002405F
:208F6000A0000240B8000240100402402804024040040240580402407004024088040240A9
:208F8000A0040240B804024080B483B000AF78607B685B6D18460C37BD465DF8047B704725
:208FA00080B487B000AFF860B9607A603B60FB689B6D7B61FB689B6D3B61FB681B687F4AB4
:208FC000934272D0FB681B687D4A93426DD0FB681B687C4A934268D0FB681B687A4A934283
:208FE00063D0FB681B68794A93425ED0FB681B68774A934259D0FB681B68764A934254D04E
:20900000FB681B68744A93424FD0FB681B68734A93424AD0FB681B68714A934245D0FB6838
:209020001B68704A934240D0FB681B686E4A93423BD0FB681B686D4A934236D0FB681B6832
:209040006B4A934231D0FB681B686A4A93422CD0FB681B68684A934227D0FB681B68674A1F
:20906000934222D0FB681B68654A93421DD0FB681B68644A934218D0FB681B68624A93421A
:2090800013D0FB681B68614A93420ED0FB681B685F4A934209D0FB681B685E4A934204D035
:2090A000FB681B685C4A934201D1012300E00023002B0DD0FB685B6EFA68926E5A60FB68A3
:2090C000DB6E002B04D0FB681B6FFA68526F5A60FB681B68394A93424AD0FB681B68384ABE
:2090E000934245D0FB681B68364A934240D0FB681B68354A93423BD0FB681B68334A9342BE
:2091000036D0FB681B68324A934231D0FB681B68304A93422CD0FB681B682F4A934227D0B5
:20912000FB681B682D4A934222D0FB681B682C4A93421DD0FB681B682A4A934218D0FB6873
:209140001B68294A934213D0FB681B68274A93420ED0FB681B68264A934209D0FB681B686D
:20916000244A934204D0FB681B68234A934201D1012300E00023002B59D0FB68DB6D03F0C5
:209180001F033F229A407B699A60FB681B681A68FB681B6822F480221A60FB681B683A688C
:2091A0005A60FB689B68402B38D1FB681B687A689A60FB681B68BA68DA6086E0100002405F
:2091C0002800024040000240580002407000024088000240A0000240B8000240100402405B
:2091E0002804024040040240580402407004024088040240A0040240B804024008540258BF
:209200001C5402583054025844540258585402586C5402588054025894540258FB681B683E
:20922000BA689A60FB681B687A68DA604DE0FB681B68294A934222D0FB681B68274A934297
:209240001DD0FB681B68264A934218D0FB681B68244A934213D0FB681B68234A93420ED0FC
:20926000FB681B68214A934209D0FB681B68204A934204D0FB681B681E4A934201D10123DD
:2092800000E00023002B20D0FB68DB6D03F01F0301229A403B695A60FB681B683A685A6053
:2092A000FB689B68402B08D1FB681B687A689A60FB681B68BA68DA6007E0FB681B68BA6811
:2092C0009A60FB681B687A68DA6000BF1C37BD465DF8047B704700BF085402581C540258B3
:2092E0003054025844540258585402586C540258805402589454025880B485B000AF78601E
:209300007B681B68424A93424AD07B681B68414A934245D07B681B683F4A934240D07B68DA
:209320001B683E4A93423BD07B681B683C4A934236D07B681B683B4A934231D07B681B6854
:20934000394A93422CD07B681B68384A934227D07B681B68364A934222D07B681B68354A73
:2093600093421DD07B681B68334A934218D07B681B68324A934213D07B681B68304A93423C
:209380000ED07B681B682F4A934209D07B681B682D4A934204D07B681B682C4A934201D159
:2093A000012300E00023002B24D07B681B68DBB2103B274AA2FB03231B09FB60FB6803F020
:2093C0000703244AD35C1A467B68DA65FB68032B08D97B681B681A461F4B13401A1D7B6855
:2093E0009A650DE07B681B681A461B4B13407A68936505E07B681B6823F0FF027B689A65E7
:209400007B689B6D18461437BD465DF8047B70471000024028000240400002405800024052
:209420007000024088000240A0000240B800024010040240280402404004024058040240EC
:209440007004024088040240A0040240B8040240ABAAAAAA84FD000800FCFFFF80B485B00F
:2094600000AF78600023FB737B689B69002B20D17B689B6A032B58D801A252F823F000BFCC
:2094800091940008A3940008919400082B9500087B68DB6A03F08073002B48D00123FB7388
:2094A00045E07B68DB6AB3F1C07F42D10123FB733FE07B689B69B3F5005F23D17B689B6AEE
:2094C000032B38D801A252F823F000BFDD940008E3940008DD940008F59400080123FB73FB
:2094E00030E07B68DB6A03F08073002B25D00123FB7322E07B68DB6AB3F1C07F1FD101237B
:20950000FB731CE07B689B6A022B02D9032B03D018E00123FB7315E07B68DB6A03F0807363
:20952000002B0ED00123FB730BE000BF0AE000BF08E000BF06E000BF04E000BF02E000BFAD
:2095400000E000BFFB7B18461437BD465DF8047B704700BF80B485B000AF78607B681B68AA
:20956000BB607B681B68384A934222D07B681B68364A93421DD07B681B68354A934218D0D7
:209580007B681B68334A934213D07B681B68324A93420ED07B681B68304A934209D07B682A
:2095A0001B682F4A934204D07B681B682D4A934201D1012300E00023002B1AD07B681B68E0
:2095C000DBB2083B284AA2FB03231B09FB60FA68264B13449B001A467B681A667B68244A2E
:2095E0005A66FB6803F01F0301229A407B689A6624E07B681B68DBB2103B1E4AA2FB0323E6
:209600001B09FB60BB681C4A934206D8BB681B4A934202D9FB680833FB60FA68184B134442
:209620009B001A467B681A667B68164A5A66FB6803F01F0301229A407B689A6600BF143767
:20964000BD465DF8047B7047085402581C5402583054025844540258585402586C5402580C
:209660008054025894540258CDCCCCCC0096001680580258ABAAAAAAB80402400F0402406F
:20968000008200108008024080B485B000AF78607B685B68DBB2FB60FB68002B4AD0FB68E5
:2096A000082B47D87B681B68254A934222D07B681B68244A93421DD07B681B68224A93427F
:2096C00018D07B681B68214A934213D07B681B681F4A93420ED07B681B681E4A934209D01B
:2096E0007B681B681C4A934204D07B681B681B4A934201D1012300E00023002B0AD0FA68F5
:20970000174B13449B001A467B68DA667B68154A1A6709E0FA68144B13449B001A467B68D0
:20972000DA667B68114A1A67FB68013B01229A407B685A6700BF1437BD465DF8047B704752
:20974000085402581C5402583054025844540258585402586C540258805402589454025829
:209760003F960016405902583F8200104009024080B489B000AF786039600023FB61894BCF
:209780007B6194E13B681A680121FB6901FA03F313403B613B69002B00F086813B685B68C1
:2097A00003F00303012B05D03B685B6803F00303022B30D17B689B68BB61FB695B0003223C
:2097C00002FA03F3DB43BA691340BB613B68DA68FB695B0002FA03F3BA691343BB617B68D9
:2097E000BA699A607B685B68BB610122FB6902FA03F3DB43BA691340BB613B685B681B09D7
:2098000003F00102FB6902FA03F3BA691343BB617B68BA695A603B685B6803F00303032B1A
:2098200017D07B68DB68BB61FB695B00032202FA03F3DB43BA691340BB613B689A68FB6970
:209840005B0002FA03F3BA691343BB617B68BA69DA603B685B6803F00303022B23D1FB6902
:20986000DA087B68083253F82230BB61FB6903F007039B000F2202FA03F3DB43BA6913407D
:20988000BB613B681A69FB6903F007039B0002FA03F3BA691343BB61FB69DA087B680832A0
:2098A000B96943F822107B681B68BB61FB695B00032202FA03F3DB43BA691340BB613B686E
:2098C0005B6803F00302FB695B0002FA03F3BA691343BB617B68BA691A603B685B6803F4AA
:2098E0004033002B00F0E0802F4BD3F8F4302E4A43F00203C2F8F4302B4BD3F8F43003F02B
:209900000203FB60FB68294AFB699B08023352F82330BB61FB6903F003039B000F2202FAF7
:2099200003F3DB43BA691340BB617B68204A934252D07B681F4A934231D07B681E4A9342FB
:209940002BD07B681D4A934225D07B681C4A93421FD07B681B4A934219D07B681A4A9342C9
:2099600013D07B68194A93420DD07B68184A934207D07B68174A934201D109232DE00A23CA
:209980002BE0082329E0072327E0062325E0052323E0042321E003231FE002231DE001236B
:2099A0001BE000BF800000580044025800040058000002580004025800080258000C02589B
:2099C000001002580014025800180258001C025800200258002402580023FA6902F0030252
:2099E00092009340BA691343BB613849FB699B080233BA6941F823204FF0B0431B68BB6140
:209A00003B69DB43BA691340BB613B685B6803F48013002B03D0BA693B691343BB614FF08C
:209A2000B042BB6913604FF0B0435B68BB613B69DB43BA691340BB613B685B6803F40013C8
:209A4000002B03D0BA693B691343BB614FF0B042BB6953607B695B68BB613B69DB43BA691F
:209A60001340BB613B685B6803F40033002B03D0BA693B691343BB617B69BA695A607B690B
:209A80001B68BB613B69DB43BA691340BB613B685B6803F48033002B03D0BA693B691343A8
:209AA000BB617B69BA691A60FB690133FB613B681A68FB6922FA03F3002B7FF463AE00BF0C
:209AC00000BF2437BD465DF8047B70470004005880B483B000AF7860084A7B68203352F8C2
:209AE0002330074A934201D1002300E0012318460C37BD465DF8047B704700BF0064025848
:209B00000003008080B483B000AF7860396006493B6843F440727B6841F8232000BF0C37FF
:209B2000BD465DF8047B70470064025880B584B000AF7860294BDB6803F00703062B0AD02A
:209B4000264BDB6803F03F037A689A4201D0012340E000233EE0214BDB6823F03F021F499D
:209B60007B681343CB60FCF7F7FDF86009E0FCF7F3FD0246FB68D31AB3F57A7F01D901233F
:209B800028E0164B5B6803F40053B3F5005FEED17B681E2B08D07B682E2B05D07B681D2B49
:209BA00002D07B682D2B14D1FCF7D6FDF86009E0FCF7D2FD0246FB68D31AB3F57A7F01D9D7
:209BC000012307E0054BDB6803F48033B3F5803FEED1002318461037BD4680BD004802586D
:209BE00080B58CB000AF78607B68002B02D1012300F048BC7B681B6803F00103002B00F0FC
:209C00008880994B1B6903F03803FB62964B9B6ABB62FB6A102B07D0FB6A182B11D1BB6A20
:209C200003F00303022B0CD18F4B1B6803F40033002B6DD07B685B68002B69D1012300F013
:209C400021BC7B685B68B3F5803F06D1864B1B68854A43F4803313602EE07B685B68002BE4
:209C60000CD1814B1B68804A23F4803313607E4B1B687D4A23F4802313601DE07B685B68CE
:209C8000B3F5A02F0CD1784B1B68774A43F480231360754B1B68744A43F4803313600BE0D3
:209CA000714B1B68704A23F4803313606E4B1B686D4A23F4802313607B685B68002B13D09A
:209CC000FCF74AFD786208E0FCF746FD02467B6AD31A642B01D90323D4E3634B1B6803F4CA
:209CE0000033002BF0D014E0FCF736FD786208E0FCF732FD02467B6AD31A642B01D903239F
:209D0000C0E3594B1B6803F40033002BF0D100E000BF7B681B6803F00203002B00F0CA8001
:209D2000514B1B6903F038033B624F4B9B6AFB613B6A002B07D03B6A182B56D1FB6903F030
:209D40000303002B51D1484B1B6803F00403002B05D07B68DB68002B01D1012392E3424B57
:209D60001B6823F019027B68DB683F4913430B60FCF7F2FC786208E0FCF7EEFC02467B6A16
:209D8000D31A022B01D903237CE3374B1B6803F00403002BF0D0FCF70FFD034641F20302E0
:209DA000934217D87B681B69402B08D12E4B5B6823F47C332C4A43F4003353607AE02A4BD0
:209DC0005B6823F47C327B681B691B03264913434B606FE0244B5B6823F0FE427B681B69CB
:209DE0001B06214913434B6064E07B68DB68002B47D01D4B1B6823F019027B68DB681A4989
:209E000013430B60FCF7A8FC786208E0FCF7A4FC02467B6AD31A022B01D9032332E3124BDC
:209E20001B6803F00403002BF0D0FCF7C5FC034641F20302934219D87B681B69402B08D114
:209E4000094B5B6823F47C33074A43F40033536030E0054B5B6823F47C327B681B691B034A
:209E6000014913434B6025E0004402589A4B5B6823F0FE427B681B691B06974913434B6090
:209E800018E0954B1B68944A23F001031360FCF763FC786208E0FCF75FFC02467B6AD31A83
:209EA000022B01D90323EDE28B4B1B6803F00403002BF0D17B681B6803F01003002B00F0E0
:209EC000A980854B1B6903F03803BB61824B9B6A7B61BB69082B07D0BB69182B3AD17B6989
:209EE00003F00303012B35D17B4B1B6803F48073002B05D07B68DB69802B01D00123C1E29A
:209F0000FCF75AFC034641F20302934217D87B681B6A202B08D1704B5B6823F0F8436E4AA3
:209F200043F08043536075E06B4B5B6823F0F8427B681B6A9B06684913434B606AE0664BA7
:209F4000DB6823F07C527B681B6A1B0662491343CB605FE07B68DB69002B42D05E4B1B6859
:209F60005D4A43F080031360FCF7F6FB786208E0FCF7F2FB02467B6AD31A022B01D9032344
:209F800080E2554B1B6803F48073002BF0D0FCF713FC034641F20302934217D87B681B6AB8
:209FA000202B08D14C4B5B6823F0F8434A4A43F0804353602EE0484B5B6823F0F8427B6804
:209FC0001B6A9B06444913434B6023E0424BDB6823F07C527B681B6A1B063F491343CB6087
:209FE00018E03D4B1B683C4A23F080031360FCF7B3FB786208E0FCF7AFFB02467B6AD31AB5
:20A00000022B01D903233DE2334B1B6803F48073002BF0D17B681B6803F00803002B36D088
:20A020007B685B69002B19D02B4B5B6F2A4A43F001035367FCF790FB786208E0FCF78CFB06
:20A0400002467B6AD31A022B01D903231AE2224B5B6F03F00203002BF0D018E01E4B5B6F78
:20A060001D4A23F001035367FCF776FB786208E0FCF772FB02467B6AD31A022B01D90323DB
:20A0800000E2154B5B6F03F00203002BF0D17B681B6803F02003002B39D07B689B69002B0E
:20A0A0001CD00D4B1B680C4A43F480531360FCF753FB786208E0FCF74FFB02467B6AD31AAC
:20A0C000022B01D90323DDE1034B1B6803F40053002BF0D01BE000BF004402589B4B1B68CE
:20A0E0009A4A23F480531360FCF736FB786208E0FCF732FB02467B6AD31A022B01D90323D2
:20A10000C0E1924B1B6803F40053002BF0D17B681B6803F00403002B00F081808C4B1B6832
:20A120008B4A43F480731360FCF716FB786208E0FCF712FB02467B6AD31A642B01D903233E
:20A14000A0E1834B1B6803F48073002BF0D07B689B68012B06D17D4B1B6F7C4A43F0010320
:20A1600013672DE07B689B68002B0CD1774B1B6F764A23F001031367744B1B6F734A23F0B4
:20A18000040313671CE07B689B68052B0CD16F4B1B6F6E4A43F0040313676C4B1B6F6B4AA9
:20A1A00043F0010313670BE0684B1B6F674A23F001031367654B1B6F644A23F00403136708
:20A1C0007B689B68002B15D0FCF7C6FA78620AE0FCF7C2FA02467B6AD31A41F28832934287
:20A1E00001D903234EE1594B1B6F03F00203002BEED014E0FCF7B0FA78620AE0FCF7ACFA33
:20A2000002467B6AD31A41F28832934201D9032338E14E4B1B6F03F00203002BEED17B6861
:20A220005B6A002B00F02D81484B1B6903F03803182B00F0BD807B685B6A022B40F09E80B8
:20A24000424B1B68414A23F080731360FCF784FA786208E0FCF780FA02467B6AD31A022B03
:20A2600001D903230EE1394B1B6803F00073002BF0D1364B9A6A374B13407A68916A7A687D
:20A28000D26A12010A43314913438B627B681B6B013BC3F308027B685B6B013B5B029BB271
:20A2A0001A437B689B6B013B1B0403F4FE031A437B68DB6B013B1B0603F0FE43234913432C
:20A2C0000B63224BDB6A214A23F00103D3621F4B5A6B214B13407A68926CD2001B4913434D
:20A2E0004B631A4BDB6A23F00C027B681B6C17491343CB62154BDB6A23F002027B685B6C32
:20A3000012491343CB62114BDB6A104A43F48033D3620E4BDB6A0D4A43F40033D3620B4B5B
:20A32000DB6A0A4A43F48023D362084BDB6A074A43F00103D362054B1B68044A43F08073D9
:20A340001360FCF709FA786211E000BF00440258004802580CFCFFFF0700FFFFFCF7FCF9D7
:20A3600002467B6AD31A022B01D903238AE0474B1B6803F00073002BF0D082E0434B1B6853
:20A38000424A23F080731360FCF7E6F9786208E0FCF7E2F902467B6AD31A022B01D903230F
:20A3A00070E03A4B1B6803F00073002BF0D168E0364B9B6A3B61354B1B6BFB607B685B6A80
:20A3C000012B31D03B6903F003027B689B6A9A422AD13B691B0903F03F027B68DB6A9A42F5
:20A3E00022D1FB68C3F308027B681B6B013B9A421AD1FB685B0A03F07F027B685B6B013BBA
:20A400009A4211D1FB681B0C03F07F027B689B6B013B9A4208D1FB681B0E03F07F027B68C3
:20A42000DB6B013B9A4201D001232BE0174B5B6BDB08C3F30C033B617B689B6C3A699A42E9
:20A440001FD0124BDB6A114A23F00103D362FCF783F9786200BFFCF77FF902467B6A93424F
:20A46000F9D00A4B5A6B0A4B13407A68926CD200064913434B63054BDB6A044A43F0010332
:20A48000D362002318463037BD4680BD004402580700FFFF80B586B000AF786039607B684E
:20A4A000002B01D101239CE18A4B1B6803F00F033A689A4210D9874B1B6823F00F028549F3
:20A4C0003B6813430B60834B1B6803F00F033A689A4201D0012384E17B681B6803F004038A
:20A4E000002B10D07B681A697B4B9B6903F070039A4208D9784B9B6923F070027B681B694B
:20A50000754913438B617B681B6803F00803002B10D07B685A69704BDB6903F070039A42E5
:20A5200008D96D4BDB6923F070027B685B696A491343CB617B681B6803F01003002B10D066
:20A540007B689A69644BDB6903F4E0639A4208D9614BDB6923F4E0627B689B695E491343FE
:20A56000CB617B681B6803F02003002B10D07B68DA69594B1B6A03F070039A4208D9564B15
:20A580001B6A23F070027B68DB69534913430B627B681B6803F00203002B10D07B68DA689D
:20A5A0004D4B9B6903F00F039A4208D94A4B9B6923F00F027B68DB68474913438B617B68A5
:20A5C0001B6803F00103002B55D0434B9B6923F470627B689B68404913438B617B685B68DF
:20A5E000022B07D13C4B1B6803F40033002B21D10123F6E07B685B68032B07D1364B1B685B
:20A6000003F00073002B15D10123EAE07B685B68012B07D1304B1B6803F48073002B09D13E
:20A620000123DEE02C4B1B6803F00403002B01D10123D6E0284B1B6923F007027B685B68B4
:20A64000254913430B61FCF787F878610AE0FCF783F802467B69D31A41F28832934201D972
:20A660000323BEE01C4B1B6903F038027B685B68DB009A42EBD17B681B6803F00203002B5C
:20A6800010D07B68DA68144B9B6903F00F039A4208D2114B9B6923F00F027B68DB680E4996
:20A6A00013438B610B4B1B6803F00F033A689A4214D2084B1B6823F00F0206493B681343D4
:20A6C0000B60044B1B6803F00F033A689A4205D0012386E000200052004402587B681B68E5
:20A6E00003F00403002B10D07B681A693F4B9B6903F070039A4208D23C4B9B6923F0700235
:20A700007B681B69394913438B617B681B6803F00803002B10D07B685A69344BDB6903F043
:20A7200070039A4208D2314BDB6923F070027B685B692E491343CB617B681B6803F010039F
:20A74000002B10D07B689A69284BDB6903F4E0639A4208D2254BDB6923F4E0627B689B696D
:20A7600022491343CB617B681B6803F02003002B10D07B68DA691D4B1B6A03F070039A4210
:20A7800008D21A4B1B6A23F070027B68DB69174913430B6200F034F80246144B9B691B0A3A
:20A7A00003F00F031249CB5C03F01F0322FA03F33B610E4B9B6903F00F030D4AD35C03F074
:20A7C0001F033A6922FA03F30A4A13600A4A3B6913600A4B1B681846FBF774FF0346FB731E
:20A7E000FB7B18461837BD4680BD00BF0044025874FD000804100024001000243C11002443
:20A8000080B489B000AFB34B1B6903F03803182B00F2558101A252F823F000BF81A8000871
:20A82000BFAA0008BFAA0008BFAA0008BFAA0008BFAA0008BFAA0008BFAA0008A7A80008AA
:20A84000BFAA0008BFAA0008BFAA0008BFAA0008BFAA0008BFAA0008BFAA0008ADA8000884
:20A86000BFAA0008BFAA0008BFAA0008BFAA0008BFAA0008BFAA0008BFAA0008B3A800085E
:20A88000944B1B6803F02003002B09D0914B1B68DB0803F00303904A22FA03F3BB6111E107
:20A8A0008D4BBB610EE18D4BBB610BE18C4BBB6108E1884B9B6A03F003037B61854B9B6A77
:20A8C0001B0903F03F033B61824BDB6A03F00103FB60804B5B6BDB08C3F30C03FA6802FB87
:20A8E00003F307EE903AF8EE677AC7ED027A3B69002B00F0E1807B69022B00F083807B69A4
:20A90000022B00F2A1807B69002B03D07B69012B56D099E06F4B1B6803F02003002B2DD0EB
:20A920006C4B1B68DB0803F003036B4A22FA03F37B607B6807EE903AF8EE676A3B6907EE6D
:20A94000903AF8EE677A86EEA77A624B1B6BC3F3080307EE903AF8EE676A97ED026ADFEDAB
:20A96000615AC6EE257A76EEA77AF7EE006A77EEA67A67EE277AC7ED077A87E03B6907EE45
:20A98000903AF8EE677ADFED586A86EEA77A514B1B6BC3F3080307EE903AF8EE676A97ED26
:20A9A000026ADFED505AC6EE257A76EEA77AF7EE006A77EEA67A67EE277AC7ED077A65E099
:20A9C0003B6907EE903AF8EE677ADFED486A86EEA77A404B1B6BC3F3080307EE903AF8EEC3
:20A9E000676A97ED026ADFED3F5AC6EE257A76EEA77AF7EE006A77EEA67A67EE277AC7EDDB
:20AA0000077A43E03B6907EE903AF8EE677ADFED386A86EEA77A2F4B1B6BC3F3080307EEAF
:20AA2000903AF8EE676A97ED026ADFED2E5AC6EE257A76EEA77AF7EE006A77EEA67A67EE50
:20AA4000277AC7ED077A21E03B6907EE903AF8EE677ADFED266A86EEA77A1E4B1B6BC3F35F
:20AA6000080307EE903AF8EE676A97ED026ADFED1D5AC6EE257A76EEA77AF7EE006A77EE96
:20AA8000A67A67EE277AC7ED077A00BF114B1B6B5B0A03F07F0301333B603B6807EE903ABF
:20AAA000B8EE677AD7ED076AC6EE877AFCEEE77A17EE903ABB6105E00023BB6102E0074B97
:20AAC000BB6100BFBB6918462437BD465DF8047B704700BF004402580090D00300093D002A
:20AAE00040787D01000000460024744C0024744A20BCBE4B80B582B000AFFFF781FE02465C
:20AB0000104B9B691B0A03F00F030F49CB5C03F01F0322FA03F37B600A4B9B6903F00F03CD
:20AB2000094AD35C03F01F037A6822FA03F3074A1360074A7B681360044B1B6818460837B0
:20AB4000BD4680BD0044025874FD0008041000240010002480B500AFFFF7CCFF0246064BF4
:20AB6000DB691B0903F007030449CB5C03F01F0322FA03F3184680BD0044025874FD000823
:20AB80002DE9B04FCCB000AFC7F81C01002387F82F31002387F82E31D7F81C31D3E900239B
:20ABA00002F00064002554EA050349D0D7F81C31DB6EB3F5401F2FD0B3F5401F28D8B3F5A1
:20ABC000001F1AD0B3F5001F22D8002B03D0B3F5801F07D01CE0B84BDB6AB74A43F40033E0
:20ABE000D3621AE0D7F81C3108330221184602F0A1FB034687F82F310FE0D7F81C31283332
:20AC00000221184602F048FC034687F82F3104E0012387F82F3100E000BF97F82F31002BB5
:20AC20000AD1A54B1B6D23F44011D7F81C31DB6EA14A0B43136503E097F82F3187F82E3193
:20AC4000D7F81C31D3E9002302F480784FF0000958EA090347D0D7F81C31DB6D042B2AD8C9
:20AC600001A252F823F000BF7DAC00088BAC0008A1AC0008BFAC0008BFAC00088E4BDB6A4C
:20AC80008D4A43F40033D3621AE0D7F81C3108330021184602F04EFB034687F82F310FE01C
:20ACA000D7F81C3128330021184602F0F5FB034687F82F3104E0012387F82F3100E000BF0E
:20ACC00097F82F31002B0AD17B4B1B6D23F00701D7F81C31DB6D784A0B43136503E097F8B8
:20ACE0002F3187F82E31D7F81C31D3E9002302F4007A4FF0000B5AEA0B034CD0D7F81C31D7
:20AD00001B6EB3F5807F30D0B3F5807F29D8C02B2DD0C02B25D8802B18D0802B21D8002B29
:20AD200002D0402B07D01CE0634BDB6A624A43F40033D3621CE0D7F81C31083300211846F3
:20AD400002F0F8FA034687F82F3111E0D7F81C3128330021184602F09FFB034687F82F314C
:20AD600006E0012387F82F3102E000BF00E000BF97F82F31002B0AD14F4B1B6D23F4E0712B
:20AD8000D7F81C311B6E4C4A0B43136503E097F82F3187F82E31D7F81C31D3E9002302F411
:20ADA0008063C7F810310023C7F81431D7E944120B46134353D0D7F81C31D3F8AC30B3F53E
:20ADC000000F35D0B3F5000F2ED8B3F5C00F31D0B3F5C00F28D8B3F5800F1AD0B3F5800F5B
:20ADE00022D8002B03D0B3F5001F07D01CE0324BDB6A314A43F40033D3621CE0D7F81C31CD
:20AE000008330021184602F095FA034687F82F3111E0D7F81C3128330021184602F03CFBBF
:20AE2000034687F82F3106E0012387F82F3102E000BF00E000BF97F82F31002B0BD11E4B62
:20AE40009B6D23F46001D7F81C31D3F8AC301A4A0B43936503E097F82F3187F82E31D7F886
:20AE60001C31D3E9002302F40063C7F808310023C7F80C31D7E942120B46134356D0D7F886
:20AE80001C31D3F8B030B3F1806F38D0B3F1806F31D8B3F1407F34D0B3F1407F2BD8B3F112
:20AEA000007F1DD0B3F1007F25D8002B06D0B3F1807F0AD01FE000BF00440258A24BDB6AFA
:20AEC000A14A43F40033D3621CE0D7F81C3108330021184602F02EFA034687F82F3111E0E3
:20AEE000D7F81C3128330021184602F0D5FA034687F82F3106E0012387F82F3102E000BFE9
:20AF000000E000BF97F82F31002B0BD18E4B9B6D23F0E061D7F81C31D3F8B0308A4A0B437E
:20AF2000936503E097F82F3187F82E31D7F81C31D3E9002302F00073C7F800310023C7F837
:20AF40000431D7E940120B4613433AD0D7F81C31DB6C302B1FD0302B19D8202B0CD0202B8E
:20AF600015D8002B19D0102B11D1774BDB6A764A43F40033D36211E0D7F81C3108330221E2
:20AF8000184602F0D7F9034687F82F3106E0012387F82F3102E000BF00E000BF97F82F3151
:20AFA000002B0AD1684BDB6C23F03001D7F81C31DB6C654A0B43D36403E097F82F3187F865
:20AFC0002E31D7F81C31D3E9002302F48053C7F8F8300023C7F8FC30D7E93E120B461343A2
:20AFE00051D0D7F81C315B6EB3F5804F35D0B3F5804F2ED8B3F5405F31D0B3F5405F28D8C3
:20B00000B3F5005F1AD0B3F5005F22D8002B03D0B3F5805F07D01CE04B4BDB6A4A4A43F440
:20B020000033D3621CE0D7F81C3108330021184602F080F9034687F82F3111E0D7F81C3136
:20B0400028330021184602F027FA034687F82F3106E0012387F82F3102E000BF00E000BFB2
:20B0600097F82F31002B0AD1374B1B6D23F4E041D7F81C315B6E344A0B43136503E097F8FE
:20B080002F3187F82E31D7F81C31D3E9002302F40053C7F8F0300023C7F8F430D7E93C123B
:20B0A0000B46134356D0D7F81C319B6EB3F5A02F33D0B3F5A02F2CD8B3F5802F2FD0B3F5AB
:20B0C000802F26D8B3F5403F2BD0B3F5403F20D8B3F5003F12D0B3F5003F1AD8002B22D0C3
:20B0E000B3F5803F15D1D7F81C3108330121184602F020F9034687F82F3115E0D7F81C31E8
:20B1000028330121184602F0C7F9034687F82F310AE0012387F82F3106E000BF04E000BF45
:20B1200002E000BF00E000BF97F82F31002B0DD1054B1B6D23F4E021D7F81C319B6E024A76
:20B140000B43136506E000BF0044025897F82F3187F82E31D7F81C31D3E9002302F4804365
:20B16000C7F8E8300023C7F8EC30D7E93A120B46134355D0D7F81C31D3F8B430B3F1A04FC4
:20B1800033D0B3F1A04F2CD8B3F1804F2FD0B3F1804F26D8B3F1405F2BD0B3F1405F20D8B9
:20B1A000B3F1005F12D0B3F1005F1AD8002B22D0B3F1805F15D1D7F81C3108330121184658
:20B1C00002F0B8F8034687F82F3115E0D7F81C3128330121184602F05FF9034687F82F3147
:20B1E0000AE0012387F82F3106E000BF04E000BF02E000BF00E000BF97F82F31002B0BD1E4
:20B20000B64B9B6D23F0E041D7F81C31D3F8B430B24A0B43936503E097F82F3187F82E3134
:20B22000D7F81C31D3E9002302F08063C7F8E0300023C7F8E430D7E938120B4613432AD0CE
:20B24000D7F81C311B6D002B11D0B3F5807F0AD1D7F81C3108330121184602F06BF8034647
:20B2600087F82F3104E0012387F82F3100E000BF97F82F31002B0AD1984BDB6C23F4807142
:20B28000D7F81C311B6D954A0B43D36403E097F82F3187F82E31D7F81C31D3E9002302F405
:20B2A0000043C7F8D8300023C7F8DC30D7E936120B46134337D0D7F81C315B6FB3F1005FF7
:20B2C0000ED0B3F1005F16D8002B18D0B3F1805F11D1824BDB6A814A43F40033D3620FE0BC
:20B2E000D7F81C3108330121184602F023F8034687F82F3104E0012387F82F3100E000BFBC
:20B3000097F82F31002B0AD1744B1B6D23F04051D7F81C315B6F714A0B43136503E097F874
:20B320002F3187F82E31D7F81C31D3E9002302F08073C7F8D0300023C7F8D430D7E9341244
:20B340000B4613433AD0D7F81C319B6C032B1DD801A252F823F000BF95B3000869B30008C3
:20B3600077B3000895B300085C4BDB6A5B4A43F40033D3620FE0D7F81C3108330221184654
:20B3800001F0D8FF034687F82F3104E0012387F82F3100E000BF97F82F31002B0AD14F4BA8
:20B3A000DB6C23F00301D7F81C319B6C4B4A0B43D36403E097F82F3187F82E31D7F81C3126
:20B3C000D3E9002302F48003C7F8C8300023C7F8CC30D7E932120B46134300F0A080404B3A
:20B3E0001B683F4A43F480731360FBF7B5F9C7F828010BE0FBF7B0F90246D7F82831D31A39
:20B40000642B03D9032387F82F3105E0344B1B6803F48073002BEDD097F82F31002B7AD19E
:20B420002E4B1A6FD7F81C31D3F8B830534003F44073002B15D0294B1B6F23F44073C7F867
:20B440002431264B1B6F254A43F480331367234B1B6F224A23F480331367204AD7F8243193
:20B460001367D7F81C31D3F8B830B3F5807F18D1FBF772F9C7F828010DE0FBF76DF9024621
:20B48000D7F82831D21A41F288339A4203D9032387F82F3105E0114B1B6F03F00203002BFF
:20B4A000EBD097F82F31002B30D1D7F81C31D3F8B83003F44073B3F5407F15D1074B1B691A
:20B4C00023F47C51D7F81C31D3F8B8301A09054B1340024A0B4313610CE000BF004402589C
:20B4E00000480258CFFFFF00D44B1B69D34A23F47C531361D14B196FD7F81C31D3F8B83050
:20B50000C3F30B03CD4A0B43136708E097F82F3187F82E3103E097F82F3187F82E31D7F854
:20B520001C31D3E9002302F00103C7F8C0300023C7F8C430D7E930120B46134300F08B80C0
:20B54000D7F81C31D3F88030282B6BD801A252F823F000BF2DB6000825B6000825B600084E
:20B5600025B6000825B6000825B6000825B6000825B60008F9B5000825B6000825B60008E0
:20B5800025B6000825B6000825B6000825B6000825B600080FB6000825B6000825B60008A9
:20B5A00025B6000825B6000825B6000825B6000825B600082DB6000825B6000825B600086B
:20B5C00025B6000825B6000825B6000825B6000825B600082DB6000825B6000825B600084B
:20B5E00025B6000825B6000825B6000825B6000825B600082DB60008D7F81C310833012178
:20B60000184601F097FE034687F82F310FE0D7F81C3128330121184601F03EFF034687F842
:20B620002F3104E0012387F82F3100E000BF97F82F31002B0BD1814B5B6D23F03801D7F87F
:20B640001C31D3F880307D4A0B43536503E097F82F3187F82E31D7F81C31D3E9002302F0B8
:20B660000203C7F8B8300023C7F8BC30D7E92E120B46134342D0D7F81C31DB6F052B25D804
:20B6800001A252F823F000BFD5B60008A1B60008B7B60008D5B60008D5B60008D5B60008CB
:20B6A000D7F81C3108330121184601F043FE034687F82F310FE0D7F81C3128330121184673
:20B6C00001F0EAFE034687F82F3104E0012387F82F3100E000BF97F82F31002B0AD1574B4C
:20B6E0005B6D23F00701D7F81C31DB6F534A0B43536503E097F82F3187F82E31D7F81C3192
:20B70000D3E9002302F00403C7F8B0300023C7F8B430D7E92C120B46134344D0D7F81C3117
:20B72000D3F89830052B25D801A252F823F000BF7DB7000849B700085FB700087DB70008EC
:20B740007DB700087DB70008D7F81C3108330121184601F0EFFD034687F82F310FE0D7F8D7
:20B760001C3128330121184601F096FE034687F82F3104E0012387F82F3100E000BF97F8DF
:20B780002F31002B0BD12D4B9B6D23F00701D7F81C31D3F89830294A0B43936503E097F8CD
:20B7A0002F3187F82E31D7F81C31D3E9002302F02003C7F8A8300023C7F8AC30D7E92A12EA
:20B7C0000B46134357D0D7F81C31D3F89430B3F1A04F35D0B3F1A04F2CD8B3F1804F31D04D
:20B7E000B3F1804F26D8B3F1405F2DD0B3F1405F20D8B3F1005F12D0B3F1005F1AD8002B58
:20B8000024D0B3F1805F15D1D7F81C3108330021184601F08FFD034687F82F3117E0D7F88A
:20B820001C3128330221184601F036FE034687F82F310CE0012387F82F3108E0004402581D
:20B8400000BF04E000BF02E000BF00E000BF97F82F31002B0BD1C24B5B6D23F0E041D7F878
:20B860001C31D3F89430BE4A0B43536503E097F82F3187F82E31D7F81C31D3E9002302F041
:20B880004003C7F8A0300023C7F8A430D7E928120B46134355D0D7F81C31D3F8A030B3F5FB
:20B8A000A05F33D0B3F5A05F2CD8B3F5805F2FD0B3F5805F26D8B3F5406F2BD0B3F5406F27
:20B8C00020D8B3F5006F12D0B3F5006F1AD8002B22D0B3F5806F15D1D7F81C31083300215C
:20B8E000184601F027FD034687F82F3115E0D7F81C3128330221184601F0CEFD034687F83C
:20B900002F310AE0012387F82F3106E000BF04E000BF02E000BF00E000BF97F82F31002B38
:20B920000BD18F4B9B6D23F4E051D7F81C31D3F8A0308B4A0B43936503E097F82F3187F8DE
:20B940002E31D7F81C31D3E9002302F08003C7F898300023C7F89C30D7E926120B46134344
:20B9600055D0D7F81C31D3F8A430B3F5204F33D0B3F5204F2CD8B3F5004F2FD0B3F5004FC5
:20B9800026D8B3F5C04F2BD0B3F5C04F20D8B3F5804F12D0B3F5804F1AD8002B22D0B3F5C1
:20B9A000005F15D1D7F81C3108330021184601F0C1FC034687F82F3115E0D7F81C3128332A
:20B9C0000221184601F068FD034687F82F310AE0012387F82F3106E000BF04E000BF02E051
:20B9E00000BF00E000BF97F82F31002B0BD15C4B9B6D23F46041D7F81C31D3F8A430584A2F
:20BA00000B43936503E097F82F3187F82E31D7F81C31D3E9002302F00803C7F89030002396
:20BA2000C7F89430D7E924120B4613431ED0D7F81C31D3F88830B3F5805F0CD1D7F81C31D9
:20BA400028330221184601F027FD0346002B02D0012387F82E31424B5B6D23F44051D7F8E1
:20BA60001C31D3F888303E4A0B435365D7F81C31D3E9002302F01003C7F888300023C7F80F
:20BA80008C30D7E922120B4613431ED0D7F81C31D3F89C30B3F5807F0CD1D7F81C312833B3
:20BAA0000221184601F0F8FC0346002B02D0012387F82E312A4B9B6D23F44071D7F81C3177
:20BAC000D3F89C30264A0B439365D7F81C31D3E9002302F40023C7F880300023C7F8843000
:20BAE000D7E920120B46134340D0D7F81C31D3F8A830B3F5003F22D0B3F5003F1BD8002B00
:20BB000003D0B3F5803F0BD015E0D7F81C3108330021184601F00EFC034687F82F310FE033
:20BB2000D7F81C3128330221184601F0B5FC034687F82F3104E0012387F82F3100E000BFBD
:20BB400097F82F31002B0DD1054B9B6D23F44031D7F81C31D3F8A830014A0B43936505E0D8
:20BB60000044025897F82F3187F82E31D7F81C31D3E9002302F48023BB670023FB67D7E95F
:20BB80001E120B4613433BD0D7F81C31D3F88C30B3F5401F1FD0B3F5401F18D8B3F5801FEC
:20BBA00003D0B3F5001F07D011E0644BDB6A634A43F40033D3620FE0D7F81C31283301215B
:20BBC000184601F069FC034687F82F3104E0012387F82F3100E000BF97F82F31002B0BD10D
:20BBE000564B5B6D23F44011D7F81C31D3F88C30524A0B43536503E097F82F3187F82E317F
:20BC0000D7F81C31D3E9002302F480333B6700237B67D7E91C120B46134331D0D7F81C3127
:20BC20005B6D002B03D0B3F5803F07D011E0434BDB6A424A43F40033D3620EE0D7F81C3107
:20BC400008330221184601F075FB034687F82F3103E0012387F82F3100BF97F82F31002BE0
:20BC60000AD1364BDB6C23F48031D7F81C315B6D324A0B43D36403E097F82F3187F82E31C4
:20BC8000D7F81C31D3E9002302F00053BB660023FB66D7E91A120B4613430CD0D7F81C3134
:20BCA00028330221184601F0F7FB0346002B02D0012387F82E31D7F81C31D3E9002302F48C
:20BCC00000333B6600237B66D7E918120B4613433AD0D7F81C31D3F88430B3F5407F18D007
:20BCE000B3F5407F11D8B3F5007F14D0B3F5007F0BD8002B11D0B3F5807F06D10F4BDB6AB6
:20BD00000E4A43F40033D36208E0012387F82F3104E000BF02E000BF00E000BF97F82F316F
:20BD2000002B0DD1054B5B6D23F44071D7F81C31D3F88430014A0B43536505E000440258AB
:20BD400097F82F3187F82E31D7F81C31D3E9002302F48013BB650023FB65D7E916120B46B6
:20BD6000134309D0AA4B1B6D23F00041D7F81C319B6FA74A0B431365D7F81C31D3E90023EB
:20BD800002F080533B6500237B65D7E914120B4613430AD09E4B1B6923F48041D7F81C3173
:20BDA000D3F8BC309A4A0B431361D7F81C31D3E9002302F40013BB640023FB64D7E912129D
:20BDC0000B46134309D0924B1B6D23F08071D7F81C311B6F8E4A0B431365D7F81C31D3E95E
:20BDE000002302F080433B6400237B64D7E910120B4613430ED0864B1B69854A23F40043E5
:20BE00001361834B1969D7F81C31D3F8C030804A0B431361D7F81C31D3E9002302F00043CB
:20BE2000BB630023FB63D7E90E120B46134309D0774BDB6C23F04051D7F81C319B6D744A74
:20BE40000B43D364D7F81C31D3E9002302F400033B6300237B63D7E90C120B4613430AD06B
:20BE60006B4B5B6D23F44001D7F81C31D3F89030674A0B435365D7F81C31D3E90023002172
:20BE8000B96203F00103FB62D7E90A120B46134311D0D7F81C3108330021184601F04AFAC4
:20BEA000034687F82F3197F82F31002B03D097F82F3187F82E31D7F81C31D3E90023002184
:20BEC000396203F002037B62D7E908120B46134311D0D7F81C3108330121184601F02AFAA4
:20BEE000034687F82F3197F82F31002B03D097F82F3187F82E31D7F81C31D3E90023002144
:20BF0000B96103F00403FB61D7E906120B46134311D0D7F81C3108330221184601F00AFA84
:20BF2000034687F82F3197F82F31002B03D097F82F3187F82E31D7F81C31D3E90023002103
:20BF4000396103F008037B61D7E904120B46134311D0D7F81C3128330021184601F09CFA92
:20BF6000034687F82F3197F82F31002B03D097F82F3187F82E31D7F81C31D3E900230021C3
:20BF8000B96003F01003FB60D7E902120B46134311D0D7F81C3128330121184601F07CFA6D
:20BFA000034687F82F3197F82F31002B03D097F82F3187F82E31D7F81C31D3E90023002183
:20BFC000396003F020037B60D7E900120B46134311D0D7F81C3128330221184601F05CFA3E
:20BFE000034687F82F3197F82F31002B03D097F82F3187F82E3197F82E31002B01D1002351
:20C0000000E00123184607F59877BD46BDE8B08F0044025880B590B000AFC7E90001D7E999
:20C020000023A2F580710B4340F094809E4B1B6D03F007033B633B6B042B00F2878001A246
:20C0400052F823F059C0000881C00008A9C0000845C10008D1C00008934B1B6803F000733A
:20C06000B3F1007F08D107F12403184601F010F8BB6AFB6300F045BD0023FB6300F041BD6A
:20C08000894B1B6803F00063B3F1006F08D107F11803184600F054FDBB69FB6300F031BDF5
:20C0A0000023FB6300F02DBD7F4B1B6803F00053B3F1005F08D107F10C03184600F094FECF
:20C0C000FB68FB6300F01DBD0023FB6300F019BD754BDB6C03F040537B63734B1B6803F0EF
:20C0E0000403042B0CD17B6B002B09D16E4B1B68DB0803F003036D4A22FA03F3FB631FE004
:20C10000694B1B6803F48073B3F5807F06D17B6BB3F1805F02D1664BFB6311E0624B1B6814
:20C1200003F40033B3F5003F06D17B6BB3F1005F02D1604BFB6303E00023FB6300F0E1BC61
:20C1400000F0DFBC5C4BFB6300F0DBBC0023FB6300F0D7BCD7E90023A2F500710B4340F05B
:20C16000AD80514B1B6D03F4E0733B633B6BB3F5807F56D03B6BB3F5807F00F290803B6B1E
:20C18000C02B00F088803B6BC02B00F288803B6B802B32D03B6B802B00F281803B6B002BC9
:20C1A00003D03B6B402B14D079E03F4B1B6803F00073B3F1007F08D107F12403184600F082
:20C1C00067FFBB6AFB6300F09CBC0023FB6300F098BC354B1B6803F00063B3F1006F08D124
:20C1E00007F11803184600F0ABFCBB69FB6300F088BC0023FB6300F084BC2B4B1B6803F0E4
:20C200000053B3F1005F08D107F10C03184600F0EBFDFB68FB6300F074BC0023FB6300F060
:20C2200070BC214BDB6C03F040537B631E4B1B6803F00403042B0CD17B6B002B09D11A4B79
:20C240001B68DB0803F00303184A22FA03F3FB631FE0154B1B6803F48073B3F5807F06D163
:20C260007B6BB3F1805F02D1114BFB6311E00E4B1B6803F40033B3F5003F06D17B6BB3F189
:20C28000005F02D10B4BFB6303E00023FB6300F038BC00F036BC084BFB6300F032BC0023DC
:20C2A000FB6300F02EBC00BF004402580090D00300093D0040787D010080BB00D7E90023EC
:20C2C000A2F580610B4340F09C809E4B9B6D03F460033B633B6BB3F5000F54D03B6BB3F594
:20C2E000000F00F28B803B6BB3F5C00F00F083803B6BB3F5C00F00F281803B6BB3F5800F35
:20C300002FD03B6BB3F5800F78D83B6B002B04D03B6BB3F5001F12D070E08A4B1B6803F062
:20C320000073B3F1007F07D107F12403184600F0AFFEBB6AFB63E4E30023FB63E1E3814B1A
:20C340001B6803F00063B3F1006F07D107F11803184600F0F5FBBB69FB63D2E30023FB6310
:20C36000CFE3784B1B6803F00053B3F1005F07D107F10C03184600F037FDFB68FB63C0E3B7
:20C380000023FB63BDE36F4BDB6C03F040537B636C4B1B6803F00403042B0CD17B6B002BC6
:20C3A00009D1684B1B68DB0803F00303664A22FA03F3FB631EE0634B1B6803F48073B3F5B0
:20C3C000807F06D17B6BB3F1805F02D15F4BFB6310E05C4B1B6803F40033B3F5003F06D141
:20C3E0007B6BB3F1005F02D1594BFB6302E00023FB6386E385E3574BFB6382E30023FB6365
:20C400007FE3D7E90023A2F500610B4340F0A7804C4B9B6D03F0E0633B633B6BB3F1806F8E
:20C4200055D03B6BB3F1806F00F296803B6BB3F1407F00F084803B6BB3F1407F00F28C8092
:20C440003B6BB3F1007F30D03B6BB3F1007F00F283803B6B002B04D03B6BB3F1807F12D085
:20C460007AE0384B1B6803F00073B3F1007F07D107F12403184600F00BFEBB6AFB6340E3DF
:20C480000023FB633DE32F4B1B6803F00063B3F1006F07D107F11803184600F051FBBB69EC
:20C4A000FB632EE30023FB632BE3264B1B6803F00053B3F1005F07D107F10C03184600F014
:20C4C00093FCFB68FB631CE30023FB6319E31D4BDB6C03F040537B631A4B1B6803F004039B
:20C4E000042B0CD17B6B002B09D1164B1B68DB0803F00303144A22FA03F3FB631EE0114B5D
:20C500001B6803F48073B3F5807F06D17B6BB3F1805F02D10D4BFB6310E00A4B1B6803F47F
:20C520000033B3F5003F06D17B6BB3F1005F02D1074BFB6302E00023FB63E2E2E1E2054B64
:20C54000FB63DEE2004402580090D00300093D0040787D010080BB000023FB63D1E2D7E911
:20C560000023A2F580510B4340F09C80934B1B6D03F4E043BB63BB6BB3F5804F54D0BB6B11
:20C58000B3F5804F00F28B80BB6BB3F5405F00F08380BB6BB3F5405F00F28180BB6BB3F599
:20C5A000005F2FD0BB6BB3F5005F78D8BB6B002B04D0BB6BB3F5805F12D070E07F4B1B684F
:20C5C00003F00073B3F1007F07D107F12403184600F05EFDBB6AFB6393E20023FB6390E247
:20C5E000764B1B6803F00063B3F1006F07D107F11803184600F0A4FABB69FB6381E20023AF
:20C60000FB637EE26D4B1B6803F00053B3F1005F07D107F10C03184600F0E6FBFB68FB6309
:20C620006FE20023FB636CE2644BDB6C03F040537B63624B1B6803F00403042B0CD17B6B64
:20C64000002B09D15D4B1B68DB0803F003035C4A22FA03F3FB631EE0584B1B6803F48073AA
:20C66000B3F5807F06D17B6BB3F1805F02D1554BFB6310E0514B1B6803F40033B3F5003FE2
:20C6800006D17B6BB3F1005F02D14F4BFB6302E00023FB6335E234E24C4BFB6331E2002354
:20C6A000FB632EE2D7E90023A2F500510B4340F08F80424B1B6D03F4E023BB63BB6BB3F5B9
:20C6C000A02F6BD0BB6BB3F5A02F74D8BB6BB3F5802F56D0BB6BB3F5802F6CD8BB6BB3F535
:20C6E000403F3BD0BB6BB3F5403F64D8BB6BB3F5003F21D0BB6BB3F5003F5CD8BB6B002B97
:20C7000004D0BB6BB3F5803F04D054E0FEF722FAF863F6E1294B1B6803F00063B3F1006F0D
:20C7200007D107F11803184600F00AFAFB69FB63E7E10023FB63E4E1204B1B6803F00053B8
:20C74000B3F1005F07D107F10C03184600F04CFB3B69FB63D5E10023FB63D2E1174B1B6891
:20C7600003F00403042B09D1144B1B68DB0803F00303134A22FA03F3FB63C2E10023FB6307
:20C78000BFE10E4B1B6803F48073B3F5807F02D10C4BFB63B5E10023FB63B2E1074B1B6885
:20C7A00003F40033B3F5003F02D1074BFB63A8E10023FB63A5E10023FB63A2E100440258B3
:20C7C0000090D00300093D0040787D010080BB00D7E90023A2F500210B4373D19C4B9B6D23
:20C7E00003F44033BB63BB6BB3F5003F2FD0BB6BB3F5003F63D8BB6B002B04D0BB6BB3F56A
:20C80000803F12D05BE0924B1B6803F00063B3F1006F07D107F11803184600F091F9BB698C
:20C82000FB636EE10023FB636BE1894B1B6803F00053B3F1005F07D107F10C03184600F0B1
:20C84000D3FA7B69FB635CE10023FB6359E1804BDB6C03F040537B637D4B1B6803F0040316
:20C86000042B0CD17B6B002B09D1794B1B68DB0803F00303774A22FA03F3FB631EE0744BB0
:20C880001B6803F48073B3F5807F06D17B6BB3F1805F02D1704BFB6310E06D4B1B6803F436
:20C8A0000033B3F5003F06D17B6BB3F1005F02D16A4BFB6302E00023FB6322E121E100232D
:20C8C000FB631EE1D7E90023A2F580310B4333D15F4BDB6C03F48033BB63BB6B002B04D0A0
:20C8E000BB6BB3F5803F12D023E0594B1B6803F00073B3F1007F07D107F12403184600F0D1
:20C90000C7FBBB6AFB63FCE00023FB63F9E0504B1B6803F00063B3F1006F07D107F118032A
:20C92000184600F00DF93B6AFB63EAE00023FB63E7E00023FB63E4E0D7E90023A2F580410E
:20C940000B4340F08D80424B9B6D03F0E043BB63BB6BB3F1A04F6BD0BB6BB3F1A04F74D88A
:20C96000BB6BB3F1804F56D0BB6BB3F1804F6CD8BB6BB3F1405F3BD0BB6BB3F1405F64D802
:20C98000BB6BB3F1005F21D0BB6BB3F1005F5CD8BB6B002B04D0BB6BB3F1805F04D054E04A
:20C9A00000F0B8F8F863ACE0294B1B6803F00063B3F1006F07D107F11803184600F0C0F89F
:20C9C000FB69FB639DE00023FB639AE0204B1B6803F00053B3F1005F07D107F10C031846A9
:20C9E00000F002FA3B69FB638BE00023FB6388E0174B1B6803F00403042B09D1144B1B682B
:20CA0000DB0803F00303134A22FA03F3FB6378E00023FB6375E00E4B1B6803F48073B3F5D1
:20CA2000807F02D10C4BFB636BE00023FB6368E0074B1B6803F40033B3F5003F02D1074B50
:20CA4000FB635EE00023FB635BE00023FB6358E0004402580090D00300093D0040787D0148
:20CA6000D7E90023A2F500410B4348D1274B1B6D03F04053BB63BB6BB3F1005F2AD0BB6BAD
:20CA8000B3F1005F38D8BB6B002B04D0BB6BB3F1805F0DD030E01D4B1B6803F40033B3F50B
:20CAA000003F02D11A4BFB632BE00023FB6328E0164B1B6803F00073B3F1007F07D107F1D0
:20CAC0002403184600F0E4FABB6AFB6319E00023FB6316E00D4B1B6803F00063B3F1006FCC
:20CAE00007D107F11803184600F02AF8FB69FB6307E00023FB6304E00023FB6301E0002348
:20CB0000FB63FB6B18464037BD4680BD0044025840787D0180B500AFFDF7ECFF0246064B0C
:20CB20001B6A1B0903F007030449CB5C03F01F0322FA03F3184680BD0044025874FD000802
:20CB400080B489B000AF7860A14B9B6A03F00303BB619F4B9B6A1B0B03F03F037B619C4BCE
:20CB6000DB6A1B0903F001033B61994BDB6BDB08C3F30C033A6902FB03F307EE903AF8EEAC
:20CB8000677AC7ED037A7B69002B00F01181BB69022B00F08380BB69022B00F2A180BB6926
:20CBA000002B03D0BB69012B56D099E0884B1B6803F02003002B2DD0854B1B68DB0803F0CB
:20CBC0000303844A22FA03F3BB60BB6807EE903AF8EE676A7B6907EE903AF8EE677A86EEDD
:20CBE000A77A7B4B9B6BC3F3080307EE903AF8EE676A97ED036ADFED785AC6EE257A76EECB
:20CC0000A77AF7EE006A77EEA67A67EE277AC7ED077A87E07B6907EE903AF8EE677ADFED57
:20CC20006F6A86EEA77A6A4B9B6BC3F3080307EE903AF8EE676A97ED036ADFED675AC6EE62
:20CC4000257A76EEA77AF7EE006A77EEA67A67EE277AC7ED077A65E07B6907EE903AF8EEE3
:20CC6000677ADFED5F6A86EEA77A594B9B6BC3F3080307EE903AF8EE676A97ED036ADFED0B
:20CC8000565AC6EE257A76EEA77AF7EE006A77EEA67A67EE277AC7ED077A43E07B6907EE11
:20CCA000903AF8EE677ADFED4F6A86EEA77A484B9B6BC3F3080307EE903AF8EE676A97ED75
:20CCC000036ADFED455AC6EE257A76EEA77AF7EE006A77EEA67A67EE277AC7ED077A21E0A4
:20CCE0007B6907EE903AF8EE677ADFED3D6A86EEA77A374B9B6BC3F3080307EE903AF8EED4
:20CD0000676A97ED036ADFED345AC6EE257A76EEA77AF7EE006A77EEA67A67EE277AC7EDA1
:20CD2000077A00BF2A4B9B6B5B0A03F07F0307EE903AF8EE677AB7EE007A37EE877AD7EDCF
:20CD4000076AC6EE877AFCEEE77A17EE902A7B681A601F4B9B6B1B0C03F07F0307EE903A7B
:20CD6000F8EE677AB7EE007A37EE877AD7ED076AC6EE877AFCEEE77A17EE902A7B685A6016
:20CD8000134B9B6B1B0E03F07F0307EE903AF8EE677AB7EE007A37EE877AD7ED076AC6EEDD
:20CDA000877AFCEEE77A17EE902A7B689A6008E07B6800221A607B6800225A607B68002260
:20CDC0009A6000BF2437BD465DF8047B704700BF004402580090D003000000460024744CC7
:20CDE0000024744A20BCBE4B80B489B000AF7860A14B9B6A03F00303BB619F4B9B6A1B0D5B
:20CE000003F03F037B619C4BDB6A1B0A03F001033B61994B5B6CDB08C3F30C033A6902FB2A
:20CE200003F307EE903AF8EE677AC7ED037A7B69002B00F01181BB69022B00F08380BB694C
:20CE4000022B00F2A180BB69002B03D0BB69012B56D099E0884B1B6803F02003002B2DD0ED
:20CE6000854B1B68DB0803F00303844A22FA03F3BB60BB6807EE903AF8EE676A7B6907EE16
:20CE8000903AF8EE677A86EEA77A7B4B1B6CC3F3080307EE903AF8EE676A97ED036ADFED2B
:20CEA000785AC6EE257A76EEA77AF7EE006A77EEA67A67EE277AC7ED077A87E07B6907EE89
:20CEC000903AF8EE677ADFED6F6A86EEA77A6A4B1B6CC3F3080307EE903AF8EE676A97ED90
:20CEE000036ADFED675AC6EE257A76EEA77AF7EE006A77EEA67A67EE277AC7ED077A65E01C
:20CF00007B6907EE903AF8EE677ADFED5F6A86EEA77A594B1B6CC3F3080307EE903AF8EEEC
:20CF2000676A97ED036ADFED565AC6EE257A76EEA77AF7EE006A77EEA67A67EE277AC7ED5D
:20CF4000077A43E07B6907EE903AF8EE677ADFED4F6A86EEA77A484B1B6CC3F3080307EED9
:20CF6000903AF8EE676A97ED036ADFED455AC6EE257A76EEA77AF7EE006A77EEA67A67EED3
:20CF8000277AC7ED077A21E07B6907EE903AF8EE677ADFED3D6A86EEA77A374B1B6CC3F389
:20CFA000080307EE903AF8EE676A97ED036ADFED345AC6EE257A76EEA77AF7EE006A77EE19
:20CFC000A67A67EE277AC7ED077A00BF2A4B1B6C5B0A03F07F0307EE903AF8EE677AB7EE46
:20CFE000007A37EE877AD7ED076AC6EE877AFCEEE77A17EE902A7B681A601F4B1B6C1B0C28
:20D0000003F07F0307EE903AF8EE677AB7EE007A37EE877AD7ED076AC6EE877AFCEEE77A9B
:20D0200017EE902A7B685A60134B1B6C1B0E03F07F0307EE903AF8EE677AB7EE007A37EE47
:20D04000877AD7ED076AC6EE877AFCEEE77A17EE902A7B689A6008E07B6800221A607B68B4
:20D0600000225A607B6800229A6000BF2437BD465DF8047B704700BF004402580090D0036D
:20D08000000000460024744C0024744A20BCBE4B80B489B000AF7860A04B9B6A03F00303C2
:20D0A000BB619E4B9B6A1B0903F03F037B619B4BDB6A03F001033B61984B5B6BDB08C3F331
:20D0C0000C033A6902FB03F307EE903AF8EE677AC7ED037A7B69002B00F01181BB69022B12
:20D0E00000F08380BB69022B00F2A180BB69002B03D0BB69012B56D099E0884B1B6803F07F
:20D100002003002B2DD0854B1B68DB0803F00303834A22FA03F3BB60BB6807EE903AF8EED3
:20D12000676A7B6907EE903AF8EE677A86EEA77A7A4B1B6BC3F3080307EE903AF8EE676A9D
:20D1400097ED036ADFED775AC6EE257A76EEA77AF7EE006A77EEA67A67EE277AC7ED077A6A
:20D1600087E07B6907EE903AF8EE677ADFED6E6A86EEA77A694B1B6BC3F3080307EE903AEB
:20D18000F8EE676A97ED036ADFED665AC6EE257A76EEA77AF7EE006A77EEA67A67EE277AB9
:20D1A000C7ED077A65E07B6907EE903AF8EE677ADFED5E6A86EEA77A584B1B6BC3F3080378
:20D1C00007EE903AF8EE676A97ED036ADFED555AC6EE257A76EEA77AF7EE006A77EEA67AC1
:20D1E00067EE277AC7ED077A43E07B6907EE903AF8EE677ADFED4E6A86EEA77A474B1B6B46
:20D20000C3F3080307EE903AF8EE676A97ED036ADFED445AC6EE257A76EEA77AF7EE006A55
:20D2200077EEA67A67EE277AC7ED077A21E07B6907EE903AF8EE677ADFED3B6A86EEA77ACD
:20D24000364B1B6BC3F3080307EE903AF8EE676A97ED036ADFED335AC6EE257A76EEA77A6E
:20D26000F7EE006A77EEA67A67EE277AC7ED077A00BF2A4B1B6B5B0A03F07F0307EE903A5C
:20D28000F8EE677AB7EE007A37EE877AD7ED076AC6EE877AFCEEE77A17EE902A7B681A6031
:20D2A0001E4B1B6B1B0C03F07F0307EE903AF8EE677AB7EE007A37EE877AD7ED076AC6EE2F
:20D2C000877AFCEEE77A17EE902A7B685A60134B1B6B1B0E03F07F0307EE903AF8EE677A9E
:20D2E000B7EE007A37EE877AD7ED076AC6EE877AFCEEE77A17EE902A7B689A6008E07B684D
:20D3000000221A607B6800225A607B6800229A6000BF2437BD465DF8047B7047004402586D
:20D320000090D003000000460024744C0024744A20BCBE4B80B584B000AF786039600023ED
:20D34000FB73534B9B6A03F00303032B01D1012399E04F4B1B684E4A23F080631360F9F718
:20D36000FBF9B86008E0F9F7F7F90246BB68D31A022B01D9032386E0454B1B6803F0006385
:20D38000002BF0D1424B9B6A23F47C327B681B681B033F4913438B627B685B68013BC3F363
:20D3A00008027B689B68013B5B029BB21A437B68DB68013B1B0403F4FE031A437B681B69FD
:20D3C000013B1B0603F0FE43314913438B63304BDB6A23F0C0027B685B692D491343CB62C9
:20D3E0002B4BDB6A23F020027B689B6928491343CB62274BDB6A264A23F01003D362244B71
:20D40000DA6B244B13407A68D269D20020491343CB631F4BDB6A1E4A43F01003D3623B68F4
:20D42000002B06D11A4BDB6A194A43F40023D3620FE03B68012B06D1154BDB6A144A43F47F
:20D440008013D36205E0124BDB6A114A43F40013D3620F4B1B680E4A43F080631360F9F7F5
:20D460007BF9B86008E0F9F777F90246BB68D31A022B01D9032306E0054B1B6803F0006344
:20D48000002BF0D0FB7B18461037BD4680BD00BF004402580700FFFF80B584B000AF7860F4
:20D4A00039600023FB73534B9B6A03F00303032B01D1012399E04F4B1B684E4A23F080536E
:20D4C0001360F9F749F9B86008E0F9F745F90246BB68D31A022B01D9032386E0454B1B687B
:20D4E00003F00053002BF0D1424B9B6A23F07C727B681B681B053F4913438B627B685B6870
:20D50000013BC3F308027B689B68013B5B029BB21A437B68DB68013B1B0403F4FE031A4310
:20D520007B681B69013B1B0603F0FE43314913430B64304BDB6A23F440627B685B692D491E
:20D540001343CB622B4BDB6A23F400727B689B6928491343CB62274BDB6A264A23F48073F8
:20D56000D362244B5A6C244B13407A68D269D200204913434B641F4BDB6A1E4A43F48073E1
:20D58000D3623B68002B06D11A4BDB6A194A43F48003D3620FE03B68012B06D1154BDB6A7B
:20D5A000144A43F40003D36205E0124BDB6A114A43F08073D3620F4B1B680E4A43F0805326
:20D5C0001360F9F7C9F8B86008E0F9F7C5F80246BB68D31A022B01D9032306E0054B1B683C
:20D5E00003F00053002BF0D0FB7B18461037BD4680BD00BF004402580700FFFF80B586B0D2
:20D6000000AFF860B9607A603B60BB68022B04D9BB68033B012B12D808E03B687A68B96843
:20D62000F86800F077FE0346FB750BE03B687A68B968F86800F020FF0346FB7502E00123AD
:20D64000FB7500BFFB7D002B04D1F86800F008F80346FB75FB7D18461837BD4680BD0000B5
:20D6600080B58AB000AF78607B68002B01D101238EE2F9F7A1F87B6893F83830012B13D1D1
:20D680007B681B68964A934204D07B681B68954A934207D17B685B68012B03D17B685B6C59
:20D6A000002B01D0012373E27B681B688C4A934204D07B681B688C4A934202D18B4BBB613A
:20D6C00028E07B681B688A4A934204D07B681B68884A934202D1884BBB611BE07B681B682F
:20D6E000864A934204D07B681B68854A934202D1844BBB610EE07B681B687A4A934204D028
:20D700007B681B68804A934202D1804BBB6101E001233DE27B6893F89130DBB2002B06D168
:20D720007B68002283F890207868F8F71DFE786800F05CFF0346002B01D0012328E27B684E
:20D74000022283F891207B68DB68022B0CD0022B0DD8002B02D0012B03D008E000237B6254
:20D7600008E010237B6205E020237B6202E000237B6200BF7B689B68052B32D801A252F8FE
:20D7800023F000BF9DD70008A3D70008ABD70008B3D70008C3D70008D3D700080023FB61CA
:20D7A00022E04FF48063FB611EE04FF40063FB611AE04FF40063FB617B6A43F001037B62F0
:20D7C00012E04FF40063FB617B6A43F002037B620AE04FF40063FB617B6A43F003037B6274
:20D7E00002E00023FB6100BFBB697A6A1A607B681B6A002B00F0C58000237B617B681B685A
:20D80000374A934204D07B681B68374A934206D14FF480704FF00001FEF7FCFB78617B6830
:20D820001B68334A934204D07B681B68314A934206D14FF400704FF00001FEF7EBFB78610B
:20D840007B681B682D4A934204D07B681B682C4A934206D14FF400704FF00001FEF7DAFBFD
:20D8600078617B681B681F4A934206D14FF480604FF00001FEF7CEFB78617B681B68224A88
:20D88000934206D14FF400604FF00001FEF7C2FB78617B689B69B3F5002F39D17B685B6CFC
:20D8A000042B02D14023FB600AE07B685B6C082B03D14FF48073FB6002E07B685B6DFB6094
:20D8C0007A6913469B0013445B0019467B681B6AFA6802FB03F3B1FBF3F33B6130E000BFA6
:20D8E00004580140045400582458014000580140045C0140245C0140005C014004600140E1
:20D90000246001400060014024540058005400587B689B6AB3F1806F01D1022300E00123AF
:20D92000BB607A6913469B0013445B0019467B681B6ABA6802FB03F31B02B1FBF3F33B611C
:20D940003B69954AA2FB0323DA087B685A623969914BA3FB0123DA0813469B0013445B0038
:20D96000CA1A082A04D97B685B6A5A1C7B685A627B685B6C042B04D17B685B6A5A087B685C
:20D980005A627B685B68002B03D07B685B68022B09D17B681B6D012B01D1002301E04FF4CA
:20D9A00000733B6208E07B681B6D012B02D14FF4007300E000233B62F8F7FEFE0346B3F5D3
:20D9C000005F31D37B681B6819687B681A68734B0B4013607B681B6819687B685A687B68AD
:20D9E0005B6C1A437B689B6C1A437B68DB6C1A433B6A1A43FB691A437B68DB6A1A437B680A
:20DA00005B691A437B689B691A437B685B6A1B051A437B689B6A1A437B681B691A437B6890
:20DA20001B680A431A602DE07B681B6819687B681A685B4B0B4013607B681B6819687B6815
:20DA40005A687B685B6C1A437B689B6C1A437B68DB6C1A433B6A1A43FB691A437B68DB6A44
:20DA60001A437B685B691A437B689B691A437B685B6A1B051A437B689B6A1A437B681B6831
:20DA80000A431A607B681B6859687B681A68454B0B4053607B681B6859687B68DA697B6875
:20DAA0001B6B1A437B685B6B1A437B681B680A435A607B681B6899687B681A683A4B0B4074
:20DAC00093607B681B6899687B685B6D5A1E7B685B6E1A437B68DB6D1A437B681B6E1A436F
:20DAE0007B689B6D013B1B021A437B681B680A439A607B681B68D9687B681A684FF2200368
:20DB00000B40D3607B681B68D9687B689A6E7B68DB6E1A437B685B6F1B041A437B681B6FD6
:20DB2000013B1B021A437B681B680A43DA607B681B681E4A934204D07B681B681C4A93422A
:20DB400019D1BB695B6C23F00102BB695A647B6893F83830012B0ED17B681A6C7B68DB6B85
:20DB6000013B1B011A43BB695A64BB695B6C43F00102BB695A647B680022C3F894207B68B4
:20DB8000012283F891207B68002283F89020002318462837BD4680BDCDCCCCCC10C005F0F0
:20DBA00010C005F8F01FFFFF0080F8FF045801400454005880B584B000AF78600023FB7346
:20DBC0007B6893F89030012B01D102237DE07B68012283F89020786800F008FD0346002B1D
:20DBE00001D00123FB737B681B681B6803F40033B3F5003F4FD17B681B681A687B681B685A
:20DC000022F400321A607B6893F89130DBB2122B1DD17B68D3F88030002B18D07B68D3F83C
:20DC200080301846F9F722FD0346002B0FD07B68D3F880305B6D802B09D00123FB737B6855
:20DC4000D3F8943043F080027B68C3F894207B6893F89130DBB2222B1DD17B68D3F88430D5
:20DC6000002B18D07B68D3F884301846F9F7FEFC0346002B0FD07B68D3F884305B6D802BBF
:20DC800009D00123FB737B68D3F8943043F080027B68C3F894207B681B6800221A617B68BA
:20DCA0001B684FF0FF329A617B681B685A687B681B6842F008025A607B68012283F89120C0
:20DCC0007B68002283F89020FB7B18461037BD4680BD000080B586B000AFF860B9601346D5
:20DCE000FB80F8F739FD7861BB68002B02D0FB88002B01D1012398E0FB6893F89130DBB233
:20DD0000012B40F09180FB6893F89030012B01D102238AE0FB68012283F89020FB68BA6825
:20DD20009A67FB68FA88A3F87C20FB68FA88A3F87E20FB680022C3F89420FB68122283F8A2
:20DD40009120FB68D3F880303A4A1A64FB68D3F88030394ADA63FB68D3F88030374ADA64F7
:20DD6000FB68D3F8803000221A65FB68D3F88000FB689B6F1946FB681B681C331A46FB68B2
:20DD8000B3F87C30F9F708FA0346002B05D0FB68002283F89020012347E00021F86800F085
:20DDA000EDFB0146FB681B681A69FB681B680A431A61FB681B681A68FB681B6842F4003267
:20DDC0001A6015E0F8F7C8FC02467B69D31AB3F57A7F0DD9FB68D3F8943043F04002FB68B7
:20DDE000C3F89420FB68002283F8902003231CE0FB681B685B6903F4E023002BE2D0FB68FE
:20DE00001B681B6803F48033002B07D1FB681B681A68FB681B6842F480321A60FB6800221A
:20DE200083F89020002300E0022318461837BD4680BD00BFC1E6000861E6000859E700089D
:20DE400080B584B000AFF860B9601346FB80BB68002B02D0FB88002B01D1012379E0FB68E5
:20DE600093F89130DBB2012B72D1FB6893F89030012B01D102236CE0FB68012283F890208C
:20DE8000FB68BA689A67FB68FA88A3F87C20FB68FA88A3F87E20FB680022C3F89420FB686B
:20DEA000222283F89120FB68D3F884302B4A1A64FB68D3F884302A4ADA63FB68D3F88430A8
:20DEC000284ADA64FB68D3F8843000221A65FB68D3F88400FB681B681C331946FB689B6F5C
:20DEE0001A46FB68B3F87C30F9F756F90346002B05D0FB68002283F89020012329E0002182
:20DF0000F86800F03BFB0146FB681B681A69FB681B680A431A61FB681B681A68FB681B68CF
:20DF200042F400321A60FB681B681B6803F48033002B07D1FB681B681A68FB681B6842F465
:20DF400080321A60FB68002283F89020002300E0022318461037BD4680BD00BF3DE70008ED
:20DF6000DDE6000859E7000880B586B000AF78607B6893F89130DBB2002B00F0A7817B68BA
:20DF80001B685B697B617B681B681B693B617B681B681B68FB607B6903F00803002B0AD0AD
:20DFA0003B6903F00803002B05D07B68D3F88C30786898478AE17B6903F00103002B1ED037
:20DFC0003B6903F00103002B19D07B681B6801229A617B6893F89130DBB2222B01D101230F
:20DFE00000E00223BB607B68D3F89420BB681A437B68C3F89420786800F082F966E17B6957
:20E0000003F00203002B13D03B6903F00203002B0ED07B681B6802229A617B68D3F888306A
:20E02000002B00F053817B68D3F8883098474DE17B6903F02003002B5BD03B6903F0200374
:20E04000002B56D07B681B6820229A617B68D3F8943043F004027B68C3F89420FB6803F475
:20E060000033002B3ED07B68D3F88030002B18D07B68D3F88030974A1A657B68D3F88030A7
:20E080001846F9F711FE0346002B0AD07B68D3F8943043F080027B68C3F89420786800F08C
:20E0A0002FF97B68D3F88430002B00F00A817B68D3F88430874A1A657B68D3F884301846BE
:20E0C000F9F7F2FD0346002B00F0FB807B68D3F8943043F080027B68C3F89420786800F039
:20E0E0000FF9EEE07868FFF765FD786800F008F9E7E07B6903F04003002B5BD03B6903F073
:20E100004003002B56D07B681B6840229A617B68D3F8943043F008027B68C3F89420FB6844
:20E1200003F40033002B3ED07B68D3F88030002B18D07B68D3F88030664A1A657B68D3F8D0
:20E1400080301846F9F7B0FD0346002B0AD07B68D3F8943043F080027B68C3F8942078686D
:20E1600000F0CEF87B68D3F88430002B00F0AB807B68D3F88430574A1A657B68D3F884305D
:20E180001846F9F791FD0346002B00F09C807B68D3F8943043F080027B68C3F894207868CA
:20E1A00000F0AEF88FE07868FFF704FD786800F0A7F888E07B6903F00403002B67D03B69C8
:20E1C00003F00403002B62D07B681B6804229A617B68D3F8943043F020027B68C3F8942048
:20E1E000FB6803F40033002B3CD07B68D3F88030002B18D07B68D3F88030364A1A657B68AA
:20E20000D3F880301846F9F74FFD0346002B0AD07B68D3F8943043F080027B68C3F8942022
:20E22000786800F06DF87B68D3F88430002B4CD07B68D3F88430274A1A657B68D3F884304C
:20E240001846F9F731FD0346002B3ED07B68D3F8943043F080027B68C3F89420786800F077
:20E260004FF832E07B681B6800221A617B681B684FF0FF329A617B68012283F891207B685C
:20E280000022A3F87E20786800F03AF81DE07B6903F01003002B19D03B6903F01003002B51
:20E2A00014D07B681B6810229A617B68D3F8943043F010027B68C3F89420786800F020F8F6
:20E2C00004E000BF02E000BF00E000BF00BF1837BD4680BDB7E7000880B483B000AF786079
:20E2E00000BF0C37BD465DF8047B704780B483B000AF786000BF0C37BD465DF8047B704710
:20E3000080B483B000AF786000BF0C37BD465DF8047B704780B487B000AFF860B9607A601A
:20E320003B600023FB75FB6800225A64FB680022DA64FB685B68002B03D0FB685B68022B32
:20E3400003D1FB6800221A6502E0FB6801221A65FB684FF48032DA65FB684FF6FF725A678D
:20E36000FB6800229A66FB683A681A673B6803F00103002B01D0012377E0BB68002B07D15B
:20E38000FB6800221A66FB684FF480225A6606E0FB684FF400321A66FB6800225A667B680A
:20E3A000032B4FD801A252F823F000BFBDE30008DFE3000801E4000823E40008FB688022D6
:20E3C0009A643B685B085A01FB685A653B685B081A01FB689A65FB684022DA6635E0FB68BC
:20E3E00080229A643B685B089A01FB685A653B685B085A01FB689A65FB688022DA6624E0AE
:20E40000FB68C0229A643B685B089A01FB685A653B685B085A01FB689A65FB688022DA66EE
:20E4200013E0FB68E0229A643B685B089A01FB685A653B685B085A01FB689A65FB688022FB
:20E44000DA6602E00123FB7500BFBB68022B0BD17B68012B02D1FB6810229A667B68022B94
:20E4600002D1FB6808229A66FB7D18461C37BD465DF8047B704700BF80B487B000AFF86054
:20E48000B9607A603B600023FB75FB6800225A64FB680022DA64FB685B68002B03D0FB68CE
:20E4A0005B68022B03D1FB6801221A6502E0FB6800221A65FB680022DA65FB684FF4003211
:20E4C0001A66FB684FF480225A66FB6800229A66FB683A681A67FB684FF6FF725A67BB68AC
:20E4E000042B03D1FB6801229A6502E0FB680D229A657B68032B37D801A252F823F000BF42
:20E5000011E5000827E500083DE5000853E50008FB6880229A643B681A01FB685A65FB6839
:20E520004022DA6623E0FB6880229A643B685A01FB685A65FB688022DA6618E0FB68C02291
:20E540009A643B685A01FB685A65FB688022DA660DE0FB68E0229A643B685A01FB685A65E8
:20E56000FB688022DA6602E00123FB7500BFFB7D18461C37BD465DF8047B704780B485B001
:20E5800000AF78600B46FB700123FB60FB78012B03D1FB6843F00803FB607B685B6C082B6D
:20E5A0000BD17B685B68032B03D07B685B68012B03D1FB6843F01003FB607B685B68032B5A
:20E5C00003D07B685B68022B04D1FB6843F06003FB6003E0FB6843F00403FB60FB681846D0
:20E5E0001437BD465DF8047B7047000080B485B000AF7860184B1B68184AA2FB03231B0B21
:20E600009B00FB600023FB727B681B681A687B681B6822F480321A60FB68002B0AD17B6898
:20E62000D3F8943043F040027B68C3F894200323FB7209E0FB68013BFB607B681B681B6825
:20E6400003F48033002BE7D1FB7A18461437BD465DF8047B704700BF001000241BECCB9527
:20E6600080B584B000AF78607B689B6BFB607B68DB69B3F5807F1CD0FB680022A3F87E20EE
:20E68000FB681B681A68FB681B6822F400321A600021F868FFF772FF0346D943FB681B6837
:20E6A0001A69FB681B680A401A61FB68012283F89120F868FFF710FE00BF1037BD4680BDD0
:20E6C00080B584B000AF78607B689B6BFB60F868FFF70CFE00BF1037BD4680BD80B584B0F7
:20E6E00000AF78607B689B6BFB607B68DB69B3F5807F1CD0FB681B681A68FB681B6822F431
:20E7000000321A60FB680022A3F87E200021F868FFF734FF0346D943FB681B681A69FB68B4
:20E720001B680A401A61FB68012283F89120F868F6F794F900BF1037BD4680BD80B584B056
:20E7400000AF78607B689B6BFB60F868F6F76CF900BF1037BD4680BD80B584B000AF786006
:20E760007B689B6BFB607868FAF70EFC0346022B1DD0FB68D3F8943043F08002FB68C3F852
:20E780009420FB681B681A68FB681B6822F400321A60F868FFF72AFFFB68012283F8912084
:20E7A000FB680022A3F87E20F868FFF7A9FD00BF1037BD4680BD80B584B000AF78607B6886
:20E7C0009B6BFB60FB681B681A68FB681B6822F400321A60FB681B6800221A61FB681B685F
:20E7E0004FF0FF329A61FB68D3F89430202B0AD0F868FFF7FBFEFB681B685A68FB681B68BA
:20E8000042F008025A60FB68012283F89120FB680022A3F87E20F868FFF772FD00BF1037C7
:20E82000BD4680BD80B582B000AF786039607B68002B01D101232BE07B6893F82C30DBB2AB
:20E84000002B06D17B68002283F82D207868F7F781FD7B68022283F82C207B681A687B6887
:20E8600004331946104600F077F87B6818687B685B681A46396800F0CBF8074B1B68064A6B
:20E8800043F0004313607B68012283F82C20002318460837BD4680BD0040005280B586B0C5
:20E8A00000AFF860B9607A60FB6893F82C30FB75FB7D022B01D1022321E0FB7D012B02D091
:20E8C000FB7D052B18D1FB68022283F82C20FB681B687A68B968184600F004F9BB681B687F
:20E8E000022B04D1FB68052283F82C2006E0FB68012283F82C2001E0012300E0002318462C
:20E900001837BD4680BD80B582B000AF786039607B6893F82C30DBB2022B01D1022316E070
:20E920007B6893F82C30DBB2012B0FD17B68022283F82C207B681B683968184600F0F6F863
:20E940007B68012283F82C20002300E0012318460837BD4680BD000080B483B000AF7860F8
:20E9600039603B681B68002B21D17B681A68274B13403A6851683A68926811433A68D2686A
:20E9800011433A68126911433A68526911433A68926911433A68D26911433A68126A11436D
:20E9A0003A68526A0A431A437B681A6026E07B681B6823F4F8423B68D9693B681B6A1943CC
:20E9C0003B685B6A0B431A437B681A607B685A680E4B13403A6851683A68926811433A6889
:20E9E000D26811433A68126911433A68526911433A6892690A431A437B685A600023184602
:20EA00000C37BD465DF8047B704700BF0080FFFF80B485B000AFF860B9607A607B68002B77
:20EA200028D1FB689B6803F07042BB681B68591EBB685B68013B1B011943BB689B68013BB9
:20EA40001B021943BB68DB68013B1B031943BB681B69013B1B041943BB685B69013B1B0580
:20EA60001943BB689B69013B1B060B431A43FB689A602DE0FB689A68194B1340BA68D26829
:20EA8000013A1103BA685269013A12050A431A43FB689A60FB68DB6803F07042BB681B6800
:20EAA000591EBB685B68013B1B011943BB689B68013B1B021943BB681B69013B1B0419430C
:20EAC000BB689B69013B1B060B431A43FB68DA60002318461437BD465DF8047B704700BF51
:20EAE000FF0F0FFF80B485B000AFF860B9607A60FB681A690C4B1340BA681168BA68526890
:20EB00001143BA689268013A52011143BA68D26852020A431A43FB681A610023184614379F
:20EB2000BD465DF8047B70470000C0FF80B483B000AF786039607B685A69074B13403A6814
:20EB400052001A437B685A61002318460C37BD465DF8047B704700BF01C0FFFF0244034609
:20EB6000934200D1704703F8011BF9E7014B1868704700BF4411002470B50D4D0D4C641B2F
:20EB8000A4100026A64209D10B4D0C4C01F060F8641BA4100026A64205D170BD55F8043B10
:20EBA00098470136EEE755F8043B98470136F2E7D00A0108D00A0108D00A0108D40A01085F
:20EBC0000A44914200F1FF3300D1704710B511F8014B03F8014F9142F9D110BD000000009A
:20EBE00008B52DED048BB0EE408B00F0B5FCB4EE488BF1EE10FAB0EE409B10D6B0EE480BF7
:20EC000000F046F89FED087BB4EEC70BF1EE10FA05DDFFF7ABFF9FED069B22230360B0EE65
:20EC2000490BBDEC048B08BD7DF8B98FCE338640000000000000F07F08B52DED048BB0EE8C
:20EC4000409B00F0F9FCB0EE408B00F047F890B9B0EE490B00F042F868B1FFF787FFB5EEBF
:20EC6000C09B9FED078B9FED087B2223F1EE10FA036038FE078BB0EE480BBDEC048B08BDC5
:20EC8000000000000000F07F000000000000F0FF51EC100B024621F0004343EC102B704701
:20ECA00008B52DED028BB0EE408A00F052FCB4EE488AF1EE10FA0CD6DFED078AB4EEE88A9A
:20ECC000F1EE10FA05D5FFF751FF88EEA80A21230360BDEC028B08BD0000000082B08DEDB5
:20ECE000000B019840F0004000F58010C00F02B07047000010EE102A40F22A41C2F30A535C
:20ED00008B4230B4B7EEC06A2AD912F5000F58D0B3F5FF6F03D330EE000A30BC7047DFEDAF
:20ED20002A7AB4EEE70AF1EE10FA03DD30BC002000F0E8BBDFED257AB4EEE70AF1EE10FA4D
:20ED400003D530BC002000F0D1BBDFED217AB4EEE70AF1EE10FA03D530BC002000F0CCBB15
:20ED60001C4BB7EE000B93ED4A5B93ED484BB0EE447BA5EE067B17EE100A37EE447B00F0E0
:20ED80001F0295EE067B93ED4C5B27EE074B93ED4E6B03EBC201A5EE076B53F832404D685F
:20EDA00093ED505B00210A1905EBC033A5EE070B43EC172BA6EE040B20EE070BB7EEC00BB8
:20EDC000ABE79FED050AA8E71772B142B4F1CFC2CF8ECEC290FD00080000000010EE103AFB
:20EDE000B3F17E5F10B455D0A3F50002B2F1FE4F1AD35A0004D15DF8044B012000F088BB0B
:20EE0000B3F1FF4F43D0002B02DBB2F17F4F03D35DF8044B00F08EBBDFED207A20EE270A1C
:20EE200010EE103AA3F1386303F140421C49BFEE000B02F54D02C2F3C340D40D01EB0010ED
:20EE4000E40590ED005B1B1B07EE903A90ED026BB7EEE77AD215A5EE070B91ED405B20EE59
:20EE6000004B07EE902AB8EEE77BA7EE056B91ED445B91ED467BA5EE007B91ED425B30EEE8
:20EE8000060BA5EE047BA4EE070BB7EEC00B5DF8044B70479FED030AF9E700BF0000004B5D
:20EEA000D8FE000800000000C0F3C7537E2B10D9962B0CD80122C3F1960302FA03F35A1E96
:20EEC000024206D103420CBF0220012070470220704700207047000037B510EE101A10EE4B
:20EEE000904AA1F500026300B2F1FE4FF0EE407AB0EE607A03F1FF306FF0807252D29042D3
:20EF000058D2002001F1404303F54D03C3F3C344DB0D9D4ABFEE002BDB05C91A02EB0414BE
:20EF200007EE901A94ED025B94ED004BDB15B7EEE76A07EE903AA4EE062B92ED421B22EE34
:20EF4000024B24EE040BB8EEE76B36EE056B92ED405B92ED443BA2EE051B92ED465BA2EE3F
:20EF6000035B92ED483BB7EEC77AA2EE036BA4EE056BA1EE006B27EE067B17EE903AC3F336
:20EF8000CF3248F2BF039A42C0F0B8809FED766BB4EEC67BF1EE10FA79DD03B0BDE8304059
:20EFA00000F0B0BA904230D32BB14900B1F17F4F08D815E053B981F48001490011F5000F58
:20EFC00040F2CA8037EE870A03B030BDB1F17E5F05D184F48004640014F5000FF0E7490072
:20EFE000B3F17F4FEED1B1F1FE4F00F0B580B1F1FE4F6FEA040434BF00210121E40FA14270
:20F0000040F0AD8027EE070ADEE74D006B1E93421BD3002920EE000A0EDA2046FFF744FF47
:20F02000012809D1B1EE400A45B9002CCCDA03B0BDE8304000F06CBA0020F5E7002CC3DA71
:20F04000F7EE007A87EE800ABEE700291DDA2046FFF72AFF20B903B0BDE8304000F06ABA53
:20F06000431E58425841000421F00041B1F5000FBFF448AFDFED456A27EEA60A10EE103ABF
:20F0800023F00043A3F138613CE70020EEE79FED386BB4EEC67BF1EE10FA0FDD4FF04C5310
:20F0A000C0B10193DDED016ABFEE006A76EE666AF4EE466AF1EE10FA7FF46FAF9FED2E6B9A
:20F0C000B4EEC67BF1EE10FA0CD803B0BDE8304000F00CBA0093DDED006AB7EE006A76EEC8
:20F0E000866AE5E79FED266BB4EEC67BF1EE10FA04D503B0BDE8304000F0FEB9244BB7EE0F
:20F10000000B93ED405B37EE056B16EE102A36EE456B02F01F0137EE467B93ED425B27EEF8
:20F12000074B93ED446B03EBC10553F83140A7EE056B6D6893ED465B801800210A1905EB17
:20F14000C033A7EE050B43EC172BA6EE040B20EE070BB7EEC00B37E7B7EE000A34E79FEDFF
:20F160000D0A31E7AFF3008071D5D1FFFFFF5F40E2AAA3FFFFFF5F400000000000C062C0DE
:20F180000000000000A062C0A80901080000004B90FD000800000000CB0712D421EE005BF1
:20F1A00090ED1A6B90ED187BA6EE017B90ED166B21EE051BA6EE050BA7EE010BB7EEC00B4B
:20F1C000704790ED146B21EE015B90ED127B90ED0C0BA1EE067B90ED0E6BA1EE060B90ED50
:20F1E000106B21EE051BA5EE060BE5E70000000037B510EE104AC4F30A53B3F57D7FB7EE54
:20F20000C06AF0EE407A4FEA145218D226EE061BB3F5667F0AD212F4FF6F03D1B7EEC11B3C
:20F220008DED011AB0EE670A03B030BD3A48B0EE460B002103B0BDE83040FFF7ADBF40F29C
:20F240002E42934224D8344B93ED087B26EE077BFDEEC77B03F1700017EE901A01F500011E
:20F26000091607EE901A01F0030203EBC202B8EEE75B92ED000B93ED0A7B11F0020FA5EE0C
:20F28000476B08BF184626EE061B20EE060BD1E7B3F5FF6F37D22149C4F3836001EB8002FA
:20F2A000C4F31603C4F3C25551F82010106A126943F40003AB40A0FB03505943E3FB0201B2
:20F2C00001F100539D0F03F04043C91AF1F792F905EBD474104B04F0030203EBC2029FEDA7
:20F2E0000C6B92ED000B41EC170B14F0020F27EE067B03F17000294608BF184627EE071BE4
:20F3000020EE070B96E703B0BDE8304000F012B9182D4454FB21193C58000108F8FF00081F
:20F32000CB0712D421EE005B90ED1A6B90ED187BA6EE017B90ED166B21EE051BA6EE050BB8
:20F34000A7EE010BB7EEC00B704790ED146B21EE015B90ED127B90ED0C0BA1EE067B90ED53
:20F360000E6BA1EE060B90ED106B21EE051BA5EE060BE5E70000000038B510EE104AC4F3E1
:20F380000A53B3F57D7FB7EEC07A1FD227EE077BB3F5667FC0F0828027EE074B444B93ED50
:20F3A000145B93ED126B93ED0C0BA7EE056B93ED0E5BA7EE050B93ED105B27EE047BA4EEA6
:20F3C000050BA6EE070BB7EEC00B38BD40F22E42934229D8364B93ED086B27EE066BFDEEB5
:20F3E000C66B03F1700016EE901A01F50001091606EE901A01F0030203EBC202B8EEE65B87
:20F4000092ED000B93ED0A6B11F0020F81F00101A5EE467B08BF184627EE071BBDE838401B
:20F4200020EE070BFFF77CBFB3F5FF6F32D22149C4F3836001EB8002C4F31603C4F3C25551
:20F4400051F82010106A126943F40003AB40A0FB03505943E3FB020101F100539D0F03F0CA
:20F460004043C91AF1F7C6F805EBD474104B9FED0E6B41EC170B04F0030203EBC20292ED6F
:20F48000000B27EE067B03F1700014F0020F85F00101BFE7BDE8384000F04CB8B7EE000A75
:20F4A00093E700BFAFF30080182D4454FB21193C58000108F8FF000810B52DED028BB0EE39
:20F4C000408A0446FFF752FBB0EE480ABDEC028B046010BD30B1F1EE407A27EE800A222023
:20F4E000FFF7EABFF0EE407AF7E700009FED010AFFF7F0BF000000109FED010AFFF7EABF75
:20F500000000201A9FED010AFFF7E4BF000000709FED070AF7EE007ABFEE007A00284FF087
:20F52000220047FE877A87EE800AFFF7C5BF00BF00000000F0EE407A30EE407AF4EE677AF8
:20F54000F1EE10FA87EE070A02D62120FFF7B4BF7047B1EEC00A704710B5B0EE407B17EEC0
:20F56000904A2F4B24F000449C422DED028B06D920EE007BB0EE470BBDEC028B10BD294B8B
:20F580009C4213D8FFF784FB00F0DAF8B7EE006BB4F1725F30EE067BECD337EE077B20EED2
:20F5A000000B80EE075B35EE067BE3E71E4B9C420AD8FFF76DFB00F027FAB6EE006B86EEE7
:20F5C000007BA0EE067BD5E7184B9C4208D8FFF75FFB00F019FAB6EE007B27EE007BC9E712
:20F5E000134B9C4207D901339C4211D110EE102A104B9A420CD8B0EE470BB6EE008BFFF793
:20F6000047FB20EE080B00F0FFF920EE087BE4E7BDEC028B0020BDE8104000F0F1BA00BF9E
:20F62000FFFFEF7F422ED63FFFFF3540412E8640CD3386407DF8B98F10B5B0EE407B17EE8B
:20F64000903A374A23F0004494422DED048B06D930EE007BB0EE470BBDEC048B10BD002BF1
:20F66000304BBEEE008BB6EE006B26FE088B9C422AD8B7EE009B2C4B9C4208D89FED266BA0
:20F6800030EE066BB4EEC96BF1EE10FAE2DCB0EE470BFFF7FDFA00F053F8244B9C420CD815
:20F6A00020EE006B30EE099B86EE097BB0EE006B90EE067B27EE087BCCE730EE099B80EE94
:20F6C000097B37EE007BF5E7194B9C4206D8FFF7DFFA00F099F928EE007BBBE7154B9C4248
:20F6E00007D901339C4211D110EE102A124B9A420CD8B0EE470BFFF7CBFAB6EE007B20EE09
:20F70000070B00F081F928EE008BE4E79FED026B27EE067B9EE700BF3374AC3C1F7BAC7FDA
:20F72000FFFFEF7FFFFF3540FFFF2F3EFFFFEF3F412E8640CD3386407DF8B98F000000009B
:20F7400010B410EE902AAA4822F0004383422DED028B02F0004134D9A648834223D9A6489D
:20F76000834212D910EE103AC2F313021A4306D030EE000BBDEC028B5DF8044B70470029B1
:20F78000BFEE007B00FE070BF4E79FED817BB4EEC70BF1EE10FA06DDBDEC028B00205DF8E3
:20F7A000044B00F02DBA002959D09FED7B7B30EE077BB5EEC07BF1EE10FA69D5BFEE000BF2
:20F7C000D8E78E4A934271D98D4A934267D89FED747BE9BB30EE477B9FED736B012337EED6
:20F7E000460B37EE407B37EE467B9FED714BB6EE003B20EE038B9FED705B20EE086BB0EEB9
:20F80000081BA6EE045B9FED6E4B9FED6F2BA5EE064B9FED6F5BA4EE065BA5EE062BB7EED1
:20F82000005BB0EE454BA2EE064BA8EE441BB1EE088B34EE412BA0EE418B82EE084B24EE7A
:20F84000064B002B40D190EE046B30EE460B91E79FED616B30EE077B4FF0FF33BFE79FEDAC
:20F86000606B20EE066BB6EE007B9FED4D5B37EE067BFDEEC77BB8EEE76B17EE903AB0EEB3
:20F88000407BA6EE457B9FED485B26EE056BA6E79FED536B20EE066BBEEE007BE5E79FEDD1
:20F8A000506B20EE066B0029F6D1DCE7554A934208D89FED4D7B30EE077B37EE477B30EE0E
:20F8C000470B57E7002390E75A1C34EE474B94EE007B37EE467B06D130EE477BBEEE000B83
:20F8E000A7EE030B46E7012B18D1BDEE006BB4EEC60BF1EE10FA08D530EE033BB8EE000BC7
:20F9000037EE437B27EE000B34E730EE477BB0EE006BA7EE065BB0EE450B2BE75A1C392A11
:20F920004FEA03540DD937EE407B35EE477B17EE901A53EC172B631843EC102B30EE450B09
:20F9400018E7132B4FF0000015DC37EE407B4FF4001242FA03F3C3F17F5101F5401141ECDB
:20F96000160B36EE477B17EE901A53EC172B631843EC102BFEE6C3F57F730333190541EC5C
:20F98000160B37EE067B30EE477B37EE057BEAE7EF39FAFE422E864059F3F8C21F6EA501BB
:20F9A0000000E0FE422EE63F763C7935EF39EA3D2DC3096EB7FD8ABE3952E686CACFD03E24
:20F9C000B7DBAA9E19CE14BFF41011111111A1BF8555FE19A0015A3F763C7935EF39EABD91
:20F9E000FE822B654715F73F9C7500883CE4377E79684340412E8640FFFFEF7F422ED63F6D
:20FA0000B1A2F03FFFFF8F3CFFB410EE903A6FF47272C3F30A54A2183E2A10EE101A22D980
:20FA2000002A06DAB7EE007B30EE070B04B0F0BC7047B4F5816F4FF0000013D913F5801FEA
:20FA400008BF814200F0A08040F2FF729442E9D0834203DA04B0F0BC00F0CAB804B0F0BC06
:20FA600000F0CEB80446504991ED026B91ED005BB0EE467BA5EE007B17EE105A37EE467BA7
:20FA800091ED046B05F07F03A6EE070B91ED066BD81800F10F0301EBC000A6EE070B91EDAA
:20FAA0000A3B20EE007B90ED1C6B91ED084B30EE066B01EBC302A3EE004B91ED0E3BA4EE2E
:20FAC000076B27EE077B91ED0C4B51F83370D2F804C0A3EE004B0026F2190CEB4533A7EEBD
:20FAE000046B002C4BD1B54210DB03F140419FED287B01F57001104641EC100BA6EE000B25
:20FB000020EE070B04B0F0BC00F08EB803F17F5101F50011104641EC170BB7EE004B26EEBB
:20FB2000076B37EE065BB4EEC45BF1EE10FA9FED1A0B1ED535EE043B37EE457B37EE067B92
:20FB400034EE436B36EE056B36EE076B36EE036B36EE445BB5EE405BF1EE10FA01D19FEDD1
:20FB6000105B8DED000B9DED007B27EE007B8DED027B25EE000B04B0F0BC00F049B843EC6B
:20FB8000102BA6EE000B51E79FED050B4EE700BF000000000000007F000000000000100034
:20FBA00000000000000000003801010810B52DED028BB0EE408B0446FEF7D8FFB0EE480B27
:20FBC000BDEC028B046010BD82B058B1B1EE407B8DED007B9DED007B222020EE070B02B01B
:20FBE000FFF7E4BFB0EE407BF2E70000000000009FED010BFFF7E8BF0000000000000010F5
:20FC00009FED010BFFF7E0BF0000000000000070B5EE400BF1EE10FA02D12220FFF7C6BFE0
:20FC200070470000000000009FED076BB0EEC07BB4EE467BF1EE10FA02DD2220FFF7B6BF5E
:20FC4000704700BFAFF30080FFFFFFFFFFFFEF7FF8B500BFF8BC08BC9E467047F8B500BFB9
:20FC6000F8BC08BC9E4670470200000005000000050000000000803F0000403FABAA2A3F69
:20FC80000000003F0000C03EABAAAA3E0000803E0000403EABAA2A3E0000003E0000C03DB6
:20FCA000ABAAAA3D0000803D0000803C0000003D0000803D0000003E0000803E0000003F5A
:20FCC0000000803F0000003E0000803E0000003F0000803F0000004000008040000000412A
:20FCE0000000803F000000400000804000000041000080410000004200008042CC590124F5
:20FD00003C5801249C5701244C5701240000803EABAAAA3E0000C03E0000003FABAA2A3F54
:20FD20000000403F0000803FABAAAA3F0000C03F00000040ABAA2A40000040400000804009
:20FD40000000804000004040ABAA2A40000000400000C03FABAAAA3F0000803F0000403FE9
:20FD6000ABAA2A3F0000003F0000C03EABAAAA3E0000803E00000000010203040102030479
:20FD800006070809000610160006101600000000000000000000F03F748515D3B0D9EF3F26
:20FDA0000F89F96C58B5EF3F515B12D00193EF3F7B517D3CB872EF3FAAB968318754EF3FD9
:20FDC0003862756E7A38EF3FE1DE1FF59D1EEF3F15B7310AFE06EF3FCBA93A37A7F1EE3F27
:20FDE0002234124CA6DEEE3F2D89616008CEEE3F272A36D5DABFEE3F824F9D562BB4EE3F32
:20FE0000295448DD07ABEE3F85553AB07EA4EE3FCD3B7F669EA0EE3F745FECE8759FEE3F0E
:20FE20008701EB7314A1EE3F13CE4C9989A5EE3FDBA02A42E5ACEE3FE5C5CDB037B7EE3FF2
:20FE400090F0A38291C4EE3F5D253EB203D5EE3FADD35A999FE8EE3F475EFBF276FFEE3FA9
:20FE60009C5285DD9B19EF3F6990EFDC2037EF3F87A4FBDC1858EF3F5F9B7B33977CEF3F7E
:20FE8000DA90A4A2AFA4EF3F40456E5B76D0EF3F000000000000E8429423914BF86AAC3F65
:20FEA000F3C4FA50CEBFCE3FD6520CFF422EE63F0000000000003843FE822B654715474071
:20FEC0009423914BF86ABC3EF3C4FA50CEBF2E3FD6520CFF422E963FBEF3F879EC61F63F1C
:20FEE000DEAA8C80F77BD5BF3D88AF4AED71F53FDB6DC0A7F0BED2BFB010F0F03995F43F89
:20FF0000673A517FAE1ED0BF8503B8B095C9F33FE92482A6D831CBBFA564880C190DF33FD8
:20FF20005877C00A4F57C6BFA08E0B7B225EF23F00819CC72BAAC1BF3F341A4A4ABBF13F53
:20FF40005E0E8CCE764EBABFBAE58AF05823F13FCC1C615A3C97B1BFA70099413F95F03F70
:20FF60001E0CE138F452A2BF000000000000F03F0000000000000000AC479AFD8C60EE3FC5
:20FF80008459F25DAAA5AA3FA06A021FB3A4EC3FB42E36AA535EBC3FE6FC6A573620EB3FBF
:20FFA00008DB2077E526C53F2DAAA163D1C2E93F7047220D86C2CB3FED417803E686E83FAE
:20FFC000E17EA0C88B05D13F624853F5DC67E73F09EEB6573004D43FEF39FAFE422EE63F5F
:20FFE0003483B848A30ED0BF6A0BE00B5B57D53F23410AF2FEFFDFBFA2000000F9A20000AC
:020000040801F1
:2000000083F9A2006E83F9A24E6E83F9444E6E8315444E6E2915444EFC29154427FC2915B7
:200020005727FC29D15727FCF5D1572734F5D157DD34F5D1C0DD34F5DBC0DD3462DBC0DD1A
:200040009562DBC0999562DB3C999562433C999590433C994190433C000000000000F03F03
:20006000000000000000F0BF000000000000F0BF000000000000F03F83C8C96D305F64413E
:20008000182D4454FB21F93F000000000000F03F1C620CFDFFFFDFBF198F06E15355A53FC2
:2000A0009D359AE887C056BFC3F87B024393F93E03A695595455C5BFC40B23057610813F4A
:2000C00024CF7437EB9429BF000000000000F03F000000000000F0BF000000000000F0BF8E
:2000E000000000000000F03F83C8C96D305F6441182D4454FB21F93F000000000000F0BF3C
:200100001C620CFDFFFFDF3F198F06E15355A5BF9D359AE887C0563FC3F87B024393F9BEAC
:2001200003A695595455C5BFC40B23057610813F24CF7437EB9429BFFE822B6547156740A6
:2001400000000000000038430000FAFE422E76BF3A3B9EBC9AF70CBDBDFDFFFFFFFFDF3F8A
:200160003C5455555555C53F912B17CF5555A53F17D0A4671111813F000000000000C84289
:20018000EF39FAFE422EE63F24C482FFBDBFCE3FB5F40CD7086BAC3FCC5046D2ABB2833F7B
:2001A000843A4E9BE0D7553F0000000000000000000000000000F03F6EBF881A4F3B9B3CEE
:2001C0003533FBA93DF6EF3F5DDCD89C136071BC6180773E9AECEF3FD16687107A5E90BC29
:2001E000857F6EE815E3EF3F13F6673552D28C3C748515D3B0D9EF3FFA8EF92380CE8BBC1D
:20020000DEF6DD296BD0EF3F61C8E6614EF7603CC89B751845C7EF3F99D3335BE4A3903CD3
:2002200083F3C6CA3EBEEF3F6D7B835DA69A973C0F89F96C58B5EF3FFCEFFD921AB58E3C68
:20024000F747722B92ACEF3FD19C2F703DBE3E3CA2D1D332ECA3EF3F0B6E908934036ABCB2
:200260001BD3FEAF669BEF3F0EBD2F2A525695BC515B12D00193EF3F55EA4E8CEF8050BCB3
:20028000CC316CC0BD8AEF3F16F4D5B923C991BCE02DA9AE9A82EF3FAF555CE9E3D3803C86
:2002A000518EA5C8987AEF3F4893A5EA151B80BC7B517D3CB872EF3F3D32DE55F01F8FBC03
:2002C000EA8D8C38F96AEF3FBF53133F8C898B3C75CB6FEB5B63EF3F26EB11769CD996BC2D
:2002E000D45C0484E05BEF3F602F3A3EF7EC9A3CAAB968318754EF3F9D3886CB82E78FBC3E
:200300001DD9FC22504DEF3F8DC3A644416F8A3CD68C62883B46EF3F7D04E4B0057A803C03
:2003200096DC7D91493FEF3F94A8A8E3FD8E963C3862756E7A38EF3F7D4874F2185E873CA2
:200340003FA6B24FCE31EF3FF2E71F982B47803CDD7CE265452BEF3F5E08713F7BB896BCF3
:200360008163F5E1DF24EF3F31AB096DE1F7823CE1DE1FF59D1EEF3FFABF6F1A9B213DBCF7
:2003800090D9DAD07F18EF3FB40A0C7282378B3C0B03E4A68512EF3F8FCBCE8992146E3C6B
:2003A000562F3EA9AF0CEF3FB6ABB04D754D833C15B7310AFE06EF3F4C74ACE20142863C7D
:2003C00031D84CFC7001EF3F4AF8D35D39DD8F3CFF1664B208FCEE3F045B8E3B80A386BCF1
:2003E000F19F925FC5F6EE3F68504BCCED4A92BCCBA93A37A7F1EE3F8E2D511BF80799BC1B
:2004000066D8056DAEECEE3FD236943EE8D171BCF79FE534DBE7EE3F151BCEB3191999BCCF
:20042000E5A813C32DE3EE3F6D4C2AA7489F853C2234124CA6DEEE3F8A69287A601293BC2F
:200440001C80AC0445DAEE3F5B8917488FA758BC2A2EF7210AD6EE3F1B9A49679B2C7CBC96
:2004600097A850D9F5D1EE3F11ACC260ED63433C2D89616008CEEE3FEF64063B0966963C24
:2004800057001DED41CAEE3F7903A1DAE1CC6E3CD03CC1B5A2C6EE3F30120F3F8EFF933C72
:2004A000DED3D7F02AC3EE3FB0AF7ABBCE90763C272A36D5DABFEE3F77E054EBBD1D933CA5
:2004C0000DDDFD99B2BCEE3F8EA3710034948FBCA72C9D76B2B9EE3F49A393DCCCDE87BC86
:2004E0004266CFA2DAB6EE3F5F380FBDC6DE78BC824F9D562BB4EE3FF65C7BEC461286BCC8
:200500000F925DCAA4B1EE3F8ED7FD180535933CDA27B53647AFEE3F059B8A2FB7987B3CA0
:20052000FDC797D412ADEE3F09541CE2E163903C295448DD07ABEE3FEAC6195085C7343CDF
:20054000B746598A26A9EE3F35C0642BE632943C4821AD156FA7EE3F9F7699614AE48CBC60
:2005600009DC76B9E1A5EE3FA84DEF3BC5338CBC85553AB07EA4EE3FAEE92B89785384BCEC
:2005800020C3CC3446A3EE3F58585678DDCE93BC2522558238A2EE3F64197E80AA10573CFD
:2005A00073A94CD455A1EE3F28225EBFEFB393BCCD3B7F669EA0EE3F82B93487AD126ABC51
:2005C000BFDA0B7512A0EE3FEEA96DB8EF6763BC2F1A653CB29FEE3F5188E0543DDC80BC28
:2005E000849451F97D9FEE3FCF3E5A7E641F78BC745FECE8759FEE3FB07D8BC04AEE86BCDA
:200600007481A5489A9FEE3F8AE6551E321986BCC9674256EB9FEE3FD3D4095ECB9C903C62
:200620003F5DDE4F69A0EE3F1DA54DB9DC327BBC8701EB7314A1EE3F6BC06754FDEC943C47
:2006400032C13001EDA1EE3F556CD6ABE1EB653C624ECF36F3A2EE3F42CFB32FC5A188BCF8
:20066000121A3E5427A4EE3F34373BF1B66993BC13CE4C9989A5EE3F1EFF193A845E80BC10
:20068000ADC723461AA7EE3F6E5772D850D494BCED92449BD9A8EE3F008A0E5B67AD903C2D
:2006A00099668AD9C7AAEE3FB4EAF0C12FB78D3CDBA02A42E5ACEE3FFFE7C59C60B665BC19
:2006C0008C44B51632AFEE3F445FF35983F67B3C36771599AEB1EE3F833D1EA71F0993BC6F
:2006E000C6FF910B5BB4EE3F291E6C8BB8A95DBCE5C5CDB037B7EE3F59B9907CF9236CBC01
:200700000F52C8CB44BAEE3FAAF9F422434392BC504EDE9F82BDEE3F4B8E66D76CCA85BC19
:20072000BA07CA70F1C0EE3F27CE912BFCAF713C90F0A38291C4EE3FBB730AE135D26D3CE7
:200740002323E31963C8EE3F6322622204C587BC65E55D7B66CCEE3FD531E2E3861C8B3C35
:20076000332D4AEC9BD0EE3F15BBBCD3D1BB91BC5D253EB203D5EE3FD231EE9C31CC903C46
:2007800058B330139ED9EE3FB35A736E8469843CBFFD79556BDEEE3FB49D8E97CDDF82BC6C
:2007A0007AF3D3BF6BE3EE3F8733CB92771A8C3CADD35A999FE8EE3FFAD9D14A8F7B90BCE4
:2007C00066B68D2907EEEE3FBAAEDC56D9C355BCFB154FB8A2F3EE3F40F6A63D0EA490BCEE
:2007E0003A59E58D72F9EE3F3493AD38F4D668BC475EFBF276FFEE3F358A586BE2EE91BCEF
:200800004A06A130B005EF3FCDDD5F0AD7FF743CD2C14B901E0CEF3FAC9892FAFBBD91BCA0
:20082000091ED75BC212EF3FB30CAF30AE6E733C9C5285DD9B19EF3F94FD9F5C32E38E3C57
:200840007AD0FF5FAB20EF3FAC5909D18FE0843C4BD1572EF127EF3F671A4E38AFCD633CE0
:20086000B5E706946D2FEF3F6819926C2C6B673C6990EFDC2037EF3FD2B5CC83188A80BCC2
:20088000FAC35D550B3FEF3F6FFAFF3F5DAD8FBC7C89074A2D47EF3F49A97538AE0D90BCD7
:2008A000F2890D08874FEF3FA7073DA685A3743C87A4FBDC1858EF3F0F2240209E9182BC9D
:2008C0009883C916E360EF3FAC92C1D5505A8E3C8532DB03E669EF3F4B6B01AC593A843C9D
:2008E00060B401F32173EF3F1F3EB40721D582BC5F9B7B33977CEF3FC90D473BB92A89BC79
:2009000029A1F5144686EF3FD3883A6004B6743CF63F8BE72E90EF3F71729D51ECC5833CD7
:20092000834CC7FB519AEF3FF091D38F12F78FBCDA90A4A2AFA4EF3F7D7423E298AE8DBC20
:20094000F1678E2D48AFEF3F0820AA41BCC38E3C275A61EE1BBAEF3F32EBA9C3942B843C28
:2009600097BA6B372BC5EF3FEE85D131A9648A3C40456E5B76D0EF3FEDE33BE4BA378EBC32
:2009800014BE9CADFDDBEF3F9DCD914D3B89773CD8909E81C1E7EF3F89CC6041C105533CCF
:2009A000F1718F2BC2F3EF3FBEF3F879EC61F63F1930965BC6FEDEBF3D88AF4AED71F53FA9
:2009C000A4FCD432680BDBBFB010F0F03995F43F7BB71F0A8B41D7BF8503B8B095C9F33F86
:2009E0007BCF6D1AE99DD3BFA564880C190DF33F31B6F2F39B1DD0BFA08E0B7B225EF23FA1
:200A0000F07A3B1B1D7CC9BF3F341A4A4ABBF13F9F3CAF93E3F9C2BFBAE58AF05823F13FAB
:200A20005C8D78BFCB60B9BFA70099413F95F03FCE5F47B69D6FAABF000000000000F03FA1
:200A40000000000000000000AC479AFD8C60EE3F3DF5249FCA38B33FA06A021FB3A4EC3F5D
:200A6000BA913854A976C43FE6FC6A573620EB3FD2E4C44A0B84CE3F2DAAA163D1C2E93F64
:200A80001C65C6F04506D43FED417803E686E83FF89F1B2C9C8ED83F624853F5DC67E73F0B
:200AA000CC7BB14EA4E0DC3F0B6E49C91676D23F7AC675A06919D7BFDDBAA76C0AC7DE3F24
:200AC000C8F6BE484715E7BF2BB82A654715F73FBD020008990200080090D0030090D0031C
:200AE000F6FF1F00F6FF1F0000D089450AD7233CF5728E390000803FCDCC4C3FC3F5283EC1
:200B0000C3F5283E0000803F0000803F0000803F0000803F000000006F12033B00000040BC
:200B2000010000000000803F0000803F0101000003000000010100000000803F0000803FB1
:200B40000000803F0000803F0000803F0000803F0000803F0000803F0000803F54008C3C40
:200B600065E16BBC54008C3C0000803F4D15BCBFB5FD333F0000803FEC2FABBF0000803F29
:200B80000000803F13F2C1BF35416C3F0000803F0000803F000000000000803F268D39BF08
:200BA000000000000000034400004B4400808D4400E09D440AD7A33C60EA00000100000042
:200BC000000000400000C03F0000E03F9A99194048E12A40000000400000A03F3333F33FE1
:200BE000CDCC0C409A993940E80300000000803F010000000000803F0000803F0000803F7C
:200C00000000803F0000803F0000803F0000803F0000803F1000000001000000481100248B
:200C200000000000982A0424002B0424682B042400000000000000000000000000000000BC
:200C4000000000000000000000000000000000000000000000000000000000000000000094
:0C0C600000000000000000000000000088
:020000040810E2
:200000000080041025ED1008D5EB1008DDEB1008E5EB1008EDEB1008F5EB1008000000009A
:2000200000000000000000000000000031C81108FDEB10080000000081CA1108E9CA11087E
:2000400075ED100875ED100875ED100875ED100875ED100875ED100875ED100875ED1008D0
:2000600075ED100875ED100875ED10080DEC100875ED100875ED100821EC100835EC1008AF
:2000800049EC100875ED10085DEC100875ED100875ED100875ED100875ED100875ED1008D6
:2000A00075ED100875ED100875ED100875ED100871EC100875ED100875ED100875ED100875
:2000C00075ED100875ED100875ED100875ED100875ED100875ED100885EC100875ED100841
:2000E00075ED100875ED10080000000075ED100899EC100875ED100875ED100875ED100887
:2001000075ED100875ED1008B5EC1008C9EC1008DDEC100875ED1008F1EC100875ED10089B
:2001200075ED100875ED100875ED100875ED100875ED100875ED100875ED100875ED1008EF
:2001400075ED100875ED1008000000000000000075ED100875ED100875ED100875ED1008C3
:2001600075ED100875ED100875ED100875ED100875ED100875ED100875ED100875ED1008AF
:2001800075ED100875ED100875ED100875ED100875ED100875ED100875ED100875ED10088F
:2001A00075ED100875ED100875ED100875ED100875ED100875ED100875ED100875ED10086F
:2001C00075ED100875ED100875ED100875ED100875ED100875ED100875ED100875ED10084F
:2001E00075ED100875ED100875ED100875ED100875ED100875ED100875ED100875ED10082F
:2002000075ED100875ED100875ED100875ED100875ED100805ED100875ED100875ED10087E
:2002200075ED100875ED100875ED100875ED100875ED100875ED100819ED100875ED10084A
:2002400075ED100875ED100875ED100875ED100875ED100875ED100875ED100875ED1008CE
:2002600075ED100875ED100875ED100875ED100875ED100875ED100875ED100875ED1008AE
:1802800075ED100875ED100875ED10080000000075ED100875ED100804
:2002A00010B5054C237833B9044B13B10448AFF300800123237010BD300400100000000058
:2002C00054E1110808B5034B1BB103490348AFF3008008BD000000003404001054E11108E5
:2002E00081F0004102E000BF83F0004330B54FEA41044FEA430594EA050F08BF90EA020F2D
:200300001FBF54EA000C55EA020C7FEA645C7FEA655C00F0E2804FEA5454D4EB5555B8BF02
:200320006D420CDD2C4480EA020281EA030382EA000083EA010180EA020281EA0303362DB9
:2003400088BF30BD11F0004F4FEA01314FF4801C4CEA113102D0404261EB410113F0004F23
:200360004FEA03334CEA133302D0524263EB430394EA050F00F0A780A4F10104D5F1200E61
:200380000DDB02FA0EFC22FA05F2801841F1000103FA0EF2801843FA05F359410EE0A5F1A9
:2003A00020050EF1200E012A03FA0EFC28BF4CF0020C43FA05F3C01851EBE37101F00045B5
:2003C00007D54FF0000EDCF1000C7EEB00006EEB0101B1F5801F1BD3B1F5001F0CD349082F
:2003E0005FEA30004FEA3C0C04F101044FEA445212F5800F80F09A80BCF1004F08BF5FEA0E
:20040000500C50F1000041EB045141EA050130BD5FEA4C0C404141EB0101013C28BFB1F586
:20042000801FE9D291F0000F04BF01460020B1FA81F308BF2033A3F10B03B3F120020CDA21
:200440000C3208DD02F1140CC2F10C0201FA0CF021FA02F10CE002F11402D8BFC2F1200C35
:2004600001FA02F120FA0CFCDCBF41EA0C019040E41AA2BF01EB0451294330BD6FEA04046F
:200480001F3C1CDA0C340EDC04F11404C4F1200220FA04F001FA02F340EA030021FA04F3C0
:2004A00045EA030130BDC4F10C04C4F1200220FA02F001FA04F340EA0300294630BD21FADE
:2004C00004F0294630BD94F0000F83F4801306BF81F480110134013D4EE77FEA645C18BFBC
:2004E0007FEA655C29D094EA050F08BF90EA020F05D054EA000C04BF1946104630BD91EAF6
:20050000030F1EBF0021002030BD5FEA545C05D14000494128BF41F0004130BD14F5800452
:200520003CBF01F5801130BD01F0004545F0FE4141F470014FF0000030BD7FEA645C1ABFCE
:20054000194610467FEA655C1CBF0B46024650EA013406BF52EA033591EA030F41F40021BD
:2005600030BD00BF90F0000F04BF0021704730B54FF4806404F132044FF000054FF00001EA
:2005800050E700BF90F0000F04BF0021704730B54FF4806404F1320410F0004548BF404236
:2005A0004FF000013EE700BF42004FEAE2014FEA31014FEA02701FBF12F07F4393F07F4FB0
:2005C00081F06051704732F07F4208BF704793F07F4F04BF41F40021704730B54FF46074C4
:2005E00001F0004521F000411CE700BF50EA010208BF704730B54FF000050AE050EA0102A6
:2006000008BF704730B511F0004502D5404261EB41014FF4806404F132045FEA915C3FF48F
:20062000D8AE4FF003025FEADC0C18BF03325FEADC0C18BF033202EBDC02C2F1200300FADB
:2006400003FC20FA02F001FA03FE40EA0E0021FA02F11444BDE600BF70B54FF0FF0C4CF4E4
:20066000E06C1CEA11541DBF1CEA135594EA0C0F95EA0C0F00F0DEF82C4481EA030621EA91
:200680004C5123EA4C5350EA013518BF52EA033541F4801143F4801338D0A0FB02CE4FF014
:2006A0000005E1FB02E506F00042E0FB03E54FF00006E1FB03569CF0000F18BF4EF0010E3E
:2006C000A4F1FF04B6F5007F64F5407404D25FEA4E0E6D4146EB060642EAC62141EA555101
:2006E0004FEAC52040EA5E504FEACE2EB4F1FD0C88BFBCF5E06F1ED8BEF1004F08BF5FEAD6
:20070000500E50F1000041EB045170BD06F0004646EA010140EA020081EA0301B4EB5C0484
:20072000C2BFD4EB0C0541EA045170BD41F480114FF0000E013C00F3AB8014F1360FDEBF66
:20074000002001F0004170BDC4F10004203C35DA0C341BDC04F11404C4F1200500FA05F3E6
:2007600020FA04F001FA05F240EA020001F0004221F0004110EBD37021FA04F642EB060141
:200780005EEA430E08BF20EAD37070BDC4F10C04C4F1200500FA04F320FA05F001FA04F2EF
:2007A00040EA020001F0004110EBD37041F100015EEA430E08BF20EAD37070BDC4F12005B6
:2007C00000FA05F24EEA020E20FA04F301FA05F243EA020321FA04F001F0004121FA04F259
:2007E00020EA020000EBD3705EEA430E08BF20EAD37070BD94F0000F0FD101F000464000FB
:2008000041EB010111F4801F08BF013CF7D041EA060195F0000F18BF704703F0004652005C
:2008200043EB030313F4801F08BF013DF7D043EA0603704794EA0C0F0CEA135518BF95EAD8
:200840000C0F0CD050EA410618BF52EA4306D1D181EA030101F000414FF0000070BD50EADB
:20086000410606BF1046194652EA430619D094EA0C0F02D150EA013613D195EA0C0F05D118
:2008800052EA03361CBF104619460AD181EA030101F0004141F0FE4141F470014FF0000082
:2008A00070BD41F0FE4141F4780170BD70B54FF0FF0C4CF4E06C1CEA11541DBF1CEA135510
:2008C00094EA0C0F95EA0C0F00F0A7F8A4EB050481EA030E52EA03354FEA013100F088806B
:2008E0004FEA03334FF0805545EA131343EA12634FEA022245EA111545EA10654FEA0026C9
:200900000EF000419D4208BF964244F1FD0404F5407402D25B084FEA3202B61A65EB03056B
:200920005B084FEA32024FF480104FF4002CB6EB020E75EB030E22BFB61A754640EA0C00E1
:200940005B084FEA3202B6EB020E75EB030E22BFB61A754640EA5C005B084FEA3202B6EB42
:20096000020E75EB030E22BFB61A754640EA9C005B084FEA3202B6EB020E75EB030E22BFF1
:20098000B61A754640EADC0055EA060E18D04FEA051545EA16754FEA06164FEAC30343EAFD
:2009A00052734FEAC2025FEA1C1CC0D111F4801F0BD141EA00014FF000004FF0004CB6E750
:2009C00011F4801F04BF01430020B4F1FD0C88BFBCF5E06F3FF6AFAEB5EB030C04BFB6EBB2
:2009E000020C5FEA500C50F1000041EB045170BD0EF0004E4EEA113114EB5C04C2BFD4EBF0
:200A00000C0541EA045170BD41F480114FF0000E013C90E645EA060E8DE60CEA135594EAC0
:200A20000C0F08BF95EA0C0F3FF43BAF94EA0C0F0AD150EA01347FF434AF95EA0C0F7FF4D7
:200A400025AF104619462CE795EA0C0F06D152EA03353FF4FDAE1046194622E750EA4106F8
:200A600018BF52EA43067FF4C5AE50EA41047FF40DAF52EA43057FF4EBAE12E74FF0FF3C83
:200A800006E000BF4FF0010C02E000BF4FF0010C4DF804CD4FEA410C7FEA6C5C4FEA430C23
:200AA00018BF7FEA6C5C1BD001B050EA410C0CBF52EA430C91EA030F02BF90EA020F0020BC
:200AC000704710F1000F91EA030F58BF994208BF90422CBFD8176FEAE37040F001007047C9
:200AE0004FEA410C7FEA6C5C02D150EA013C07D14FEA430C7FEA6C5CD6D152EA033CD3D09F
:200B00005DF8040B704700BF8446104662468C461946634600E000BF01B5FFF7B7FF002830
:200B200048BF10F1000F01BD4DF808EDFFF7F4FF0CBF012000205DF808FB00BF4DF808ED60
:200B4000FFF7EAFF34BF012000205DF808FB00BF4DF808EDFFF7E0FF94BF012000205DF873
:200B600008FB00BF4DF808EDFFF7CEFF94BF012000205DF808FB00BF4DF808EDFFF7C4FF18
:200B800034BF012000205DF808FB00BF4FEA410212F5001215D211D56FF47873B3EB625208
:200BA00012D94FEAC12343F0004343EA505311F0004F23FA02F018BF404270474FF0000039
:200BC000704750EA013005D111F0004008BF6FF0004070474FF00000704700BF4A0011D2DD
:200BE00012F5001211D20DD56FF47873B3EB62520ED44FEAC12343F0004343EA505323FA15
:200C000002F070474FF00000704750EA013002D14FF0FF3070474FF0000070474FEA410260
:200C2000B2F1E04324BFB3F5001CDCF1FE5C0DD901F0004C4FEAC0024CEA5070B2F1004F1A
:200C400040EB830008BF20F00100704711F0804F21D113F13872BCBF01F00040704741F44F
:200C600080114FEA5252C2F11802C2F1200C10FA0CF320FA02F018BF40F001004FEAC12320
:200C80004FEAD32303FA0CFC40EA0C0023FA02F34FEA4303CCE77FEA625307D150EA013342
:200CA0001EBF4FF0FE4040F44000704701F0004040F0FE4040F40000704700BF53B94AB957
:200CC000002908BF00281CBF4FF0FF314FF0FF3000F06AB9ADF1080C6DE904CE00F006F869
:200CE000DDF804E0DDE9022304B070472DE9F047089D0C46002B4ED194468C458646B2FA34
:200D000082F262D94AB1C2F12003914020FA03F30CFA02FC194300FA02FE4FEA1C471FFA63
:200D20008CF6B1FBF7F44FEA1E4307FB141143EA014304FB06F199420AD91CEB030304F1B2
:200D4000FF3080F01281994240F20F81023C6344591A1FFA8EF3B1FBF7F007FB101143EAEF
:200D6000014300FB06F69E420AD91CEB030300F1FF3180F0FC809E4240F2F98063440238EF
:200D80009B1B40EA044000211DB1D3400022C5E90032BDE8F0878B4205D90DB1C5E90001F7
:200DA00000210846F5E7B3FA83F1002946D1A34202D39042C0F0F080861A64EB03030120C5
:200DC000002DE6D0C5E90063E3E7002A40F09080A1EB0C044FEA1C481FFA8CF70121B4FB45
:200DE000F8F64FEA1E4308FB164443EA044307FB06F0984208D91CEB030306F1FF3402D2DC
:200E0000984200F2CD8026461C1A1FFA8EF3B4FBF8F008FB104443EA044300FB07F79F4241
:200E200008D91CEB030300F1FF3402D29F4200F2B0802046DB1B40EA0640A5E7C1F1200699
:200E40008B4022FA06F71F4320FA06FC04FA01F343EA0C03F44000FA01F8380C4FEA134902
:200E6000B4FBF0FE1FFA87FC00FB1E4449EA04440EFB0CF9A14502FA01F20AD93C190EF147
:200E8000FF3A80F08480A14540F28180AEF1020E3C44A4EB09041FFA83F9B4FBF0F300FB9F
:200EA000134449EA044403FB0CFCA44507D93C1903F1FF3067D2A44565D9023B3C4443EACF
:200EC0000E40A0FB0293A4EB0C049C42CE469C4651D34ED055B1B8EB0E0364EB0C0404FAC8
:200EE00006F6CB401E43CC40C5E90064002150E7C2F1200320FA03F10CFA02FC24FA03F318
:200F000094400C434FEA1C4800FA02FE1FFA8CF7B3FBF8F008FB1031230C43EA014300FB06
:200F200007F1994208D91CEB030300F1FF362CD299422AD9023863445B1AA4B2B3FBF8F1AB
:200F400008FB113344EA034401FB07F3A34208D91CEB040401F1FF3613D2A34211D90239F4
:200F60006444E41A41EA004139E70446F0E6084606E7C845AED2B9EB020E63EB070C013809
:200F8000A8E73146EDE7034699E73046D4E7D6467FE7634402384DE70646234608460FE7ED
:200FA000023E634430E700BF704700BF80B400AF094BD3F88830084A43F47003C2F88830D6
:200FC000054B1B69044A43F01003136100BFBD465DF8047B704700BF00ED00E080B485B0F3
:200FE00000AFF860B9607A60FB68074A1A60BB68064A1A607B6880221A6000BF1437BD46D0
:201000005DF8047B704700BF4C040010F8040010254B93ED007AF3EE087A67EE276ADFED9B
:20102000237A86EE806ADFED226AB4EEE66AF1EE10FA66EE277A0ED5B2EE086AF0EE676AE9
:20104000F4EEC66AF1EE10FA37EE077A77EEA77AF4D483ED007ADFED176AF4EEE67AF1EE49
:2010600010FA10DDDFED145AF6EE006AB0EE676AB4EEE56AF1EE10FA27EE267A67EEA67A7E
:20108000F4DC83ED007AF3EE087A27EE277AFDEEC77A17EE900A0328B8BF0320B0F5C07F09
:2010A000A8BF4FF4C0707047D003001000007A44A69BC43C0000C0420000404380B588B0CB
:2010C00004AF03463960FB71FB799B01FB60FB689AB24FF47A730293402301933B68009303
:2010E0000223AE21044812F0A5FF05200DF0C2FE00BF1037BD4680BDD407001080B588B08A
:2011000004AF0346FB710B46BB7113467B717B793B72FB799B01FB60BB799AB2FB689BB269
:2011200013449AB24FF47A7302930123019307F1080300930223AE21044812F07BFF052018
:201140000DF098FE00BF1037BD4680BDD407001080B588B004AF03463960FB71FB799B014D
:20116000FB60FB689AB24FF47A730293402301933B6800930223AE21044813F06FF80520A4
:201180000DF078FE00BF1037BD4680BDD407001080B586B000AF9A4B1B78002B00F0688115
:2011A000974B00221A70974B93F8403083F00103DBB2002B5CD0934B012283F83820914BB9
:2011C00034221A60904B1B7883F00103DBB2002B11D08E4B1B68092B04DC8C4B1B68894A24
:2011E000536041E08A4B1B781A468A4B9B5C1A46844B5A6038E0884B1B78002B31D1834B25
:201200001B68092B09DC844BD3F828317F4A13607E4B1B687B4A53601CE07B4B00221A70D1
:201220007B4B1B78002B14BF01230023DBB283F00103DBB203F00103DAB2754B1A70774BF0
:2012400001221A70724B1B781A46724B9B5C1A466C4B5A606C4B00221A70704B01221A70E1
:2012600002E06F4B01221A70664B012283F84020694BDA786B4B1A70674B1A79694B5A706D
:20128000654B5A79674B9A70634B9A79654BDA70614BDA79634B1A71634B1B781A46614BCF
:2012A0005A715D4B93F80C311A465E4B9A7100237B6123E000233B611AE057497A69134648
:2012C0005B0013445B003A69134406339B000B445B6898103B69D91D7A6913465B001344F1
:2012E0005B000B44C1B24F4AD1543B6901333B613B69052BE1DD7B6901337B617B69052B05
:20130000D8DD454B1A7A474B83F82B20424B5A7A444B83F82C20404B9A7A424B83F82D20F1
:201320003D4BDA7A3F4B83F82E203B4B1A7B3D4B83F82F20384B5A7B3A4B83F83020364BE8
:201340009A7B384B83F83120334BDA7B354B83F83220314B1A7C334B83F833202E4B5A7C5C
:20136000304B83F834202C4B93F818212D4B83F83520294B93F819212A4B83F83620264BB0
:2013800093F81A311A46274B83F83720274B7B607B681A78234B83F838207B685A78214BAF
:2013A00083F839207B689A781E4B83F83A207B68DA781C4B83F83B20174B93F810311A4626
:2013C000184B83F83C20144B5B79002B07D1124B93F80D311A46134B83F83D2003E0114BA2
:2013E000002283F83D200C4B93F86E210D4B83F83E200C4B012283F83F200023FB601FE080
:2014000010280010882000101A280010702000101C2800102C0300105C2400101B28001064
:2014200078200010D0270010E820001070250010114AFB68134400221A70FB680133FB608D
:20144000FB68042BF4DD0023BB6007E00B4ABB68134400221A70BB680133BB60BB68012BC8
:20146000F4DD074B1B68DBB206491846FFF726FE00BF1837BD4680BDE0200010EC200010F8
:2014800070200010D027001090B593B000AF6A4B07F118040FCB84E80F00684B07F1080499
:2014A0000FCB84E80F0000233B6300237B640023FB620023BB6200233B64614B1B68FB6305
:2014C000604B1B78002B09D05F4B1B7883F00103DBB2002B02D05D4B1B68FB635C4B1B78C9
:2014E000002B00F038825B4B93F80F31002B0DD0594B1B7883F00103DBB2002B06D0574BC0
:2015000000221A60544B01221A700AE0514B93F80F3183F00103DBB2002B02D04E4B0022D6
:201520001A704E4B1B6813F1640F02DB4A4B00221A704B4B93F8403083F00103DBB2002BB0
:2015400000F00982444B1B7883F00103DBB2002B00F00182434B1B68002B20D1424B1B680F
:20156000092B04DC404B1B683D4AD36333E03F4B1B78002B14BF01230023DBB283F0010313
:20158000DBB203F00103DAB2384B1A70374B1B781A46374B9B5C1A46314BDA631BE02D4BB4
:2015A00093F81C31002B0AD02E4B1B68013B9B00403307F10802134453F8403C09E0294B8B
:2015C0001B68013B9B00403307F10802134453F8303C234AD363274B00221A601D4B1B7882
:2015E000002B0CD1244B1B78002B04D0194B012283F80F2103E0174B002283F80F21154B3E
:2016000093F80F3183F00103DBB2002B09D1114B1B78002B00F0DB800E4B1B78022B00F088
:20162000D6800F4B022283F83820144B06221A600023BB63C6E000BF6CE111087CE1110880
:20164000E01E0010DD1E0010DC1E0010E81E00101D2800105C24001090290010C81E0010AD
:2016600088200010B8230010702000101C2800102C0300107C200010DE1E00108420001028
:201680009E4B1B68032B03D09C4B1B68042B35D17B6C9A1C9A4913465B0013445B00BA6B33
:2016A000134406339B000B445B68B3F5007F25DA924B1A687B6C1A449149BB6B06339B004F
:2016C0000B4459688E4813465B0013445B00BA6B134406339B0003445960884B1A68884948
:2016E000BB6B06339B000B445968864813465B0013445B00BA6B134440F823107F4B1B6878
:20170000002B01D100237B647C4B1B68022B2FD17D4B1B78002B2BD0BB6B042B28D1BB6B5E
:20172000042B09D1764B93F818311A4613469B0013441B019B1A3B643B6C012BB8BF012382
:201740001A467249BB6B41F82320704ABB6B52F823206F4B1B6813446D4A13606B4ABB6BC6
:2017600052F823206B49BB6B063341F8232026E0624B1A68624913465B0013445B00BA6BE2
:20178000134406339B000B445B68012BB8BF01231A465E49BB6B41F823205C4ABB6B52F886
:2017A00023205B4B1B681344594A1360574ABB6B52F823205749BB6B063341F82320BB6B5B
:2017C0000133BB63BB6B052B7FF75AAFB1E04F4B052283F838204D4B00225A634E4B062285
:2017E0001A604E4B00221A6000237B636CE0444A7B6B18339B0013445A6844497B6B41F8CE
:2018000023207B6B9A1D3E497B6B1E339B000B445B683E4941F82230394A7B6B12339B0022
:2018200013445B68B3F5007F2BDD354A7B6B18339B0013445B68012BB8BF01231A46334957
:201840007B6B41F823202E4A7B6B1E339B0013445A687B6B0633012AB8BF01222B4941F832
:2018600023202A4B5A6B01217B6B01FA03F31344264A5363274A7B6B0633002142F8231057
:201880001FE01F4A7B6B06339B0013445B68012BB8BF01231A461D497B6B41F823207B6B37
:2018A00006331A497A6B51F82220184941F82320164A7B6B52F8232016497B6B063341F8B5
:2018C00023207B6B01337B637B6B052B8FDDD7ED0F7A9FED137A67EE877AFCEEE77AC7ED90
:2018E000017A3B79DBB21A46084B1A63074B1B6B092B17DC054B0A221A631AE0B82300101F
:201900005C240010FC2200101E280010882000107C200010BC23001084200010C81E0010B6
:2019200000007F430E4B1B6BFA2B02DD0C4BFA221A630B4B012283F840200A4B00221A70BD
:20194000094B00221A60094B01221A700DF086FA0346074A136000BF4C37BD4690BD00BFBB
:20196000882000101D28001020280010282800102428001080B487B000AF00237B6122E02B
:20198000894A7B6913441978884A7B69134403330A461A70844A7B69134405331978834AEC
:2019A0007B69134408330A461A707F4A7B6913440A3319787D4A7B6913440D330A461A70E9
:2019C0007B6901337B617B69042BD9DD00233B6194E03B69C3F10503734A1344DB7B9A00B3
:2019E00072493B6906339B000B445A606F4A3B6906339B0013445A686D493B6941F823208B
:201A00003B69C3F10503684A13445B7D9A0067493B690C339B000B445A60644A3B690C3323
:201A20009B0013445A6862493B69063341F823203B69C3F105035C4A1344DB7E9A005B49FA
:201A40003B6912339B000B445A60584A3B6912339B0013445A6856493B690C3341F82320BC
:201A60003B69C3F10503504A134493F821309A004E493B6918339B000B445A604B4A3B693C
:201A800018339B0013445A6849493B69123341F823203B69C3F10503434A134493F827302A
:201AA0009A0042493B691E339B000B445A603F4A3B691E339B0013445A683D493B691833C1
:201AC00041F823203B69C3F10503374A134493F82D309A0035493B6924339B000B445A60B3
:201AE000324A3B6924339B0013445A6830493B691E3341F823203B6901333B613B69052B89
:201B00007FF767AF0023FB601BE00023BB600DE02849FA6813465B0013445B00CA18BB6857
:201B2000134401221A70BB680133BB60BB68052BEEDD214AFB68134400221A70FB680133A9
:201B4000FB60FB68052BE0DD00237B600CE01B4A7B68134401221A70194A7B6813440022E5
:201B60001A707B6801337B607B68042BEFDD00233B600CE0134A3B68134401221A70124A01
:201B80003B68134400221A703B6801333B603B68012BEFDD0D4B01221A7000BF1C37BD4678
:201BA0005DF8047B704700BFF00000105C240010FC2200108C230010B0230010D00000109B
:201BC000E0200010F4200010EC2000101D28001080B588B000AFA84B1B78002B00F0BF8163
:201BE000A54B00221A70A54B1B68DBB2A4491846FFF7AEFAA24B93F83F30012B40F0AD81EF
:201C00009F4B1A789F4BDA709D4B5A789D4B1A719B4B9A789B4B5A71994BDA78994B9A7119
:201C2000974B1A79974BDA71954B93F82B20954B1A72934B93F82C20924B5A72904B93F81C
:201C40002D20904B9A728E4B93F82E208D4BDA728B4B93F82F208B4B1A73894B93F83020B8
:201C6000884B5A73864B93F83120864B9A73844B93F83220834BDA73814B93F83320814BFC
:201C80001A747F4B93F834207E4B5A747C4B5B79002B14BF01230023DAB27B4B1A70784BF7
:201CA0009B79002B14BF01230023DAB2764B5A70734B9B79002B14BF01230023DAB2714B55
:201CC00083F80C21714B01221A70704B01225A706F4B012283F82A206A4B5B79032B04D11D
:201CE000684B042283F81D2107E0664B0022C3F82021644B002283F81D210023FB6137E07C
:201D00000023BB612EE0BB69D91DFA6913465B0013445B000B445A4AD35C99005948FA69D4
:201D200013465B0013445B00BA69134406339B0003445960BB69D91DFA6913465B00134467
:201D40005B000B444E4AD35C99005248FA6913465B0013445B00BA69134440F82310BB690D
:201D60000133BB61BB69052BCDDDFB690133FB61FB69042BC4DD424B93F83520414B83F879
:201D800018213F4B93F836203E4B83F819213C4B93F83730002B14BF01230023DAB2394B93
:201DA00083F81A213B467B60354B93F838207B681A707B680133324A92F839201A707B685E
:201DC00002332F4A92F83A201A707B6803332C4A92F83B201A703B682A4AC2F81431284B60
:201DE00093F83C30002B08D1264B93F81031002B03D0294B01221A702AE0214B93F83C301F
:201E0000002B15D01F4B93F8103183F00103DBB2002B0DD01A4B93F83C30002B14BF0123F2
:201E20000023DAB21D4B1A701D4B01221A700FE0134B93F83C30002B0AD0124B93F810317A
:201E4000002B05D0144B01221A70164B01221A700C4B002283F810210A4B5B79002B23D1FB
:201E6000074B93F83D30002B14BF01230023DAB2044B83F80D211BE078200010702000100C
:201E8000902700105C240010E8200010F4200010F0230010FC220010CC1E00101828001014
:201EA00019280010CD1E00102F4B002283F80D212E4B93F83E202C4B83F86E212A4B012216
:201EC000DA7500237B611BE000233B610DE028497A6913465B0013445B00CA183B69134476
:201EE00001221A703B6901333B613B69052BEEDD204A7B69134400221A707B6901337B61DD
:201F00007B69052BE0DD0023FB600CE01A4AFB68134401221A70194AFB68134400221A70F2
:201F2000FB680133FB60FB68042BEFDD0023BB600CE0134ABB68134401221A70114ABB6825
:201F4000134400221A70BB680133BB60BB68012BEFDD0D4B01221A7001E0FFF70BFD00BF4E
:201F60002037BD4680BD00BF5C240010902700108C230010B0230010D0000010E020001022
:201F8000F4200010EC2000101D28001080B592B000AF00237B6007F108033C2200211846A8
:201FA0001BF0C2FD00237B641EE07B6CDB02124A82FB03125210DB17D31A99B20F4A7B6CD9
:201FC0009C3322F813107B6CDB020B4A82FB03125210DB17D31A99B2084A7B6CA83322F890
:201FE00013107B6C01337B647B6C0B2BDDDD00BF00BF4837BD4680BDABAAAA2A5C240010F7
:2020000080B596B004AF00237B6007F108033C22002118461BF088FD00233B604FF47A7336
:202020000293402301933B1D009302234FF47D52AE21304812F012F905200CF01BFF97F8D4
:202040004330012B52D13B467B643A797B6C1A707B6C01337A791A70B7F900301A46264BF1
:202060009A603B4602337B643A7A7B6C1A707B6C01337A7A1A70B7F902301A461E4BDA602E
:202080001E4B7B643A7B7B6C1A707B6C01337A7B1A707B6C0233BA7B1A707B6C0333FA7BCB
:2020A0001A70174B7B643A7C7B6C1A707B6C01337A7C1A707B6C0233BA7C1A707B6C03339A
:2020C000FA7C1A703B7D1B020B4A13630A4B1B6B7A7D1344084A1363BB7D1B02064A536314
:2020E000054B5B6BFA7D1344034A536300BF4837BD4680BDD40700104C2700106427001072
:2021000068270010B0B59AB000AF78606B4B07F10C041D460FCD0FC40FCD0FC495E80300EB
:2021200084E803007B68092B07DC7B689B0068333B4453F85C3C7B6601E0FB687B66604B0A
:2021400001229A710023BB652B237B6530233B6500233B661FE03A6EBB6D1344796E3A6E74
:202160000A441178564AD1543A6E7B6D1344796E3A6E0A4405321178514AD1543A6E3B6D2F
:202180001344796E3A6E0A440A3211784C4AD1543B6E01333B663B6E042BDCDD0723FB64F3
:2021A0000D23BB6413237B6419233B641F23FB632523BB630023FB6547E0FB6DC3F105020D
:2021C000F96DFB6C0B44796E0A44D17B3C4AD154FB6DC3F10502F96DBB6C0B44796E0A4483
:2021E000517D374AD154FB6DC3F10502F96D7B6C0B44796E0A44D17E314AD154FB6DC3F16C
:202200000502F96D3B6C0B44796E0A4492F821102B4AD154FB6DC3F10502F96DFB6B0B4493
:20222000796E0A4492F82710254AD154FB6DC3F10502F96DBB6B0B44796E0A4492F82D101A
:202240001F4AD154FB6D0133FB65FB6D052BB4DD1B4B062283F83520194B032283F8362013
:20226000174B002283F837200023BB6007F108037B637B6B1A78124B83F838207B6B5A7889
:202280000F4B83F839207B6B9A780D4B83F83A207B6BDA780A4B83F83B200A4B01221A7086
:2022A000074B012283F83F207B68DBB204491846FEF704FF00BF6837BD46B0BD8CE1110868
:2022C000D0270010CC1E001080B582B000AF00237B601EE07B68DBB212491846FEF738FF96
:2022E000104B93F83F30012B10D000233B6007E00D4A3B68134400221A703B6801333B6069
:202300003B683F2BF4DD7868FFF7FCFE7B6801337B607B68092BDDDD00BF00BF0837BD468C
:2023200080BD00BF90270010D027001080B584B000AF0346FB71FB79012B14D00023FB6004
:2023400009E0FB68DBB2FF223F211846FEF7D6FEFB680133FB60FB68092BF2DD012201215F
:20236000FE20FEF7CBFE00BF1037BD4680BD00BF80B592B000AF00237B6407E03A467B6C06
:202380001344FF221A707B6C01337B647B6C3F2BF4DD00233B6409E03B6CDBB23A46114669
:2023A0001846FEF78BFE3B6C01333B643B6C7F2BF2DD3B461946FC20FEF780FE3B46194658
:2023C000FD20FEF77BFE3B461946FE20FEF776FE00BF4837BD4680BDB0B588B000AF0346F8
:2023E0003960FB80C44A3B6832F81330FA889A4204D9C1493B68FA8821F81320BF4A3B6849
:2024000032F81330FA889A4204D8BC493B68FA8821F81320B94A3B6832F8133007EE903ACD
:20242000F8EE677AC7ED057AB34A3B6832F81330013307EE903AF8EEE77AC7ED047AFB88A6
:2024400007EE903AB8EE677AD7ED057A37EE677AAB4BD3ED007A67EE276A97ED047AD7ED11
:20246000057A37EE677AC6EE877AC7ED077AA54BD3ED007A97ED077AB4EEE77AF1EE10FAD2
:202480000BD5D7ED077A37EEA77A9E4BD3ED007A77EE677AC7ED077A21E0FB8807EE903AF0
:2024A000B8EEE77A964BD3ED006A964BD3ED007A76EEE77AB4EEE77AF1EE10FA0FDDD7ED8E
:2024C000077A37EEA77A8E4BD3ED007A37EE677A8C4BD3ED007A77EE277AC7ED077A8A4AFC
:2024E0003B689B0013441B681846FEF75DF804460D46864A3B689B001344D3ED007A97ED5C
:20250000077A37EE677A804A3B689B001344D3ED007A77EE677A17EE900AFEF745F874A36D
:20252000D3E90023FEF798F802460B4620462946FDF7DCFE02460B4610461946FEF76EFB4F
:20254000024671493B689B000B441A606E4A3B689B001344D3ED007AFDEEE77A17EE903AD0
:20256000002BB8BF5B4207EE903AB8EEE77A654BD3ED007AB4EEE77AF1EE10FA0BD5634AF3
:202580003B689B00134493ED007A614BD3ED007A67EE277AA7E05D4A3B689B001344D3ED4D
:2025A000007A97ED077A77EE677AFDEEE77A17EE903A002BB8BF5B4207EE903AB8EEE77A36
:2025C000544BD3ED007A67EE277AC7ED037AF868FDF7EAFF4FF000024F4BFDF787FE024622
:2025E0000B464FF000004C49FEF760F902460B4610461946FEF712FB0346BB60B868FDF7A0
:20260000D3FF02460B464FF000004349FDF76CFE02460B461046194602460B46FDF766FEE7
:2026200002460B4610461946FEF7F8FA0346BB61D7ED067AB7EE007AF4EEC77AF1EE10FA91
:2026400002DD4FF07E53BB61304A3B689B00134493ED007A2D4A3B689B001344D3ED007A20
:20266000D7ED076A76EEE76AD7ED067A66EEA77A77EE277A254A3B689B001344C3ED007A83
:20268000224A3B689B001344D3ED007AF5EEC07AF1EE10FA07D81D4A3B689B0013444FF0DF
:2026A00000021A6014E0194A3B689B00134493ED007A134BD3ED007AB4EEE77AF1EE10FA34
:2026C00006DB0F4B1A6811493B689B000B441A600E4A3B689B00134493ED007A0C4BD3EDDE
:2026E000007A67EE277AB0EE670A2037BD46B0BD9A9999999999D93FBC000010C000001049
:20270000C400001030030010F81E0010F01E0010C8000010340300100000F03F80B483B0A9
:2027200000AF00237B601BE000233B600DE011497A6813465B0013445B00CA183B681344C8
:2027400001221A703B6801333B603B68052BEEDD094A7B68134400221A707B6801337B6091
:202760007B68052BE0DD00BF00BF0C37BD465DF8047B70478C230010B023001080B483B031
:2027800000AF00237B6020E02A4A7B681344023300221A70274A7B6813440C3300221A7067
:2027A000244A7B681344113300221A70214A7B681344163300221A701E4A7B6813441B33F7
:2027C00000221A707B6801337B607B68042BDBDD184B002283F82020164B002283F826200D
:2027E000144B002283F82120124B002283F82720104B002283F822200E4B002283F82320E8
:202800000C4B002283F828200A4B002283F82920084B002283F82B20064B002283F82C20CC
:20282000044B00225A7000BF0C37BD465DF8047B704700BFF023001080B582B000AF934BF7
:202840001B68934A12881146184611F0B3F90346002B27D18D4B5B688D4A528811461846AF
:2028600011F0A8F90346002B1CD18A4B012283F87421894B01225A70874B5A78864B1A708D
:20288000864B002283F82720844B93F82720834B83F82620824B00225A70814B5A78804B31
:2028A0001A7006E07C4B00225A707B4B5A787A4B1A707C49FE20FEF74BFCFFF767FBFFF7A1
:2028C0009FFB784B1B78FF2B02D0764B1B7800E00023754A1360744B1B686E4AC2F8283176
:2028E000704B1B78FF2B04D06E4B9B780133DBB200E001236D4A13706A4BDB78FF2B05D0BA
:20290000684BDB78002B01D0012200E00022614B83F81B21634B1B79FF2B02D0614B1B79AF
:2029200000E000235B4A82F871315E4B5B790F2B04D85C4B5B790133DBB200E00223554A60
:2029400082F86F31534B93F81B3183F00103DBB21A464FF40061564811F044F9514B9B7954
:20296000FF2B02D04F4B9B7900E00023494A82F872314C4BDB79FF2B05D04A4BDB79002BFC
:2029800001D0012200E000224A4B1A70494B1B78002B05D0484BDB68474A23F44073D36097
:2029A000414B1B68454A13603E4B5B781846FFF7BDFCFFF789FC3B49FC20FEF7C9FB0623A0
:2029C0007B6022E000233B6019E07A6813465B0013445B001A463B681344324AD35C99007D
:2029E0002C487A6813465B0013445B003A68134406339B00034459603B6801333B603B6839
:202A0000052BE2DD7B6801337B607B68082BD9DD2B4B01221A702B4B01221A7001222A492D
:202A20002A4817F051FA214B1B78012B04D9194B012283F8702103E0164B002283F87021C5
:202A4000144B93F87031012B0BD101220821204811F0C8F800224FF40051174811F0C2F89E
:202A60000AE0002208211A4811F0BCF801224FF40051114811F0B6F8164B01221A70FFF747
:202A80007DFE00BF0837BD4680BD00BFA4000010AC0000105C240010DC000010F0230010AF
:202AA000D8000010902700107020001030280010001802583327001000080258742000107D
:202AC0007820001079200010150E0010D40B001000100258312800102DE9B04F8CB000AFB0
:202AE000F8604FF000024FF00003C7E904234FF0FF324FF0FF33C7E906230CF0AFF9F8626C
:202B00000023BB628F4AFB6852F823208E49FB6831F813301946104611F04CF80346002B98
:202B200014BF0123002387F82730884AFB68DB001344D3E9002302F00104002544EA05030D
:202B4000002B14BF0123002387F826307F4AFB68DB001344D3E90023911839605B417B6065
:202B6000D7E9002397F8271000208846814612EB080A43EB090B754AFB68DB001344C3E9A6
:202B800000AB97F8272097F826309A422FD0704AFB6813441B78002B29D06D4AFB68134458
:202BA00000221A706B4AFB68134419786A4AFB6813440A461A70674AFB68134497F82720E0
:202BC0001A70644AFB6813441B78002B14BF01230023DBB283F00103DBB203F00103D9B218
:202BE0005E4AFB68134407330A461A706BE0584AFB6813441B7883F00103DBB2002B62D0C4
:202C0000524AFB68DB001344D3E90001514AFB6813441B78DB00283307F108021344203BF4
:202C2000D3E90023994208BF904205D1484AFB68134401221A7046E0444AFB68DB00134429
:202C4000D3E90001434AFB6813441B7883F00103DBB2DB00283307F108021344203BD3E933
:202C60000023994208BF90422DD1394AFB68134401221A70374AFB6813441B78002B14BF09
:202C800001230023DBB283F00103DBB203F00103D9B2304AFB6813440A461A702D4AFB68F2
:202CA00013441B78002B14BF01230023DBB283F00103DBB203F00103D9B2284AFB681344A6
:202CC00007330A461A70234AFB6813441A782249FB680B441B789A4255D01E4AFB68134454
:202CE00019781D4AFB6813440A461A70194AFB6813441B7883F00103DBB2002B05D0184933
:202D0000FB68FA6A41F8232004E01649FB68FA6A41F82320134AFB6852F823201049FB68E1
:202D200051F82330D31ABB62BB6AB3F5FA7F1BD20A4AFB681344023301221A70074B012255
:202D40005A7020E05C0000107000001048030010700300107803001080030010F02300109E
:202D600094290010A8290010534AFB6852F82330012B08DD514AFB6813441B3301221A70A7
:202D80004E4B01225A704E4AFB6813441B7883F00103DBB2002B00F083804A4AFB6852F865
:202DA0002330FA6AD31ABB62BB6AB3F5FA7F24D9414AFB6852F82330002B1ED1424AFB687B
:202DC000DB001344D3E90001D7E90423994208BF904212D1384AFB6852F823305A1C36494F
:202DE000FB6841F82320354AFB6813440C3301221A70324B01225A7058E0BB6AB3F5FA6FF7
:202E000024D92D4AFB6852F82330012B1ED12E4AFB68DB001344D3E90001D7E90423994297
:202E200008BF904212D1244AFB6852F823305A1C2149FB6841F82320204AFB681344113381
:202E400001221A701D4B01225A702FE0BB6A41F2883293422AD9184AFB6852F82330022BE8
:202E600024D1194AFB68DB001344D3E90001D7E90423994208BF904218D10F4AFB6852F85E
:202E800023305A1C0C49FB6841F823200B4AFB681344163301221A70084B01225A7005E00B
:202EA000054AFB68002142F82310FFE700BF3037BD46BDE8B08F00BFBC290010F023001008
:202EC0007803001094290010480300102DE9B04F8CB000AFF8604FF000024FF00003C7E9B4
:202EE00004234FF0FF324FF0FF33C7E906230BF0B5FFF8620023BB629E4AFB6852F82320D0
:202F00009D49FB6831F813301946104610F052FE0346002B14BF0123002387F82730974AB2
:202F2000FB68DB001344D3E9002302F00104002544EA0503002B14BF0123002387F82630B1
:202F40008E4AFB68DB001344D3E90023911839605B417B60D7E9002397F8271000208846D5
:202F6000814612EB080A43EB090B844AFB68DB001344C3E900AB97F8272097F826309A42E8
:202F800041D07F4AFB6813441B78002B3BD07C4AFB68134400221A707A4AFB681344197899
:202FA000794AFB6813440A461A70764AFB68134497F827201A70734AFB6813441B78002BAB
:202FC00014BF01230023DBB283F00103DBB203F00103D9B26D4AFB68134424330A461A7022
:202FE000684AFB6813441B7883F00103DBB2002B75D0664AFB681344223301221A70634B44
:2030000001225A706BE05E4AFB6813441B7883F00103DBB2002B62D0584AFB68DB001344EB
:20302000D3E90001574AFB6813441B78DB00283307F108021344203BD3E90023994208BF7A
:20304000904205D14E4AFB68134401221A7046E04A4AFB68DB001344D3E90001494AFB68C7
:2030600013441B7883F00103DBB2DB00283307F108021344203BD3E90023994208BF904225
:203080002DD13F4AFB68134401221A703D4AFB6813441B78002B14BF01230023DBB283F029
:2030A0000103DBB203F00103D9B2364AFB6813440A461A70334AFB6813441B78002B14BF21
:2030C00001230023DBB283F00103DBB203F00103D9B22E4AFB68134424330A461A70294AC0
:2030E000FB6813441A782849FB680B441B789A426BD0244AFB6813441978234AFB681344D7
:203100000A461A701F4AFB6813441B7883F00103DBB2002B0CD01E49FB68FA6A41F823206A
:20312000FB6A03F2F5121B49FB6841F8232004E01849FB68FA6A41F82320164AFB6852F856
:2031400023201349FB6851F82330D31ABB62BB6AB3F5FA7F39D2104B1B78002B1ED00B4B19
:20316000012283F82820094B01225A700A4B00221A7025E0A4000010AC0000108803001017
:20318000980300109C030010A0030010F0230010D0290010D8290010E0290010554AFB68CA
:2031A00013441B7883F00103DBB2002B08D0524AFB681344203301221A704F4B01225A7041
:2031C0004C4AFB68134400221A704C4AFB6813441B7883F00103DBB2002B2FD0484AFB68ED
:2031E00052F82330FA6AD31ABB62BB6AB3F5FA7F29D9444AFB6852F82330002B23D1424A43
:20320000FB68DB001344D3E90001D7E90423994208BF904217D13B4AFB6852F823305A1C1E
:203220003849FB6841F82320334AFB681344263301221A70304B01225A7004E0314AFB68C7
:20324000002142F823102D4AFB6813441B7883F00103DBB2002B48D0FB68002B0CBF012358
:203260000023DBB21A46254B9B5C83F00103DBB2002B3AD01F4AFB6813441B7883F0010371
:20328000DBB2002B31D0FB68002B0CBF01230023DBB21A46174B9B5C83F00103DBB2002B60
:2032A00023D01A4B01221A70FB68002B0CBF01230023DBB2134A012142F82310114A52F84B
:2032C00023201049FB6841F82320FB68002B0CBF01230023DBB2074A0121D154054AD15C32
:2032E000044AFB6813440A461A7000BF3037BD46BDE8B08FDC000010F02300109C03001021
:20330000D0290010E429001088030010E029001080B483B000AF786039607B6864337B60F7
:203320003B6864333B603B681C3B7A689A4204DB3B681C337A689A4201DD012300E000236C
:2033400018460C37BD465DF8047B704780B582B000AF786039602B4B1B68002B12D12A4A3C
:203360007B6852F8232029497B6851F8233019461046FFF7CDFF03461946254A7B68134424
:203380000A461A70204A7B6852F823201F497B6841F823201E4A7B6813441B78002B0FD073
:2033A0001B4A7B68134400221A701A493A6813465B0013445B00CA187B68134400221A708F
:2033C00014493A6813465B0013445B00CA187B6813441B7883F00103DBB2002B0DD00A4A79
:2033E0007B6852F823100C483A6813465B0013445B007A68134440F8231000BF0837BD466C
:2034000080BD00BFB00000101821001030210010B02300108C230010FC22001080B500AF92
:20342000144B1B8807EE903AF8EEE77ADFED126A87EEA67ADFED110AB0EE470A1AF088FC43
:20344000F0EE407A0E4BC3ED007A0E4B1B680E4A12881146184610F0ADFB0346012B03D1DD
:203460000A4B01221A7002E0084B00221A7000BF80BD00BFD81E00100000FA46A4707D3F98
:20348000E01E00100C00001024000010DC1E00102DE9B04F8CB000AF4FF000024FF0000341
:2034A000C7E904234FF0FF324FF0FF33C7E906230BF0D4FCB8629A4B1A789A4B1A709A4BCB
:2034C0005B689A4A52881146184610F073FB0346002B14BF01230023DAB2914B1A70904BED
:2034E0001B78002B11D08F4B1B7883F00103DBB2002B17D08E4B1B7883F00103DBB2002B0F
:2035000010D08C4ABB6A13600CE0894B00225A70874B5A78864B1A70864B00221A60864B74
:2035200000221A60824B1B7883F00103DBB2002B24D0804B1B68BA6AD31AB3F57A7F0BD28F
:2035400010217E4810F036FB03461A467A4B1B681344794A136011E0714B1B78002B0DD07D
:20356000734B01221A70744B1B68F92B03DD704B01225A7002E06E4B00225A7000237B626B
:203580000023BB816A4B1B78002B28D06C4B5B8801211846FEF720FFF0EE407A694BC3ED37
:2035A000017A684B93ED017A664BD3ED017A67EE277A644BC3ED017A624B5B681846FCF765
:2035C000F3FF55A3D3E90023FDF7C2FA0346002B02D000233B7304E001233B7301E00123A0
:2035E0003B73534B5B78002B0BD01021534810F0E1FA0346002B14BF01230023DBB27B73F6
:2036000001E001237B734A4B1B78002B00F0E4810023FB62DCE14C4AFB6ADB001344D3E9E9
:20362000002302F00104002544EA0503002B14BF0123002387F82330434AFB6ADB001344DA
:20364000D3E90023911839605B417B60D7E9002307F10C00F96A01440978C9B20020884659
:20366000814612EB080A43EB090B374AFB6ADB001344C3E900AB07F10C02FB6A13441B786E
:2036800097F823209A4269D0304AFB6A13441B78002B63D02D4AFB6A134400221A702C4AC7
:2036A000FB6A134419782B4AFB6A13440A461A7007F10C02FB6A13441978254AFB6A134434
:2036C0000A461A70224AFB6A13441B78002B14BF01230023DBB283F00103DBB203F0010388
:2036E000D9B21D4AFB6A134433330A461A70184AFB6A13441B7883F00103DBB2002B00F00C
:20370000ED80154AFB6A1344373301221A70124B01225A70E2E000BF9A9999999999B93FB0
:20372000EC290010ED2900100C00001024000010F0290010F4290010F82900100008025805
:20374000D81E0010E01E0010A8030010B8030010BC030010C0030010F0230010A14AFB6ABA
:2037600013441B7883F00103DBB2002B00F0B680FB6A002B63D19C4AFB6ADB001344D3E90D
:2037800000019A4AFB6A13441B78DB00283307F108021344203BD3E90023994208BF9042B8
:2037A00005D1904AFB6A134401221A7096E08E4AFB6ADB001344D3E900018C4AFB6A1344BC
:2037C0001B7883F00103DBB2DB00283307F108021344203BD3E90023994208BF90427DD1C7
:2037E000804AFB6A134401221A70804AFB6A13441B78002B14BF01230023DBB283F0010334
:20380000DBB203F00103D9B2784AFB6A13440A461A70764AFB6A13441B78002B14BF012310
:203820000023DBB283F00103DBB203F00103D9B26F4AFB6A134433330A461A704EE06A4ABB
:20384000FB6ADB001344D3E90001684B1B78DB00283307F108021344203BD3E9002399422A
:2038600008BF904205D1634B1B680133614A136002E0604B00221A605E4B1B68092B2DDDC3
:20388000584AFB6A134401221A70584AFB6A13441B78002B14BF01230023DBB283F00103E3
:2038A000DBB203F00103D9B2504AFB6A13440A461A704E4AFB6A13441B78002B14BF0123C0
:2038C0000023DBB283F00103DBB203F00103D9B2474AFB6A134433330A461A70464BDB6851
:2038E0001B0A03F00303454A1360404AFB6A13441A784349FB6A0B441B789A4233D03B4A99
:20390000FB6A134419783E4AFB6A13440A461A70364AFB6A13441B7883F00103DBB2002B3E
:2039200005D03849FB6ABA6A41F8232004E03649FB6ABA6A41F82320334AFB6A52F8232055
:203940003049FB6A51F82330D31A7B627B6AB3F5FA7F08D2264AFB6A13442B3301221A700C
:20396000234B01225A70214AFB6A13441B7883F00103DBB2002B23D0224AFB6A52F82330A2
:20398000BA6AD31A7B627B6AB3F5FA7F1DD91F4AFB6A52F82330002B17D11C4AFB6A52F8AA
:2039A00023305A1C1949FB6A41F82320104AFB6A13442F3301221A700D4B01225A7004E0AD
:2039C000124AFB6A002142F82310FB6A0133FB62FB6A012B7FF71FAE00BF3037BD46BDE800
:2039E000B08F00BFB8030010A8030010BC030010F0230010FC29001000080258342800104E
:203A0000C0030010002A0010082A0010102A001080B586B000AF06237B610BF01FFA786002
:203A2000A14B93F83030002B00F0858000233B611DE09D4A3B6952F82330002B03DD7B69BC
:203A400001337B6110E0994A3B6912339B0013445B68B3F5007F07DD944B93F80F31002B05
:203A600002D07B6901337B613B6901333B613B69052BDEDD8E4B1B68002B0CD18D4B1B68BE
:203A80007A68D31A40F2E242934204D9884B01221A6006237B61864B1B68012B1BD17B698A
:203AA000052B18DD804B5B69834A53617E4B1B69814A13617C4BDB687F4AD3607A4B9B6877
:203AC0007D4A9360784B5B687B4A5360764B1B68794A13602BE0794B1B7883F00103DBB24E
:203AE000002B24D0764B00221A600023FB6012E06D4AFB6852F823206B49FB68063351F89A
:203B000023309A4204D16E4B1B6801336C4A1360FB680133FB60FB68052BE9DD684B1A6888
:203B2000684B1B689A4202DB614B01221A605E4B002283F830200023BB6035E0624ABB6895
:203B400052F82320614B1B686148B96809010B4450F82330D21A5C49BB6841F823205B4B15
:203B60001B685549BA6851F822205948B96809010B4440F82320544ABB6852F823204E49FC
:203B8000BB6851F823301A444F49BB6841F823204D4ABB6852F823301A114E49BB6841F85C
:203BA0002320BB680133BB60BB68052BC6DD474B1B6801335A4203F00F0302F00F0258BF56
:203BC0005342424A13600020FEF786FF0120FEF783FF0220FEF780FF0320FEF77DFF0420D1
:203BE000FEF77AFF0020FFF771F90120FFF76EF9394B1B68394A1360374B1B6819460020D8
:203C0000FFF7A4FB344B1B6819460120FFF79EFB314B1B6819460220FFF798FB2E4B1B68F9
:203C200019460320FFF792FB2B4B1B6819460420FFF78CFB284B1B6819460520FFF786FB95
:203C4000274B1B68012B06D1254B00221A60FFF7E5FBFFF71DFC234B1B68591C224B83FB2A
:203C600001239A10CB17D21A13465B0013449B001344CA1A1B4B1A601A4B1B68002B0FD1F4
:203C80001A4B1B68012B01D1FEF7D6FD174B00221A60174B1B68174A1360154B00221A60C3
:203CA00000BF1837BD4680BDBC2300105C24001020280010242800101821001028280010DA
:203CC0008020001084200010C8220010E022001048210010E4220010B8230010382800108A
:203CE000EC1E00102C2800104FECC44EB0000010080E00100C0E001080B483B000AF03468A
:203D00000A46FB711346BB71094B93F86F31FA799A4206D1074B012283F82020BB79054A0A
:203D2000936200BF0C37BD465DF8047B704700BF5C240010D4250010B0B594B000AF034605
:203D4000FB710B46BB7113467B71964B07F108041D460FCD0FC40FCD0FC40FCD0FC42B684D
:203D600023600023FB64002387F84B300BF076F803467B648C4B1B78002B0AD08B4B1B68C8
:203D80007A6CD31A40F2EE22934202DD864B00221A70BB790D2B06D9BB79132B03D8844B76
:203DA00001225A7066E0BB79152B06D9BB791A2B03D87F4B03225A705CE0BB791A2B06D9DC
:203DC000BB791C2B03D87A4B07225A7052E0BB791F2B06D9BB79252B03D8754B02225A7039
:203DE00048E0BB79252B06D9BB792A2B03D8704B04225A703EE0BB792A2B06D9BB79302B14
:203E000003D86B4B05225A7034E0BB79352B06D9BB79362B03D8664B05225A702AE0BB7949
:203E2000622B06D9BB79632B03D8614B0A225A7020E0BB79652B06D9BB796B2B03D85C4BE8
:203E400006225A7016E0BB79632B06D9BB79652B03D8574B09225A700CE0BB796D2B06D90C
:203E6000BB79702B03D8524B08225A7002E0504B00225A704F4B93F86F31FA799A4240F05A
:203E8000F3824B4B5B780A2B00F2EE8201A252F823F000BF43441008C13E1008313F1008B0
:203EA000C53F100815401008C3421008814010089B41100831421008B9431008ED431008A8
:203EC000BB790E3B3C4AD35CFB647B79DB0003F47E723A49FB6C41F823207B79DB0003F46F
:203EE0007E723449FB6C06339B000B445A60344AFB6C134401221A702E4B1B78002B40F0C1
:203F0000A2822B4B01221A70294AFB6C1344023301221A707B79002B03D07B7903F07F03EC
:203F200000E001232249FA6C023241F822308AE2BB79203B204AD35CFB647B79DB0003F434
:203F40007E721E49FB6C063341F823207B79DB0003F47E721749FB6C0C339B000B445A608E
:203F6000174AFB6C1344063301221A70114B1B78012B40F06A820E4B01221A700C4AFB6C42
:203F80001344023301221A707B79002B03D07B7903F07F0300E001230549FA6C023241F868
:203FA000223052E2B4E11108182A00101C2A0010D42500105C2400103C030010FC2200100F
:203FC0008C230010BB79163BFB648F4AFB6C134403331B78FB637B79032B28BF0323D9B2C6
:203FE000894AFB6C134403330A461A70BB79182B40F02D82FB6B022B40F02982824AFB6C29
:20400000134403331B78032B40F021827F4B01221A701CE2BB792A2B1FD0BB79253BFB649F
:20402000FB6C012B0DD07B79002B14BF01230023DBB21946744AFB6C134408330A461A705A
:2040400012E27B79022B28BF0223D9B26E4AFB6C134408330A461A7006E26B4B1B78012BCC
:2040600009D07B79002B14BF01230023DAB2664B83F81A21F8E1664B012283F82020F3E1FF
:20408000614B1B78002B40F0E481BB79662B21D15D4BD3F82031002B17D17B79002B14BFA1
:2040A00001230023DBB21A46574B93F80C319A4204D1574B93F82130002B01D0012200E034
:2040C0000022534B83F8212065E0514B012283F8232060E0BB79672B16D14B4BD3F8203103
:2040E000002B0CD1484B5B79002B04D1484B012283F820204FE0474B01221A704BE0444BB8
:20410000012283F8222046E0BB79682B08D13E4BD3F82031012B3ED13D4B01221A663AE0D4
:20412000BB79692B08D1384BD3F82031012B32D1374B02221A662EE0BB796B2B08D1324BBC
:20414000D3F82031012B26D1314B03221A6622E0BB796A2B1FD12C4B5B79032B17D07B79F0
:20416000002B14BF01230023DBB21A46264B93F80D319A4204D1264B93F82730002B01D0D3
:20418000012200E00022224B83F8272003E0204B012283F8272000BF5BE1BB791B2B16D13C
:2041A000194B002283F82C211B4B02225A627B79154AC2F82831144BD3F82831174A1360AE
:2041C000174B01221A70174B01221A7043E1BB791C2B40F04081144B1B7883F00103DBB23B
:2041E000002B00F03881084B002283F82C210A4B02225A620B4B01221A700C4A7B6C1360C6
:20420000094B01221A7026E15C24001034270010F0230010D11E0010D425001070200010D0
:204220001A28001010280010182A00101C2A0010BB796E2B35D17B79012B14BF012300232F
:20424000DBB21A468A4B83F871218A4B01221A707B79012B0FD8864B002283F870210022E5
:20426000082185480FF0BEFC01224FF4005183480FF0B8FC11E07B79012B0ED97C4B012278
:2042800083F87021012208217B480FF0ABFC00224FF4005179480FF0A5FC794B01221A70D5
:2042A000DBE0BB79702B40F0D8807B79022B28BF0223DAB26E4B83F87221724B01221A7002
:2042C000CBE0BB792F2B10D8BB792B3BFB647B79002B14BF01230023DBB21946644AFB6C8A
:2042E00013440D330A461A70B9E0BB79302B15D17B79002B14BF01230023DAB25C4B83F858
:204300001B215B4B93F81B3183F00103DBB21A464FF400615C480FF065FCA0E0BB79362BC3
:2043200040F09D80524B93F818313B647B790A2B04D87B79C3F10C03DBB200E001234C4A3D
:2043400082F818314A4B93F81031002B00F087804E4B01221A704E4B01221A704D4B0122D0
:204360001A70434BD3F8143107EE903AB8EEE77A3F4B93F81831C3F10C039B0050333B4491
:20438000483BD3ED007A67EE276A3B6CC3F10C039B0050333B44483B93ED007AC6EE877A41
:2043A000FDEEE77A17EE902A314BC3F81421304B002283F8102152E0BB79642B0FD1364BE7
:2043C00001221A707B7907EE903AB8EE677ADFED336AC7EE267A324BC3ED007A41E0BB793C
:2043E000652B3ED12C4B00221A703AE02D4B5B682D4A5288114618460FF0DCFB0346002B56
:2044000014BF01230023DAB2284B1A70274B1B78002B28D0264BDB7A002B24D0254B1B78E9
:20442000002B14BF01230023DBB283F00103DBB203F00103DAB21F4B1A701F4B01221A7018
:2044400011E000BF10E000BF0EE000BF0CE000BF0AE000BF08E000BF06E000BF04E000BF0D
:2044600002E000BF00E000BF00BF5037BD46B0BD5C2400101328001000100258000802589F
:20448000112800101628001000180258CC1E0010CD1E001019280010DD1E00100000FE4282
:2044A000E81E00100C000010240000104C290010F0230010332700101728001080B489B0C8
:2044C00000AF0346FB710B46BB7113467B71FB79002B68D00023FB6126E05C4AFB6932F925
:2044E00013301A46BB799A421BD1FB69BB610BE0BB690133554A32F91310544ABB6922F891
:204500001310BB690133BB61514B1B78013BBA699A42EDDB4E4B1B78013BDAB24C4B1A70BD
:2045200008E0FB690133FB61494B1B781A46FB699342D2DB464B1B780F2B0CD8444B1B78CE
:204540005A1CD1B2424A11701A46BB7919B23F4B23F8121018E000237B610BE07B69013335
:204560003A4A32F91310394A7B6922F813107B6901337B617B690E2BF0DDBB791AB2334B69
:20458000DA83334B10221A70324B01221A70304B1B78013B2D4A32F913202F4B1A802F4AAE
:2045A0007B7913704CE00023FB740023FB602EE0264AFB6832F913301A46BB799A4223D195
:2045C000234B1B78013BFA689A4201D10123FB74FB68BB600BE0BB6801331C4A32F9131087
:2045E0001A4ABB6822F81310BB680133BB60184B1B78013BBA689A42EDDB154B1B78013B5E
:20460000DAB2134B1A7008E0FB680133FB60104B1B781A46FB689342CADB0D4B1B78002B0B
:2046200003D10C4B00221A700AE0FB7C002B07D0074B1B78013B054A32F91320064B1A8087
:2046400000BF2437BD465DF8047B704750290010702900107129001072290010742900107E
:2046600080B584B000AF0123FB73734B1B78002B00F04D81714B1B68714AD25C714B1A70E8
:204680006E4B1B680133DBB26C4A13606E4B1B68002B12D16D4B93F87031012B0DD1694B08
:2046A0001B78F82B09D0674B1B78FA2B05D0012301226449664815F0E5FA624B1B78DB0982
:2046C000DAB2644B1A70634B1B78012B15D15D4B1B781B11DBB203F00703DAB25E4B1A7012
:2046E0005D4B1B78072B05D05C4B00221A700123FB7304E00023FB7301E00123FB73FB7B35
:20470000002B00F0FB80554B1B78002B3DD1514B1B78012B15D14B4B1A78514B1A70504B6D
:204720001B78F62B09D94D4B00221A704D4B00221A704D4B00221A70E0E0484B01221A7017
:20474000DCE0444B1B78002B40F0D8803D4B1A78444B1A70424B1B78CF2B12D8404B1B7873
:20476000BF2B0ED93D4B00221A70404B1B783D4A127811461846FFF7BFFA3B4B00221A706F
:20478000BCE0364B02221A70B8E0344B1B78012B38D1334B1B7803F00F03DBB20133DAB20C
:2047A000324B1A70294B93F87431002B0BD0274B002283F874212D4B1A78244B83F86F2120
:2047C0002B4B01221A701F4B1A78264B1A70244B1B78CF2B12D8224B1B78BF2B0ED91F4B9E
:2047E00000221A70214B1B781E4A127811461846FFF782FA1C4B00221A707FE0174B0222FD
:204800001A707BE0154B1B78022B77D10D4B1A78154B1A70124B1B78AF2B2BD9104B1B78BB
:20482000BF2B27D8114B1B780E4A11780E4A12781846FFF781FA5EE04429001040290010DA
:204840003C2800104A290010B00000105C240010D40B00104B2900103803001045290010D5
:204860004629001047290010482900104929001014280010284B1B785BB2002B3BDA264B26
:204880001B789F2B37D8254B93F87231012B06D1224B93F86F21224B1B789A4204D01F4B69
:2048A00093F87231012B26D91B4B1B781B09DBB203F00103BB601B4B1B787B601A4B1B7817
:2048C0003B603B68002B01D10023BB60BB68DBB27A68D1B23A68D2B21846FFF7EFFD134B86
:2048E00001221A70124B00221A60BB687F2B02DD0E4B00221A700F4B00221A700E4B1A6880
:204900000E4B1B689A4202D10D4B00221A7000BF1037BD4680BD00BF462900105C240010F4
:204920004929001047290010482900104D2900107829001045290010402900103C29001051
:204940004429001080B586B000AF786087ED000A97ED007ADFED3D6AC7EE267AC7ED057A71
:20496000D7ED057AB2EE067A67EE877AC7ED047A3869FBF719FE02460B4643EC102B19F096
:2049800023FA53EC102B10461946FCF7FFF80346FB60FB6807EE903AF8EEE77A97ED047AD2
:2049A00077EE677AC7ED027A294AFB689C3332F8133007EE903AB8EEE77AFB680133244AA4
:2049C0009C3332F813301946214AFB689C3332F81330CB1A07EE903AF8EEE76AD7ED027A17
:2049E00066EEA77A77EE277AFDEEE77A17EE902A7B681A60164AFB68A83332F8133007EED4
:204A0000903AB8EEE77AFB680133114AA83332F8133019460E4AFB68A83332F81330CB1A44
:204A200007EE903AF8EEE76AD7ED027A66EEA77A77EE277A7B680433FDEEE77A17EE902AA0
:204A40001A6000BF1837BD4680BD00BF000000455C24001080B58AB000AF786039606423E4
:204A6000BB6104237B616D4B3B614FF07A53FB600AF0F4F9B8606A4B1B68022B62D0022B99
:204A800000F3B280002B02D0012B1ED0ACE0644B01221A6000237B6213E07B6A9B003A68ED
:204AA00013444FF000021A605E497B6ABA6841F823205D4A7B6A134400221A707B6A013312
:204AC0007B627B6A012BE8DD8EE000233B6224E0564A3B6A4C339B00134493ED007A3B6A9C
:204AE0009B003A681344D3ED007AB4EEE77AF1EE10FA0FDD3B6A9B003A6813444B493A6A9F
:204B00004C3292000A4412681A6046493B6ABA6841F823203B6A01333B623B6A012BD7DD76
:204B2000404B1B68BA68D21ABB699A425BD93D4B5B68BA68D21ABB699A4254D9384B0222F8
:204B40001A6050E00023FB6149E0FB699B003A68134493ED007AD7ED036AD7ED047A76EE3A
:204B6000E77AB4EEE77AF1EE10FA0FD5FB699B007A6813441968FB699B007A6813447A6930
:204B80008A1A1A60264B00221A6025E0FB699B003A68134493ED007AD7ED036AD7ED047A80
:204BA00076EEA77AB4EEE77AF1EE10FA0FDDFB699B007A6813441968FB699B007A681344A7
:204BC0007A690A441A60164B00221A6004E0164AFB69134401221A70FB690133FB61FB6929
:204BE000012BB2DD00E000BF0F4B1B78002B0FD00D4B5B78002B0BD00B4B00225A700A4B9C
:204C00005A78094B1A70064B00221A60012300E0002318462837BD4680BD00BF6F12033B55
:204C2000E82A0010EC2A0010F42A00105C24001080B588B000AF786039606423FB600423D8
:204C4000FB610AF00BF9B860914B1B68022B00F08480022B00F3E180002B02D0012B28D0C0
:204C6000DBE08B4B01221A600023BB611DE0BB699B003A6813441A688649BB699B000B44B3
:204C80001A60BB699B003A6813444FF000021A608149BB69BA6841F82320804ABB69134456
:204CA00000221A70BB690133BB61BB69012BDEDDB3E000237B6124E0794A7B694C339B0072
:204CC000134493ED007A7B699B003A681344D3ED007AB4EEE77AF1EE10FA0FDD7B699B007A
:204CE0003A6813446E497A694C3292000A4412681A6069497B69BA6841F823207B69013383
:204D00007B617B69012BD7DD634B1B68BA68D21AFB689A427ED9604B5B68BA68D21AFB683F
:204D20009A4277D95A4B02221A603B68D3ED006A584B93ED007AC6EE877A5A4BC3ED0E7A08
:204D40003B680433D3ED006A524B93ED017AC6EE877A544BC3ED0F7A5CE000233B6144E00B
:204D60007B6804331B6813F1FB0F02DB1023FB6101E00423FB613B699B007A6813441B68BD
:204D8000002B0CD13B699B007A68134419683B699B007A681344FA698A1A1A6022E0414A8C
:204DA0003B690E339B0013441B681846FBF7FCFB35A3D3E90023FBF7DFFE0346002B0CD07C
:204DC0003B699B007A68134419683B699B007A681344FA698A1A1A6004E0304A3B69134488
:204DE00001221A703B6901333B613B69012BB7DD2A4B1B7883F00103DBB2002B06D1274BAE
:204E00005B7883F00103DBB2002B05D0204B00221A6001E000BF00E000BF204B1B78002B4C
:204E20002DD01E4B5B78002B29D01C4B00225A701A4B5A78194B1A70154B00221A607B68BE
:204E40001A687B6804331B689A420BDA154BDA687B68043319687B681B68CB1A1344114A38
:204E6000D3600AE00F4B9A687B6819687B6804331B68CB1A13440B4A9360012300E000230D
:204E800018462037BD4680BD14AE47E17A14F03FB02A0010B42A0010BC2A0010C42A0010AA
:204EA0005C2400104C27001080B58CB000AFF860B9607A6064237B625B4B3B625B4BFB61CB
:204EC0004FF07A53BB6109F0C9FF7861584B1B68022B62D0022B00F39080002B02D0012B32
:204EE0001ED08AE0524B01221A600023FB6213E0FB6A9B00BA6813444FF000021A604D49E3
:204F0000FB6A7A6941F823204B4AFB6A134400221A70FB6A0133FB62FB6A012BE8DD6CE038
:204F20000023BB6224E0454ABB6A4C339B00134493ED007ABB6A9B00BA681344D3ED007A9B
:204F4000B4EEE77AF1EE10FA0FDDBB6A9B00BA6813443A49BA6A4C3292000A4412681A6047
:204F60003449BB6A7A6941F82320BB6A0133BB62BB6A012BD7DD2F4B1B687A69D21A7B6A04
:204F80009A4239D92B4B5B687A69D21A7B6A9A4232D9274B02221A602EE07B689B00BA6891
:204FA000134493ED007A7B68002B01D1042300E00023BA681344D3ED007AB4EEE77AF1EE01
:204FC00010FA13D57B689B00FA68134493ED007A7B689B00FA681344D7ED087A77EE277A2B
:204FE000C3ED007A124B00221A6006E0124A7B68134401221A7000E000BF0F4A7B68134433
:205000001B78002B0BD00C4B00225A700A4B5A78094B1A70064B00221A60012300E000239B
:2050200018463037BD4680BD6F12833A6F12033BC82A0010CC2A0010D42A00105C240010C8
:2050400080B58AB000AF7860396064237B6109F005FF3861614BFB604FF07A53BB60042373
:205060007B625F4B1B68022B62D0022B00F39D80002B02D0012B1ED097E0594B01221A60BB
:2050800000233B6213E03B6A9B003A6813444FF000021A6053493B6A3A6941F82320524A6D
:2050A0003B6A134400221A703B6A01333B623B6A012BE8DD79E00023FB6124E04B4AFB6967
:2050C0004C339B00134493ED007AFB699B003A681344D3ED007AB4EEE77AF1EE10FA0FDD5B
:2050E000FB699B003A6813444049FA694C3292000A4412681A603B49FB693A6941F8232073
:20510000FB690133FB61FB69012BD7DD354B1B683A69D21A7B699A4246D9324B5B683A6903
:20512000D21A7B699A423FD92D4B02221A603BE00023BB6134E0BB699B007A6813441B68AC
:20514000932B02DC10237B6201E004237B62BB699B003A68134493ED007AD7ED026AD7ED18
:20516000037A76EEE77AB4EEE77AF1EE10FA0FDDBB699B007A6813441968BB699B007A68FB
:2051800013447A6A0A441A60154B00221A6004E0154ABB69134401221A70BB690133BB6131
:2051A000BB69012BC7DD00E000BF0F4B1B78002B0FD00D4B5B78002B0BD00B4B00225A70F2
:2051C000094B5A78084B1A70054B00221A60012300E0002318462837BD4680BD0AD7A33CFC
:2051E000D82A0010DC2A0010E42A00105C24001080B596B004AF00237B6007F108033C224C
:205200000021184618F090FC00233B602F4B9B681BB23B803B467B647B6C1B783B717B6C4B
:205220005B787B71294BDB681BB27B803B4602337B647B6C1B783B727B6C5B787B72244B5E
:205240007B647B6C1B783B737B6C5B787B737B6C9B78BB737B6CDB78FB731E4B7B647B6CA0
:205260001B783B747B6C5B787B747B6C9B78BB747B6CDB78FB74154B1B6B1B12DBB23B7521
:20528000124B1B6BDBB27B75104B5B6B1B12DBB2BB750E4B5B6BDBB2FB75012387F8433071
:2052A0004FF47A730293402301933B1D009302234FF47D52AE2108480EF0BCFE052009F01B
:2052C000D9FD00BF4837BD4680BD00BF4C2700106427001068270010D40700100000000013
:2052E00080B588B000AF0023FB7709F0B7FD78609E4B93F84030082B00F2308301A252F8CF
:2053000023F000BF29531008AF531008555410089D551008455610082D57100897571008ED
:2053200061581008E1581008904B072283F841200023BB611CE08D4ABB690233002142F8A5
:2053400023108A4ABB690433002142F82310874ABB6906339B0013444FF07E521A60834AE7
:20536000BB690C33002142F82310BB690133BB61BB69012BDFDD7E4B93F8403083F0010381
:20538000DBB2002B00F0D982794B012283F83820774B36221A60764B4E225A60734B0122F0
:2053A00083F84020724B012283F84020C5E26F4B9B689BB203F5F6739AB26E4B1A806B4BF0
:2053C000DB689BB203F5F6739AB26A4B5A806A4B40F6FF721A80684B40F6FF725A80674B25
:2053E000674A1A60654B664A5A6000237B6119E05E4A7B69023352F82330642B07DC5B4AFB
:205400007B69023352F8233013F1640F07DA574B012283F84120554B072283F840207B6955
:2054200001337B617B69012BE2DD50495548FFF711FB0346002B00F082824C4B022283F8B7
:2054400040204A4B9B68504A1360484BDB684E4A536074E2454B9B689AB2444B1B699BB291
:2054600013449BB203F5F6739AB2424B1A803F4BDB689AB23D4B5B699BB213449BB203F566
:20548000F6739AB23B4B5A803B4B40F6FF721A80394B40F6FF725A80384B394A1A60374B29
:2054A000374A5A60394B4FF07E521A6000233B6118E02E4A3B69043352F823202B493B69F5
:2054C000023351F82330134413F5F67F07DA274B022283F84120254B072283F840203B69BC
:2054E00001333B613B69012BE3DD204B1A691F4B5B69D31A002BB8BF5B42642B07DD1B4B2B
:20550000022283F84120194B072283F8402017491F48FFF78DFB0346002B00F012821A4B81
:205520001A68124B9B689A420AD01A4B00221A600E4B082283F84020174A7B68136000E2DB
:20554000114B5A68094BDB689A420AD0114B01221A60064B082283F840200F4A7B681360E2
:20556000EFE1024B042283F84020EAE14C270010882000108C1E0010781E0010801E0010F9
:2055800000F07F4554270010982A0010342600105C270010A02A0010A42A0010A04B9B6857
:2055A0009BB203F5F6739AB29E4B1A809C4BDB689BB203F5F6739AB29A4B5A809A4B40F670
:2055C000FF721A80984B40F6FF725A80974B984A1A60964B964A5A60964B4FF07E521A6039
:2055E0000023FB601BE08E4AFB6806339B0013441B681846FAF7D8FF87A3D3E90023FBF728
:20560000BBFA0346002B07D0854B032283F84120834B072283F84020FB680133FB60FB6892
:20562000012BE0DD844B1B681A467D498348FFF73BFC0346002B00F08681794B042283F841
:20564000402080E1764B9B689BB203F5F6739AB2744B1A80724BDB689BB203F5F6739AB278
:20566000704B5A80704B40F6FF721A806E4B40F6FF725A806D4B6E4A1A606C4B6C4A5A604E
:20568000674B1B6B9BB203F596739AB26C4B1A80634B5B6B9BB203F596739AB2684B5A804C
:2056A0000023BB6012E05E4ABB680C3352F82330B3F5167F07DD5A4B042283F84120584BA8
:2056C000072283F84020BB680133BB60BB68012BE9DD53495B48FFF7B3FC0346002B00F0F7
:2056E00034814F4B1A6B4E4B5B6B9A420ADD4C4B1A6B4B4B5B6BD31A494A1363484B002291
:205700005A6309E0464B5A6B454B1B6BD31A444A5363434B00221A63FFF76AFD404B062209
:2057200083F84020484A7B6813600EE1474B40F6FF721A80464B40F6FF721A803A4B00226B
:205740001A80394B00225A80354B9B6A03F5F67307EE903AF8EEE77A344BC3ED007A304B1F
:20576000DB6A03F5F67307EE903AF8EEE77A2F4BC3ED017A374B00221A80364B00225A801D
:2057800027493548FFF766F90346002B00F0DF800123FB77DBE0234B40F6FF721A80214B98
:2057A00040F6FF725A80204B40F6FF721A801E4B40F6FF725A801D4B1D4A1A601B4B1C4ABD
:2057C0005A601F4B00221A801D4B00225A801E4B1B687A68D31AB3F5FA7FC0F0BA801F4B55
:2057E00093F8403083F00103DBB2002B00F0B1801A4B012283F83820184B36221A60174B6C
:205800004D225A600123FB77144B012283F840209FE000BFAFF300809A9999999999F13F45
:205820004C2700108C1E0010781E0010801E001000F07F4534260010A02A00106427001044
:20584000881E00107C270010A82A0010701E0010721E00107C1E00107427001088200010B2
:20586000414B40F6FF721A803F4B40F6FF725A803E4B40F6FF721A803C4B40F6FF725A807E
:205880003B4B3C4A1A603A4B3A4A5A603A4B00221A80394B00225A80384B1B7883F0010371
:2058A000DBB2002B57D0364B93F8403083F00103DBB2002B4FD0314B01221A70304B012278
:2058C00083F838202E4B36221A602E4B93F841301A462B4B5A602A4B012283F840203AE018
:2058E000284B9B689BB203F5F6739AB21E4B1A80244BDB689BB203F5F6739AB21A4B5A804A
:205900001A4B40F6FF721A80184B40F6FF725A80174B184A1A60164B164A5A601A4B4FF0A0
:205920007E521A60194B1B687A68D31AFA2B14D9144B032283F840200FE000BF0EE000BF9B
:205940000CE000BF0AE000BF08E000BF06E000BF04E000BF02E000BF00E000BFFB7F1846EC
:205960002037BD4680BD00BF8C1E0010781E0010801E001000F07F45881E0010AC2A001073
:20598000882000104C27001034260010A42A001080B400AFA64B1B68012B40F04481A44B1D
:2059A00000221A60A34B1B8807EE903AB8EEE77AA14BD3ED006A9F4B1B8807EE903AF8EEAC
:2059C000E77A76EEE76A9D4BD3ED007A66EEA77A77EE277AFCEEE77A17EE903A9AB2954BCE
:2059E0001A80944B5B8807EE903AB8EEE77A924BD3ED016A8F4B5B8807EE903AF8EEE77ABA
:205A000076EEE76A8D4BD3ED007A66EEA77A77EE277AFCEEE77A17EE903A9AB2854B5A8034
:205A2000874B1B8807EE903AB8EEE77A854BD3ED006A834B1B8807EE903AF8EEE77A76EE56
:205A4000E76A7E4BD3ED007A66EEA77A77EE277AFCEEE77A17EE903A9AB2794B1A80784BF0
:205A60005B8807EE903AB8EEE77A764BD3ED016A734B5B8807EE903AF8EEE77A76EEE76A35
:205A80006E4BD3ED007A66EEA77A77EE277AFCEEE77A17EE903A9AB2694B5A806A4B1B884C
:205AA00007EE903AB8EEE77A684BD3ED006A664B1B8807EE903AF8EEE77A76EEE76A5F4B8A
:205AC000D3ED007A66EEA77A77EE277AFCEEE77A17EE903A9AB25C4B1A805B4B5B8807EEEC
:205AE000903AB8EEE77A594BD3ED016A564B5B8807EE903AF8EEE77A76EEE76A4F4BD3ED6D
:205B0000007A66EEA77A77EE277AFCEEE77A17EE903A9AB24C4B5A804D4B1B8807EE903ABF
:205B2000B8EEE77A4B4BD3ED006A494B1B8807EE903AF8EEE77A76EEE76A404BD3ED007AE7
:205B400066EEA77A77EE277AFCEEE77A17EE903A9AB23F4B1A803E4B5B8807EE903AB8EE6F
:205B6000E77A3C4BD3ED016A394B5B8807EE903AF8EEE77A76EEE76A304BD3ED007A66EEE7
:205B8000A77A77EE277AFCEEE77A17EE903A9AB22F4B5A80304B93ED007A304BD3ED006A0A
:205BA0002D4BD3ED007A76EEE76A244BD3ED007A66EEA77A77EE277A274BC3ED007A264B4D
:205BC00093ED017A254BD3ED016A234BD3ED017A76EEE76A194BD3ED007A66EEA77A77EE59
:205BE000277A1D4BC3ED017A1D4B1B8807EE903AB8EEE77A1B4BD3ED006A194B1B8807EE14
:205C0000903AF8EEE77A76EEE76A0C4BD3ED007A66EEA77A77EE277AFCEEE77A17EE903A98
:205C20009AB20F4B1A8000BFBD465DF8047B70477C290010781E0010481E001044030010AF
:205C4000941E0010681E00108C1E0010601E00107C1E0010501E0010801E0010581E001048
:205C6000741E0010281E001080B400AF414B93F82130002B0AD0404B5B79032B06D03F4BEF
:205C800001221A703B4B002283F821203B4B1B78002B04D1374B93F82A30002B65D0384B90
:205CA00093F8403083F00103DBB2002B5DD0334B00221A702F4B93F82A3083F00103DBB200
:205CC000002B14D02C4B93F80C31002B14BF01230023DBB283F00103DBB203F00103DAB21D
:205CE000254B83F80C21244B002283F80D21214B002283F82A20224B012283F84020204B29
:205D0000012283F838201E4B38221A601A4B5B79032B1BD0184B93F80C3183F00103DBB2CF
:205D2000002B03D0164B00225A601EE0124B93F80D3183F00103DBB2002B03D0104B012284
:205D40005A6012E00E4B02225A600EE00A4B93F80C3183F00103DBB2002B03D0084B0322DB
:205D60005A6002E0064B01225A6000BFBD465DF8047B7047F02300105C2400105C2A0010C3
:205D80008820001080B500AF864B93F86E31022B00F08380022B00F30381002B02D0012B7F
:205DA00059D0FDE0804B93F82B30002B25D07E4B002283F82B207B4BD3F82831591C7B4B36
:205DC00083FB01239A10CB17D21A13469B0013445B00CA1A734BC3F82821724BD3F828317C
:205DE000734A1360724B1B68DBB21A460021FE20FBF784F96F4B01221A706B4B93F82C3094
:205E0000002B00F0C880684B002283F82C20654BD3F8283103F10901644B83FB01239A10B6
:205E2000CB17D21A13469B0013445B00CA1A5D4BC3F828215B4BD3F828315D4A13605C4BD3
:205E40001B68DBB21A460021FE20FBF757F9594B01221A709FE0544B93F82B30002B0ED0F3
:205E6000514B002283F82B204E4B9B7A0133002B03F00103B8BF5B42DAB24A4B9A724A4BC4
:205E800093F82C30002B00F08880474B002283F82C20494B01221A707FE0434B93F837305D
:205EA000002B0CD0404B002283F837203D4B5B79032B1DD13C4B012283F8222018E03A4B00
:205EC00093F82B30002B13D0374B002283F82B20344B5B79032B07D0324B5B79002B03D0BD
:205EE000364B01221A7003E02F4B012283F820202D4B93F83830002B0CD02B4B002283F8B4
:205F00003820284B5B79032B37D1274B012283F8232032E0244B93F82C30002B2DD0224B5C
:205F2000002283F82C201F4B5B79032B21D01D4B93F80C31002B14BF01230023DBB283F0A6
:205F40000103DBB203F00103DAB2164B83F80C21154B012283F82A20124B93F80C3183F044
:205F60000103DBB2002B08D00E4B002283F80D2103E00D4B012283F821200B4B93F830300E
:205F8000002B0CD0084B002283F83020064B012283F8272003E000BF02E000BF00E000BFA2
:205FA00000BF80BD5C240010F0230010676666667020001078200010CE1E0010D11E001056
:205FC00080B500AF0F4B93F82030002B17D00D4B002283F820200B4B9B6A0B4A13600A4BE9
:205FE0001B680A4AC2F82831074B1B68DBB21A460021FE20FBF782F8054B01221A7000BF8E
:2060000080BD00BFD4250010702000105C2400107820001080B500AFFFF726FE294B93F8A6
:206020002730002B4CD0284B93F80C3183F00103DBB2002B08D0234B002283F82720224BC1
:20604000002283F80D213BE0204B93F8403083F00103DBB2002B33D01A4B002283F8272079
:20606000194B93F80D31002B14BF01230023DBB283F00103DBB203F00103DAB2124B83F8C2
:206080000D21114B93F80D31002B02D0104B00221A700E4B012283F840200C4B012283F85D
:2060A00038200A4B38221A60074B93F80D31002B03D0064B02225A6002E0044B01225A6009
:2060C00000BF80BDF02300105C24001088200010D01E001080B483B000AF0023FB71344B37
:2060E0001B68022B5ED1334BD3F82031012B59D10023FB71304B1A78304B1B789A4205D076
:206100002D4B1A782D4B1A700123FB71294B93F82531002B28D02A4B1B68002B24DDFB79D3
:20612000002B04D0274B1B680133264A1360254B1A68234B1B689A4233DB234B1B78002B5B
:2061400006D0214B00221A701E4B00221A6028E01C4B00221A60174B93F81D31032B20D0E8
:206160001A4B01221A701CE0124B93F8253183F00103DBB2002B15D00E4B93F81D31012B61
:2061800010D1FB79002B0DD00D4B1B6801330C4A13600B4B1B680B4A13600B4B01221A7026
:2061A00000E000BF00BF0C37BD465DF8047B7047BC1E00105C24001048270010942A0010E9
:2061C0008029001084290010952A00108829001080B483B000AFA64B012283F80C210123C3
:2061E000FB710023BB71A34B1B68022B0DD10023FB71A14B1A78A14B1B789A4205D09E4B42
:206200001A789E4B1A700123FB719D4B1B6E032B69D801A252F823F0E76210082962100805
:2062200089621008C1621008914B93F81D31032B1DD1944B93F8403083F00103DBB2002B46
:2062400050D08B4B012283F81D21894B002283F80D218C4B38221A608A4B01225A60894B9C
:20626000012283F84020864B00221A663AE0804B93F81D31012B35D0814B012283F8222012
:206280007F4B00221A662DE0794B93F81D31032B04D17B4B012283F823200DE0744B93F807
:2062A0001D31022B08D0724B93F81D31042B03D0734B012283F82220714B00221A6612E005
:2062C0006B4B93F81D31032B08D0694B93F81D31042B03D06A4B012283F82320684B00222F
:2062E0001A6600E000BF664B93F82330002B02D0FB79002B04D1624B93F82A30002B6FD083
:20630000604B93F8403083F00103DBB2002B67D05B4B002283F82320594B93F82A3083F0EF
:206320000103DBB2002B2ED0514B93F81D31012B04D04F4B93F81D31022B07D14C4B0322FA
:2063400083F81D214F4B04225A603EE0484B93F81D31032B13D1464B93F82531002B06D0FB
:20636000494B4FF0FF321A60484B01221A70404B022283F81D21434B02225A6025E0414BFA
:2063800003225A6021E03E4B002283F82A20384B93F81D31012B03D13A4B01225A6014E0FB
:2063A000334B93F81D31022B03D1364B02225A600BE02F4B93F81D31032B03D1314B042244
:2063C0005A6002E02F4B03225A602E4B012283F838202C4B38221A602A4B012283F840209B
:2063E000274B93F82730002B30D0264B93F8403083F00103DBB2002B28D0214B002283F882
:2064000027201B4B93F81D31032B08D0184B042283F81D21164B012283F8242102E01C4B21
:2064200001221A701B4B00221A60174B00221A60144B012283F83820124B38221A60114BCD
:2064400003225A600F4B012283F840200C4B93F82230002B00F08680054B93F8243183F00D
:206460000103DBB2002B17D00123BB7119E000BF5C240010BC1E0010482700105D2A0010E1
:20648000F023001088200010842900105E2A0010D21E001080290010FB79002B01D001237F
:2064A000BB71604B93F8403083F00103DBB2002B58D0BB79002B55D05B4B002283F82220AA
:2064C000584B012283F83820564B38221A60574B93F81D31022B04D0544B93F81D31042B8B
:2064E0000BD1524B012283F81D21504B002283F80D214C4B01225A6030E04C4B93F81D31ED
:20650000012B04D0494B93F81D31032B26D1474B93F81A3183F00103DBB2002B07D1434BEC
:2065200093F8243183F00103DBB2002B07D03F4B022283F81D213B4B02225A600AE03B4B3A
:20654000052283F81D21374B01225A60374B002283F82421354B002283F82421314B012297
:2065600083F84020314B93F81D31042B04D12F4B002283F825210DE02C4B93F81D31022B20
:2065800004D02A4B93F81D31052B03D1274B012283F82521264B1B78002B17D0244B0022D8
:2065A0001A70224B022283F81D21204B93F81A31002B07D01D4B052283F81D211B4B0022F4
:2065C00083F824211B4B01221A7025E0194B1B78002B21D0134B93F8403083F00103DBB273
:2065E000002B19D0134B00221A700E4B012283F838200C4B38221A600C4B93F81D31022BA6
:2066000003D1084B02225A6002E0064B01225A60044B012283F8402000BF0C37BD465DF8BE
:20662000047B704788200010F02300105C240010D51E00105F2A001080B489B000AF0346B8
:20664000FB7100233B610023FB600023BB604D4B1B68FB614C4B1B78002B09D04B4B1B7885
:2066600083F00103DBB2002B02D0494B1B68FB61FB7983F00103DBB2002B16D00023BB61DE
:206680000CE0444ABB6952F823204349BB6906339B000B445A60BB690133BB61BB69052B7A
:2066A000EFDD3E4B00221A6065E000237B615FE0BB689A1C384913465B0013445B007A69C3
:2066C000134406339B000B445B68B3F5007F14DA304A7B6952F823202F497B6924339B002F
:2066E0000B445A602B4A7B6952F823202A497B6906339B000B445A6037E0BB68DA1C2649D8
:2067000013465B0013445B007A69134406339B000B445B683B61BB681A1D1F4913465B00E1
:2067200013445B007A69134406339B000B445B68FB603B6907EE903AB8EEE77AFA683B69BC
:20674000D31A07EE903AF8EEE76AD7ED077A66EEA77A77EE277AFDEEE77A17EE901A0E4A43
:206760007B6924339B00134459607B6901337B617B69052B9CDD00BF2437BD465DF8047BC1
:20678000704700BFE01E0010DD1E0010DC1E0010E81E0010FC2200105C240010582A0010FA
:2067A000B0B598B000AF714B07F124041D460FCD0FC495E80F0084E80F006D4B3C1D1D4614
:2067C0000FCD0FC495E80F0084E80F00002387F85F300023BB656BE1664ABB6D13440233DF
:2067E0001B78002B71D0BB6D022B0CD1624B93F81031002B07D0614B01221A705D4B0022CA
:2068000083F820205BE0BB6D002B07D15C4B1B78002B03D05A4B00221A7050E0BB6D022B49
:206820001AD1554B1B78022B16D1534ABB6D134403331B785A1C534B83FB0231D317C91AAF
:206840000B465B000B44D11AC9B24B4ABB6D134403330A461A7013E0474ABB6D134403337A
:206860001B7801335A4203F0030302F0030258BF5342D9B2404ABB6D134403330A461A7075
:20688000BB6D022B06D13C4B5B79032B02D1012387F85F30BB6D012B11D1374B1B78022BC6
:2068A0000DD0354ABB6D134403331B78002B03D0314B0122DA7502E02F4B0022DA752D4A04
:2068C000BB6D1344023300221A70BB6D012B29D1284B93F82030002B24D0274B5B79002B2C
:2068E00020D1244B002283F82020234BDB7D002B14BF01230023DBB283F00103DBB203F0CC
:206900000103DAB21C4BDA751B4B1B79002B09D1194BDB7D002B05D0174B1B790133DAB2C0
:20692000154B1A71144ABB6D134403331B787B6500233B65BB6D022B06D10F4B93F81031D1
:20694000002B01D001233B65BB6D012B2CD10A4BDB7D83F00103DBB2002B15D0064B1B7881
:20696000022B11D001233B651EE000BFE8E1110808E21108F02300105C240010CC1E0010F6
:206980004D29001056555555524B9B7B012B0BD1504B5B79012B03D04E4B5B79022B03D185
:2069A00001233B6501237B654B4B93F82030002B0BD0484B5B79002B07D0464B5B79032B9C
:2069C00003D0454B002283F82020BB6D002B4ED1424B1B78002B4AD008F040FAF864404B87
:2069E0001B68FA6CD31ABB64BB6CB3F5FA7F0ED93B4AFB6C13603B4B1B6801335A4203F048
:206A0000030302F0030258BF5342364A1360314ABB6D134403331B781A46324B1B68134460
:206A20005A4203F0030302F0030258BF53427B643B6D9A007B6C13449B0060333B4453F8C7
:206A40003C1C294ABB6D52F823300A461A603B6D9A007B6C13449B0060333B4453F85C1CEC
:206A6000224ABB6D52F823300A461A601DE03B6D9A007B6D13449B0060333B4453F83C1C4D
:206A8000194ABB6D52F823300A461A603B6D9A007B6D13449B0060333B4453F85C1C134AB6
:206AA000BB6D52F823300A461A60BB6D0133BB65BB6D042B7FF790AE064B93F86E31002B1A
:206AC00001D1FFF75FF997F85F3018466037BD46B0BD00BF5C240010F02300104D2900101B
:206AE000502A0010542A00107C0000109000001080B582B000AF0023FB71FFF751FE03461F
:206B0000FB718B4B5B79002B03D0894B0122DA7506E0874B1B79002B02D1854B0022DA7590
:206B2000834B5B791A46834B1B689A4226D0814B1B68002B22D1804B93F8403083F0010386
:206B4000DBB2002B1FD07A4B002283F80D217A4B012283F83820784B38221A60744B93F862
:206B60000C311A46744B5A60714B5B791A46714B1A60714B012283F8402004E06C4B5B79B0
:206B80001A466C4B1A606D4B1B78002B09D06C4B1B7883F00103DBB2002B02D0694B0122F3
:206BA0001A70634BD3F82031012B0AD1604B93F8253183F00103DBB2002B02D0614B00221F
:206BC0001A705B4B93F81031002B3AD05E4B1B7883F00103DBB2002B33D0554B93F80F31AB
:206BE00083F00103DBB2002B04D1514BDB6DB3F5007F26DA554B1B78002B08D0534B002290
:206C00001A704B4B93F810214F4B1A7025E04A4B93F8403083F00103DBB2002B1DD0464B32
:206C20007F225A60444B012283F83820424BDB221A60454B01221A703F4B012283F84020AB
:206C40000BE03B4B93F8103183F00103DBB2002B04D03D4B00221A7000E000BF344B93F817
:206C60001D31042B25D1324B93F81D21304B93F81E319A421DD02E4B93F80F3183F0010382
:206C8000DBB2002B15D02C4B93F8403083F00103DBB2002B0DD0284B7F225A60264B012277
:206CA00083F83820244BDB221A60234B012283F840201F4B93F81D211D4B83F81E211C4BF3
:206CC00093F80F3183F00103DBB2002B0BD0204B1B78002B03D11F4B1B78002B14D01E4B6D
:206CE00001221A7010E01A4B1B7883F00103DBB2002B09D0174B1B7883F00103DBB2002BD3
:206D000002D0154B00221A70134B1A78134B1B789A4229D0124B00221A60FBF7FFFC114B9D
:206D200001221A700C4B1A780C4B1A7022E000BF5C240010442A001088200010AC1E00107B
:206D4000482A0010C41E0010492A001019280010DC1E0010DD1E0010DE1E00104A2A001046
:206D6000B82300101D280010A34B93F80F311846FFF762FCA14B9B7C002B25D0A04B93F8CF
:206D8000403083F00103DBB2002B1DD09B4B00229A74994BD2225A64974B7B221A64994BDA
:206DA000D2229A62974B7B225A62954B012283F83820934B34221A60934B1B68904A536036
:206DC0008F4B012283F840208C4BDB7C002B04D08A4B0022DA74FAF7CDFD8C4B1B78002B19
:206DE0002DD0874B93F8403083F00103DBB2002B25D0864B00221A70834B1B687E4AC2F855
:206E000028317D4BD3F82831092B05DC7A4BD3F828317B4A536007E07D4B1B781A467D4B4D
:206E20009B5C1A46764B5A60754B012283F83820734B36221A60724B012283F84020FEF78A
:206E4000A1FFFFF7BDF86C4BD3F82031002B02D0012B5CD0B4E0684B5B79032B54D1684B9E
:206E600093F8403083F00103DBB2002B00F0A780614B0122C3F82021FBF780FC5E4B93F864
:206E80000C31002B19D0FB79002B03D1624B1B78002B12D0604B00221A70574B022283F849
:206EA0001D21574B02225A60534B002283F82421514B012283F825210EE04F4B042283F8EB
:206EC0001D214F4B03225A604B4B012283F82421494B002283F82521474B1B791A464F4BEB
:206EE0001A60454B9B7B012B02D1434B00221A71434B012283F83820414B38221A60404BC9
:206F0000012283F840205AE0FFF784F858E03A4B5B79032B50D03A4B93F8403083F00103F1
:206F2000DBB2002B48D0344B0022C3F82021FBF725FC314B93F81D31032B04D02E4B93F876
:206F40001D31042B0AD12C4B002283F80C21344B01221A702A4B00225A6010E0264B93F82F
:206F60001D31022B04D0244B93F81D31012B06D1214B012283F80C21214B01225A601E4B8E
:206F8000002283F81D211C4B002283F80D211A4B9B7B012B04D1214B1B68DAB2164B1A7101
:206FA000174B012283F83820154B38221A60144B012283F8402003E0FFF70AF900E000BF6D
:206FC0000D4B5B79002B08D00B4B5B79032B04D0094B012283F8732129E0074B5B79032B73
:206FE00020D1054B93F82531002B1BD0024B012283F873211BE000BF5C240010F02300106D
:2070000088200010FC220010702000101B2800101C2800102C030010342700104C2A001013
:20702000D31E0010044B002283F8732100BF00BF0837BD4680BD00BF5C240010B0B596B0D8
:2070400000AF6423FB6200233B6300237B630023BB63884B07F11C040FCB84E80F00864B89
:207060003C1D1D460FCD0FC495E8030084E8030000237B6500233B65804B5B79032B01D052
:20708000FEF7C8FFFEF77EFE7D4B9B7E002B00F085807B4B00229A760023FB642CE0774A7B
:2070A000FB6C0C339B0013445B68B3F5617F02DD01237B650DE0714AFB6C0C339B001344CA
:2070C0005B68632B03DC4FF0FF337B6501E000237B65FB6C9B0058333B4453F8543C7A6D7D
:2070E0009A420CBF01230023DBB21A463B6D13443B65FB6C0133FB64FB6C052BCFDD3B6D31
:20710000062B49D15D4B93F82D31002B14BF01230023DBB283F00103DBB203F00103DAB23A
:20712000564B83F82D21554B93F82D31002B2ED00023BB6427E0534ABB6C9B0013444FF0F5
:2071400000021A604F4ABB6C0233002142F823104C4ABB6C0833002142F82310494ABB6CF0
:207160000433002142F82310464ABB6C0E339B0013444FF000021A60424B002283F840201B
:20718000BB6C0133BB64BB6C012BD4DD06E03D4B002283F8402001E0FBF7F0FA384B5B7EED
:2071A000002B3AD0FBF7EAFA00237B642CE0334A7B6C0C339B0013445B68B3F5617F02DDF7
:2071C00001237B650DE02D4A7B6C0C339B0013445B68632B03DC4FF0FF337B6501E00023AA
:2071E0007B657B6C9B0058333B4453F8543C7A6D9A420CBF01230023DBB21A463B6D134487
:207200003B657B6C01337B647B6C052BCFDD3B6D062B02D11C4B03221A601B4B1B68002B4B
:2072200053DD194B1B68032B19D1184B93F8403083F00103DBB2002B11D0134B02221A60B5
:20724000124B012283F83820104B36221A600F4BD0225A600D4B012283F8402035E00A4BE8
:207260001B68022B14D1FBF783F8074B01221A602BE000BF28E2110838E211085C2400106D
:20728000F02300104C2700108C29001088200010654B1B68012B18D1644B93F8403083F066
:2072A0000103DBB2002B10D05F4B00221A605F4B012283F838205D4B36221A605B4B4D22BD
:2072C0005A605A4B012283F84020594B93F82030002B2DD0554B93F8403083F00103DBB20B
:2072E000002B25D0524B002283F82020514B93F81A3183F00103DBB2002B07D04D4B0122C1
:2073000083F81A21494B01225A6006E0494B002283F81A21454B02225A60444B012283F859
:207320004020424B012283F83820404B35221A6000233B645BE03E4A3B6C134402331B78C3
:20734000002B31D03A4A3B6C1344023300221A703B6C012B12D0374A3B6C134408331B789C
:207360000133002B03F00103B8BF5B42D9B2314A3B6C134408330A461A7015E02D4A3B6C77
:20738000134408331B785A1C2B4B83FB0231D317C91A0B465B000B44D11AC9B2254A3B6CE7
:2073A000134408330A461A70224A3B6C134408331B789B0058333B4453F82C1C1F4A3B6CE1
:2073C00052F823300A461A601A4A3B6C134408331B789B0058333B4453F83C1C184A3B6CC5
:2073E00052F823300A461A603B6C01333B643B6C042BA0DD0023FB630DE0124AFB6B0633F0
:2074000052F823200B49FB6B0C339B000B445A60FB6B0133FB63FB6B052BEEDD00BF00BF6B
:207420005837BD46B0BD00BF8C29001088200010F02300105C240010565555557C0000107D
:2074400090000010FC22001080B584B000AF64233B6000237B600023BB600023FB60A04B7F
:20746000DA79A04B83F82C219E4BD3F828219E4B1B689A4214BF01230023DAB29B4B1A70AB
:20748000974B9B7C002B1DD0954B1B7D002B19D0FBF774F9934BD3F828311846FAF732FE6F
:2074A000904BD3F82831904A13608E4B93F80C218F4B1A708B4B93F80D218E4B1A708E4BC0
:2074C00001221A70864B93F82030002B3DD0844B002283F82020834BD3F8283103F109017F
:2074E000864B83FB01239A10CB17D21A13469B0013445B00CA1A7B4BC3F82821794B93F8FE
:207500002C3183F00103DBB2002B1AD0754BD3F82831754A1360744B1B68DBB21A4600218F
:20752000FE20F9F7EBFD6F4B93F80C21704B1A706C4B93F80D216F4B1A706F4B01221A7083
:2075400044E06F4B01221A7040E0654B93F82130002B3BD0624B002283F82120614BD3F8BC
:207560002831591C654B83FB01239A10CB17D21A13469B0013445B00CA1A5A4BC3F8282140
:20758000584B93F82C3183F00103DBB2002B1AD0544BD3F82831544A1360534B1B68DBB2C5
:2075A0001A460021FE20F9F7A9FD4E4B93F80C214F4B1A704B4B93F80D214E4B1A704E4B16
:2075C00001221A7002E04E4B01221A704D4B1B78002B18D04C4B93F8403083F00103DBB202
:2075E000002B10D0474B00221A70474B012283F83820454B35221A60434B02225A60424B60
:20760000012283F840203E4B1B78002B1AD03E4B93F8403083F00103DBB2002B12D0384B23
:2076200000221A70384B012283F83820364B36221A602C4BD3F82831334A5360324B012267
:2076400083F84020274B93F80D212A4B1B789A4206D1244B93F80C21254B1B789A4232D061
:20766000294B93F8403083F00103DBB2002B2AD01C4B93F80D211F4B1A701A4B93F80C2141
:207680001B4B1A70204B012283F838201E4B38221A60144B93F80C3183F00103DBB2002B06
:2076A00007D0104B002283F80D21174B00225A6005E00C4B93F80D310133134A5360124BE9
:2076C000012283F84020FFF76BF8064B93F80F311846FEF7B1FF00BF1037BD4680BD00BF2F
:2076E000F02300105C240010702000101B280010602A0010612A001078200010676666666E
:20770000622A00103227001088200010B0B5CEB000AF07F59C73A3F59A73186007F09EFB62
:20772000C7F82401A54B07F1F4041D460FCD0FC495E80F0084E80F00A14B07F1D4041D464D
:207740000FCD0FC495E80F0084E80F009D4B07F1A0041D460FCD0FC40FCD0FC40FCD0FC47F
:207760002B6823600023C7F82031974A07F19C031268114619800233120C1A70934B07F12B
:207780006C041D460FCD0FC40FCD0FC495E80F0084E80F008E4B07F13C041D460FCD0FC48E
:2077A0000FCD0FC495E80F0084E80F0007F59C73A3F59673874A1C4615460FCD0FC40FCD4E
:2077C0000FC495E80F0084E80F000023C7F81C31814B9B78022B5BD0022B00F38880002B16
:2077E00002D0012B2AD082E07C4B93F82030002B0FD07A4B002283F82020774B01229A70F2
:20780000774B03221A60FAF789FF764B01221A706DE0724B93F82130002B63D06F4B002200
:2078200083F821206C4B02229A706D4B04221A60FAF774FF6B4B01221A7058E0674B93F813
:207840002030002B0FD0654B002283F82020624B00229A70624B02221A60FAF75FFF614B22
:2078600001221A7043E05D4B93F82130002B3BD05A4B002283F82120574B02229A70584B88
:2078800004221A60FAF74AFF564B01221A702EE0524B93F82030002B0FD0504B002283F8F8
:2078A00020204D4B01229A704D4B03221A60FAF735FF4C4B01221A7019E0484B93F82130BB
:2078C000002B13D0454B002283F82120424B00229A70434B02221A60FAF720FF414B012288
:2078E0001A7004E000BF02E000BF00E000BF0023C7F83431C1E03C4B1B78002B78D1384B22
:207900001B68022B1AD0364B1968354B1A6837480B465B000B445B00D7F834110B4450F849
:2079200023102D4813465B0013445B00D7F83421134406339B000344596099E0284B1A687C
:207940002A4913465B0013445B00D7F83421134451F82330B3F5AF7F0FDA214B1A681E4923
:2079600013465B0013445B00D7F83421134406339B000B4401225A607AE0194B1A681B4982
:2079800013465B0013445B00D7F83421134451F8233040F28A2293426ADD114B1A680E493B
:2079A00013465B0013445B00D7F83421134406339B000B4440F2FF325A6059E0E8E111088B
:2079C00008E21108B4E11108F8ED110850E2110880E21108B0E211085C240010F0230010D4
:2079E000B82300101D2800101E280010FC220010D7F83431012B33D1A04B1A68D7F83431BE
:207A0000C3F105019E4813465B0013445B000B4450F82330012B2BDD984B1A68D7F83431A9
:207A2000C3F10501964813465B0013445B000B4450F8233007EE903AB8EEE77ADFED916AD1
:207A4000C7EE267AB2EE0A7A67EE877AFCEEE77AC7ED007A3B78DAB28B4B83F8182107E02E
:207A6000D7F83431022B03D1874B062283F81921D7F834310133C7F83431D7F83431052B32
:207A80007FF739AF804B93F81831C7F818317F4B1B7B002B20D07E4B01221A707A4B93F8A0
:207AA0001831C3F10C039B0003F59C733B4453F8FC3C784A1360744B93F81831C3F10C028C
:207AC00007F59C73A3F5967353F82230724A13606E4B00221A7309E06C4BDB7983F001035B
:207AE000DBB2002B02D06A4B00221A70684B1B7883F00103DBB2002B56D00023C7F83031BD
:207B00004DE0624AD7F83031134402331B78002B1AD05E4AD7F830311344023300221A7018
:207B2000594AD7F8303113440D331B780133002B03F00103B8BF5B42D9B2534AD7F8303186
:207B400013440D330A461A704F4AD7F8303113440D331B789B0003F59C733B4453F8441CF5
:207B60004E4AD7F8303152F823300A461A60464AD7F8303113440D331B789B0003F59C734A
:207B80003B4453F8641C464AD7F8303152F823300A461A60D7F830310133C7F83031D7F821
:207BA0003031042BADDDD4E00023C7F82C3145E0364AD7F82C31134402331B78002B38D095
:207BC000384B1B68D7F82421D31AFA2B2AD9314B1B68D7F82C219A4207D02E4AD7F82C3104
:207BE00013602D4B00221A601CE0D7F82C31042B0ED0294B1B68591C2B4B83FB0132CB1754
:207C0000D21A13465B001344CA1A234B1A6009E0214B1B680133002B03F00103B8BF5B425F
:207C20001D4A1360194AD7F82C311344023300221A70D7F82C310133C7F82C31D7F82C31FB
:207C4000042BB5DD0023C7F8283164E0D7F82831002B03D1154B00221A6031E00D4B1B68D5
:207C6000D7F828219A4225D1114B00221A600A4B1B6801330D4A136022E000BFB8230010A0
:207C8000FC220010000080445C240010F0230010632A0010C4030010642A00107C000010A1
:207CA00090000010682A0010565555556C2A0010C8030010B64B01221A60B64B01221A6070
:207CC000B34B1A68B34B1B68920013449B0003F59C733B4453F8441CAF4AD7F8283152F883
:207CE00023300A461A60AA4B1A68AA4B1B68920013449B0003F59C733B4453F8641CA74AB2
:207D0000D7F8283152F823300A461A60D7F828310133C7F82831D7F82831042B96DDA04BAB
:207D20001B685A1E13465B001A449E4B1B681344C7F81C31D7F81C319B0003F59C733B442A
:207D400053F8CC3CDBB2C3F10C03DAB2964B83F81821954B93F81031002B41D0924B93F80F
:207D600018311A46D7F81831934239D08F4AD7F8243113608E4B01221A708E4B01221A70E8
:207D80008D4B01221A70884BD3F8143107EE903AB8EEE77A844B93F81831C3F10C039B00B4
:207DA00003F59C733B44983BD3ED007A67EE276AD7F81831C3F10C039B0003F59C733B444E
:207DC000983B93ED007AC6EE877AFDEEE77A17EE902A754BC3F81421734B002283F81021DA
:207DE000764B93F82B30002B04D1744B93F82C30002B3ED0724B93F8403083F00103DBB241
:207E0000002B36D06D4B002283F82B206B4B002283F82C206B4B01221A7007F01FF8034638
:207E2000694A1360604B93F86E315A1C674B83FB0231D317C91A0B465B000B44D11ACAB23F
:207E4000594B83F86E215E4B012283F838205C4B34221A60544B93F86E3103F59C733B440F
:207E600013F89C3C1A46564B5A60554B012283F84020544B1B78002B24D006F0EFFFC7F8D2
:207E800014014F4B93F8403083F00103DBB2002B18D04D4B1B68D7F81421D31AB3F5617F8D
:207EA00010D9484B00221A70454B012283F83820434B36221A60424B45225A60404B012258
:207EC00083F84020384B93F81B21414B1B789A4207D0404B01221A70334B93F81B213C4BA7
:207EE0001A70364B93F82730002B03D1394B1B78002B48D0324B93F8403083F00103DBB2C0
:207F0000002B40D02D4B002283F82720314B1B78002B03D02F4B00221A7010E0224B93F8AF
:207F20001B31002B14BF01230023DBB283F00103DBB203F00103DAB21B4B83F81B211A4B1A
:207F400093F81B3183F00103DBB21A464FF4006121480BF047FE214B01221A70174B0122FB
:207F600083F82A20164B012283F83820144B38221A600D4B93F81B310133114A5360104BE6
:207F8000012283F8402000BF07F59C77BD46B0BDC80300106C2A00107C00001090000010F8
:207FA000C4030010642A00105C240010682A0010CC1E0010CD1E001019280010F0230010B1
:207FC00088200010702A0010742A001056555555782A001031270010001802581228001066
:207FE00080B588B000AF64233B6000237B600023BB600023FB60914B93F81C319B007B615E
:2080000006F02CFF38618E4B1B68002B02D18C4A3B6913608B4B1B78002B09D0884B1B689C
:208020003A69D31AF92B40F24782864B00221A70824B1B78032B00F2408201A252F823F0D2
:2080400051801008FF811008E38310085F8410087D4B1B7B002B47D07C4B01221A707C4B4B
:2080600093F8403083F00103DBB2002B3CD0FAF785FB724B93F81A3183F00103DBB2002B97
:2080800003D0734B02225A6002E0714B01225A606F4B012283F838206D4B35221A606C4B06
:2080A000012283F84020654B01221A70634B002283F80F21674A3B691360674B00221A70C4
:2080C00006F0CCFE0346634A1360644B01221A70634B01221A60634B01221A70FAF71EFB6B
:2080E000614B01221A70E8E1574B93F82630002B4DD0564B01221A70554B93F8403083F037
:208100000103DBB2002B42D0FAF738FB4B4BD3F82031012B0FD1494B93F8253183F00103C3
:20812000DBB2002B07D0454B032283F81D21434B012283F825214D4B1B68092B16DC4B4BF9
:208140001B683E4AC2F828313C4B02221A70404B012283F838203E4B35221A603C4B022246
:208160005A603B4B012283F84020A6E1334B02221A703F4B01221A703C4B00221A602F4B3A
:208180000022C3F828213B4B01221A7095E12E4B93F82830002B2FD02C4B01221A70FAF775
:2081A000EDFA0023FB610EE0244AFB6906339B0013445A682149FB693C339B000B445A60CB
:2081C000FB690133FB61FB69052BEDDD1B4B03221A701A4B00225A70184B002283F80F21B7
:2081E0001F4B02221A60FAF799FA1F4B01221A70214B01221A7060E1FEF77AFC5DE1154B79
:208200001B683A69D31AC82B49D9164B1B78002B45D00F4B93F8403083F00103DBB2002B7E
:208220003DD0064B93F81A3183F00103DBB2002B24D0074B02225A6023E000BF5C24001065
:20824000202A0010C2030010F0230010D41E001088200010242A0010282A0010292A0010EF
:20826000B8230010302700101D28001070200010322700107820001031270010904B012240
:208280005A60904B00221A708D4B012283F838208B4B35221A608A4B012283F840208A4B80
:2082A0001B683A69D31AB3F57A7F02D9874B00221A70874BDB7983F00103DBB2002B02D08A
:2082C000844B01221A70824B9B78002B0BD1804BDB7E002B07D17F4B1B78002B33D07C4BC2
:2082E0001B7B002B2FD0794B1B7883F00103DBB2002B26D0784B00221A70714B93F840301C
:2083000083F00103DBB2002B1DD0FAF737FA6C4B00225A606A4B012283F83820684B3522D7
:208320001A60674B012283F840206C4B00221A706B4B00221A60FAF7F1F96A4B01221A7021
:20834000BBE0FAF71BFA624B93F82830002B45D0614B01221A705A4B93F8403083F001033C
:20836000DBB2002B3AD0FAF709FA0023BB610EE05A4ABB6906339B0013445A685749BB69A1
:208380003C339B000B445A60BB690133BB61BB69052BEDDD514B03221A70504B01225A7065
:2083A0004E4B002283F80F214D4B02221A60FAF7B5F94C4B01221A704B4B01221A70404B70
:2083C000012283F838203E4B36221A603C4B45225A603B4B012283F840206EE0FEF72EFEB1
:2083E0006BE03B4B93F82630002B1ED03A4B00221A70334B93F8403083F00103DBB2002BD9
:2084000013D0FAF7BBF9354B00221A702C4B012283F838202A4B35221A60294B00225A60A5
:20842000274B012283F8402047E0294B93F82730002B11D0FAF7A2F9284B00221A70274B26
:20844000002283F82C21254BD3F82831274A1360274B01221A7030E0FEF7F6FF2DE01C4B2D
:2084600093F82830002B23D01B4B00221A70144B93F8403083F00103DBB2002B18D0FAF787
:208480007DF9164B5A78154B1A70144B93F81C31002B02D0174B01221A70104B5B781A4678
:2084A0000F4B1A60FAF73AF90E4B01221A7004E01148FFF72BF900E000BF2037BD4680BD31
:2084C0008820001030270010242A0010292A0010F0230010282A0010D41E00105C240010A5
:2084E000B82300101D280010312700107020001010280010152800102C2A001080B489B0CC
:2085000000AF786039600023FB777E4B1B78032B00F2F28001A252F823F000BF2D8510082F
:208520008B851008E7851008458610080023FB77744B93F80F31002B01D00523FB770023D4
:20854000BB611EE0FA7FBB699B00796819446D4813465B0013445B00BA69134406339B0022
:2085600003445B680B60BB699B003A681A446549BB690C339B000B445B681360BB6901333E
:20858000BB61BB69052BDDDDB6E00023FB775E4B1B78002B01D00523FB7700237B611EE0B7
:2085A000FA7F7B699B0079681944564813465B0013445B007A69134406339B0003445B6869
:2085C0000B607B699B003A681A444E497B690C339B000B445B6813607B6901337B617B69FF
:2085E000052BDDDD88E00023FB77464B93F80F31002B01D00523FB7700233B611EE0FA7F6C
:208600003B699B00796819443E4813465B0013445B003A69134406339B0003445B680B60AE
:208620003B699B003A681A4436493B690C339B000B445B6813603B6901333B613B69052B31
:20864000DDDD59E00023FB77304B1B68022B25D10023FB601EE0FA7FFB689B007968194440
:20866000284813465B0013445B00FA68134406339B0003445B680B60FB689B003A681A4424
:208680002049FB680C339B000B445B681360FB680133FB60FB68052BDDDD2CE0194B93F875
:2086A0000F3183F00103DBB2002B24D00023BB601EE0FA7FBB689B007968194411481346F4
:2086C0005B0013445B00BA68134406339B0003445B680B60BB689B003A681A440949BB6898
:2086E0000C339B000B445B681360BB680133BB60BB68052BDDDD00BF00BF2437BD465DF86B
:20870000047B70475C240010DC1E0010B82300102DE9B04392B000AF87ED030AC7ED020A63
:2087200003460A46FB711346BB71032387F837304FF000037B64C84B3B634FF000033B64F0
:20874000C64BFB634FF00003BB63C54BFB62FB79002B01D0C34BFB63BB68BB6397ED0E7AB4
:20876000D7ED0B7AB4EEE77AF1EE10FA01DDFB6ABB6397F83730032B00F2F18101A252F8EE
:2087800023F000BFF187100895871008A7881008E7891008BB6B3B6497ED107AD7ED0F7A54
:2087A000B4EEE77AF1EE10FA01DDFB6B3B64B7EE007AD7ED037A37EE677AD7ED0C7A67EEE5
:2087C000276A97ED0C7AD7ED037A37EE277AC6EE877A9FEDA57A67EE877AC7ED117A97ED7E
:2087E000117AD7ED107A77EE277AC7ED117AB6E14FF07A537B61B7EE007AD7ED037A37EE57
:20880000677AD7ED0C7A67EE276A97ED0C7AD7ED037A37EE277AC6EE877A9FED937A67EE93
:20882000877AC7ED117A786CF7F7BEFE04460D46B868F7F7B9FE4FF000028C4BF7F70CFFF7
:2088400002460B46904699467869F7F7ADFE02460B4640464946F7F7FFFE02460B462046B8
:208860002946F7F743FD02460B4610461946F8F7D5F903467B64D7ED117AF5EEC07AF1EEDD
:2088800010FA03D84FF000037B6468E1D7ED117A9FED777AF4EEC77AF1EE10FA00DA5EE198
:2088A000744B7B645BE1744B3B624FF00003FB614FF00003BB61386AF7F776FE04460D46E5
:2088C000386AF7F771FE02460B464FF000006B49F7F70AFD02460B4690469946B7EE007AAB
:2088E000D7ED037A37EE677AD7ED0C7A27EE277AD7ED0C6AD7ED037A76EEA77AC7EE276AEB
:2089000016EE900AF7F750FE02460B4640464946F7F7A2FE02460B4620462946F7F7E6FC03
:2089200002460B4610461946F8F778F90346FB61F869F7F739FE04460D46B868F7F734FE81
:2089400041A3D3E90023F7F787FE02460B4620462946F7F7CBFC02460B4610461946F8F781
:208960005DF903463B64D7ED107AF5EEC07AF1EE10FA1BD54FF000037B64D7ED107AF1EE27
:20898000677AB1EE047A67EE877A97ED027A77EE277AC7ED027AD7ED107AF1EE677AB1EEA0
:2089A000007A67EE877AC7ED067A04E03B6C7B644FF00003BB61D7ED117AF5EEC07AF1EEA0
:2089C00010FA03D84FF000037B64C8E0D7ED117A9FED277AF4EEC77AF1EE10FA00DABEE0E9
:2089E000244B7B64BBE0F868F7F7DEFD18A3D3E90023F7F75BFF02460B4610461946F8F746
:208A00000DF90346BB62FB6B7B62BB7983F00103DBB2002B34D0B7EE007AD7ED037A37EEBB
:208A2000677AD7ED0C7A67EE276A97ED0C7AD7ED037A37EE277AC6EE877A9FED0B7A67EEF9
:208A4000877AC7ED117A89E09A9999999999C93F9A9999999999E93FCDCCCC3D000020430A
:208A6000CDCC4C430000C842000080440000E03F00C07F4400C07F44000078C200009040D1
:208A8000F868F7F791FD52A3D3E90023F8F760F80346002B2DD0BB6B3B6497ED107AD7EDD7
:208AA0000F7AB4EEE77AF1EE10FA01DDFB6B3B64B7EE007AD7ED0A7A37EE677AD7ED0C7AA7
:208AC00067EE276A97ED0C7AD7ED0A7A37EE277AC6EE877A9FED387A67EE877AC7ED117A10
:208AE00097ED117AD7ED107A77EE277AC7ED117A34E0BB6B3B64F86BF7F756FD04460D46BA
:208B0000B86AF7F751FD02460B464FF000002B49F7F7EAFB02460B46104619464FF0000249
:208B2000274BF7F799FD02460B4620462946F7F793FD02460B4610461946F8F76FF8034666
:208B40007B6297ED107AD7ED097AB4EEE77AF1EE10FA01DD7B6A3B643B6C7B6400BFFB79DC
:208B6000002B0AD0BB79002B07D0D7ED117A9FED157A77EE877AC7ED117AD7ED117AF5EE79
:208B8000C07AF1EE10FA03D84FF000037B640AE0D7ED117A9FED0C7AF4EEC77AF1EE10FA5F
:208BA00001DB0A4B7B647B6C07EE903AB0EE670A4837BD46BDE8B083000080440000F43F9F
:208BC000000010400000C84200C07F4400C07F449A9999999999E93FB0B58CB000AF87EDB2
:208BE000030AC7ED020A03463960FB71012387F823304FF00003FB628F4BFB618F4BBB6298
:208C0000FB79002B01D08E4BBB6297F82330002B02D0012B61D0ECE0D7ED027AB6EE007A88
:208C200067EE877AC7ED097AD7ED097AF5EEC07AF1EE10FA03D84FF000037B620AE097EDF2
:208C4000097AD7ED0A7AB4EEE77AF1EE10FA01DBBB6A7B62B7EE007AD7ED037A37EE677A19
:208C6000D7ED077A67EE276A97ED077AD7ED037A37EE277AC6EE877A9FED727A67EE877A3A
:208C8000C7ED0B7A97ED0B7AD7ED097A77EE277AC7ED0B7AFB79002B07D0D7ED0B7A9FEDC1
:208CA0006A7A77EE877AC7ED0B7AD7ED0B7AF5EEC07AF1EE10FA03D84FF00003FB6298E0F0
:208CC000D7ED0B7A9FED617AF4EEC77AF1EE10FA00DA8EE05E4BFB628BE0F868F7F764FC71
:208CE00053A3D3E90023F7F7E1FD02460B4610461946F7F793FF0346BB61BB6A7B61F8683F
:208D0000F7F752FC4AA3D3E90023F7F721FF0346002B38D0BB687B62D7ED097AF5EEC07A5D
:208D2000F1EE10FA03D84FF000037B620AE097ED097AD7ED0A7AB4EEE77AF1EE10FA01DB4F
:208D4000BB6A7B62B7EE007AD7ED067A37EE677AD7ED077A67EE276A97ED077AD7ED067A34
:208D600037EE277AC6EE877A9FED367A67EE877AC7ED0B7A97ED0B7AD7ED097A77EE277A57
:208D8000C7ED0B7A34E0BB687B62B86AF7F70CFC04460D46B869F7F707FC02460B464FF0E7
:208DA00000002C49F7F7A0FA02460B46104619464FF00002284BF7F74FFC02460B4620467C
:208DC0002946F7F749FC02460B4610461946F7F725FF03467B6197ED097AD7ED057AB4EE80
:208DE000E77AF1EE10FA01DD7B697B627B6AFB6200BFFB79002B0FD0D7ED097A9FED177AA7
:208E000077EE877AC7ED097AD7ED0B7A9FED137A77EE877AC7ED0B7A3B687A6A1A60FB6A4E
:208E200007EE903AB0EE670A3037BD46B0BD00BF9A9999999999E93FCDCCCC3D0000074323
:208E400000008C42000080440000B44200C07F4400C07F440000F43F00001040000082423D
:208E60002DE9B043B4B000AF05F0F8FFC7F8A8000023C7F8A43007F1240300221A605A6058
:208E80009A60DA601A615A6107F10C0300221A605A609A60DA601A615A61002387F8CF3000
:208EA000FFF79EF807F10C0207F1240311461846FFF724FBBC4B93F80F31002B03D005233F
:208EC000C7F8A4300BE0B94B1B68022B07D0B74B1B68012B03D0B54B1B68C7F8A430BB6BC9
:208EE00007EE903AF8EEE77A17EE900AF7F75CFBABA3D3E90023F7F7AFFB02460B461046D4
:208F00001946F7F78BFE0346C7F8C8307B6B07EE903AF8EEE77A17EE900AF7F745FBA0A37F
:208F2000D3E90023F7F798FB02460B4610461946F7F774FE0346C7F8A0303B6B07EE903AE6
:208F4000F8EEE77A17EE900AF7F72EFB94A3D3E90023F7F781FB02460B4610461946F7F758
:208F60005DFE0346C7F89C30FB6A07EE903AF8EEE77A17EE900AF7F717FB89A3D3E90023AD
:208F8000F7F76AFB02460B4610461946F7F746FE0346C7F89830BB6A07EE903AF8EEE77A03
:208FA00017EE900AF7F700FB7DA3D3E90023F7F753FB02460B4610461946F7F72FFE03463C
:208FC000C7F8C4307B6A07EE903AF8EEE77A17EE900AF7F7E9FA72A3D3E90023F7F73CFB6A
:208FE00002460B4610461946F7F718FE0346C7F894303B6A07EE903AF8EEE77A17EE900A09
:20900000F7F7D2FA66A3D3E90023F7F725FB02460B4610461946F7F701FE0346C7F890309D
:20902000FB6907EE903AF8EEE77A17EE900AF7F7BBFA5BA3D3E90023F7F70EFB02460B4617
:2090400010461946F7F7EAFD0346C7F88C30BB6907EE903AF8EEE77A17EE900AF7F7A4FA6D
:209060004FA3D3E90023F7F7F7FA02460B4610461946F7F7D3FD0346C7F888307B6907EE9B
:20908000903AF8EEE77A17EE900AF7F78DFA44A3D3E90023F7F7E0FA02460B4610461946CF
:2090A000F7F7BCFD0346C7F884303B6907EE903AF8EEE77A17EE900AF7F776FA38A3D3E90F
:2090C0000023F7F7C9FA02460B4610461946F7F7A5FD0346C7F88030FB6807EE903AF8EE1E
:2090E000E77A17EE900AF7F75FFA2DA3D3E90023F7F7B2FA02460B4610461946F7F78EFD19
:209100000346FB67284B1B7B002B14BF0123002387F87B30002387F87A30234B1B7C002BB0
:2091200014BF0123002387F879301F4BDB7B002B14BF0123002387F878301B4B5B7C002B59
:209140000CBF0123002387F877304FF4007118480AF030FD0346002B0CBF0123002387F897
:209160007630114B5B7A5B08DBB2002B14BF0123002387F8C3300C4B5B79002B02D1002325
:2091800087F8C330084B93F80D31002B12D0064B5B79002B0ED101230DE000BFAFF3008013
:2091A000D48C981B0404503F5C240010B823001000140258002387F8753097F8753003F0AE
:2091C000010387F8753097F87530002B03D1B04B1B78002B05D0AF4B01221A70AE4B0122E3
:2091E0001A7097F87530002B03D1A94B1B78002B06D0AA4BC7F8C830002387F8CF3004E0F9
:20920000A74B93F80D3187F8CF30A64B1A68A64B1B689A4215D0A44B1B68022B05D1D7F829
:20922000A8300133A14A136006E09E4B1B68022B02D19E4B00221A609A4B1B689A4A13602E
:2092400015E0984B1B68022B11D0984B1B68002B0DD0964B1B68D7F8A820D31AB3F57A7FAE
:2092600005D9924B00221A60914B00221A60D7F894303B67FB6FFB6697F87530002B13D0DD
:209280008C4BD3ED007A9FED8C7A77EE677A9FED8B7A27EE877A874BD3ED007A77EE277A2C
:2092A000844BC3ED007A2EE07A4B1B78002B23D0804B93ED007AD7ED327A77EE677AF0EED8
:2092C000E77A9FED7F7AF4EEC77AF1EE10FA13DD784BD3ED007A97ED327A77EE677A9FEDAD
:2092E000777A27EE877A734BD3ED007A77EE277A704BC3ED007A06E0664B00221A706D4A8A
:20930000D7F8C8301360D7ED1C7A9FED6E7A67EE877AFCEEE77A17EE903A9AB26A4B1A803A
:20932000D7ED1B7A9FED677A67EE877AFCEEE77A17EE903A9AB2654B1A805E4BD3ED007A7E
:209340009FED607A67EE877AFCEEE77A17EE903A9AB25F4B1A804FF07A53BB66554B93ED5A
:20936000007AD7ED1A7A67EE277A17EE900AF7F71BF94FF00002574BF7F76EF902460B46B3
:2093800014461D464B4BD3ED007AB7EE007A37EE677AD7ED1A7A77EE277A17EE900AF7F730
:2093A00003F902460B4620462946F7F77FFA02460B4610461946F7F711FC03469AB2444B6F
:2093C0001A803C4BD3ED007A9FED437A67EE877AFDEEE77A17EE902A404B53F8223007EE6B
:2093E000903AF8EEE77AC7ED197A324BD3ED007A9FED397A67EE877AFDEEE77A17EE903AAE
:20940000374A9B0013441B68364A13604FF00003BB6007F1080297F87B3011461846D7ED51
:20942000190A97ED1C0AFFF7D7FBF0EE407AFCEEE77A17EE903A9AB2234B1A80D7ED027A51
:20944000FDEEE77A17EE903A274A9B0013441B68244A1360124BDB79012B4CD1D7ED327AC0
:209460009FED227A67EE877AFDEEE77A17EE903A3B66154B1B881A463B6E934238DC124B60
:209480001A883B6E9BB2D31A9AB20F4B1A8032E0D01E0010792A00107A2A00106666663F1F
:2094A0005C240010BC1E0010C01E00107C2A001044270010802A00106666663FA69B443B28
:2094C0000AD7A33C00008044981E00109A1E00109E1E00100000904000007F43D8E3110848
:2094E000D8E71108B8000010D8EB110800007842CB4B00221A804FF00003FB6597F877209C
:2095000097F87B3011461846D7ED190A97ED1B0AFFF7FEF8F0EE407AFCEEE77A17EE903A2E
:209520009AB2C04B1A8097F87930002B03D0BD4B40F2FF321A80BC4BDB79032B00F2E08024
:2095400001A252F823F000BF599510082D9610080B961008DD961008B7EE007AF7EE006AB9
:20956000D7ED247A76EEE77A27EE277ADFEDAF6AD7ED247A66EEA77A77EE277AAC4BC3EDA5
:20958000007A9FEDAC7AF7EE006AD7ED247A76EEE77A27EE277ADFEDA86AD7ED247A66EEDF
:2095A000A77A77EE277AA54BC3ED007A9FEDA47AF7EE006AD7ED247A76EEE77A27EE277A94
:2095C000DFEDA06AD7ED247A66EEA77A77EE277A9D4BC3ED007AB6EE007AF7EE006AD7ED95
:2095E000247A76EEE77A27EE277AF7EE006AD7ED247A66EEA77A77EE277A944BC3ED007A1D
:209600004FF07E52924B1A607AE0924A884B1A60914A8A4B1A60914A8B4B1A604FF07C52FF
:209620008A4B1A608E4A8A4B1A6069E09FED7F7AF7EE006AD7ED247A76EEE77A27EE277ABA
:20964000DFED7A6AD7ED247A66EEA77A77EE277A774BC3ED007A9FED787AF7EE006AD7ED00
:20966000247A76EEE77A27EE277ADFED7E6AD7ED247A66EEA77A77EE277A704BC3ED007A5B
:209680009FED707AF7EE006AD7ED247A76EEE77A27EE277ADFED6B6AD7ED247A66EEA77AB0
:2096A00077EE277A684BC3ED007AB7EE007AF7EE006AD7ED247A76EEE77A27EE277AF0EE9E
:2096C000086AD7ED247A66EEA77A77EE277A5F4BC3ED007A644A5E4B1A6011E0544B4FF0C7
:2096E0007C521A60554B614A1A60574B5A4A1A60564B5F4A1A604FF07E52554B1A6000BFF1
:2097000097F87530002B04D15A4B1B78002B00F0B780D7ED317A9FED587AF4EEC77AF1EEBC
:2097200010FA2BD5554B1B681846F6F73DFF04460D46524B1B681846F6F736FF02460B469F
:209740002FA1D1E90001F6F7CFFD02460B46104619462DA3D3E90023F6F77EFF02460B46C5
:2097600020462946F6F7C2FD02460B4610461946F7F754FA0346414A1360C6E03F4B1B68E4
:209780001846F6F711FF04460D46D7F8C400F6F70BFF1FA3D3E90023F6F75EFF02460B46C3
:2097A000104619461CA3D3E90023F6F79DFD02460B4690469946314B1B681846F6F7F4FE45
:2097C00002460B4640464946F6F78EFD02460B46104619460CA3D3E90023F6F73DFF024616
:2097E0000B4620462946F6F781FD02460B4610461946F7F713FA0346204A136085E000BF45
:20980000333333333333D33F000000C07493683FCDCCCCCCCCCCEC3FCDCCCCCCCCCCDC3FBE
:20982000981E00109A1E00105C240010CDCC4C3E242600103333733F0AD7233B28260010D8
:20984000ACC527376F12033A2C26001030260010342600106666263F0AD7233B6F12033A1B
:20986000CDCC4C3FE5D0A23D9A99993E0AD7233C00004040D01E00107D3F553F842A00105A
:20988000B34B1B78002B2BD0B24B93ED007AD7ED317ADFEDB16A67EEA67A77EE677AF0EE2B
:2098A000E77A9FEDAE7AF4EEC77AF1EE10FA17DDD7ED317A9FEDA87A27EE877AA54BD3EDB0
:2098C000007A77EE677A9FEDA67A27EE877AA14BD3ED007A77EE277A9E4BC3ED007A14E0D3
:2098E0009B4B00221A70D7F8C400F6F75DFE8EA3D3E90023F6F7B0FE02460B461046194602
:20990000F7F78CF90346934A1360924B1B681846F6F74AFE86A3D3E90023F7F723F90346ED
:20992000002B24D08B4B1B681846F6F73DFE80A3D3E90023F6F7D8FC02460B461046194618
:209940007DA3D3E90023F6F787FE02460B46104619467BA3D3E90023F6F7C8FC02460B4601
:2099600010461946F7F75AF903467A4A13607D4BDB79002B03D1774B4FF000021A60754B19
:209980001B681846F6F710FE6FA3D3E90023F6F7ADFC02460B4610461946F7F73FF90346A7
:2099A000714A136097F8C33007EE903AF8EE677AC7ED167AD7F89030C7F8BC306B4B1B78AA
:2099C000002B02D06A4BC7F8BC306A4B7B653B4600221A605A6040F2FE333B65614BDB79BB
:2099E000032B00F25D8101A252F823F0FD991008C99A10085B9A1008999B10085E4B1B889B
:209A000007EE903AB8EEE77A5B4B1B8807EE903AF8EEE77AF1EE677ADFED516A67EEA67A75
:209A200077EE277AFCEEE77A17EE903A9AB2524B1A80514B1B8807EE903AF8EE677A4F4B24
:209A4000C3ED007A4E4B4FF000021A604D4B4E4A1A604E4B4E4A1A6022E1D7ED2F7A9FED37
:209A60004D7A27EE877AD7ED327A67EE277AFCEEE77A17EE903A9AB23F4B1A803E4B1B88ED
:209A8000002B03D13C4B00221A8009E03A4B1B8840F2FD32934203D9374B40F2FE321A80E3
:209AA000354B1B8807EE903AF8EE677A334BC3ED007A334B4FF000021A60324B324A1A60A9
:209AC000324B334A1A60EBE02B4B1B8807EE903AB8EEE77A284B1B8807EE903AF8EEE77A4C
:209AE000F1EE677ADFED1E6A67EEA67A77EE277AFCEEE77A17EE903A9AB21F4B1A801E4B04
:209B00001B8807EE903AF8EE677A1C4BC3ED007A1B4B4FF000021A601A4B1B4A1A601B4BC0
:209B20001B4A1A60BCE000BF333333333333D33F9A9999999999E93FCDCCCCCCCCCCF43FEC
:209B4000B81E85EB51B8CE3F2D431CEBE2361A3F7A2A0010842A00109A99993E0AD7A33C85
:209B6000A69B443B5C24001020260010CF1E0010A4707D3F0AD7A33BA01E0010281E00108F
:209B8000441E0010E8000010CDCCCC3DEC0000106F12833B00807F445D4B5E4A1A60D7F8A2
:209BA000BC00F6F701FD50A3D3E90023F6F754FD02460B46104619464BA3D3E90023F6F7E6
:209BC00095FB02460B4610461946F7F727F80346514A1360514B524A1A600023FB64D7F840
:209BE000BC00F6F7E1FC42A3D3E90023F6F734FD02460B46104619463FA3D3E90023F6F701
:209C000075FB02460B4614461D46464BD3ED007AB7EE007A77EE677A17EE900AF6F7C4FC02
:209C200002460B4620462946F6F716FD02460B461046194632A3D3E90023F6F70DFD024675
:209C40000B4610461946F6F7C9FF03469AB2364B1A80364B4FF000021A60FB6C9AB2324B2D
:209C60001B8813449AB2304B1A802F4B1B88002B03D12D4B00221A8008E02B4B1B88B3F590
:209C8000006F03D3284B4FF400621A80264B1B8807EE903AF8EE677A254BC3ED007A00BFDA
:209CA00097F87B30002B4BD0224B1B681846F6F77BFC15A3D3E90023F6F7CEFC02460B468B
:209CC000104619464FF000021B4BF6F7C5FC02460B4610461946F6F781FF03469AB2174BC8
:209CE0001A804AE0AFF300809A9999999999B93F333333333333EB3F333333333333C33F5F
:209D0000000000000088A340295C8FC2F528DC3F38270010CDCCCC3EE8000010EC000010C4
:209D20006F12833B3C270010A01E0010441E0010281E00101026001000009040A21E0010F5
:209D4000B54B1B681846F6F72FFC4FF00002B34BF6F782FC02460B46104619464FF00002D1
:209D6000AF4BF6F779FC02460B4610461946F6F735FF03469AB2AB4B1A8097F87A30002B8F
:209D800002D0A84B00221A80A74B1B8807EE903AF8EE677A3B46B0EE670A1846FAF7D2FD79
:209DA0003B689AB2A14B1B6B9BB213449AB2A04B1A807B689AB29D4B5B6B9BB213449AB200
:209DC0009B4B5A809B4B1B889B0007EE903AF8EEE77A994BC3ED007A944B1B6A07EE903A68
:209DE000B8EEE77A944BD3ED007A77EE277A934BC3ED007A8D4B5B6A07EE903AB8EEE77AD2
:209E00008D4BD3ED007A77EE277A8C4BC3ED017A8B4B1B889B0007EE903AF8EEE77A894B3A
:209E2000C3ED007A874B1B68874A1360854B1B68854A5360854B1B889B0007EE903AF8EED7
:209E4000E77A834BC3ED007A814B1B68814A13607F4B1B687F4A5360724B1B887E4A9B0090
:209E6000134493ED007AD7ED177A77EE277A7B4BC3ED007A6D4B9B6A07EE903AB8EEE77AC3
:209E8000764BD3ED007A77EE277A754BC3ED007A664BDB6A07EE903AB8EEE77A6F4BD3EDA1
:209EA000007A77EE277A6E4BC3ED017A6D4B1B88694A9B0013441B686B4A13606B4B1B883A
:209EC000654A9B0013441B68694A1360694B1B88614A9B0013441B68674A1360674B1B8848
:209EE0005D4A9B0013441B68654A1360654B93ED007A494BD3ED007A67EE277AC7ED127A76
:209F0000604BD3ED007A9FED607A67EE877AC7ED117A5E4B93ED007AD7ED117A27EE277AB9
:209F2000F7EE006AD7ED167A76EEE77A67EE277AFCEEE77A17EE903A9AB2554B1A80534B85
:209F400093ED017AD7ED117A27EE277AF7EE006AD7ED167A76EEE77A67EE277AFCEEE77A58
:209F600017EE903A9AB24A4B5A8097ED117AD7ED167A27EE277A284BD3ED007A67EE277A9B
:209F8000FCEEE77A17EE903A9AB23C4B1A803B4B1A88384B1A803E4B1B882F4A9B0013445E
:209FA0001B683C4A13603A4B5B882B4A9B0013441B68384A53601D4B9A681C4BDB68D31A9D
:209FC000002BB8BF5B4207EE903AF8EEE77AC7ED107A314BD3ED007A9FED307A77EEC77A6C
:209FE000C7ED0F7AD7ED0F7AF5EEC07AF1EE10FA56DD97ED0F7AD7ED107AB4EEE77AF1EE61
:20A0000010FA4DD5D7ED107A9FED247A77EE877A214BC3ED007A43E0102600100000E03F18
:20A0200000009040A21E0010741E00104C270010881E0010981E0010181E0010481E001023
:20A040009A1E00101C1E0010681E00109E1E0010241E0010501E0010180E00102C1E00102C
:20A06000581E0010A41E0010301E0010A61E0010341E0010A81E0010381E0010AA1E0010E0
:20A080003C1E0010842A00100000804414260010901E0010601E0010201E00100000F643B7
:20A0A000D7ED0F7AF5EEC07AF1EE10FA13D8D7ED107AF1EE677A97ED0F7AB4EEE77AF1EE65
:20A0C00010FA08DD1FED0B7AD7ED107A77EE677AAB4BC3ED007AAB4B93ED007AAA4B9B6864
:20A0E00007EE903AF8EEE77A77EE277AA54BC3ED007AA44B93ED017AA34BDB6807EE903A60
:20A10000F8EEE76A9E4BD3ED007A76EEA77A77EE277A9C4BC3ED017A9C4B93F80C219C4BC2
:20A120001B789A4238D09B4B9B4A1A609B4B1B8807EE903AB8EEE77A994BD3ED007A77EE91
:20A14000677AF0EEE77AB3EE047AF4EEC77AF1EE10FA24D58D4B93F80C218D4B1A708D4BF1
:20A16000904A1A60904B1B7883F00103DBB2002B0BD0864B93F80C3183F00103DBB2002B4B
:20A1800003D08A4B00221A7009E0874B00221A70864B01221A7002E07E4B824A1A607B4BCF
:20A1A00093F80C3183F00103DBB2002B00F088807F4B804A5A607E4B5B687D4A1360784BD9
:20A1C0007C4A5A60764B5B68754A13607A4B794A1A606C4BD3ED007A9FED787AF4EEC77AB5
:20A1E000F1EE10FA03D5674B4FF088421A60654BD3ED017A9FED717AF4EEC77AF1EE10FAFB
:20A2000003D5604B4FF088425A606D4B1B681846F6F7CAF904460D46694B1B681846F6F790
:20A22000C3F902460B464FF000004FF00001F6F75BF802460B46104619464FA3D3E90023EB
:20A24000F6F70AFA02460B4620462946F6F74EF802460B4610461946F6F7E0FC0346584A6A
:20A26000136097F8783083F00103DBB2002B1DD0544B504A1A60534B4E4A5A60414B4D4A52
:20A280005A60404B5B683F4A13604FF00003C7F8C430464B1B7883F00103DBB2002B05D09D
:20A2A000494B01221A70414B01221A70474B9B68474A918897F87920184609F093FC0BE0EC
:20A2C000424B9B68424A91880122184609F08AFC3B4AD7F89C30136097F87730002B08D07D
:20A2E0003A4B1B693A4A11890122184609F07AFC07E0364B1B69364A11890022184609F0C8
:20A3000071FC97F87B30002B10D0304B1B68304A11880022184609F065FC2C4B5B682C4AF0
:20A3200051880022184609F05DFC0FE0274B1B68274A11880122184609F054FC234B5B6889
:20A34000234A51880122184609F04CFC00224021204809F047FC97F87630002B3ED000223E
:20A3600080211C4809F03EFC97F8C330002B3AD0194B104A5A6036E0000000E04D62403F52
:20A38000201E0010601E00104C2700105C240010882A001044030010CDCCCC3E941E001050
:20A3A000681E00108FC2F53CD31E0010892A0010581E001000F07F451C1E001000000044F9
:20A3C0008C2A0010481E0010CE1E0010300000104C00001000040258801E001001228021D9
:20A3E000884809F0FFFBFBF775FEFBF7D1FA864AD7F8C430136097F87530002B07D0834B6E
:20A40000DB79002B03D1804B4FF07E521A607F4B93F82D31002B0CD07B4B4FF000021A605A
:20A42000FAF75EFF0346002B03D0784B002283F82D21774B93F8943083F00103DBB2002B99
:20A4400000F06581734B1B88002B03D1714B00221A8009E06F4B1B8840F6FE72934203D9B1
:20A460006C4B40F6FF721A806A4B5B88002B03D1684B00225A8009E0664B5B8840F6FE727B
:20A48000934203D9634B40F6FF725A80614B1B881A465F4B1A605F4B5B881A465C4B5A61BA
:20A4A0005D4B1B88002B03D15B4B00221A8009E0594B1B8840F6FE72934203D9564B40F692
:20A4C000FF721A80544B5B88002B03D1524B00225A8009E0504B5B8840F6FE72934203D999
:20A4E0004D4B40F6FF725A804B4B1B881A46484B5A60494B5B881A46454BDA61474B1B8886
:20A50000002B03D1454B00221A8009E0434B1B8840F6FE72934203D9404B40F6FF721A80B3
:20A520003E4B5B88002B03D13C4B00225A8009E03A4B5B8840F6FE72934203D9374B40F6CD
:20A54000FF725A80354B1B881A46314B9A62334B5B881A462E4B9A63314B1B88002B03D160
:20A560002F4B00221A8009E02D4B1B8840F6FE72934203D92A4B40F6FF721A80284B5B883E
:20A58000002B03D1264B00225A8009E0244B5B8840F6FE72934203D9214B40F6FF725A80D0
:20A5A0001F4B1B881A461A4B1A611D4B5B881A46174B9A611B4BD3ED007AF5EEC07AF1EEAA
:20A5C00010FA04D8174B4FF000021A600CE0154BD3ED007A9FED147AF4EEC77AF1EE10FACC
:20A5E00002DB104B114A1A600E4BD3ED017AF5EEC07AF1EE10FA1BD80A4B4FF000025A6071
:20A6000023E000BF00040258902A00105C24001088260010781E0010941E00108C1E0010E0
:20A620007C1E0010801E001000F07F4500F07F459B4BD3ED017A9FED9B7AF4EEC77AF1EE96
:20A6400010FA02DB964B984A5A60954BD3ED007AFCEEE77A17EE903A9BB21A46934B1A625B
:20A660008F4BD3ED017AFCEEE77A17EE903A9BB21A468E4B5A638E4B1B88002B03D18C4B16
:20A6800000221A8009E08A4B1B8840F6FE72934203D9874B40F6FF721A80854B5B88002B55
:20A6A00003D1834B00225A8009E0814B5B8840F6FE72934203D97E4B40F6FF725A807C4BFC
:20A6C0001B881A46794BDA60794B5B881A46774B9A60764B40F6FF72DA62744B40F6FF72AC
:20A6E000DA63744BD3ED007AFCEEE77A17EE902A6E4B5A62704BD3ED007AFCEEE77A17EE60
:20A70000902A6A4B1A63694B012283F894206B4B93F81D3107EE903AB8EEE77AD7ED1B7A99
:20A7200037EE277A654B93F82D3107EE903AF8EEE77A37EE277A624BD3ED067A37EE277A3B
:20A740005F4BD3ED077A37EE277A5E4B1B7807EE903AF8EEE77A37EE277A5B4BD3ED007A60
:20A7600037EE277A554B1B7807EE903AF8EEE77A37EE277A514BDB7D07EE903AF8EEE77A1A
:20A7800037EE277A514B1B781A461346DB009B1A07EE903AF8EEE77A37EE277A4C4B1B7885
:20A7A00007EE903AF8EEE77A37EE277A494B1B781A4613469B00134407EE903AF8EEE77AF5
:20A7C00037EE277A444B1B781A4613469B0013445B00134407EE903AF8EEE77A37EE277A68
:20A7E0003E4BD3ED007A37EE277A3D4BD3ED007ADFED3C6A67EEA66A304B93F80F3107EEFC
:20A80000903AF8EEE77A66EEA77AFDEEE77AF8EEE77A77EE277AC7ED2E7A334B1B68334A3F
:20A820001360324AD7F8A0305360314B1B682F4A93602E4AD7F89830D360284B1B682B4ABF
:20A8400013612A4AD7F894305361284AD7F88C309361264AD7F88830D361244AD7F88430BC
:20A860001362224AD7F880305362204AD7F8BC30936297F8763007EE903AF8EE677A1B4B88
:20A88000C3ED0B7A1B4B1B7883F00103DBB2002B34D0194B1B7807EE903AF8EEE77A34E046
:20A8A000801E001000F07F4500F07F4588260010881E0010381E00103C1E00105C240010AE
:20A8C0004C270010CC1E0010B8000010CE1E0010D11E0010D21E001088290010902A0010AD
:20A8E000E01E00100000C84234260010382600108C2A001018280010D41E0010B24BD3F888
:20A90000143107EE903AF8EEE77AB04BC3ED0C7AAF4B1B7807EE903AF8EE677AAB4BC3ED02
:20A920000D7AAC4B1B8807EE903AB8EE677ADFEDAA6AC7EE267AA54BC3ED0E7AA54B5B8880
:20A9400007EE903AB8EE677ADFEDA36AC7EE267A9E4BC3ED0F7A97F8CF3007EE903AF8EE2E
:20A96000677A9A4BC3ED107A9C4B1B78DA019C4BB3F900309BB203F07F03134307EE903AE8
:20A98000F8EEE77A914BC3ED117A8F4B93F80F3107EE903AF8EE677A8C4BC3ED127A8A4B46
:20A9A00093F818311A46884B93F819311B01134407EE903AF8EEE77A844BC3ED137A824B69
:20A9C00093F81031002B02D0864B00221A707E4B93F8103183F00103DBB2002B09D0824BC7
:20A9E0001B78002B05D0804B00221A707D4B01221A700023C7F8B43011E0744AD7F8B430B0
:20AA00009B001344D3ED007A97ED2E7A77EE277AC7ED2E7AD7F8B4300133C7F8B430D7F823
:20AA2000B430132BE9DD0023C7F8B03034E0664AD7F8B030134403331B7807EE903AF8EE34
:20AA4000E77A97ED2E7A77EE277AC7ED2E7A5E4AD7F8B030134408331B7807EE903AF8EEE6
:20AA6000E77A97ED2E7A77EE277AC7ED2E7A564AD7F8B03013440D331B7807EE903AF8EEC9
:20AA8000E77A97ED2E7A77EE277AC7ED2E7AD7F8B0300133C7F8B030D7F8B030042BC6DDC4
:20AAA000524BD3ED007A97ED2E7AB4EE677AF1EE10FA02D04E4B01221A704C4AD7F8B830C2
:20AAC00013604B4B1B78002B00F0C580494B93F8953083F00103DBB2002B00F0BC80002318
:20AAE000C7F8AC3011E0394AD7F8AC309B0013441A684049D7F8AC3010339B000B441A604D
:20AB0000D7F8AC300133C7F8AC30D7F8AC30132BE9DD394B1B68374AC2F89030374B1B78F5
:20AB2000002B14D0284BD3F82031012B0FD1314B022283F8A020244B042283F81D21224BD5
:20AB4000012283F824212D4B00221A7019E01E4B93F81D31052B0BD1264B022283F8A020D7
:20AB6000194B012283F81D21244B00221A7008E0154B93F81D211F4B83F8A0201F4B002238
:20AB80001A70114B93F82D211A4B83F896201C4B1A78184B83F897201A4B1B68002B39D1B5
:20ABA000194B1B781A46164B1B785B001A44174B1B789B001A44164B1B78DB0013440D4A26
:20ABC000C2F8A4302AE000BF5C2400103826001048270010901E0010000080444D29001099
:20ABE0007229001018280010CD1E0010100E0010140E001088260010B8000010D21E001079
:20AC0000CC1E0010B0000010CE1E0010D11E001088290010124B0022C3F8A420114B002242
:20AC20001A70114B00221A70104B00221A70104B00221A700F4B9B69094AC2F898300D4BE9
:20AC4000DB69074AC2F89C30054B012283F89520094B00221A7000BFD037BD46BDE8B08395
:20AC600088260010CC1E0010CE1E0010D11E0010882900104C270010140E001080B58CB03A
:20AC800002AF78600B46FB70002387F82330032387F8223097F8223063F0030387F8233077
:20ACA000002387F82130002387F820300023FB7797F82020FB7F134387F821300023BB7756
:20ACC00030237B7706233B770123FB767A7F3B7F1343DAB2FB7E1343BB770023BB760023B2
:20ACE0007B767B7EBB7600233B760023FB750023BB7500237B75FA7DBB7D1343DAB27B7DE3
:20AD000013433B7601233B7397F821307B730223BB73BB7FFB7303233B74BB7E7B7440F262
:20AD200001137B8200237B6213E0FB7899B207F10C027B6A5B001A444FF47A7300930223C5
:20AD4000786809F05FF8C82004F094F87B6A01337B627B6A032BE8DD00BF00BF2837BD46AD
:20AD600080BD00BF80B592B002AF78600B46FB70002387F83B30002387F83A300E2387F852
:20AD80003930002387F8383097F83A2097F839301343DAB297F83830134387F83B30002323
:20ADA00087F83730002387F83630002387F83530022387F83430002387F8333097F83620AC
:20ADC00097F835301343DAB297F834301343DAB297F83330134387F83730002387F8323096
:20ADE000002387F83130002387F83030002387F82F30002387F82E30002387F82D3000232B
:20AE000087F82C30012387F82B3097F8312097F830301343DAB297F82F301343DAB297F849
:20AE20002E301343DAB297F82D301343DAB297F82C301343DAB297F82B30134387F8323016
:20AE4000002387F82A30002387F82930002387F82830002387F82730012387F8263097F880
:20AE6000292097F828301343DAB297F827301343DAB297F82630134387F82A30002387F842
:20AE80002530012387F8243097F8243043F0020387F82530002387F82330002387F822308E
:20AEA000002387F82130002387F8203097F8222097F821301343DAB297F82030134387F866
:20AEC00023300023FB770023BB7700237B7704233B77BA7F7B7F1343DAB23B7F1343DBB295
:20AEE00043F00903FB770023FB760023BB7600237B7600233B76BA7E7B7E1343DAB23B7E05
:20AF00001343DBB243F00C03FB760023FB750023BB75BB7DFB7500233B7397F83B307B7354
:20AF20000123BB7397F83730FB7302233B7497F832307B740523BB7497F82A30FB744FF4B5
:20AF40007063BB820023FB6313E0FB7899B207F10C02FB6B5B001A444FF47A7300930223A2
:20AF6000786808F04FFFC82003F084FFFB6B0133FB63FB6B042BE8DD00BF00BF4037BD4603
:20AF800080BD00BF80B500AF002201210C4808F029FE4FF4FA7003F06DFF01224021094839
:20AFA00008F020FE4FF4FA7003F064FF01220121034808F017FE0A2003F05CFF00BF80BD67
:20AFC000001C02580000025880B400AF164B4FF480621A80154B4FF480621A80144B4FF4DD
:20AFE00080721A80134B00221A80134B4FF400721A80124B00221A80104B1A88104B1A80F3
:20B000000F4B1A880F4B1A800E4B1A880E4B1A800E4B00221A800E4B0E4A1A6000BFBD4650
:20B020005DF8047B704700BF981E00109A1E00109C1E00109E1E0010A21E0010AA1E0010FA
:20B04000A81E0010A61E0010A41E0010A01E0010401E001077BE7F3F80B500AF01224FF4FB
:20B0600080711C4808F0BEFD01224FF40071194808F0B8FD01224FF48051174808F0B2FDA6
:20B0800001224FF48061144808F0ACFD01224FF40061114808F0A6FD01224FF400510E48A4
:20B0A00008F0A0FD01224FF480410B4808F09AFD01220821094808F095FD01224FF4005114
:20B0C000074808F08FFD01228021024808F08AFD00BF80BD000402580018025800100258DA
:20B0E0000008025880B582B000AF284B284A1A6001237B6040E07B6807EE903AF8EEE77A71
:20B10000DFED246A87EEA67AB0EE470A12F0ECFDF0EE407A9FED207A67EE877A1B4A7B680A
:20B120009B001344C3ED007A184A7B689B001344D3ED007A9FED197AF4EEC77AF1EE10FA57
:20B1400005DB124A7B689B001344114A1A600F4A7B689B001344D3ED007AF5EEC07AF1EEA5
:20B1600010FA06D5094A7B689B0013444FF000021A607B6801337B607B68B3F5806FBADB06
:20B1800000BF00BF0837BD4680BD00BF180E001000F07F4500C07F4400C04CC400F07F4502
:20B1A00080B500AF002210211E4808F01BFD002220211C4808F016FD642003F05BFE01221D
:20B1C0000821184808F00EFD01220421154808F009FD01224FF48051134808F003FD642032
:20B1E00003F048FE012210210E4808F0FBFC0A2003F040FE22210D48FFF740FD642003F0E0
:20B2000039FE01222021074808F0ECFC0A2003F031FE20210548FFF7A5FD642003F02AFE53
:20B2200000BF80BD000C025800080258D407001080B400AF144B00221A60134B00225A6047
:20B24000114B00229A60104B0022DA600E4B00221A610D4B00225A610B4B4FF47F729A610F
:20B26000094B0022DA61084B00221A62064B00225A62054B00229A62034B0022DA6200BF24
:20B28000BD465DF8047B7047FC22001080B48FB000AF00237B6307E0B14A7B6B002142F8AC
:20B2A00023107B6B01337B637B6B052BF4DDAC4B002283F83820AA4B0022DA63A84B002227
:20B2C00083F84020A74B00221A70A64B00225A7000233B6326E0A34A3B6B13440233002210
:20B2E0001A70A04A3B6B1344073300221A709D4A3B6B13440C3300221A709A4A3B6B134447
:20B30000113300221A70974A3B6B1344163300221A70944A3B6B13441B3300221A703B6BEF
:20B3200001333B633B6B042BD5DD8E4B002283F820208C4B002283F821208A4B002283F8D7
:20B340002220884B002283F82320864B002283F82420844B002283F82520824B002283F82B
:20B360002620804B002283F827207E4B002283F828207C4B002283F829207A4B002283F81B
:20B380002A200023FB6214E0764AFB6A13442B3300221A70734AFB6A13442F3300221A70E2
:20B3A000704AFB6A1344333300221A70FB6A0133FB62FB6A032BE7DD0023BB620FE0694AD6
:20B3C000BB6A13443B3300221A70664ABB6A10339B00134400225A60BB6A0133BB62BB6A56
:20B3E000052BECDD5F4B0022DA655E4B00221A665D4B00221A705C4B00225A705A4B002250
:20B400009A70594B0122DA7500237B621AE0564A7B6A1344033300221A70534A7B6A13447B
:20B42000083300221A70504A7B6A13440D3300221A704D4A7B6A1344123300221A707B6ABA
:20B4400001337B627B6A042BE1DD00233B621FE00023FB610FE044493A6A13465B001344A0
:20B460005B00FA69134406339B000B4400225A60FB690133FB61FB69052BECDD3A4A3B6A3E
:20B480003C339B00134400225A603B6A01333B623B6A052BDCDD344B012283F80C21324BA4
:20B4A000002283F80D21304B002283F81D212E4B002283F81E212C4B0022C3F820212A4B0C
:20B4C000012283F82421284B002283F82521264B002283F80E21244B002283F80F21224B4D
:20B4E000002283F81021204B062283F818211E4B062283F819211C4B002283F81A211A4B4D
:20B50000002283F81B21184B002283F81C21164B0022C3F82821144B002283F82C21124BE8
:20B52000002283F82D21104B012283F86C210E4B012283F86D210C4B0022C3F868210A4B03
:20B540004FF00002C3F83021074B4FF00002C3F834210023BB611EE000237B6115E000BF0B
:20B5600088200010F02300105C2400107649BA6913465B0013449B007A6913449C330022AD
:20B5800021F813207B6901337B617B690B2BEDDDBB690133BB61BB69012BDDDD6A4B002232
:20B5A00083F86E21684B022283F86F21664B012283F87021644B002283F87421624B00220F
:20B5C00083F87321604B002283F871215E4B012283F8722100233B6107E05C4A3B69002197
:20B5E00042F823103B6901333B613B690F2BF4DD0023FB600AE0554AFB6810339B0013441C
:20B600004FF000021A60FB680133FB60FB680B2BF1DD4E4B4FF00002C3F890204B4B002219
:20B6200083F89420494B002283F89520474B002283F8A020454B002283F89620434B002273
:20B6400083F89720414B0022C3F8A4200023BB600DE03F49BA681346DB0013449B000B4441
:20B6600020336FF05F221A60BB680133BB60BB68092BEEDD374B00221A70364B00225A70EE
:20B68000344B002283F82020324B00225A62314B00229A6200237B600EE02E4A7B681344BB
:20B6A000023300221A702B4A7B680233002142F823107B6801337B607B68052BEDDD00239C
:20B6C0003B6037E0244A3B689B0013444FF000021A60214A3B680233002142F823101E4AC1
:20B6E0003B680433002142F823101B4A3B6806339B0013444FF07E521A60174A3B680833E7
:20B70000002142F82310144A3B680A33002142F82310114A3B680C33002142F823100E4AAC
:20B720003B680E339B0013444FF000021A603B6801333B603B68012BC4DD00BF00BF3C37A5
:20B74000BD465DF8047B70475C24001088260010041F0010D42500104C27001080B500AF6A
:20B76000FFF794FDFFF70EFCFFF72EFCFFF774FCFFF7B8FCFFF75CFD00BF092008F04CFA9D
:20B780000346002BF9D14FF060533B4A1A654FF06053394A5A654FF06053374A9A654FF090
:20B7A0006053354ADA654FF06053344A1A604FF06053334A5A604FF06053324A9A604FF05E
:20B7C00060534FF00002DA604FF060534FF000021A614FF060534FF000025A614FF06053AD
:20B7E0004FF000029A614FF060534FF00002DA614FF060534FF000021A624FF060534FF0BF
:20B8000000025A624FF060534FF000029A624FF060534FF07E52DA624FF06053002283F86F
:20B82000B1204FF060530022C3F8CC200021092008F00CFAFFF7B4FC4FF4806008F01AFA5F
:20B8400000BF114B1B68012BFBD00C220F4910480EF03AFB02220F490F4803F0E5FE0F4B3F
:20B8600093ED007AF7EE006AC6EE877A0C4BC3ED007A00BF80BD00BF17B7D138CDCC4C3F93
:20B88000CDCCCC3DC3F5283EB40000100C210010680C0010D81E0010F8060010C40000107B
:20B8A000C800001080B584B000AF78607B681B683E4A934267D13E4B1B683E4A11783E4A20
:20B8C000D1543B4B1B680133DBB2394A13603B4B01221A703A4B93F87131002B0AD1384B15
:20B8E00093F87031002B05D1354B5B79002B01D0012300E00023FB73FB7B03F00103FB735B
:20B900002C4B1B78F82B1ED12E4B1B6801332D4A13602C4B1B68172B2EDD2A4B00221A6099
:20B92000FB7B002B28D0284B1B78002B14BF01230023DBB283F00103DBB203F00103DAB20F
:20B94000214B1A7018E01B4B1B78FA2B14D11D4B00221A60FB7B002B0ED01B4B1B78002B4F
:20B9600014BF01230023DBB283F00103DBB203F00103DAB2144B1A70144B1B68042118464B
:20B9800010F0C0FB0DE07B681B68114A934208D1104B01221A60104B1B680321184610F038
:20B9A000B1FB00BF1037BD4680BD00BF004C00403C290010150E00103C28001044290010B1
:20B9C0005C2400104427001048270010FC0D001000440040FC200010F80D001080B582B098
:20B9E00000AF78607B681B680B4A934205D101220A490B480EF068FA09E07B681B68094A8F
:20BA0000934204D10C22084908480EF05DFA00BF0837BD4680BD00BF004C0040150E00109C
:20BA2000D40B0010004400400C210010680C001080B483B000AF7860044B01221A6000BF39
:20BA40000C37BD465DF8047B704700BFEC1E001080B582B000AF78607B68B3F5806F10D1F3
:20BA60000A4B01221A700A4B1B68012B06D1094B1B680221184610F045FB02E0064B0022FC
:20BA80001A6000BF0837BD4680BD00BFCC000010040E0010F00D0010B400001080B487B0F5
:20BAA00000AF00237B6100233B610023FB71404B93F8303083F00103DBB2002B71D0002381
:20BAC000FB600FE03B4AFB6813441B7823F07F03FB71FB79802B02D1FB683B6105E0FB6810
:20BAE0000133FB60FB680B2BECDD0023BB6015E0BA683B69D31A7B617B69002B02DA7B69C4
:20BB00000C337B612B4ABB68134419782A4A7B6913440A461A70BB680133BB60BB680B2B36
:20BB2000E6DD254B9B7ADB0103F46073224AD27A13431F4A5361204B1B7ADB0103F4607346
:20BB40001D4A527A13431A4A13611B4B9B79DB0103F46073184AD2791343154AD360164B6E
:20BB60001B79DB0103F46073134A52791343104A9360114B9B78DB0103F460730E4AD27809
:20BB800013430B4A53600C4B1B78DB0103F46073094A52781343064A1360054B012283F893
:20BBA000302000BF1C37BD465DF8047B704700BFBC2300100C2100100021001080B582B012
:20BBC00000AF9E4B93F83830FB710023BB809C4B1B78002B00F05F81FB79052B00F25B8129
:20BBE00001A252F823F000BF8DBE1008FFBC100801BC100897BE10088DBE100825BD1008B1
:20BC0000904B1B68022B5BD0022B00F34181002B02D0012B24D03BE18B4B00221A60CC23F2
:20BC20003B71864BDB6BDBB27B713B791A46864B1B681344844A13607B791A46824B1B6824
:20BC40001344814A13603B1D022219467F480EF0A7F87F4B00221A607A4B01221A604DE01B
:20BC60007B4B1B68754A52F823301B12DBB23B71774B1B68714A52F82330DBB27B713B79EF
:20BC80001A46714B1B6813446F4A13607B791A466D4B1B6813446C4A13603B1D0222194698
:20BCA0006A480EF07DF86A4B1B680133684A1360674B1B68052B20DD624B02221A601CE025
:20BCC000614B1B681B12DBB23B715F4B1B68DBB27B713B1D022219465C480EF061F8574BB1
:20BCE000002283F840205B4B00221A70584B00221A60544B00221A6000E000BFC8E04F4B9A
:20BD00001B68DBB23B714D4B5B68DBB27B713B1D022219464D480EF043F8484B002283F8BA
:20BD20004020B8E0474B1B68032B00F2B38001A252F823F045BD10088DBD1008EDBD100865
:20BD400059BE1008404B00221A60CD233B713B4BDB6BDBB27B713B791A463B4B1B68134438
:20BD6000394A13607B791A46374B1B681344364A13603B1D0222194634480EF011F8344B4D
:20BD800000221A602F4B01221A607EE0304B1B682A4A52F823301B12DBB23B712C4B1B6823
:20BDA000264A52F82330DBB27B713B791A46264B1B681344244A13607B791A46224B1B6879
:20BDC0001344214A13603B1D022219461F480DF0E7FF1F4B1B6801331D4A13601C4B1B6824
:20BDE0000B2B51DD174B02221A604DE0184B1B68124A52F82330DBB23B71154B1B68013383
:20BE00000E4A52F82330DBB27B713B791A460E4B1B6813440C4A13607B791A460A4B1B6878
:20BE20001344094A13603B1D0222194607480DF0B7FF044B03221A6027E000BF882000109C
:20BE400031280010302B0010342B0010680C0010382B00102828001000233B7100237B716A
:20BE60003B1D022219460E480DF09AFF0D4B002283F840200C4B00221A700C4B00221A60B0
:20BE80000B4B00221A6000E000BF03E000BF02E000BF00E000BF00BF0837BD4680BD00BF32
:20BEA000680C00108820001028280010382B0010302B001080B584B000AF00233B811E4BA8
:20BEC0001B68FB601D4B1B78002B09D01C4B1B7883F00103DBB2002B02D01A4B1B68FB6047
:20BEE000194B1B7883F00103DBB2002B03D1174B1B78002B02D0CE233B7204E0E0233B7224
:20BF0000114B00221A70D7ED037A9FED117A67EE877AFCEEE77AC7ED017A3B79DBB27B72C3
:20BF200007F10803022219460A480DF039FF00BF1037BD4680BD00BFE01E0010DD1E0010D6
:20BF4000DC1E0010E81E0010C41E00105C24001000007F43680C001080B582B000AF0023C0
:20BF6000BB80E1233B7100237B713B1D0222194603480DF015FF00BF0837BD4680BD00BF93
:20BF8000680C001080B582B000AF092007F044FE0346002B40F050814FF060531B6DA84AC4
:20BFA0001360A74B1B68A74AC2F830314FF060535B6DA54A1360A44B1B68A24AC2F83431F4
:20BFC0004FF060539B6DA14A13604FF06053DB6D9F4A13604FF06053D3ED187AF5EE407A92
:20BFE000F1EE10FA14BF01230023DAB2994B1A704FF06053D3ED197AF5EE407AF1EE10FA79
:20C0000014BF01230023DAB2934B1A704FF0605393ED307ADFED916AC7EE267A904BC3ED4F
:20C02000007A4FF06053D3F8C8308E4A13604FF06053D3F8C4308C4A1360824B93F8703193
:20C04000012B29D17F4B93F87331002B24D0874B1B68002B20D1864B1B6807EE903AB8EE78
:20C06000E77A814BD3ED007A67EE277AFDEEE77A17EE902A7F4B1A607E4B1A687E4B1B687D
:20C080009A4205D07D4B1B680821184610F03AF8784B1B68784A13604FF06053D3F8B430CF
:20C0A000002B16DD674B012283F81021744B1B7883F00103DBB2002B04D04FF06053D3F8CF
:20C0C000B43002E05F4BD3F814315E4AC2F8143119E06C4B1B7883F00103DBB2002B12D0E5
:20C0E000584B002283F81021654B1B7883F00103DBB2002B01D0002302E0524BD3F81431DA
:20C10000504AC2F81431604B93F89530002B00F08F8000237B600EE04FF060515A4A7B68FE
:20C1200010339B0013441A687B689B000B441A607B6801337B607B68132BEDDD4FF0605233
:20C14000514BD3F89030C2F8A4304FF060534E4A92F8A02083F8B0204FF06053394A92F80C
:20C160002D2183F8B1204FF06053474A92F8972083F8B820334B1A784FF06053C3F8BC2075
:20C18000414B002283F895204FF060523E4BD3F8A430C2F8CC304FF060523B4BD3F89830E8
:20C1A000C2F8A8304FF06052374BD3F89C30C2F8AC3000233B6038E0224BDB7D83F001033B
:20C1C000DBB2002B0AD03B68012B07D14FF060523B681A33002142F823100BE0194A3B68C6
:20C1E000134403331B784FF0605219463B681A3342F82310134A3B681344083319784FF010
:20C2000060523B6805331A3342F823100D4A3B6813440D3319784FF060523B680A331A3397
:20C2200042F823103B6801333B603B68042BC3DD0021092007F00AFD00BF0837BD4680BD27
:20C24000002600105C24001004260010082600100C260010D51E0010AC1E0010295C1F439A
:20C26000B41E0010BC1E0010B81E0010B000001008000010B01E0010F82A0010FC0D00100B
:20C28000CD1E001018280010882600102DE9704FACB0402200211CA811F046FC964A92F870
:20C2A0009430002B00F02481944BD3F844011B90050C099502F120081546D3E954B2D3E9BD
:20C2C000529A81B201911146D3F858210D921FFA89FED3F85C2115910C92CDF81CE01FFA6D
:20C2E0008BFE0C9ACDF814E0BDF854E0D3F86001CDF810E0BDF834E01A90CDF80CE01FFA4F
:20C3000082FECDF808E0DDF868E015999C461FFA8AF306931FFA8EF3080C08934FEA194336
:20C3200018930E904FEA1A430D9816934FEA1B4371461193030C100C0B930A90080C1990BE
:20C34000B8E80F0024AE0FC698E80F0086E80F000FCD1CAC0FC495E80F0084E80F001D9B45
:20C36000079A159C03F580539D1A259B069A0F9503F58053A3EB19491E9B03F500539D1A6F
:20C38000269B059A109503F50053A3EB1A4A1F9B03F540539D1A279B049A129503F54053CD
:20C3A000A3EB1B4500F5804313959D1A289B039A149503F58043A3EB144501F5A04315954A
:20C3C0009D1A299B0D9C029A03F5A043A3EB1446229B0C9C03F5C0439B1A17932A9B089AB4
:20C3E00003F5C043A3EB1444239B03F5E0439B1A18462B9B1A9A03F5E043A3EB12481C9B3C
:20C4000001995A1A0C921B9B249AA2EB13434FF0000E0D936FF05F23CCF82030384B0D990E
:20C42000A3FB0E23099A5B0801FB032B0C99019A01FB032202EB0B42CCF80020189A0F9924
:20C4400009FB032B079A01FB032202EB0B42CCF80420169A10990AFB032B069A01FB032279
:20C4600002EB0B421399CCF80820119A01FB032B1299059A01FB032202EB0B421599CCF8FE
:20C480000C200E9A01FB032B1499049A01FB032202EB0B42CCF810200B9A179906FB032B80
:20C4A000039A05FB032202EB0B42CCF814200A9A04FB032B029A01FB032202EB0B42CCF8FC
:20C4C0001820199A089908FB03220EF1010E00FB031303EB0243BEF10A0FCCF81C300CF181
:20C4E000240C97D1074A0449002381F8943013602CB0BDE8708F00BF88260010041F001003
:20C50000398EE3386C20001080B500AF0D4B1B6801330C4A13600B4B1B68082B02DD094BA2
:20C5200009221A60074B1A681346DB0013449B00054A13440922194604480BF007FC00BF23
:20C5400080BD00BF6C200010041F0010280800102DE938432DED028BD0ED018A90ED008A49
:20C5600018EE900AF4F720F8044618EE100A0D46F4F71AF8F4EEC88AF1EE10FA14D514A3A1
:20C58000D3E900238046894620462946F4F764F842464B46F3F7AAFEF4F740FBBDEC028B04
:20C5A00000EE100ABDE8388309A3D3E90023F4F753F822462B46F3F799FEF4F72FFBBDEC3A
:20C5C000028B00EE100ABDE8388300BFAFF300806E3480B74082DA3F2DE9704FD84AD94BB6
:20C5E000D94CDA48DA492DED068B92ED009AD3ED009A94ED008AD74AD74B90ED00AAD1F875
:20C6000000A016681D6829EE297A84B077EE487AF5EEC07AF1EE10FA40F32182AAEE278A3D
:20C6200018EE10BACD4BD4ED018A93ED008AC4F800B029EE887A77EE687AF5EEC07AF1EEF4
:20C6400010FA40F39B82EAEE278A18EE908ABE48C4F80480FFF77CFF304610EE106AF3F748
:20C66000A3FF02460B462846CDE90023F3F79CFF02460B46CDE90223ADA3D3E90023F3F726
:20C68000EBFF044658460D46F3F78EFFAAA3D3E90023F3F72BFE02460B4620462946F4F766
:20C6A00005F9F4F7BBFA08EE900AF5EEC08AF1EE10FA40F25E82F7EE007AF4EEE78AF1EE93
:20C6C00010FAC0F29181DFF8E8A2DFF8E892CAED007A4FF07E53C9F800304046F3F764FFD5
:20C6E00095A3D3E90023F3F701FE02460B4620462946F4F7DBF8F4F791FA08EE900AF5EE25
:20C70000C08AF1EE10FA40F20F82F7EE007AF4EEE78AF1EE10FAC0F26182CAED017A4FF082
:20C720007E53C9F804303046F3F73EFF82A3D3E90023F3F7DBFD02460B46DDE90201F4F783
:20C74000B5F8F4F76BFA08EE900AF5EEC08AF1EE10FA40F2C381F7EE007AF4EEE78AF1EE2F
:20C7600010FAC0F245827E4A7E4BC2ED007AF7EE007AF0EE678AC3ED007A7B4A7B4BD2EDDA
:20C78000007AD3ED006A7A4B7A4A93ED007A92ED006A774867EEA66A67EE867AF4EEC76AFD
:20C7A000F1EE10FA36EEC76ACCBFDFED735ADFED735AA6EE257AF0EE476A93ED017AC3ED11
:20C7C000006AF4EEC77AF1EE10FA77EEC76ACCBFDFED697ADFED697AA6EEA77A83ED017AC4
:20C7E000FFF7B6FE664B186810EE106AF3F7DCFE044630460D46F3F7D7FE4FA3D3E900237F
:20C80000F3F774FD02460B4620462946F4F74EF8F4F704FA07EE900AF5EEC07AF1EE10FAA0
:20C8200040F25781B7EE006AF4EEC67AF1EE10FAC0F2DB81F0EE467A524A534BD2ED005AD5
:20C8400093ED007A5149524A81ED006A79EE256A38EE258A66EEA96A28EE298A76EEC75A50
:20C86000C2ED007AF5EEC05AF1EE10FA40F32A81DFED487AA5EEA77A4348D3ED017A83ED53
:20C88000007AB4EEE78AF1EE10FACCBF9FED417A9FED417A38EE678AE8EE077AC3ED017A70
:20C8A000FFF756FE3D4B93ED008A18EE100A10EE106AF3F779FE044630460D46F3F774FE34
:20C8C0001DA3D3E90023F3F711FD02460B4620462946F3F7EBFFF4F7A1F907EE900AF5EE88
:20C8E000C07AF1EE10FA40F2E880B7EE007AF4EEC77AF1EE10FAC0F28481F0EE477A284B87
:20C90000284A1969284C294B82ED007A0329B4EEC89A18BFF0EE678AF1EE10FAD4ED007A58
:20C92000C3ED008A40F3858046E000BFAFF300801B0DE02D90A0E63F2D431CEBE2361A3F0C
:20C9400000260010B8000010FC2A0010282600102C260010302600102426001004260010E9
:20C960000C2B001010260010E400001008260010142B00100C260010CDCC4C3D17B7D1386E
:20C98000E0000010441E0010242B00101C2B00101C260010CDCC4C3E17B7D13938270010C3
:20C9A000CC2000102C2B0010402700103C270010042B001014260010B7EE007AF4EEC77A5F
:20C9C000F1EE10FA0BD517EE900AF3F7EDFD94A3D3E90023F3F78AFCF4F720F9206004B05D
:20C9E000BDEC068BBDE8708FF3F7DEFD904B0022F3F77AFCDFF850A2DFF85092CAED008A74
:20CA0000DDE90023F3F728FE894B0022F3F76EFCF4F704F907EE900AF5EEC07AF1EE10FA56
:20CA2000C9F800004FF0000300F2EE80C9F8003053E6F5EEC07AF1EE10FAD0DD17EE900A17
:20CA4000F3F7B2FD76A3D3E90023F3F74DFCF4F7E5F8206004B0BDEC068BBDE8708F78EED2
:20CA6000477A17EE900AF3F79FFD804618EE100A8946F3F799FD6CA3D3E90023CDE90001F6
:20CA800040464946F3F7E8FDCDE902015046F3F78BFD02460B46DDE90201F3F727FC4246FA
:20CAA0004B46F3F7D9FD02460B46DDE90001F3F71BFCF4F7B3F88346B4E59FED5E7AF0EE8A
:20CAC000477A1CE776EEC76ADFED5B7AA6EEA77AD2E69FED586AF0EE467AADE6574BDFED02
:20CAE000558A0022564CDDE90001C4ED008AF3F7B3FD4F4B0022F3F7F9FBF4F78FF8DFED1F
:20CB00004D7A504B08EE900AF4EEE78AF1EE10FA18607FF62EAEF7EE007AF4EEE78AF1EE8D
:20CB200010FAFFF62AAE22E6DFED428A43490020DDE90023CAED018AF3F78EFD3C4B002289
:20CB4000F3F7D4FBF4F76AF807EE900AF5EEC07AF1EE10FAC9F804004FF000037FF6E1AD30
:20CB6000B7EE007AF4EEC77AF1EE10FAFFF6DBADD5E5DFED308A314900203BE778EEC77A6A
:20CB800017EE900AF3F710FD804618EE900A8946F3F70AFD24A3D3E90023CDE902014046F4
:20CBA0004946CDE90089F3F757FD804650468946F3F7FAFC02460B4640464946F3F796FB35
:20CBC000DDE90023F3F748FD02460B46DDE90201F3F78AFBF4F722F8804638E5F3F7E4FCBA
:20CBE000134B0022F3F780FBA2E7B0EE676A23E6F3F7DAFC0E4B0022F3F776FB02460B4620
:20CC000070E7B0EE677A7AE6B7EE007AF4EEC77AF1EE10FAFFF661AD5BE500BFAFF300808F
:20CC20007B14AE47E17A843F2D431CEBE2360A3F0000F03F0000000017B7D1390000F0BFC4
:20CC40000C2B001010260010042B001014260010B0B5A4B000AF774BD3F8E030754A43F0C7
:20CC60000073C2F8E030734BD3F8E03003F000733B603B68012006F0FDFF07F0DDFF012231
:20CC80000221002007F05EFF6B4B1B681B0903F00F03072B08D1694BD3F80431674A43F0F8
:20CCA0000103C2F8043107E0644BD3F81431634A43F00103C2F8143102F05EF800F01EFEA4
:20CCC00000F0E4FD00F04AFD00F094FD00F0A8F900F066F900F0DAF800F094FA00F0F4FCCB
:20CCE00000F0DEFA00F040FB00F0F2F900F0EEFB00F086FC00F09CFB00F008FDFEF72EFD7F
:20CD00004F480BF0EDFC4F480BF0EAFC00214E480BF0B6FD04214C480BF0B2FD00214B48A4
:20CD20000BF0AEFD042149480BF0AAFD042148480BF0A6FD082146480BF0A2FD00214548A3
:20CD40000BF09EFD042143480BF09AFD002142480BF096FD042140480BF092FD4FF4806068
:20CD600006F088FF3D4B07F174041D460FCD0FC495E8070084E8070007F174030021184647
:20CD80000FF05FF90346364A1360364B07F158041D460FCD0FC495E8070084E8070007F12A
:20CDA0005803002118460FF04CF903462E4A13602E4B07F13C041D460FCD0FC495E80700DA
:20CDC00084E8070007F13C03002118460FF039F90346274A1360274B07F120041D460FCDFF
:20CDE0000FC495E8070084E8070007F12003002118460FF026F903461F4A13601F4B3C1DC9
:20CE00001D460FCD0FC495E8070084E807003B1D002118460FF015F90346194A1360194BA2
:20CE200000221A60184B01221A600FF003F900BFFDE700BF0044025800ED00E000640258D0
:20CE400074090010580A0010F00A00100C0A001028090010A40A0010C00900100CE31108C3
:20CE6000EC0D001028E31108F00D001044E31108F40D001060E31108F80D00107CE311083E
:20CE8000FC0D0010B4000010040E001080B58AB000AF07F11C0300221A605A609A603B468D
:20CEA00000221A605A609A60DA601A615A619A61374B384A1A60364B4FF4E0125A60344B4A
:20CEC00000229A60324B0122DA60314B04221A612F4B00221A752E4B01225A752C4B02220E
:20CEE0009A612B4B00221A77294B00225A62284B00229A62264B0322DA62254B00221A634A
:20CF0000234B00225A63224B002283F83820204802F0E8F90346002B01D001F08FF8002347
:20CF2000FB6107F11C031946194803F077FC0346002B01D001F082F8174B3B6006237B60A7
:20CF40000423BB6040F2FF73FB6004233B6100237B6100237B763B4619460D4802F080FE15
:20CF60000346002B01D001F069F80C4B3B600C237B603B461946064802F072FE0346002B1A
:20CF800001D001F05BF800BF2837BD4680BD00BFF8060010002002400004002A0008302E5B
:20CFA00080B500AF1B4B1C4A1A601A4B1B4A5A60184B00229A60174B0122DA60154B002203
:20CFC0001A61144B00225A61124B00229A61114B0022DA610F4B00221A620E4806F076FEAF
:20CFE0000346002B01D001F029F80021094807F011FD0346002B01D001F020F800210548A7
:20D0000007F053FD0346002B01D001F017F800BF80BD00BFD4070010005C0040B17570307C
:20D0200080B500AF284B294A1A60274B4FF480025A60254B4FF400329A60234B1F22DA60F3
:20D04000214B00221A61204B4FF080725A611E4B4FF000529A611C4B4FF04052DA611A4BA3
:20D0600000221A62184B00225A62174B00229A62154B0022DA62144B4FF080425A63124B19
:20D0800000229A63104B0022DA630F4B00221A640D4B00225A640C4B00229A640A4B802217
:20D0A000DA64094B00221A65074B00225A65064B00229A6504480AF025FD0346002B01D0EB
:20D0C00000F0BCFF00BF80BD28080010003C004080B596B000AF07F14C0300221A605A6026
:20D0E0009A6007F1300300221A605A609A60DA601A615A619A613B1D2C220021184610F02B
:20D1000013FD3E4B3E4A1A603C4B63225A603B4B00229A60394B6322DA60384B00221A61A9
:20D12000364B00225A61354B00229A6133480BF04FFB0346002B01D000F080FF0023FB64FE
:20D1400000233B6500237B6507F14C0319462B480CF01EFC0346002B01D000F06FFF6023B4
:20D160003B6300237B630023BB630023FB6300233B6400237B640023BB6407F130030422F7
:20D1800019461E480BF092FD0346002B01D000F055FF07F130030822194618480BF086FD25
:20D1A0000346002B01D000F049FF00237B600023BB600023FB6000233B6100237B614FF437
:20D1C0000053BB610023FB6100233B624FF000737B620023BB620023FB623B1D194607484C
:20D1E0000CF064FC0346002B01D000F027FF034801F078FA00BF5837BD4680BD28090010FB
:20D200000000014080B588B000AF07F1100300221A605A609A60DA603B1D00221A605A606E
:20D220009A601E4B4FF080421A601C4BEF225A601A4B00229A60194B40F2E732DA60174B12
:20D2400000221A61154B00229A6114480BF0F1F90346002B01D000F0F1FE4FF480533B619D
:20D2600007F1100319460D480BF034FE0346002B01D000F0E3FE00237B600023FB603B1DD8
:20D28000194606480CF084FB0346002B01D000F0D5FE00BF2037BD4680BD00BF74090010BC
:20D2A00080B58AB000AF07F11C0300221A605A609A603B4600221A605A609A60DA601A6163
:20D2C0005A619A61264B274A1A60254B63225A60234B00229A60224B6322DA60204B00224A
:20D2E0001A611F4B00229A611D480BF071FA0346002B01D000F0A2FE0023FB6100237B620D
:20D3000007F11C03194616480CF042FB0346002B01D000F093FE60233B6000237B600023FB
:20D32000BB6000233B613B46002219460C480BF0BDFC0346002B01D000F080FE3B460422AF
:20D34000194607480BF0B2FC0346002B01D000F075FE034801F0C6F900BF2837BD4680BD75
:20D36000C00900100004004080B58AB000AF07F11C0300221A605A609A603B4600221A60EE
:20D380005A609A60DA601A615A619A61264B274A1A60254B63225A60234B00229A60224B6C
:20D3A0006322DA60204B00221A611F4B00229A611D480BF00DFA0346002B01D000F03EFE47
:20D3C0000023FB6100237B6207F11C03194616480CF0DEFA0346002B01D000F02FFE602341
:20D3E0003B6000237B600023BB6000233B613B46002219460C480BF059FC0346002B01D0AC
:20D4000000F01CFE3B460422194607480BF04EFC0346002B01D000F011FE034801F062F98D
:20D4200000BF2837BD4680BD0C0A00100008004080B588B000AF07F1100300221A605A60A3
:20D440009A60DA603B1D00221A605A609A601D4B1D4A1A601B4B63225A601A4B00229A6081
:20D46000184B6322DA60174B00221A61154B00229A6114480BF0DDF80346002B01D000F0AD
:20D48000DDFD4FF480533B6107F1100319460D480BF020FD0346002B01D000F0CFFD002305
:20D4A0007B600023FB603B1D194606480CF070FA0346002B01D000F0C1FD00BF2037BD469C
:20D4C00080BD00BF580A0010000C004080B596B000AF07F14C0300221A605A609A6007F1D9
:20D4E000300300221A605A609A60DA601A615A619A613B1D2C220021184610F015FB3E4B80
:20D500003E4A1A603C4B63225A603B4B00229A60394B6322DA60384B00221A61364B00229B
:20D520005A61354B00229A6133480BF051F90346002B01D000F082FD0023FB6400233B65DA
:20D5400000237B6507F14C0319462B480CF020FA0346002B01D000F071FD60233B630023B2
:20D560007B630023BB630023FB6300233B6400237B640023BB6407F13003002219461E48F3
:20D580000BF094FB0346002B01D000F057FD07F130030422194618480BF088FB0346002B76
:20D5A00001D000F04BFD00237B600023BB600023FB6000233B6100237B614FF40053BB6138
:20D5C0000023FB6100233B624FF000737B620023BB620023FB623B1D194607480CF066FA5B
:20D5E0000346002B01D000F029FD034801F07AF800BF5837BD4680BDA40A00100004014091
:20D6000080B58AB000AF07F11C0300221A605A609A603B4600221A605A609A60DA601A61FF
:20D620005A619A61264B274A1A60254B63225A60234B00229A60224B6322DA60204B0022E6
:20D640001A611F4B00229A611D480BF0C1F80346002B01D000F0F2FC0023FB6100237B620D
:20D6600007F11C03194616480CF092F90346002B01D000F0E3FC60233B6000237B600023FC
:20D68000BB6000233B613B46002219460C480BF00DFB0346002B01D000F0D0FC3B460422AF
:20D6A000194607480BF002FB0346002B01D000F0C5FC034801F016F800BF2837BD4680BD26
:20D6C000F00A00100018004080B500AF0D4B0E4A1A600C4B77225A600A4B00229A60094B6B
:20D6E0000A22DA60074B00221A61064B00229A6104480AF09EFF0346002B01D000F09EFCB5
:20D7000000BF80BD3C0B0010001C004080B500AF104B114A1A600F4B40F2CF725A600D4B67
:20D7200000229A600B4B40F6C312DA60094B00221A61084B00225A61064B00229A61054856
:20D740000AF077FF0346002B01D000F077FC00BF80BD00BF880B00100044014080B500AFEA
:20D76000224B234A1A60214B47F612225A601F4B00229A601D4B0022DA601C4B00221A6170
:20D780001A4B0C225A61194B00229A61174B0022DA61164B00221A62144B00225A62134B61
:20D7A00000229A6211480CF01DFA0346002B01D000F044FC00210D480EF048FB0346002B3F
:20D7C00001D000F03BFC002108480EF07DFB0346002B01D000F032FC04480EF0FEFA03467C
:20D7E000002B01D000F02AFC00BF80BDD40B0010004C004080B500AF224B234A1A60214BFC
:20D800004FF4E1325A601F4B00229A601D4B0022DA601C4B00221A611A4B0C225A61194BF8
:20D8200000229A61174B0022DA61164B00221A62144B00225A62134B00229A6211480CF0FF
:20D84000D1F90346002B01D000F0F8FB00210D480EF0FCFA0346002B01D000F0EFFB00212C
:20D8600008480EF031FB0346002B01D000F0E6FB04480EF0B2FA0346002B01D000F0DEFB14
:20D8800000BF80BD680C00100044004080B582B000AF194BD3F8D830174A43F00103C2F8E5
:20D8A000D830154BD3F8D83003F001037B607B68002205210B2003F04BF90B2003F062F955
:20D8C000002205210E2003F043F90E2003F05AF9002205210F2003F03BF90F2003F052F924
:20D8E00000220521102003F033F9102003F04AF900BF0837BD4680BD0044025880B58EB0DC
:20D9000000AF07F1240300221A605A609A60DA601A61AF4BD3F8E030AD4A43F01003C2F868
:20D92000E030AB4BD3F8E03003F010033B623B6AA74BD3F8E030A64A43F00403C2F8E030FD
:20D94000A34BD3F8E03003F00403FB61FB69A04BD3F8E0309E4A43F02003C2F8E0309C4B8F
:20D96000D3F8E03003F02003BB61BB69984BD3F8E030974A43F08003C2F8E030944BD3F8AD
:20D98000E03003F080037B617B69914BD3F8E0308F4A43F00103C2F8E0308D4BD3F8E030FD
:20D9A00003F001033B613B69894BD3F8E030884A43F00203C2F8E030854BD3F8E03003F00F
:20D9C0000203FB60FB68824BD3F8E030804A43F00803C2F8E0307E4BD3F8E03003F0080368
:20D9E000BB60BB687A4BD3F8E030794A43F04003C2F8E030764BD3F8E03003F040037B6099
:20DA00007B6800220821734806F0ECF800224FF44051714806F0E6F8002201216F4806F0CF
:20DA2000E1F8002240216E4806F0DCF800223C216C4806F0D7F800224FF4F8416A4806F0CC
:20DA4000D1F800224FF47071684806F0CBF808237B620123BB620023FB6200233B6307F1CC
:20DA6000240319465B4805F0F5FE4FF440537B620123BB620023FB6200233B6307F1240341
:20DA80001946554805F0E6FE4FF400737B620023BB620123FB6207F124031946544805F04E
:20DAA000D9FE01237B620123BB620023FB6200233B6307F124031946484805F0CBFE3023ED
:20DAC0007B620023BB620123FB6207F124031946434805F0BFFE40237B620123BB62002349
:20DAE000FB6200233B6307F1240319463C4805F0B1FE10237B620023BB620023FB6207F19A
:20DB000024031946344805F0A5FE4FF450537B620023BB620123FB6207F1240319463348EE
:20DB200005F098FEC0237B620023BB620123FB6207F1240319462C4805F08CFE4FF4A06322
:20DB40007B620023BB620123FB6207F124031946214805F07FFE3C237B620123BB6200232E
:20DB6000FB6200233B6307F1240319461D4805F071FE4FF4F8437B620123BB620023FB6224
:20DB800000233B6307F124031946174805F062FE4FF470737B620123BB620023FB620023AB
:20DBA0003B6307F124031946104805F053FE10237B620023BB620123FB6207F1240319465C
:20DBC000054805F047FE00BF3837BD4680BD00BF004402580010025800080258001C0258B1
:20DBE00000000258000C025800180258000402580014025880B500AF02480AF071FD00BFD2
:20DC000080BD00BF3C0B001080B400AF034B1B681846BD465DF8047B704700BF000E001034
:20DC200080B584B000AF7860F5F7F2FEFBF718F94F4B1B78002B0BD04D4B00221A704D4B06
:20DC400093F870311A460221FE20F3F757FA85E0494B1B78002B0BD0474B00221A70454B5C
:20DC600093F81B311A460321FE20F3F747FA75E0424B1B78002B0BD0404B00221A703D4BC6
:20DC800093F871311A460421FE20F3F737FA65E03B4B1B78002B0DD0394B00221A70354B83
:20DCA00093F86F31013BDBB21A460521FE20F3F725FA53E0334B1B78002B0BD0314B0022DB
:20DCC0001A702C4B93F872311A460621FE20F3F715FA43E02C4B1B78002B31D02A4B002287
:20DCE0001A700623FB6023E00023BB601AE02149FA6813465B0013445B00BA6813440633F7
:20DD00009B000B445B689910FA6813465B0013445B001A46BB681344C9B21C4AD154BB68E2
:20DD20000133BB60BB68052BE1DDFB680133FB60FB68082BD8DD1549FC20F3F7BFF90DE03D
:20DD4000134B1B78002B09D0114B00221A70114B1B781A460721FE20F3F7D0F9F3F718FA82
:20DD6000F3F736FFF3F790FB01200EF0B6F95BE7112800105C240010122800101328001091
:20DD8000142800101628001015280010D0270010172800103327001080B586B000AF7861E9
:20DDA0003B464FF0FF32022118460EF0EBF9FEF7E9F8FEF76BFA4FF4806005F05BFFFEF778
:20DDC0000BFC024B00221A7000BFE9E7001F001080B584B000AF78600523FB6042F210705E
:20DDE0000EF07BF9FAE700BF80B586B000AF786007F10C030122032118460EF0C3F9FB6856
:20DE0000082B02D1FDF74AFE27E01A4B93F84030002B05D0FDF7D2FE174B00221A601CE09B
:20DE2000164B93F80F31002B0ED0134B1B680133114A1360104B1B68092B0EDDFEF73AF8A6
:20DE40000D4B00221A6008E00D4B1B78002B04D0FEF782F80A4B00221A70084B93F80F316E
:20DE600083F00103DBB2002BC2D0034B00221A60BEE700BF88200010C81E00105C24001055
:20DE8000C41E001080B58EB000AF7860FF237B6300233B63F823FB734FF000037B6200230A
:20DEA000FB62414B1B681A4607F11003042118460EF068F900F0D2FF38623A6AFB6AD31A58
:20DEC000FB613B6AFB627B69082B18D1374BD3ED007AB0EE670AF3F79BF80346344A136062
:20DEE000344B93F87331002B09D0FB69092B06D907F10F01012301222F480BF0C3FEF6F78A
:20DF0000AFFB2E4B1B78002B40D0FF237B630023BB620FE0294ABB6A134402331B78002BFF
:20DF200005D0BB6AC3F113037B63BB6A3B63BB6A0133BB62BB6A052BECDD7B6B7F2B03DD78
:20DF40001E4B00221A7021E01D4B93F8403083F00103DBB2002B19D0184A3B6B134402339C
:20DF600000221A70164B012283F838207B6BCC33134A1360114A3B6B023352F823305B00BB
:20DF80000F4A53600E4B012283F840200D4B1B78002B03D0044B0A221A6082E7024B4FF04B
:20DFA000FF321A607DE700BFCC030010B41E0010080000105C240010D40B0010D425001032
:20DFC000882000104429001080B582B000AF78607B681B68B3F1804F07D1124B01221A6073
:20DFE000114B1B680133104A13607B681B680F4A934201D1FEF788FA7B681B680C4A9342D3
:20E0000001D100F017FF7B681B680A4A934204D1094B1B680133084A136000BF0837BD46F3
:20E0200080BD00BF7C290010080E0010000C004000100040001C0040000E001080B400AF10
:20E0400072B600BF00BFFDE780B582B000AF104BD3F8F4300E4A43F00203C2F8F4300C4B11
:20E06000D3F8F43003F002037B607B6800220F216FF0010002F06CFD002205217E2002F016
:20E0800067FD7E2002F07EFD00BF0837BD4680BD0044025880B5BCB000AF786007F1DC0336
:20E0A00000221A605A609A60DA601A6107F11003C822002118460FF037FD7B681B68404AC4
:20E0C000934278D14FF400224FF00003C7E904234FF40033C7F8B83007F11003184606F028
:20E0E000D3FF0346002B01D0FFF7A8FF354BD3F8D830344A43F02003C2F8D830314BD3F83C
:20E10000D83003F02003FB60FB682E4BD3F8E0302C4A43F00403C2F8E0302A4BD3F8E03005
:20E1200003F00403BB60BB680323C7F8DC300323C7F8E0300023C7F8E43007F1DC03194695
:20E14000214805F087FB214B214A1A601F4B09225A601E4B00229A601C4B0022DA601B4B91
:20E160004FF480621A61194B4FF400625A61174B4FF400529A61154B4FF48072DA61134B1B
:20E1800000221A62114B00225A62104802F01CFD0346002B01D0FFF751FF7B680B4ADA6443
:20E1A0000A4A7B68936300220521122002F0D0FC122002F0E7FC00BFF037BD4680BD00BF0E
:20E1C0000020024000440258000802585C0700105800024080B5BEB000AF786007F1E403C7
:20E1E00000221A605A609A60DA601A6107F11803C822002118460FF097FC7B681B68394A23
:20E2000093426BD14FF008024FF00003C7E906230023C7F8A03007F11803184606F034FF3D
:20E220000346002B01D0FFF709FF2F4BD3F8E0302D4A43F00403C2F8E0302B4BD3F8E0307A
:20E2400003F004037B617B69274BD3F8E030264A43F00103C2F8E030234BD3F8E03003F00A
:20E2600001033B613B694FF40073C7F8E4301223C7F8E8300023C7F8EC300023C7F8F030C5
:20E280000423C7F8F43007F1E4031946174805F0E1FA4FF48073C7F8E4301223C7F8E830F2
:20E2A0000023C7F8EC300023C7F8F0300423C7F8F43007F1E40319460D4805F0CBFA0A4BB2
:20E2C000D3F8E830084A43F40003C2F8E830064BD3F8E83003F40003FB60FB6800BFF83723
:20E2E000BD4680BD005C004000440258000802580000025880B5BEB000AF786007F1E403DF
:20E3000000221A605A609A60DA601A6107F11803C822002118460FF007FC7B681B68664A64
:20E32000934240F0C5804FF480524FF00003C7E906230023FB6707F11803184606F0A4FED5
:20E340000346002B01D0FFF779FE5C4BD3F8E8305A4A43F40043C2F8E830584BD3F8E8300B
:20E3600003F400437B617B69544BD3F8E030534A43F00103C2F8E030504BD3F8E03003F022
:20E3800001033B613B694D4BD3F8E0304B4A43F00803C2F8E030494BD3F8E03003F00803BC
:20E3A000FB60FB68454BD3F8E030444A43F00203C2F8E030414BD3F8E03003F00203BB602A
:20E3C000BB684FF40043C7F8E4300223C7F8E8300023C7F8EC300023C7F8F0300623C7F8DD
:20E3E000F43007F1E4031946354805F033FA4023C7F8E4300223C7F8E8300023C7F8EC30EC
:20E400000023C7F8F0300523C7F8F43007F1E40319462C4805F01EFA0823C7F8E43002230D
:20E42000C7F8E8300023C7F8EC300023C7F8F0300623C7F8F43007F1E4031946224805F05C
:20E4400009FA224B224A1A60204B3E225A601F4B40229A601D4B0022DA601C4B4FF48062CB
:20E460001A611A4B4FF480525A61184B4FF480429A61164B0022DA61144B00221A62134B70
:20E4800000225A62114802F09FFB0346002B01D0FFF7D4FD7B680D4A9A670C4A7B68936343
:20E4A00000220521332002F053FB332002F06AFB00BFF837BD4680BD003C0040004402588F
:20E4C00000000258000C025800040258B00800108800024080B588B000AF78607B681B6832
:20E4E000384A93420FD1384BD3F8F030364A43F00103C2F8F030344BD3F8F03003F0010385
:20E50000FB61FB695AE07B681B68304A93420FD12D4BD3F8E8302C4A43F00203C2F8E83091
:20E52000294BD3F8E83003F00203BB61BB6945E07B681B68264A93420FD1234BD3F8E8304B
:20E54000214A43F00403C2F8E8301F4BD3F8E83003F004037B617B6930E07B681B681D4A60
:20E56000934217D1184BD3F8F030174A43F00203C2F8F030144BD3F8F03003F002033B613F
:20E580003B69002205212C2002F0E2FA2C2002F0F9FA13E07B681B680F4A93420ED10A4B89
:20E5A000D3F8E830084A43F04003C2F8E830064BD3F8E83003F04003FB60FB6800BF2037A0
:20E5C000BD4680BD00000140004402580004004000080040000401400018004080B586B088
:20E5E00000AF78607B681B68B3F1804F17D1394BD3F8E830374A43F00103C2F8E830354B62
:20E60000D3F8E83003F001037B617B69002205211C2002F09DFA1C2002F0B4FA55E07B685F
:20E620001B682D4A934217D12A4BD3F8E830294A43F00803C2F8E830264BD3F8E83003F001
:20E6400008033B613B6900220521322002F080FA322002F097FA38E07B681B681F4A9342D8
:20E6600017D11C4BD3F8E8301A4A43F08003C2F8E830184BD3F8E83003F08003FB60FB6802
:20E68000002205212C2002F063FA2C2002F07AFA1BE07B681B68124A934216D10D4BD3F849
:20E6A000F0300C4A43F40033C2F8F030094BD3F8F03003F40033BB60BB680022052175201C
:20E6C00002F046FA752002F05DFA00BF1837BD4680BD00BF00440258000C0040001C0040D7
:20E6E0000044014080B58CB000AF786007F11C0300221A605A609A60DA601A617B681B681B
:20E700005E4A934220D15E4BD3F8E0305C4A43F00103C2F8E0305A4BD3F8E03003F00103E9
:20E72000BB61BB694FF4C063FB6102233B6200237B620023BB620123FB6207F11C031946DE
:20E74000504805F087F894E07B681B684E4A93421FD14B4BD3F8E030494A43F00203C2F880
:20E76000E030474BD3F8E03003F002037B617B693023FB6102233B6200237B620023BB62B3
:20E780000223FB6207F11C031946404805F062F86FE07B681B683E4A934220D1384BD3F859
:20E7A000E030374A43F00803C2F8E030344BD3F8E03003F008033B613B694FF44053FB61F6
:20E7C00002233B6200237B620023BB620223FB6207F11C0319462F4805F03CF849E07B6893
:20E7E0001B682D4A93421FD1254BD3F8E030244A43F00403C2F8E030214BD3F8E03003F063
:20E800000403FB60FB68C023FB6102233B6200237B620023BB620323FB6207F11C031946F9
:20E820001E4805F017F824E07B681B681C4A93421FD1134BD3F8E030114A43F00203C2F853
:20E84000E0300F4BD3F8E03003F00203BB60BB684FF44043FB6102233B6200237B62002336
:20E86000BB620223FB6207F11C031946074804F0F1FF00BF3037BD4680BD00BF00000140EA
:20E880000044025800000258000400400004025800080040000C0258000401400008025889
:20E8A0000018004080B5BEB000AF786007F1E40300221A605A609A60DA601A6107F11803DF
:20E8C000C822002118460FF02FF97B681B68834A93427DD14FF002024FF00003C7E90623F4
:20E8E0000023C7F8943007F11803184606F0CCFB0346002B01D0FFF7A1FB794BD3F8E830C6
:20E90000774A43F40023C2F8E830754BD3F8E83003F400237B617B69714BD3F8E030704A3C
:20E9200043F00103C2F8E0306D4BD3F8E03003F001033B613B690323C7F8E4300223C7F82F
:20E94000E8300023C7F8EC300023C7F8F0300823C7F8F43007F1E4031946624804F07AFF3C
:20E96000614B624A1A60604B3F225A605E4B00229A605D4B0022DA605B4B4FF480621A61F0
:20E98000594B00225A61584B00229A61564B4FF48072DA61544B00221A62534B00225A626C
:20E9A000514802F011F90346002B01D0FFF746FB7B684D4AC3F880204B4A7B6893630022E1
:20E9C0000521342002F0C4F8342002F0DBF881E07B681B68464A93427CD14FF002024FF0FB
:20E9E0000003C7E906230023C7F8943007F11803184606F049FB0346002B01D0FFF71EFB96
:20EA0000374BD3F8E830364A43F40033C2F8E830334BD3F8E83003F40033FB60FB68304B11
:20EA2000D3F8E0302E4A43F00103C2F8E0302C4BD3F8E03003F00103BB60BB680C23C7F80D
:20EA4000E4300223C7F8E8300023C7F8EC300023C7F8F0300723C7F8F43007F1E40319465B
:20EA6000204804F0F7FE234B234A1A60214B2B225A60204B00229A601E4B0022DA601D4BC9
:20EA80004FF480621A611B4B00225A61194B00229A61184B4FF48072DA61164B00221A6240
:20EAA000144B00225A62134802F08EF80346002B01D0FFF7C3FA7B680E4AC3F880200D4A61
:20EAC0007B68936300220521262002F041F8262002F058F800BFF837BD4680BD004C004062
:20EAE0000044025800000258FC0C00101000024000440040740D00107000024080B590B078
:20EB000000AF78607B680F2B27D800227968362002F01EF8362002F035F8294A7B681360B3
:20EB2000284BD3F8E830274A43F01003C2F8E830244BD3F8E83003F01003FB60FB6807F1E8
:20EB4000100207F114031146184606F05BFABB6ABB63BB6B002B06D101E001232BE006F023
:20EB600025FAF86304E006F021FA03465B00FB63FB6B154AA2FB03239B0C013B7B63134B7D
:20EB8000134A1A60114B40F2E732DA600F4A7B6B53600E4B00221A610C4B00229A600B480F
:20EBA00009F047FD0346002B04D1084809F098FD034600E0012318464037BD4680BD00BFD0
:20EBC000D40300100044025883DE1B433C2B00100010004080B400AF00BFFDE780B400AFC1
:20EBE00000BFFDE780B400AF00BFFDE780B400AF00BFFDE780B400AF00BFFDE780B400AFFD
:20EC000000BFBD465DF8047B7047000080B500AF024803F001FB00BF80BD00BFFC0C0010B7
:20EC200080B500AF024803F0F7FA00BF80BD00BF5C07001080B500AF024803F0EDFA00BFCD
:20EC400080BD00BF740D001080B500AF024803F0E3FA00BF80BD00BFB008001080B500AFC2
:20EC6000024800F0A5FD00BF80BD00BFF806001080B500AF024809F011FF00BF80BD00BFFD
:20EC80007409001080B500AF02480BF069F900BF80BD00BF680C001080B500AF034809F0F5
:20ECA000FDFE034809F0FAFE00BF80BDA40A00103C0B001080B500AF024809F0EFFE00BF39
:20ECC00080BD00BF580A001080B500AF024809F07DF900BF80BD00BF2808001080B500AF4A
:20ECE00002480BF03DF900BF80BD00BFD40B001080B500AF024809F0D1FE00BF80BD00BF3E
:20ED00003C2B001080B500AF024809F0C7FE00BF80BD00BF880B001080B500AF04F0BCFF9F
:20ED200000BF80BDDFF834D0F2F740F90C480D490D4A002302E0D458C4500433C4188C42B3
:20ED4000F9D30A4A0A4C002301E013600432A242FBD30EF04DFFFDF77BFF704700800410DB
:20ED6000000000103004001088EE110830040010286A0010FEE7000080B582B000AF284B5C
:20ED8000D3F8D830264A43F48043C2F8D830244BD3F8D83003F480433B603B68214B1B684B
:20EDA00023F47F2323F470631E4A43F4014313601C4B1B681B4A43F001031360032001F04D
:20EDC000BCFE05F047FF0246154B9B691B0A03F00F031549CB5C03F01F0322FA03F37B60E1
:20EDE0000F4B9B6903F00F030F4AD35C03F01F037A6822FA03F30D4A13600C4B1B680C4A25
:20EE000013600F20FFF77AFE0346002B01D0012302E0FFF719F9002318460837BD4680BD8F
:20EE20000044025800440240C8E31108040000100000001080B400AF064B1B781A46064B4E
:20EE40001B681344044A136000BFBD465DF8047B704700BFD8030010882B001080B400AF7A
:20EE6000034B1B681846BD465DF8047B704700BF882B001080B584B000AF7860FFF7EEFF80
:20EE8000B8607B68FB60FB68B3F1FF3F05D00A4B1B781A46FB681344FB6000BFFFF7DEFF13
:20EEA0000246BB68D31AFA689A42F7D800BF00BF1037BD4680BD00BFD803001080B400AF5B
:20EEC000034B1B681B0C1846BD465DF8047B70470010005C80B483B000AF786039607B6878
:20EEE0009B6823F47C123B681A437B689A6000BF0C37BD465DF8047B704780B483B000AFE7
:20EF0000786039607B689B6823F0E0723B681A437B689A6000BF0C37BD465DF8047B7047C8
:20EF200080B483B000AF78607B689B6803F0E07318460C37BD465DF8047B704780B487B01D
:20EF400000AFF860B9607A603B60FB6860331A46BB689B0013447B617B691B6803F0004239
:20EF60007B6803F0F8413B680B431A437B691A6000BF1C37BD465DF8047B704780B485B0CD
:20EF800000AFF860B9607A60FB681B6923F4F042BB6803F01F03796801FA03F31A43FB687D
:20EFA0001A6100BF1437BD465DF8047B704780B487B000AFF860B9607A60FB6860331A4683
:20EFC000BB689B0013447B617B691B6823F000427B681A437B691A6000BF1C37BD465DF87C
:20EFE000047B704780B483B000AF78607B68DB6803F44063002B01D1012300E000231846AB
:20F000000C37BD465DF8047B704780B487B000AFF860B9607A60FB6830331A46BB681B0A4C
:20F020009B0003F00C0313447B617B691A68BB6803F01F031F2101FA03F3DB431A407B68D6
:20F040009B0E03F01F01BB6803F01F0301FA03F31A437B691A6000BF1C37BD465DF8047B27
:20F06000704780B483B000AF786039607B68DB6823F003023B681A437B68DA6000BF0C37F5
:20F08000BD465DF8047B704780B483B000AF78607B68DB6C03F4C073002B01D1012300E09F
:20F0A000002318460C37BD465DF8047B704780B487B000AFF860B9607A60FB6814331A468F
:20F0C000BB685B0E9B0003F0040313447B617B691A68BB681B0D03F01F03072101FA03F3FD
:20F0E000DB431A40BB681B0D03F01F03796801FA03F31A437B691A6000BF1C37BD465DF841
:20F10000047B704780B485B000AFF860B9607A60FB68D3F8C020BB68C3F31303DB431A40E1
:20F120007B6803F018030849D940BB680B40C3F313031A43FB68C3F8C02000BF1437BD46D2
:20F140005DF8047B704700BFFFFF0F0080B483B000AF78607B689B6803F01F0318460C37CE
:20F16000BD465DF8047B704780B483B000AF78607B689B6803F4404318460C37BD465DF8BA
:20F18000047B704780B483B000AF78607B689B6823F0204323F03F037A68936000BF0C37C3
:20F1A000BD465DF8047B704780B483B000AF78607B689B6803F00053B3F1005F01D10123AE
:20F1C00000E0002318460C37BD465DF8047B704780B483B000AF78607B689B6823F01043C3
:20F1E00023F03F0343F080527B689A6000BF0C37BD465DF8047B704780B483B000AF78605A
:20F200007B689B6803F08053B3F1805F01D1012300E0002318460C37BD465DF8047B704797
:20F2200080B483B000AF78607B689B6823F0004323F03F0343F001027B689A6000BF0C373A
:20F24000BD465DF8047B704780B483B000AF78607B689B6803F00103012B01D1012300E053
:20F26000002318460C37BD465DF8047B704780B483B000AF78607B689B6823F0004323F0FF
:20F280003F0343F004027B689A6000BF0C37BD465DF8047B704780B483B000AF78607B68B5
:20F2A0009B6803F00403042B01D1012300E0002318460C37BD465DF8047B704780B483B093
:20F2C00000AF78607B689B6803F00803082B01D1012300E0002318460C37BD465DF8047B1F
:20F2E0007047000090B589B000AF78600023FB770023BB607B68002B01D101238FE17B6828
:20F30000DB68002B7B685B6D002B09D17868FEF7C1FE7B6800229A657B68002283F8502047
:20F320007B681B681846FFF73FFF0346002B04D07B681B681846FFF725FF7B681B681846EB
:20F34000FFF75AFF0346002B14D17B681B681846FFF73EFF884B1B689B09884AA2FB03237F
:20F360009B090133BB6002E0BB68013BBB60BB68002BF9D17B681B681846FFF73DFF0346E7
:20F38000002B0DD17B685B6D43F010027B685A657B689B6D43F001027B689A650123FB7739
:20F3A0007B681B681846FFF776FF78617B685B6D03F01003002B40F029817B69002B40F050
:20F3C00025817B685B6D23F4817343F002027B685A657B681B681846FFF736FF0346002B95
:20F3E00036D17B681B68664A934204D07B681B68644A93420ED16248FFF726FF04466148C7
:20F40000FFF722FF03462343002B0CBF01230023DBB208E05C48FFF717FF0346002B0CBF85
:20F4200001230023DBB2002B12D07B681B68544A934204D07B681B68524A934201D1534AF8
:20F4400000E0534A7B685B6819461046FFF742FDFFF734FD034641F20302934214D97B6852
:20F460009B68102B10D17B685B7D5A037B681B6B1A437B689B681A437B681B7F1B0413435A
:20F4800043F00C03BB610DE07B685B7D5A037B681B6B1A437B689B681A437B681B7F1B0464
:20F4A0001343BB617B681B7F012B06D17B681B6A013B5B04BA691343BB617B685B6A002BEF
:20F4C00009D07B685B6A03F478727B689B6A1343BA691343BB617B681B68DA682D4B134084
:20F4E0007A681268B9690B43D3607B681B681846FFF7D1FE38617B681B681846FFF7DEFE55
:20F50000F8603B69002B5FD1FB68002B5CD17B681B7D9A037B68DB6A1343BB617B681B68C1
:20F52000DB6823F4804323F003037A681268B9690B43D3607B6893F83830012B2ED17B68B2
:20F540005B6A002B7B681B681A69134B13407A68D26B013A11047A68126C11437A68526C5E
:20F5600011437A68926C0A431A437B681B6842F001021A611AE000BF00000010632D3E05FB
:20F58000002002400021024000600258002302400063025803C0F0FF1EF800FC7B681B68A0
:20F5A0001A697B681B6822F001021A617B681B681B6923F070417B685A6B7B681B680A43C9
:20F5C0001A61786800F0C6FF7B68DB68012B0CD17B681B681B6B23F00F017B689B695A1E7E
:20F5E0007B681B680A431A6307E07B681B681A6B7B681B6822F00F021A637B685B6D23F045
:20F60000030343F001027B685A6507E07B685B6D43F010027B685A650123FB77FB7F184625
:20F620002437BD4690BD00BF80B586B000AFF860B9607A60FB681B68564A934204D0FB6869
:20F640001B68554A934201D1544B00E0544B1846FFF77CFD3861FB681B681846FFF71BFE0A
:20F660000346002B40F08E80FB6893F85030012B01D1022389E0FB68012283F850203B69C9
:20F68000002B05D03B69052B02D03B69092B72D1F86800F041FE0346FB75FB7D002B65D188
:20F6A000FB685B6D23F4706323F0010343F48072FB685A65FB681B68374A934202D0FB6862
:20F6C0001B6800E0334BFA681268934202D03B69002B05D1FB685B6D23F48012FB685A652B
:20F6E000FB685B6D03F48053002B06D0FB689B6D23F00602FB689A6502E0FB6800229A65C6
:20F70000FB68DB6C274ADA63FB68DB6C264A1A64FB68DB6C254ADA64FB681B681C221A6004
:20F72000FB68002283F85020FB681B685A68FB681B6842F010025A60FB681A68FB68DB6A40
:20F7400019461046FFF78DFCFB68D86CFB681B6840331946BA687B6801F090FD0346FB75DA
:20F76000FB681B681846FFF782FD0DE0FB68002283F8502008E00123FB75FB68002283F8F7
:20F78000502001E00223FB75FB7D18461837BD4680BD00BF00200240002102400023024035
:20F7A000006302582D041108050511082105110880B58AB000AF786000237B627B681B6884
:20F7C0001B68FB617B681B685B68BB617B681B68874A934204D07B681B68864A934201D148
:20F7E000854B00E0854B1846FFF7B0FC7861FB6903F00203002B17D0BB6903F00203002BFB
:20F8000012D07B685B6D03F01003002B05D17B685B6D43F400627B685A65786800F0F4FFAB
:20F820007B681B6802221A60FB6903F00403002B04D0BB6903F00403002B0AD1FB6903F0EC
:20F840000803002B00F08380BB6903F00803002B7DD07B685B6D03F01003002B05D17B6850
:20F860005B6D43F400727B685A657B681B681846FFF7B8FB0346002B62D07B681B685D4A55
:20F88000934202D07B681B6800E0594B7A681268934208D07B69002B05D07B69052B02D004
:20F8A0007B69092B04D17B681B68DB683B620CE07B681B684F4A934202D07B681B6800E03D
:20F8C0004B4B3B613B69DB683B623B6A03F40053002B35D17B681B681B6803F00803082B38
:20F8E0002ED17B681B681846FFF7D5FC0346002B1AD17B681B685A687B681B6822F00C0271
:20F900005A607B685B6D23F480727B685A657B685B6D03F48053002B12D17B685B6D43F076
:20F9200001027B685A650BE07B685B6D43F010027B685A657B689B6D43F001027B689A65A2
:20F940007868FCF775F87B681B680C221A60FB6903F02003002B04D0BB6903F02003002B7B
:20F960000BD1FB6903F04003002B00F0A080BB6903F04003002B00F09A807B685B6D03F0A9
:20F980001003002B05D17B685B6D43F400527B685A657B681B681846FFF776FBF8607B6817
:20F9A0001B681846FFF71EFBB8607B681B68114A934202D07B681B6800E00D4B7A681268DD
:20F9C000934208D07B69002B05D07B69062B02D07B69072B04D17B681B68DB683B6214E08A
:20F9E0007B681B68034A93420AD07B681B6808E00020024000210240002302400063025870
:20FA0000844B3B613B69DB683B62FB68002B47D03B6A03F00073002B07D0BB68002B3FD0E8
:20FA20003B6A03F40053002B3AD17B681B681B6803F04003402B33D13B6A03F40013002B39
:20FA40002ED17B681B681846FFF738FC0346002B1AD17B681B685A687B681B6822F0600258
:20FA60005A607B685B6D23F480527B685A657B685B6D03F48073002B12D17B685B6D43F015
:20FA800001027B685A650BE07B685B6D43F010027B685A657B689B6D43F001027B689A6541
:20FAA000786800F089FE7B681B6860221A60FB6903F08003002B11D0BB6903F08003002BE2
:20FAC0000CD07B685B6D43F480327B685A65786800F0B2F87B681B6880221A60FB6903F4BD
:20FAE0008073002B12D0BB6903F48073002B0DD07B685B6D43F400327B685A65786800F06A
:20FB00006FFE7B681B684FF480721A60FB6903F40073002B12D0BB6903F40073002B0DD0F2
:20FB20007B685B6D43F480227B685A65786800F061FE7B681B684FF400721A60FB6903F084
:20FB40001003002B43D0BB6903F01003002B3ED07B681B6B002B02D101237B6221E07B69A4
:20FB6000002B15D07B681B682A4A934204D07B681B68294A934201D1284B00E0284B18464E
:20FB8000FFF7F2FA0346002B0BD001237B6208E07B681B68DB6803F00303002B01D0012389
:20FBA0007B627B6A012B0ED17B685B6D43F480627B685A657B689B6D43F002027B689A650E
:20FBC000786800F043F87B681B6810221A60FB6903F48063002B18D0BB6903F48063002B8E
:20FBE00013D07B685B6D43F480427B685A657B689B6D43F008027B689A657B681B684FF429
:20FC000080621A60786800F0E1FD00BF2837BD4680BD00BF00200240002102400023024093
:20FC20000063025880B483B000AF786000BF0C37BD465DF8047B704780B483B000AF78609B
:20FC400000BF0C37BD465DF8047B704780B483B000AF786000BF0C37BD465DF8047B704796
:20FC600090B5A1B000AF78603960002387F87F300023BB603B68DB68654A93427B6893F867
:20FC80005030012B01D102232EE37B68012283F850207B681B681846FFF7FDFA0346002B9A
:20FCA00040F013833B681B68002B2CDB3B681B68C3F31303002B08D13B681B689B0E03F06E
:20FCC0001F03012202FA03F316E03B681B687B667B6E93FAA3F33B663B6EBB66BB6E002B25
:20FCE00001D1202303E0BB6EB3FA83F3DBB203F01F03012202FA03F37A681268D1697A6891
:20FD000012680B43D3617B6818683B6859683B681B681A46FFF779F97B681B681846FFF778
:20FD2000BAFAB8677B681B681846FFF7C7FA7867BB6F002B40F0B8807B6F002B40F0B48060
:20FD40007B6818683B6819683B689B681A46FFF7AEF9304B1B6803F07043B3F1805F0BD176
:20FD60003B685A697B681B68DB689B0803F007035B0002FA03F31DE07B681B68DB6803F0EE
:20FD80001003002B0BD13B685A697B681B68DB689B0803F007035B0002FA03F30AE03B68C0
:20FDA0005A697B681B68DB689B0803F004035B0002FA03F33B673B681B69042B2CD07B6816
:20FDC00018683B6819693B681A683B6FFFF7B6F87B6818683B6819693B685B7E012B02D108
:20FDE0004FF0004300E000231A46FFF7E0F87B6818683B6819693B681B7E012B02D14FF44A
:20FE0000006300E000231A46FFF7B8F84CE000BF0000FF470010005C7B681B681B6E03F0F7
:20FE2000F8423B681B689B069A4207D17B681B681A6E7B681B6822F000421A667B681B687F
:20FE40005B6E03F0F8423B681B689B069A4207D17B681B685A6E7B681B6822F000425A6689
:20FE60007B681B689B6E03F0F8423B681B689B069A4207D17B681B689A6E7B681B6822F085
:20FE800000429A667B681B68DB6E03F0F8423B681B689B069A4207D17B681B68DA6E7B6838
:20FEA0001B6822F00042DA667B681B681846FFF7CBF90346002B40F011827B6818683B6870
:20FEC00019683B68DB681A46FFF71CF93B68DB68A14A934240F02E817B6818683B681B6842
:20FEE000C3F31303002B0BD13B681B689B0E013303F01F03092B94BF01230023DBB219E0C3
:20FF00003B681B68BB65BB6D93FAA3F37B657B6DFB65FB6D002B01D1202303E0FB6DB3FA88
:20FF200083F3DBB2013303F01F03092B94BF01230023DBB2002B79D03B681B68C3F31303B4
:20FF4000002B07D13B681B689B0E01339B0603F0F84215E03B681B68FB64FB6C93FAA3F3C9
:20FF6000BB64BB6C3B653B6D002B01D1202303E03B6DB3FA83F3DBB201339B0603F0F84276
:20FF80003B681B68C3F31303002B09D13B681B689B0E013303F01F03012101FA03F317E048
:20FFA0003B681B683B643B6C93FAA3F3FB63FB6B7B647B6C002B01D1202303E07B6CB3FA71
:20FFC00083F3DBB2013303F01F03012101FA03F342EA03013B681B68C3F31303002B0AD19A
:20FFE0003B681B689B0E013303F01F0213465B0013441B0518E03B681B687B637B6B93FA50
:020000040811E1
:20000000A3F33B633B6BBB63BB6B002B01D1202303E0BB6BB3FA83F3DBB2013303F01F0281
:2000200013465B0013441B050B437EE03B681B68C3F31303002B07D13B681B689B0E0133F1
:200040009B0603F0F84215E03B681B68BB62BB6A93FAA3F37B627B6AFB62FB6A002B01D1D1
:20006000202303E0FB6AB3FA83F3DBB201339B0603F0F8423B681B68C3F31303002B09D14C
:200080003B681B689B0E013303F01F03012101FA03F317E03B681B68FB61FB6993FAA3F335
:2000A000BB61BB693B623B6A002B01D1202303E03B6AB3FA83F3DBB2013303F01F030121DB
:2000C00001FA03F342EA03013B681B68C3F31303002B0DD13B681B689B0E013303F01F02ED
:2000E00013465B0013441E3B1B0543F000731BE03B681B683B613B6993FAA3F3FB60FB6894
:200100007B617B69002B01D1202303E07B69B3FA83F3DBB2013303F01F0213465B00134415
:200120001E3B1B0543F000730B433A6892681946FEF7BDFF3B681B68002B80F2CF807B68B1
:200140001B68064A934204D07B681B68044A93420AD1044B09E000BF0000FF470020024020
:200160000021024000230240614B1846FEF7D8FEF8667B681B685F4A934204D07B681B6866
:200180005D4A93420ED15B48FFF75EF804465A48FFF75AF803462343002B0CBF01230023F5
:2001A000DBB208E05548FFF74FF80346002B0CBF01230023DBB2002B7DD03B681B68504AA5
:2001C000934230D1FB6E03F40003002B2BD17B681B684A4A934240F081807B681B68454ACA
:2001E000934204D07B681B68434A934201D1454A00E03F4AFB6E43F4000319461046FEF777
:200200007CFE414B1B689B09404AA2FB03239B0901335B00BB6002E0BB68013BBB60BB6897
:20022000002BF9D15AE03B681B68394A93421ED1FB6E03F08073002B19D17B681B682F4ADF
:2002400093424BD17B681B682A4A934204D07B681B68294A934201D12A4A00E0244AFB6E7F
:2002600043F0807319461046FEF747FE36E03B681B68284A934231D1FB6E03F48003002BD6
:200280002CD17B681B681D4A934227D17B681B68184A934204D07B681B68174A934201D1E8
:2002A000184A00E0124AFB6E43F4800319461046FEF723FE12E07B685B6D43F020027B68DD
:2002C0005A65012387F87F3008E07B685B6D43F020027B685A65012387F87F307B6800222C
:2002E00083F8502097F87F3018468437BD4690BD0063025800200240002102400060025830
:20030000000084CB0023024000000010632D3E05000052C70000B8CF80B584B000AF7860B6
:200320007B681B681846FEF78FFF0346002B6ED17B681B689A68384B1340002B0DD07B689A
:200340005B6D43F010027B685A657B689B6D43F001027B689A6501235AE07B681B681846C9
:20036000FEF75EFFFEF77AFDF8607B681B682B4A934204D07B681B68294A934201D1294BEF
:2003800000E0294B1846FEF7E1FEB8607B681B68234A934202D07B681B6800E01F4B7A68B3
:2003A000126893422CD0BB68002B30D128E07B681B681846FEF748FF0346002B04D17B686F
:2003C0001B681846FEF72CFFFEF748FD0246FB68D31A022B14D97B681B681B6803F0010350
:2003E000012B0DD07B685B6D43F010027B685A657B689B6D43F001027B689A65012307E054
:200400007B681B681B6803F00103012BCFD1002318461037BD4680BD3F0000800020024007
:2004200000210240002302400063025880B584B000AF78607B689B6BFB60FB685B6D03F0E5
:200440005003002B4BD1FB685B6D43F40072FB685A65FB681B681B6803F00803002B21D089
:20046000FB681B681846FEF7BDFD0346002B32D0FB681B68DB6803F40053002B2BD1FB6816
:200480005B6D23F48072FB685A65FB685B6D03F48053002B1FD1FB685B6D43F00102FB6895
:2004A0005A6518E0FB681B68DB6803F00303002B11D1FB685B6D23F48072FB685A65FB689D
:2004C0005B6D03F48053002B05D1FB685B6D43F00102FB685A65F868FBF7AAFA0EE0FB68BF
:2004E0005B6D03F01003002B03D0F868FFF7AEFB04E0FB68DB6CDB6C7868984700BF103797
:20050000BD4680BD80B584B000AF78607B689B6BFB60F868FFF786FB00BF1037BD4680BD4A
:2005200080B584B000AF78607B689B6BFB60FB685B6D43F04002FB685A65FB689B6D43F027
:200540000402FB689A65F868FFF780FB00BF1037BD4680BD80B584B000AF78607B681B68C6
:200560007A4A934204D07B681B68794A934209D1784B9B6803F44033002B14BF01230023C1
:20058000DBB208E0744B9B6803F44033002B14BF01230023DBB2002B1CD004F0D5FCF860B4
:2005A0007B685B68B3F5403F10D0B3F5403F73D8B3F5803F02D0B3F5003F6DD17B685B6818
:2005C0001B0CFA68B2FBF3F3FB6068E0FB689B08FB6064E04FF400204FF0000105F09EFF82
:2005E000F8607B685B68B3F5301F51D0B3F5301F54D8B3F5201F47D0B3F5201F4ED8B3F50F
:20060000101F3DD0B3F5101F48D8B3F5001F33D0B3F5001F42D8B3F5E01F29D0B3F5E01FB5
:200620003CD8B3F5C01F1AD0B3F5C01F36D8B3F5A01F14D0B3F5A01F30D8B3F5801F0ED0C1
:20064000B3F5801F2AD8B3F5402F08D0B3F5402F24D8B3F5802F02D0B3F5002F1ED17B687D
:200660005B689B0C5B00FA68B2FBF3F3FB6016E0FB681B09FB6012E0FB685B09FB600EE08B
:20068000FB689B09FB600AE0FB68DB09FB6006E0FB681B0AFB6002E000BF00E000BFFEF76E
:2006A0000DFC034641F20302934215D8FB682B4A934208D97B681B689A687B681B6842F45C
:2006C00080729A603EE07B681B689A687B681B6822F480729A6035E0FB685B08FB60FB68A7
:2006E0001F4A934208D87B681B689A687B681B6822F440729A6025E0FB681A4A93420AD8C9
:200700007B681B689B6823F440727B681B6842F480729A6016E0FB68134A93420AD87B68CF
:200720001B689B6823F440727B681B6842F400729A6007E07B681B689A687B681B6842F477
:2007400040729A6000BF1037BD4680BD00200240002102400023024000630258002D310161
:20076000105E5F0020BCBE0040787D0180B483B000AF78607B689B6803F00103012B01D113
:20078000012300E0002318460C37BD465DF8047B704780B483B000AF78607B689B6803F03C
:2007A0000403042B01D1012300E0002318460C37BD465DF8047B704780B483B000AF7860ED
:2007C00000BF0C37BD465DF8047B704780B483B000AF786000BF0C37BD465DF8047B70470B
:2007E00080B483B000AF786000BF0C37BD465DF8047B704780B483B000AF786000BF0C378B
:20080000BD465DF8047B704780B483B000AF786000BF0C37BD465DF8047B704790B59FB038
:2008200000AF78603960002387F877307B6893F85030012B01D10223C4E07B68012283F819
:2008400050200023FB6500233B667B681B685F4A934202D15E4BBB6001E00023BB60BB6824
:20086000002B0BD17B685B6D43F020027B685A657B68002283F850200123A3E0BB681846B7
:20088000FFF787FF38677B681B681846FFF781FF0346002B40F085803B6F002B40F0818054
:2008A0007B681B68494A934204D07B681B68484A934201D1474B00E0474BFB663B681B686C
:2008C000002B3BD0FB6E9B6823F440423B685B681A43FB6E9A607B681B683C4A934204D022
:2008E0007B681B683A4A93420ED13848FFF73EFF04463748FFF73AFF03462343002B0CBF0A
:2009000001230023DBB208E03448FFF72FFF0346002B0CBF01230023DBB2002B4BD0FB6EB9
:200920009B6823F4716323F00F033A6811683A6892680A431A43FB6E9A603CE0FB6E9B6858
:2009400023F44042FB6E9A607B681B681F4A934204D07B681B681E4A93420ED11B48FFF748
:2009600005FF04461A48FFF701FF03462343002B0CBF01230023DBB208E01848FFF7F6FE26
:200980000346002B0CBF01230023DBB2002B12D0FB6E9B6823F4716323F00F03FA6E936060
:2009A00009E07B685B6D43F020027B685A65012387F8773000E000BF7B68002283F85020D3
:2009C00097F8773018467C37BD4690BD0020024000210240002302400063025800600258DF
:2009E00080B485B000AF78607B6803F00703FB600C4BDB68BB60BA684FF6FF031340BB6040
:200A0000FB681A02BB68134343F0BF6343F40033BB60044ABB68D36000BF1437BD465DF8FE
:200A2000047B704700ED00E080B400AF044BDB681B0A03F007031846BD465DF8047B704730
:200A400000ED00E080B483B000AF0346FB80B7F90630002B0BDBFB8803F01F020749B7F961
:200A600006305B09012000FA02F241F8232000BF0C37BD465DF8047B704700BF00E100E041
:200A800080B483B000AF03463960FB80B7F90630002B0ADB3B68DAB20C49B7F90630120170
:200AA000D2B20B4483F800230AE03B68DAB20849FB8803F00F03043B1201D2B20B441A761E
:200AC00000BF0C37BD465DF8047B704700E100E000ED00E080B489B000AFF860B9607A6091
:200AE000FB6803F00703FB61FB69C3F10703042B28BF0423BB61FB690433062B02D9FB69B4
:200B0000033B00E000237B614FF0FF32BB6902FA03F3DA43BB681A407B699A404FF0FF316B
:200B20007B6901FA03F3D9437B680B40134318462437BD465DF8047B704780B582B000AFE3
:200B400078607868FFF74CFF00BF0837BD4680BD80B586B000AF0346B9607A60FB81FFF796
:200B600063FF78617A68B9687869FFF7B3FF0246B7F90E3011461846FFF782FF00BF18373E
:200B8000BD4680BD80B582B000AF0346FB80B7F906301846FFF756FF00BF0837BD4680BD6E
:200BA00080B400AF074B1B681B0903F00F03072B01D1032300E001231846BD465DF8047BF1
:200BC000704700BF00ED00E080B586B000AF7860FEF744F938617B68002B01D1012314E31A
:200BE0007B681B68664A93424AD07B681B68654A934245D07B681B68634A934240D07B6816
:200C00001B68624A93423BD07B681B68604A934236D07B681B685F4A934231D07B681B688F
:200C20005D4A93422CD07B681B685C4A934227D07B681B685A4A934222D07B681B68594A8A
:200C400093421DD07B681B68574A934218D07B681B68564A934213D07B681B68544A934277
:200C60000ED07B681B68534A934209D07B681B68514A934204D07B681B68504A934201D194
:200C8000012300E00023002B00F03B817B68022283F835207B68002283F834207B681B6845
:200CA000374A93424AD07B681B68364A934245D07B681B68344A934240D07B681B68334A48
:200CC00093423BD07B681B68314A934236D07B681B68304A934231D07B681B682E4A93420F
:200CE0002CD07B681B682D4A934227D07B681B682B4A934222D07B681B682A4A93421DD011
:200D00007B681B68284A934218D07B681B68274A934213D07B681B68254A93420ED07B6844
:200D20001B68244A934209D07B681B68224A934204D07B681B68214A934208D17B681B68B4
:200D40001A687B681B6822F001021A6007E07B681B681A687B681B6822F001021A602FE049
:200D6000FEF77CF802463B69D31A052B28D97B6820225A657B68032283F83520012344E2FA
:200D8000100002402800024040000240580002407000024088000240A0000240B800024023
:200DA000100402402804024040040240580402407004024088040240A0040240B8040240E3
:200DC0007B681B681B6803F00103002BC8D17B681B681B687B617A69844B13407B617B68E6
:200DE0009A687B68DB681A437B681B691A437B685B691A437B689B691A437B68DB691A43DE
:200E00007B681B6A13437A6913437B617B685B6A042B07D17B68DA6A7B681B6B13437A6987
:200E200013437B61724B1B681B0C1B04B3F1005F28D37B685B68282B03D97B685B682E2B28
:200E400017D97B685B683E2B03D97B685B68422B0FD97B685B68462B03D97B685B68482BB0
:200E600007D97B685B684E2B05D97B685B68522B01D8012300E00023002B03D07B6943F459
:200E800080137B617B681B687A691A607B681B685B697B617B6923F007037B617B685B6A95
:200EA0007A6913437B617B685B6A042B17D17B689B6A7A6913437B617B68DB6A002B0ED030
:200EC000786802F03DFB0346002B08D07B6840225A657B68012283F83520012395E17B6865
:200EE0001B687A695A61786802F078FA0346BB607B68DB6D03F01F033F229A40BB689A6091
:200F0000CBE07B681B683B4A934222D07B681B68394A93421DD07B681B68384A934218D024
:200F20007B681B68364A934213D07B681B68354A93420ED07B681B68334A934209D07B6807
:200F40001B68324A934204D07B681B68304A934201D1012300E00023002B00F095807B6828
:200F60001B68244A934221D07B681B68224A93421CD07B681B68214A934217D07B681B6834
:200F80001F4A934212D07B681B681E4A93420DD07B681B681C4A934208D07B681B681B4A6D
:200FA000934203D07B681B68194A93427B68022283F835207B68002283F834207B681B68DA
:200FC0001B687B617B6923F4FF3323F4F8737B617B689B68402B1DD07B689B68802B02D185
:200FE0004FF4804317E0002315E000BF3F8010FE0010005C085402581C5402583054025886
:2010000044540258585402586C540258805402589454025810237A68D268D2081A437B68E5
:201020001B69DB081A437B685B69DB081A437B689B69DB081A437B68DB69DB081A437B6894
:201040001B6A1B0913437A6913437B617B681B687A691A607B681B681A466E4B13446E4A2B
:20106000A2FB03231B099A007B68DA65786802F0B5F90346FB607B68DB6D03F01F03012246
:201080009A40FB685A6008E07B6840225A657B68032283F835200123B7E07B681B685F4ACB
:2010A000934272D07B681B685D4A93426DD07B681B685C4A934268D07B681B685A4A934202
:2010C00063D07B681B68594A93425ED07B681B68574A934259D07B681B68564A934254D0CD
:2010E0007B681B68544A93424FD07B681B68534A93424AD07B681B68514A934245D07B6838
:201100001B68504A934240D07B681B684E4A93423BD07B681B684D4A934236D07B681B68B1
:201120004B4A934231D07B681B684A4A93422CD07B681B68484A934227D07B681B68474ABE
:20114000934222D07B681B68454A93421DD07B681B68444A934218D07B681B68424A934299
:2011600013D07B681B68414A93420ED07B681B683F4A934209D07B681B683E4A934204D0B4
:201180007B681B683C4A934201D1012300E00023002B32D0786802F04FFA7B689B68802BBC
:2011A00002D17B6800225A607B685A687B681B6ED2B21A607B685B6E7A68926E5A607B6863
:2011C0005B68002B10D07B685B68082B0CD8786802F0CCFA7B68DB6E00221A607B681B6FB7
:2011E0007A68526F5A6008E07B680022DA667B6800221A677B6800225A677B6800225A6555
:201200007B68012283F83520002318461837BD4680BD00BFF8ABFDA7CDCCCCCC100002405F
:201220002800024040000240580002407000024088000240A0000240B8000240100402407A
:201240002804024040040240580402407004024088040240A0040240B804024008540258DE
:201260001C5402583054025844540258585402586C540258805402589454025880B586B0D9
:2012800000AFF860B9607A603B600023FB75FB68002B01D1012326E2FB6893F83430012B1C
:2012A00001D102231FE2FB68012283F83420FB6893F83530DBB2012B40F00A82FB68022292
:2012C00083F83520FB6800225A65FB681B68684A93424AD0FB681B68664A934245D0FB6890
:2012E0001B68654A934240D0FB681B68634A93423BD0FB681B68624A934236D0FB681B6811
:20130000604A934231D0FB681B685F4A93422CD0FB681B685D4A934227D0FB681B685C4A08
:20132000934222D0FB681B685A4A93421DD0FB681B68594A934218D0FB681B68574A9342F8
:2013400013D0FB681B68564A93420ED0FB681B68544A934209D0FB681B68534A934204D013
:20136000FB681B68514A934208D1FB681B681A68FB681B6822F001021A6007E0FB681B6894
:201380001A68FB681B6822F001021A603B687A68B968F86801F076FEFB681B68344A9342B2
:2013A0004AD0FB681B68334A934245D0FB681B68314A934240D0FB681B68304A93423BD040
:2013C000FB681B682E4A934236D0FB681B682D4A934231D0FB681B682B4A93422CD0FB6812
:2013E0001B682A4A934227D0FB681B68284A934222D0FB681B68274A93421DD0FB681B680C
:20140000254A934218D0FB681B68244A934213D0FB681B68224A93420ED0FB681B68214A3E
:20142000934209D0FB681B681F4A934204D0FB681B681E4A934201D1012300E00023002BBF
:2014400036D0FB681B681B6823F01E02FB681B6842F016021A60FB681B6C002B3ED0FB68BA
:201460001B681A68FB681B6842F008021A6035E010000240280002404000024058000240DE
:201480007000024088000240A0000240B8000240100402402804024040040240580402400C
:2014A0007004024088040240A0040240B8040240FB681B681B6823F00E02FB681B6842F020
:2014C0000A021A60FB681B6C002B07D0FB681B681A68FB681B6842F004021A60FB681B68B4
:2014E000834A934272D0FB681B68824A93426DD0FB681B68804A934268D0FB681B687F4AD8
:20150000934263D0FB681B687D4A93425ED0FB681B687C4A934259D0FB681B687A4A9342EA
:2015200054D0FB681B68794A93424FD0FB681B68774A93424AD0FB681B68764A934245D0C4
:20154000FB681B68744A934240D0FB681B68734A93423BD0FB681B68714A934236D0FB68A0
:201560001B68704A934231D0FB681B686E4A93422CD0FB681B686D4A934227D0FB681B689A
:201580006B4A934222D0FB681B686A4A93421DD0FB681B68684A934218D0FB681B68674A87
:2015A000934213D0FB681B68654A93420ED0FB681B68644A934209D0FB681B68624A934282
:2015C00004D0FB681B68614A934201D1012300E00023002B1AD0FB681B6E1B6803F48033AA
:2015E000002B07D0FB681B6E1A68FB681B6E42F480721A60FB68DB6E002B07D0FB68DB6E93
:201600001A68FB68DB6E42F480721A60FB681B68374A93424AD0FB681B68364A934245D054
:20162000FB681B68344A934240D0FB681B68334A93423BD0FB681B68314A934236D0FB687F
:201640001B68304A934231D0FB681B682E4A93422CD0FB681B682D4A934227D0FB681B6879
:201660002B4A934222D0FB681B682A4A93421DD0FB681B68284A934218D0FB681B68274AA6
:20168000934213D0FB681B68254A93420ED0FB681B68244A934209D0FB681B68224A934261
:2016A00004D0FB681B68214A934208D1FB681B681A68FB681B6842F001021A6012E0FB6805
:2016C0001B681A68FB681B6842F001021A6009E0FB684FF400625A65FB68002283F834206C
:2016E0000123FB75FB7D18461837BD4680BD00BF100002402800024040000240580002405A
:201700007000024088000240A0000240B80002401004024028040240400402405804024089
:201720007004024088040240A0040240B8040240085402581C5402583054025844540258F1
:20174000585402586C540258805402589454025880B586B000AF7860FDF780FB38617B681C
:20176000002B01D10123DCE27B6893F83530DBB2022B08D07B6880225A657B68002283F861
:2017800034200123CDE27B681B68764A93424AD07B681B68744A934245D07B681B68734ADC
:2017A000934240D07B681B68714A93423BD07B681B68704A934236D07B681B686E4A934255
:2017C00031D07B681B686D4A93422CD07B681B686B4A934227D07B681B686A4A934222D052
:2017E0007B681B68684A93421DD07B681B68674A934218D07B681B68654A934213D07B688B
:201800001B68644A93420ED07B681B68624A934209D07B681B68614A934204D07B681B6804
:201820005F4A934201D1012300E00023002B13D07B681B681A687B681B6822F01E021A6029
:201840007B681B685A697B681B6822F080025A617B681B687B610AE07B681B681A687B68B3
:201860001B6822F00E021A607B681B687B617B681B683C4A934272D07B681B683A4A934245
:201880006DD07B681B68394A934268D07B681B68374A934263D07B681B68364A93425ED03D
:2018A0007B681B68344A934259D07B681B68334A934254D07B681B68314A93424FD07B68B2
:2018C0001B68304A93424AD07B681B682E4A934245D07B681B682D4A934240D07B681B682C
:2018E0002B4A93423BD07B681B682A4A934236D07B681B68284A934231D07B681B68274A59
:2019000093422CD07B681B68254A934227D07B681B68244A934222D07B681B68224A934213
:201920001DD07B681B68214A934218D07B681B681F4A934213D07B681B681E4A93420ED024
:201940007B681B681C4A934209D07B681B681B4A934204D07B681B68194A934232D10123D4
:2019600031E000BF100002402800024040000240580002407000024088000240A000024061
:20198000B8000240100402402804024040040240580402407004024088040240A0040240FB
:2019A000B8040240085402581C5402583054025844540258585402586C540258805402588B
:2019C000945402580023002B07D07B681B6E1A687B681B6E22F480721A607B681B686D4AA7
:2019E00093424AD07B681B686B4A934245D07B681B686A4A934240D07B681B68684A934207
:201A00003BD07B681B68674A934236D07B681B68654A934231D07B681B68644A93422CD0F9
:201A20007B681B68624A934227D07B681B68614A934222D07B681B685F4A93421DD07B683C
:201A40001B685E4A934218D07B681B685C4A934213D07B681B685B4A93420ED07B681B68B6
:201A6000594A934209D07B681B68584A934204D07B681B68564A934208D17B681B681A68C8
:201A80007B681B6822F001021A6007E07B681B681A687B681B6822F001021A6013E0FDF7A6
:201AA000DDF902463B69D31A052B0CD97B6820225A657B68032283F835207B68002283F826
:201AC000342001232DE17B691B6803F00103002BE5D17B681B682F4A93424AD07B681B680D
:201AE0002D4A934245D07B681B682C4A934240D07B681B682A4A93423BD07B681B68294A31
:201B0000934236D07B681B68274A934231D07B681B68264A93422CD07B681B68244A9342ED
:201B200027D07B681B68234A934222D07B681B68214A93421DD07B681B68204A934218D0F4
:201B40007B681B681E4A934213D07B681B681D4A93420ED07B681B681B4A934209D07B6823
:201B60001B681A4A934204D07B681B68184A934201D1012300E00023002B2BD07B689B6D2E
:201B8000BB607B68DB6D03F01F033F229A40BB689A602AE01000024028000240400002404A
:201BA000580002407000024088000240A0000240B8000240100402402804024040040240E9
:201BC000580402407004024088040240A0040240B80402407B689B6DFB607B68DB6D03F09B
:201BE0001F0301229A40FB685A607B681B684F4A934272D07B681B684D4A93426DD07B68A1
:201C00001B684C4A934268D07B681B684A4A934263D07B681B68494A93425ED07B681B683A
:201C2000474A934259D07B681B68464A934254D07B681B68444A93424FD07B681B68434A4B
:201C400093424AD07B681B68414A934245D07B681B68404A934240D07B681B683E4A934222
:201C60003BD07B681B683D4A934236D07B681B683B4A934231D07B681B683A4A93422CD015
:201C80007B681B68384A934227D07B681B68374A934222D07B681B68354A93421DD07B6858
:201CA0001B68344A934218D07B681B68324A934213D07B681B68314A93420ED07B681B68D2
:201CC0002F4A934209D07B681B682E4A934204D07B681B682C4A934201D1012300E00023AC
:201CE000002B15D07B685B6E7A68926E5A607B68DB6E002B0CD07B68DB6E1A687B68DB6E7F
:201D000022F480721A607B681B6F7A68526F5A607B68012283F835207B68002283F83420CD
:201D2000002318461837BD4680BD00BF10000240280002404000024058000240700002404A
:201D400088000240A0000240B800024010040240280402404004024058040240700402403F
:201D600088040240A0040240B8040240085402581C5402583054025844540258585402585B
:201D80006C540258805402589454025880B584B000AF78607B68002B01D1012337E27B68C9
:201DA00093F83530DBB2022B04D07B6880225A6501232CE27B681B685C4A93424AD07B6851
:201DC0001B685B4A934245D07B681B68594A934240D07B681B68584A93423BD07B681B68B5
:201DE000564A934236D07B681B68554A934231D07B681B68534A93422CD07B681B68524AB7
:201E0000934227D07B681B68504A934222D07B681B684F4A93421DD07B681B684D4A93429C
:201E200018D07B681B684C4A934213D07B681B684A4A93420ED07B681B68494A934209D0B2
:201E40007B681B68474A934204D07B681B68464A934201D1012300E00023002B00F08680FD
:201E60007B68042283F835207B681B682F4A93424AD07B681B682E4A934245D07B681B688D
:201E80002C4A934240D07B681B682B4A93423BD07B681B68294A934236D07B681B68284AA0
:201EA000934231D07B681B68264A93422CD07B681B68254A934227D07B681B68234A93425C
:201EC00022D07B681B68224A93421DD07B681B68204A934218D07B681B681F4A934213D068
:201EE0007B681B681D4A93420ED07B681B681C4A934209D07B681B681A4A934204D07B6892
:201F00001B68194A934208D17B681B681A687B681B6822F001021A6078E17B681B681A680F
:201F20007B681B6822F001021A606FE11000024028000240400002405800024070000240D2
:201F400088000240A0000240B800024010040240280402404004024058040240700402403D
:201F600088040240A0040240B80402407B681B681A687B681B6822F00E021A607B681B685F
:201F80006C4A93424AD07B681B686B4A934245D07B681B68694A934240D07B681B68684A81
:201FA00093423BD07B681B68664A934236D07B681B68654A934231D07B681B68634A93427D
:201FC0002CD07B681B68624A934227D07B681B68604A934222D07B681B685F4A93421DD07F
:201FE0007B681B685D4A934218D07B681B685C4A934213D07B681B685A4A93420ED07B68B3
:202000001B68594A934209D07B681B68574A934204D07B681B68564A934208D17B681B6822
:202020001A687B681B6822F001021A6007E07B681B681A687B681B6822F001021A607B6882
:202040001B683C4A934272D07B681B683A4A93426DD07B681B68394A934268D07B681B6808
:20206000374A934263D07B681B68364A93425ED07B681B68344A934259D07B681B68334A29
:20208000934254D07B681B68314A93424FD07B681B68304A93424AD07B681B682E4A9342F0
:2020A00045D07B681B682D4A934240D07B681B682B4A93423BD07B681B682A4A934236D0D9
:2020C0007B681B68284A934231D07B681B68274A93422CD07B681B68254A934227D07B6826
:2020E0001B68244A934222D07B681B68224A93421DD07B681B68214A934218D07B681B68A0
:202100001F4A934213D07B681B681E4A93420ED07B681B681C4A934209D07B681B681B4AD8
:20212000934204D07B681B68194A934232D1012331E000BF10000240280002404000024023
:20214000580002407000024088000240A0000240B800024010040240280402404004024043
:20216000580402407004024088040240A0040240B8040240085402581C54025830540258FB
:2021800044540258585402586C54025880540258945402580023002B28D07B681B6E1A6889
:2021A0007B681B6E22F480721A607B689B6DFB607B68DB6D03F01F0301229A40FB685A6091
:2021C0007B685B6E7A68926E5A607B68DB6E002B0CD07B68DB6E1A687B68DB6E22F48072A2
:2021E0001A607B681B6F7A68526F5A607B68012283F835207B68002283F834207B681B6D86
:20220000002B03D07B681B6D78689847002318461037BD4680BD00BF80B58AB000AF7860D9
:202220000023FB60674B1B68674AA2FB03239B0A7B627B689B6D3B627B689B6DFB613B6A81
:202240001B68BB61FB691B687B617B681B685F4A93424AD07B681B685D4A934245D07B6844
:202260001B685C4A934240D07B681B685A4A93423BD07B681B68594A934236D07B681B681C
:20228000574A934231D07B681B68564A93422CD07B681B68544A934227D07B681B68534A1D
:2022A000934222D07B681B68514A93421DD07B681B68504A934218D07B681B684E4A934204
:2022C00013D07B681B684D4A93420ED07B681B684B4A934209D07B681B684A4A934204D01F
:2022E0007B681B68484A934201D1012300E00023002B00F02B847B68DB6D03F01F030822E4
:202300009A40BB691340002B00F0A2807B681B682E4A93424AD07B681B682D4A934245D09B
:202320007B681B682B4A934240D07B681B682A4A93423BD07B681B68284A934236D07B688D
:202340001B68274A934231D07B681B68254A93422CD07B681B68244A934227D07B681B6807
:20236000224A934222D07B681B68214A93421DD07B681B681F4A934218D07B681B681E4A3D
:20238000934213D07B681B681C4A93420ED07B681B681B4A934209D07B681B68194A9342EF
:2023A00004D07B681B68184A93422FD17B681B681B6803F00403002B14BF01230023DBB2F7
:2023C0002EE000BF00000010B5814E1B1000024028000240400002405800024070000240F7
:2023E00088000240A0000240B8000240100402402804024040040240580402407004024099
:2024000088040240A0040240B80402407B681B681B6803F00803002B14BF01230023DBB251
:20242000002B15D07B681B681A687B681B6822F004021A607B68DB6D03F01F0308229A4068
:202440003B6A9A607B685B6D43F001027B685A657B68DB6D03F01F03BA6922FA03F303F0F2
:202460000103002B6ED07B681B68694A93424AD07B681B68674A934245D07B681B68664AD0
:20248000934240D07B681B68644A93423BD07B681B68634A934236D07B681B68614A93428F
:2024A00031D07B681B68604A93422CD07B681B685E4A934227D07B681B685D4A934222D08C
:2024C0007B681B685B4A93421DD07B681B685A4A934218D07B681B68584A934213D07B68C5
:2024E0001B68574A93420ED07B681B68554A934209D07B681B68544A934204D07B681B683F
:20250000524A93420AD17B681B685B6903F08003002B14BF01230023DBB203E07B681B68B4
:202520001B680023002B0DD07B68DB6D03F01F0301229A403B6A9A607B685B6D43F002022F
:202540007B685A657B68DB6D03F01F0304229A40BB691340002B00F08F807B681B682C4A1C
:2025600093424AD07B681B682A4A934245D07B681B68294A934240D07B681B68274A93423E
:202580003BD07B681B68264A934236D07B681B68244A934231D07B681B68234A93422CD031
:2025A0007B681B68214A934227D07B681B68204A934222D07B681B681E4A93421DD07B6874
:2025C0001B681D4A934218D07B681B681B4A934213D07B681B681A4A93420ED07B681B68EE
:2025E000184A934209D07B681B68174A934204D07B681B68154A93422AD17B681B681B68DD
:2026000003F00203002B14BF01230023DBB223E01000024028000240400002405800024015
:202620007000024088000240A0000240B8000240100402402804024040040240580402405A
:202640007004024088040240A0040240B80402407B681B681B680023002B0DD07B68DB6DD3
:2026600003F01F0304229A403B6A9A607B685B6D43F004027B685A657B68DB6D03F01F03E0
:2026800010229A40BB691340002B00F0A6807B681B68854A93424AD07B681B68834A93424A
:2026A00045D07B681B68824A934240D07B681B68804A93423BD07B681B687F4A934236D0D4
:2026C0007B681B687D4A934231D07B681B687C4A93422CD07B681B687A4A934227D07B6821
:2026E0001B68794A934222D07B681B68774A93421DD07B681B68764A934218D07B681B689B
:20270000744A934213D07B681B68734A93420ED07B681B68714A934209D07B681B68704A7E
:20272000934204D07B681B686E4A93420AD17B681B681B6803F00803002B14BF01230023F6
:20274000DBB209E07B681B681B6803F00403002B14BF01230023DBB2002B3ED07B68DB6DEA
:2027600003F01F0310229A403B6A9A607B681B681B6803F48023002B18D07B681B681B681A
:2027800003F40023002B08D17B681B6C002B24D07B681B6C786898471FE07B689B6C002B55
:2027A0001BD07B689B6C7868984716E07B681B681B6803F48073002B07D17B681B681A68D1
:2027C0007B681B6822F008021A607B681B6C002B03D07B681B6C786898477B68DB6D03F04E
:2027E0001F0320229A40BB691340002B00F010817B681B682C4A93424AD07B681B682B4AD2
:20280000934245D07B681B68294A934240D07B681B68284A93423BD07B681B68264A9342AD
:2028200036D07B681B68254A934231D07B681B68234A93422CD07B681B68224A934227D0A5
:202840007B681B68204A934222D07B681B681F4A93421DD07B681B681D4A934218D07B68E3
:202860001B681C4A934213D07B681B681A4A93420ED07B681B68194A934209D07B681B685D
:20288000174A934204D07B681B68164A93422BD17B681B681B6803F01003002B14BF012386
:2028A0000023DBB22AE000BF1000024028000240400002405800024070000240880002404B
:2028C000A0000240B8000240100402402804024040040240580402407004024088040240B0
:2028E000A0040240B80402407B681B681B6803F00203002B14BF01230023DBB2002B00F026
:2029000087807B68DB6D03F01F0320229A403B6A9A607B6893F83530DBB2042B39D17B6839
:202920001B681A687B681B6822F016021A607B681B685A697B681B6822F080025A617B68C7
:202940001B6C002B03D17B689B6C002B07D07B681B681A687B681B6822F008021A607B683E
:20296000DB6D03F01F033F229A403B6A9A607B68012283F835207B68002283F834207B6893
:202980001B6D002B00F04A837B681B6D7868984744E37B681B681B6803F48023002B18D0E0
:2029A0007B681B681B6803F40023002B08D17B685B6C002B2CD07B685B6C7868984727E0CF
:2029C0007B68DB6B002B23D07B68DB6B786898471EE07B681B681B6803F48073002B0FD1EC
:2029E0007B681B681A687B681B6822F010021A607B68012283F835207B68002283F8342041
:202A00007B68DB6B002B03D07B68DB6B786898477B685B6D002B00F006837B685B6D03F0BA
:202A20000103002B00F088807B68042283F835207B681B687A4A93424AD07B681B68794A54
:202A4000934245D07B681B68774A934240D07B681B68764A93423BD07B681B68744A934281
:202A600036D07B681B68734A934231D07B681B68714A93422CD07B681B68704A934227D079
:202A80007B681B686E4A934222D07B681B686D4A93421DD07B681B686B4A934218D07B68B7
:202AA0001B686A4A934213D07B681B68684A93420ED07B681B68674A934209D07B681B6831
:202AC000654A934204D07B681B68644A934208D17B681B681A687B681B6822F001021A60FF
:202AE00007E07B681B681A687B681B6822F001021A60FB680133FB607A6A9A4207D37B68A3
:202B00001B681B6803F00103002BF2D100E000BF7B681B681B6803F00103002B04D07B6869
:202B2000032283F8352003E07B68012283F835207B68002283F834207B68DB6C002B00F0CE
:202B400072827B68DB6C786898476CE27B681B68434A934222D07B681B68424A93421DD0DC
:202B60007B681B68404A934218D07B681B683F4A934213D07B681B683D4A93420ED07B687E
:202B80001B683C4A934209D07B681B683A4A934204D07B681B68394A934201D1012300E057
:202BA0000023002B00F03F827B681B681B683B617B68DB6D03F01F0304229A407B6913401A
:202BC000002B00F0CD803B6903F00403002B00F0C7807B68DB6D03F01F0304229A40FB69E9
:202BE0005A603B6903F40043002B49D03B6903F48033002B09D17B689B6C002B00F010820F
:202C00007B689B6C786898470AE27B681B6C002B00F006827B681B6C7868984700E200BF48
:202C2000100002402800024040000240580002407000024088000240A0000240B800024064
:202C4000100402402804024040040240580402407004024088040240A0040240B804024024
:202C6000085402581C5402583054025844540258585402586C540258805402589454025874
:202C80003B6903F02003002B60D17B681B687F4A93424AD07B681B687D4A934245D07B6806
:202CA0001B687C4A934240D07B681B687A4A93423BD07B681B68794A934236D07B681B6872
:202CC000774A934231D07B681B68764A93422CD07B681B68744A934227D07B681B68734A53
:202CE000934222D07B681B68714A93421DD07B681B68704A934218D07B681B686E4A93425A
:202D000013D07B681B686D4A93420ED07B681B686B4A934209D07B681B686A4A934204D074
:202D20007B681B68684A934208D17B681B681A687B681B6822F008021A6007E07B681B689C
:202D40001A687B681B6822F004021A607B681B6C002B00F065817B681B6C786898475FE125
:202D60007B68DB6D03F01F0302229A407B691340002B00F0C5803B6903F00203002B00F0C7
:202D8000BF807B68DB6D03F01F0302229A40FB695A603B6903F40043002B18D03B6903F40C
:202DA0008033002B09D17B685B6C002B00F03A817B685B6C7868984734E17B68DB6B002B09
:202DC00000F030817B68DB6B786898472AE13B6903F02003002B40F089807B681B682B4A66
:202DE00093424AD07B681B68294A934245D07B681B68284A934240D07B681B68264A9342B9
:202E00003BD07B681B68254A934236D07B681B68234A934231D07B681B68224A93422CD0AB
:202E20007B681B68204A934227D07B681B681F4A934222D07B681B681D4A93421DD07B68EE
:202E40001B681C4A934218D07B681B681A4A934213D07B681B68194A93420ED07B681B6868
:202E6000174A934209D07B681B68164A934204D07B681B68144A934228D17B681B681A685A
:202E80007B681B6822F014021A6027E0100002402800024040000240580002407000024099
:202EA00088000240A0000240B80002401004024028040240400402405804024070040240CE
:202EC00088040240A0040240B80402407B681B681A687B681B6822F00A021A607B68012254
:202EE00083F835207B68002283F834207B68DB6B002B00F097807B68DB6B7868984791E07A
:202F00007B68DB6D03F01F0308229A407B691340002B00F088803B6903F00803002B00F056
:202F200082807B681B68414A93424AD07B681B683F4A934245D07B681B683E4A934240D003
:202F40007B681B683C4A93423BD07B681B683B4A934236D07B681B68394A934231D07B683D
:202F60001B68384A93422CD07B681B68364A934227D07B681B68354A934222D07B681B68B7
:202F8000334A93421DD07B681B68324A934218D07B681B68304A934213D07B681B682F4ADC
:202FA00093420ED07B681B682D4A934209D07B681B682C4A934204D07B681B682A4A93429F
:202FC00008D17B681B681A687B681B6822F01C021A6007E07B681B681A687B681B6822F0D9
:202FE0000E021A607B68DB6D03F01F0301229A40FB695A607B6801225A657B68012283F8A6
:2030000035207B68002283F834207B68DB6C002B09D07B68DB6C7868984704E000BF02E0EB
:2030200000BF00E000BF2837BD4680BD100002402800024040000240580002407000024009
:2030400088000240A0000240B800024010040240280402404004024058040240700402402C
:2030600088040240A0040240B804024080B483B000AF78607B685B6D18460C37BD465DF80C
:20308000047B704780B487B000AFF860B9607A603B60FB689B6D7B61FB689B6D3B61FB6849
:2030A0001B687F4A934272D0FB681B687D4A93426DD0FB681B687C4A934268D0FB681B684F
:2030C0007A4A934263D0FB681B68794A93425ED0FB681B68774A934259D0FB681B68764A2D
:2030E000934254D0FB681B68744A93424FD0FB681B68734A93424AD0FB681B68714A934237
:2031000045D0FB681B68704A934240D0FB681B686E4A93423BD0FB681B686D4A934236D01F
:20312000FB681B686B4A934231D0FB681B686A4A93422CD0FB681B68684A934227D0FB68EC
:203140001B68674A934222D0FB681B68654A93421DD0FB681B68644A934218D0FB681B68E6
:20316000624A934213D0FB681B68614A93420ED0FB681B685F4A934209D0FB681B685E4ADC
:20318000934204D0FB681B685C4A934201D1012300E00023002B0DD0FB685B6EFA68926E96
:2031A0005A60FB68DB6E002B04D0FB681B6FFA68526F5A60FB681B68394A93424AD0FB6825
:2031C0001B68384A934245D0FB681B68364A934240D0FB681B68354A93423BD0FB681B688A
:2031E000334A934236D0FB681B68324A934231D0FB681B68304A93422CD0FB681B682F4AAF
:20320000934227D0FB681B682D4A934222D0FB681B682C4A93421DD0FB681B682A4A934271
:2032200018D0FB681B68294A934213D0FB681B68274A93420ED0FB681B68264A934209D087
:20324000FB681B68244A934204D0FB681B68234A934201D1012300E00023002B59D0FB6899
:20326000DB6D03F01F033F229A407B699A60FB681B681A68FB681B6822F480221A60FB68F5
:203280001B683A685A60FB689B68402B38D1FB681B687A689A60FB681B68BA68DA6086E00B
:2032A000100002402800024040000240580002407000024088000240A0000240B8000240DE
:2032C000100402402804024040040240580402407004024088040240A0040240B80402409E
:2032E000085402581C5402583054025844540258585402586C5402588054025894540258EE
:20330000FB681B68BA689A60FB681B687A68DA604DE0FB681B68294A934222D0FB681B6876
:20332000274A93421DD0FB681B68264A934218D0FB681B68244A934213D0FB681B68234AE8
:2033400093420ED0FB681B68214A934209D0FB681B68204A934204D0FB681B681E4A93429F
:2033600001D1012300E00023002B20D0FB68DB6D03F01F0301229A403B695A60FB681B6838
:203380003A685A60FB689B68402B08D1FB681B687A689A60FB681B68BA68DA6007E0FB68D9
:2033A0001B68BA689A60FB681B687A68DA6000BF1C37BD465DF8047B704700BF0854025857
:2033C0001C5402583054025844540258585402586C540258805402589454025880B485B05A
:2033E00000AF78607B681B68434A93424AD07B681B68424A934245D07B681B68404A9342C3
:2034000040D07B681B683F4A93423BD07B681B683D4A934236D07B681B683C4A934231D043
:203420007B681B683A4A93422CD07B681B68394A934227D07B681B68374A934222D07B688B
:203440001B68364A93421DD07B681B68344A934218D07B681B68334A934213D07B681B6805
:20346000314A93420ED07B681B68304A934209D07B681B682E4A934204D07B681B682D4A2C
:20348000934201D1012300E00023002B26D07B681B68DBB2103B284AA2FB03231B09FB604B
:2034A000FB6803F00703254AD35C1A467B68DA65FB68032B09D97B681B6823F47F7323F097
:2034C00003031A1D7B689A650EE07B681B6823F47F7323F003037A68936505E07B681B6832
:2034E00023F0FF027B689A657B689B6D18461437BD465DF8047B70471000024028000240F8
:2035000040000240580002407000024088000240A0000240B8000240100402402804024073
:2035200040040240580402407004024088040240A0040240B8040240ABAAAAAA44EE11080B
:2035400080B485B000AF78600023FB737B689B69002B20D17B689B6A032B58D801A252F8B4
:2035600023F000BF7535110887351108753511080F3611087B68DB6A03F08073002B48D06F
:203580000123FB7345E07B68DB6AB3F1C07F42D10123FB733FE07B689B69B3F5005F23D1C3
:2035A0007B689B6A032B38D801A252F823F000BFC1351108C7351108C1351108D9351108CC
:2035C0000123FB7330E07B68DB6A03F08073002B25D00123FB7322E07B68DB6AB3F1C07F7C
:2035E0001FD10123FB731CE07B689B6A022B02D9032B03D018E00123FB7315E07B68DB6AB5
:2036000003F08073002B0ED00123FB730BE000BF0AE000BF08E000BF06E000BF04E000BFE7
:2036200002E000BF00E000BFFB7B18461437BD465DF8047B704700BF80B485B000AF7860EE
:203640007B681B68BB607B681B683A4A934222D07B681B68384A93421DD07B681B68374AA7
:20366000934218D07B681B68354A934213D07B681B68344A93420ED07B681B68324A9342A2
:2036800009D07B681B68314A934204D07B681B682F4A934201D1012300E00023002B1CD003
:2036A0007B681B68DBB2083B2A4AA2FB03231B09FB60FB6803F1B05303F516439B001A4678
:2036C0007B681A667B68244A5A66FB6803F01F0301229A407B689A6626E07B681B68DBB225
:2036E000103B1E4AA2FB03231B09FB60BB681C4A934206D8BB681B4A934202D9FB680833C3
:20370000FB60FB6803F1805303F502439B001A467B681A667B68144A5A66FB6803F01F0310
:2037200001229A407B689A6600BF1437BD465DF8047B7047085402581C54025830540258B3
:2037400044540258585402586C5402588054025894540258CDCCCCCC80580258ABAAAAAADB
:20376000B80402400F0402408008024080B485B000AF78607B685B68DBB2FB60FB68002B20
:203780004AD0FB68082B47D87B681B68254A934222D07B681B68244A93421DD07B681B68C2
:2037A000224A934218D07B681B68214A934213D07B681B681F4A93420ED07B681B681E4A07
:2037C000934209D07B681B681C4A934204D07B681B681B4A934201D1012300E00023002B02
:2037E0000AD0FA68174B13449B001A467B68DA667B68154A1A6709E0FA68144B13449B0057
:203800001A467B68DA667B68114A1A67FB68013B01229A407B685A6700BF1437BD465DF8C4
:20382000047B7047085402581C5402583054025844540258585402586C54025880540258B4
:20384000945402583F960016405902583F8200104009024080B489B000AF7860396000233C
:20386000FB61894B7B6194E13B681A680121FB6901FA03F313403B613B69002B00F0868176
:203880003B685B6803F00303012B05D03B685B6803F00303022B30D17B689B68BB61FB69D5
:2038A0005B00032202FA03F3DB43BA691340BB613B68DA68FB695B0002FA03F3BA691343D7
:2038C000BB617B68BA699A607B685B68BB610122FB6902FA03F3DB43BA691340BB613B683E
:2038E0005B681B0903F00102FB6902FA03F3BA691343BB617B68BA695A603B685B6803F0E7
:203900000303032B17D07B68DB68BB61FB695B00032202FA03F3DB43BA691340BB613B6821
:203920009A68FB695B0002FA03F3BA691343BB617B68BA69DA603B685B6803F00303022B73
:2039400023D1FB69DA087B68083253F82230BB61FB6903F007039B000F2202FA03F3DB431A
:20396000BA691340BB613B681A69FB6903F007039B0002FA03F3BA691343BB61FB69DA08C6
:203980007B680832B96943F822107B681B68BB61FB695B00032202FA03F3DB43BA6913408F
:2039A000BB613B685B6803F00302FB695B0002FA03F3BA691343BB617B68BA691A603B6824
:2039C0005B6803F44033002B00F0E0802F4BD3F8F4302E4A43F00203C2F8F4302B4BD3F807
:2039E000F43003F00203FB60FB68294AFB699B08023352F82330BB61FB6903F003039B008D
:203A00000F2202FA03F3DB43BA691340BB617B68204A934252D07B681F4A934231D07B688A
:203A20001E4A93422BD07B681D4A934225D07B681C4A93421FD07B681B4A934219D07B6844
:203A40001A4A934213D07B68194A93420DD07B68184A934207D07B68174A934201D109234A
:203A60002DE00A232BE0082329E0072327E0062325E0052323E0042321E003231FE00223D1
:203A80001DE001231BE000BFC000005800440258000400580000025800040258000802581F
:203AA000000C0258001002580014025800180258001C025800200258002402580023FA6962
:203AC00002F0030292009340BA691343BB613849FB699B080233BA6941F823204FF0B04367
:203AE0001B68BB613B69DB43BA691340BB613B685B6803F48013002B03D0BA693B691343C8
:203B0000BB614FF0B042BB6913604FF0B0435B68BB613B69DB43BA691340BB613B685B68F6
:203B200003F40013002B03D0BA693B691343BB614FF0B042BB6953607B695B68BB613B69D5
:203B4000DB43BA691340BB613B685B6803F40033002B03D0BA693B691343BB617B69BA69E7
:203B60005A607B691B68BB613B69DB43BA691340BB613B685B6803F48033002B03D0BA6983
:203B80003B691343BB617B69BA691A60FB690133FB613B681A68FB6922FA03F3002B7FF461
:203BA00063AE00BF00BF2437BD465DF8047B70470004005880B485B000AF78600B467B80F5
:203BC0007B681A697B881340002B02D00123FB7301E00023FB73FB7B18461437BD465DF8B1
:203BE000047B704780B483B000AF78600B467B8013467B707B78002B03D07A887B689A6140
:203C000003E07B881A047B689A6100BF0C37BD465DF8047B7047000080B483B000AF786044
:203C2000084A7B68203352F82330074A934201D1002300E0012318460C37BD465DF8047BC8
:203C4000704700BF006402580001008080B483B000AF7860396006493B6843F480727B682A
:203C600041F8232000BF0C37BD465DF8047B70470064025880B483B000AF7860054B1A68BA
:203C800004497B6813430B6000BF0C37BD465DF8047B70471065025880B582B000AF0A4B69
:203CA000DB687B60084B1A687B68DB43064913400B60054A7B6853607868F7F7C9FE00BFCA
:203CC0000837BD4680BD00BF1065025880B582B000AF78607B68002B01D101238DE07B6895
:203CE00093F84130DBB2002B06D17B68002283F840207868FAF76EFA7B68242283F841201B
:203D00007B681B681A687B681B6822F001021A607B685A687B681B6822F070621A617B6879
:203D20001B689A687B681B6822F400429A607B68DB68012B07D17B689A687B681B6842F49B
:203D400000429A6006E07B689A687B681B6842F404429A607B68DB68022B08D17B681B68EE
:203D60005A687B681B6842F400625A6007E07B681B685A687B681B6822F400625A607B683F
:203D80001B685B687A68126843F0007343F4004353607B681B68DA687B681B6822F4004248
:203DA000DA607B681A697B685B6942EA03017B689B691A027B681B680A43DA607B68D96977
:203DC0007B681A6A7B681B680A431A607B681B681A687B681B6842F001021A607B6800224D
:203DE0005A647B68202283F841207B6800221A637B68002283F84220002318460837BD46DD
:203E000080BD000080B588B002AFF8607A601A460B467B8113463B81FB6893F84130DBB267
:203E2000202B40F0FD80FB6893F84030012B01D10223F6E0FB68012283F84020FBF70EF8DA
:203E400038613B690093192301224FF40041F86800F0EAFB0346002B01D00123E1E0FB68ED
:203E6000212283F84120FB68102283F84220FB6800225A64FB687A685A62FB683A895A8568
:203E8000FB6800225A63FB685B8D9BB2FF2B06D9FB68FF221A854FF080737B6107E0FB68C4
:203EA0005B8D9AB2FB681A854FF000737B61FB681B8D002B24D0FB685B6A1A78FB681B6874
:203EC0009A62FB685B6A5A1CFB685A62FB685B8D9BB2013B9AB2FB685A85FB681B8D013B80
:203EE0009AB2FB681A85FB681B8DDBB20133DAB279894E4B00937B69F86800F059FD66E01E
:203F0000FB681B8DDAB27989484B00937B69F86800F04EFD5BE03A69396AF86800F0DDFBBA
:203F20000346002B01D001237BE0FB685B6A1A78FB681B689A62FB685B6A5A1CFB685A6264
:203F4000FB685B8D9BB2013B9AB2FB685A85FB681B8D013B9AB2FB681A85FB685B8D9BB2D2
:203F6000002B34D0FB681B8D002B30D13B6900933B6A00228021F86800F056FB0346002B27
:203F800001D001234DE0FB685B8D9BB2FF2B0ED9FB68FF221A85FB681B8DDAB27989002377
:203FA00000934FF08073F86800F002FD0FE0FB685B8D9AB2FB681A85FB681B8DDAB27989CC
:203FC000002300934FF00073F86800F0F1FCFB685B8D9BB2002B9ED13A69396AF86800F074
:203FE000C3FB0346002B01D001231AE0FB681B682022DA61FB681B685968FB681A680C4B5A
:204000000B405360FB68202283F84120FB68002283F84220FB68002283F84020002300E05C
:20402000022318461837BD4680BD00BF0020008000E800FE80B588B002AFF860084611460E
:204040001A4603467B810B463B811346FB80FB6893F84130DBB2202B40F0F9803B6A002B2A
:2040600002D0BB8C002B05D1FB684FF400725A640123EDE0FB6893F84030012B01D10223DE
:20408000E6E0FB68012283F84020FAF7E7FE78617B690093192301224FF40041F86800F0A0
:2040A000C3FA0346002B01D00123D1E0FB68212283F84120FB68402283F84220FB68002280
:2040C0005A64FB683A6A5A62FB68BA8C5A85FB6800225A63F8883A8979897B690193BB6AB3
:2040E00000930346F86800F0D3F90346002B05D0FB68002283F840200123A9E0FB685B8D27
:204100009BB2FF2B0ED9FB68FF221A85FB681B8DDAB27989002300934FF08073F86800F04D
:2041200047FC0FE0FB685B8D9AB2FB681A85FB681B8DDAB27989002300934FF00073F86853
:2041400000F036FC7A69B96AF86800F0C6FA0346002B01D001237BE0FB685B6A1A78FB6846
:204160001B689A62FB685B6A5A1CFB685A62FB685B8D9BB2013B9AB2FB685A85FB681B8D96
:20418000013B9AB2FB681A85FB685B8D9BB2002B34D0FB681B8D002B30D17B690093BB6AFB
:2041A00000228021F86800F03FFA0346002B01D001234DE0FB685B8D9BB2FF2B0ED9FB6811
:2041C000FF221A85FB681B8DDAB27989002300934FF08073F86800F0EBFB0FE0FB685B8D2E
:2041E0009AB2FB681A85FB681B8DDAB27989002300934FF00073F86800F0DAFBFB685B8D00
:204200009BB2002B9ED17A69B96AF86800F0ACFA0346002B01D001231AE0FB681B68202230
:20422000DA61FB681B685968FB681A680A4B0B405360FB68202283F84120FB68002283F8E3
:204240004220FB68002283F84020002300E0022318461837BD4680BD00E800FE80B588B034
:2042600002AFF860084611461A4603467B810B463B811346FB80FB6893F84130DBB2202BD3
:2042800040F0FD803B6A002B02D0BB8C002B05D1FB684FF400725A640123F1E0FB6893F8CE
:2042A0004030012B01D10223EAE0FB68012283F84020FAF7D3FD78617B69009319230122D0
:2042C0004FF40041F86800F0AFF90346002B01D00123D5E0FB68222283F84120FB684022FC
:2042E00083F84220FB6800225A64FB683A6A5A62FB68BA8C5A85FB6800225A63F8883A89CE
:2043000079897B690193BB6A00930346F86800F013F90346002B05D0FB68002283F840201D
:204320000123ADE0FB685B8D9BB2FF2B0ED9FB68FF221A85FB681B8DDAB27989524B009337
:204340004FF08073F86800F033FB0FE0FB685B8D9AB2FB681A85FB681B8DDAB279894A4BF7
:2043600000934FF00073F86800F022FB7B690093BB6A00220421F86800F056F90346002B95
:2043800001D001237CE0FB681B685A6AFB685B6AD2B21A70FB685B6A5A1CFB685A62FB68CC
:2043A0001B8D013B9AB2FB681A85FB685B8D9BB2013B9AB2FB685A85FB685B8D9BB2002BA6
:2043C00034D0FB681B8D002B30D17B690093BB6A00228021F86800F027F90346002B01D08E
:2043E00001234DE0FB685B8D9BB2FF2B0ED9FB68FF221A85FB681B8DDAB279890023009351
:204400004FF08073F86800F0D3FA0FE0FB685B8D9AB2FB681A85FB681B8DDAB27989002309
:2044200000934FF00073F86800F0C2FAFB685B8D9BB2002B9AD17A69B96AF86800F094F91A
:204440000346002B01D001231AE0FB681B682022DA61FB681B685968FB681A680B4B0B4069
:204460005360FB68202283F84120FB68002283F84220FB68002283F84020002300E002231E
:2044800018461837BD4680BD0024008000E800FE80B586B002AFF860084611461A460346E3
:2044A0007B810B463B811346FB80FB88DAB27989204B00934FF08073F86800F079FAFA69B8
:2044C000B969F86800F009F90346002B01D001232CE0FB88012B05D13B89DAB2FB681B6838
:2044E0009A6215E03B891B0A9BB2DAB2FB681B689A62FA69B969F86800F0EFF80346002BF7
:2045000001D0012312E03B89DAB2FB681B689A62FB690093BB6900228021F86800F084F8D8
:204520000346002B01D0012300E0002318461037BD4680BD0020008080B586B002AFF86016
:20454000084611461A4603467B810B463B811346FB80FB88DAB27989204B00930023F8689E
:2045600000F026FAFA69B969F86800F0B6F80346002B01D001232CE0FB88012B05D13B89EA
:20458000DAB2FB681B689A6215E03B891B0A9BB2DAB2FB681B689A62FA69B969F86800F03F
:2045A0009CF80346002B01D0012312E03B89DAB2FB681B689A62FB690093BB69002240213C
:2045C000F86800F031F80346002B01D0012300E0002318461037BD4680BD00BF00200080B2
:2045E00080B483B000AF78607B681B689B6903F00203022B03D17B681B6800229A627B6803
:204600001B689B6903F00103012B07D07B681B689A697B681B6842F001029A6100BF0C3718
:20462000BD465DF8047B704780B584B000AFF860B9603B601346FB713BE0BA693968F868C4
:2046400000F0D6F80346002B01D0012341E03B68B3F1FF3F2DD0FAF701FC0246BB69D31A49
:204660003A689A4202D33B68002B22D1FB681B689A69BB681340BA689A420CBF01230023B7
:20468000DBB21A46FB799A4213D1FB685B6C43F02002FB685A64FB68202283F84120FB6875
:2046A000002283F84220FB68002283F8402001230FE0FB681B689A69BB681340BA689A422B
:2046C0000CBF01230023DBB21A46FB799A42B4D0002318461037BD4680BD80B584B000AFE7
:2046E000F860B9607A6033E07A68B968F86800F07FF80346002B01D0012331E0BB68B3F151
:20470000FF3F25D0FAF7AAFB02467B68D31ABA689A4202D3BB68002B1AD1FB681B689B69C2
:2047200003F00203022B13D0FB685B6C43F02002FB685A64FB68202283F84120FB680022CB
:2047400083F84220FB68002283F84020012307E0FB681B689B6903F00203022BC4D100234A
:2047600018461037BD4680BD80B584B000AFF860B9607A602FE07A68B968F86800F038F85F
:204780000346002B01D001232DE0FAF767FB02467B68D31ABA689A4202D3BB68002B1AD12C
:2047A000FB681B689B6903F02003202B13D0FB685B6C43F02002FB685A64FB68202283F80B
:2047C0004120FB68002283F84220FB68002283F84020012307E0FB681B689B6903F02003AB
:2047E000202BC8D1002318461037BD4680BD000080B58AB000AFF860B9607A60002387F8C2
:204800002730FB681B689B69BB6100233B627B68FB61BB6903F01003002B68D0FB681B68C9
:204820001022DA6149E0BB68B3F1FF3F45D0FAF715FB0246FB69D31ABA689A4202D3BB6838
:20484000002B3AD1FB681B685B6803F480437B61FB6893F84230FB74FB681B689B6903F433
:204860000043B3F5004F21D17B69B3F5804F1DD0FB7C202B1AD0FB681B685A68FB681B688A
:2048800042F480425A60FAF7E9FAF8610EE0FAF7E5FA0246FB69D31A192B07D93B6A43F0E6
:2048A00020033B62012387F8273006E0FB681B689B6903F02003202BE9D1FB681B689B6969
:2048C00003F02003202B03D097F82730002BAAD097F82730002B03D1FB681B682022DA61D1
:2048E0003B6A43F004033B62012387F82730FB681B689B69BB61BB6903F48073002B0BD028
:204900003B6A43F001033B62FB681B684FF48072DA61012387F82730BB6903F48063002BA5
:204920000BD03B6A43F008033B62FB681B684FF48062DA61012387F82730BB6903F400734E
:20494000002B0BD03B6A43F002033B62FB681B684FF40072DA61012387F8273097F8273021
:20496000002B1CD0F868FFF73BFEFB681B685968FB681A680D4B0B405360FB685A6C3B6AE1
:204980001A43FB685A64FB68202283F84120FB68002283F84220FB68002283F8402097F8C7
:2049A000273018462837BD4680BD00BF00E800FE80B487B000AFF8607B600B467B8113460B
:2049C0007B727B89C3F309027B7A1B0403F47F031A437B681A433B6A134323F000437B61CE
:2049E000FB681B685A683B6A5B0D03F48061084B0B43DB4302EA0301FB681B687A690A4365
:204A00005A6000BF1C37BD465DF8047B704700BFFF63FF0380B483B000AF786039607B68AF
:204A200093F84130DBB2202B38D17B6893F84030012B01D1022332E07B68012283F84020A5
:204A40007B68242283F841207B681B681A687B681B6822F001021A607B681B681A687B68A9
:204A60001B6822F480521A607B681B6819687B681B683A680A431A607B681B681A687B68D0
:204A80001B6842F001021A607B68202283F841207B68002283F84020002300E0022318467D
:204AA0000C37BD465DF8047B704780B485B000AF786039607B6893F84130DBB2202B39D1DB
:204AC0007B6893F84030012B01D1022333E07B68012283F840207B68242283F841207B68F9
:204AE0001B681A687B681B6822F001021A607B681B681B68FB60FB6823F47063FB603B682D
:204B00001B02FA681343FB607B681B68FA681A607B681B681A687B681B6842F001021A6026
:204B20007B68202283F841207B68002283F84020002300E0022318461437BD465DF8047BEC
:204B40007047000080B584B000AFF8600B467A60FB72374B1B6823F001023549FB68134344
:204B60000B607B68002B23D1FCF71AF80346032B58D12F4B1B692E4A23F0010313612D4BAA
:204B80001B692C4A43F004031361BFF34F8F00BFBFF36F8F00BFFB7A012B01D130BF00E06D
:204BA00020BF244B1B69234A23F0040313613CE07B68012B23D1FBF7F3FF0346012B33D1AC
:204BC0001B4B5B691A4A23F002035361194B1B69184A43F004031361BFF34F8F00BFBFF382
:204BE0006F8F00BFFB7A012B01D130BF00E020BF104B1B690F4A23F00403136115E0FBF72A
:204C0000CFFF0346032B06D1094B1B69084A23F00403136109E0064B5B69054A23F0040359
:204C2000536102E000BF00E000BF1037BD4680BD0048025800ED00E080B500AFFBF7B0FF05
:204C40000346032B01D120BF01E040BF20BF00BF80BD000080B489B000AFB34B1B6903F0E0
:204C60003803182B00F2558101A252F823F000BFD54C1108134F1108134F1108134F110884
:204C8000134F1108134F1108134F1108134F1108FB4C1108134F1108134F1108134F110857
:204CA000134F1108134F1108134F1108134F1108014D1108134F1108134F1108134F110830
:204CC000134F1108134F1108134F1108134F1108074D1108944B1B6803F02003002B09D0FF
:204CE000914B1B68DB0803F00303904A22FA03F3BB6111E18D4BBB610EE18D4BBB610BE1BC
:204D00008C4BBB6108E1884B9B6A03F003037B61854B9B6A1B0903F03F033B61824BDB6A2E
:204D200003F00103FB60804B5B6BDB08C3F30C03FA6802FB03F307EE903AF8EE677AC7ED59
:204D4000027A3B69002B00F0E1807B69022B00F083807B69022B00F2A1807B69002B03D0AD
:204D60007B69012B56D099E06F4B1B6803F02003002B2DD06C4B1B68DB0803F003036B4A3E
:204D800022FA03F37B607B6807EE903AF8EE676A3B6907EE903AF8EE677A86EEA77A624B61
:204DA0001B6BC3F3080307EE903AF8EE676A97ED026ADFED615AC6EE257A76EEA77AF7EE02
:204DC000006A77EEA67A67EE277AC7ED077A87E03B6907EE903AF8EE677ADFED586A86EE26
:204DE000A77A514B1B6BC3F3080307EE903AF8EE676A97ED026ADFED505AC6EE257A76EE1C
:204E0000A77AF7EE006A77EEA67A67EE277AC7ED077A65E03B6907EE903AF8EE677ADFED37
:204E2000486A86EEA77A404B1B6BC3F3080307EE903AF8EE676A97ED026ADFED3F5AC6EEDA
:204E4000257A76EEA77AF7EE006A77EEA67A67EE277AC7ED077A43E03B6907EE903AF8EEC3
:204E6000677ADFED386A86EEA77A2F4B1B6BC3F3080307EE903AF8EE676A97ED026ADFED5B
:204E80002E5AC6EE257A76EEA77AF7EE006A77EEA67A67EE277AC7ED077A21E03B6907EE19
:204EA000903AF8EE677ADFED266A86EEA77A1E4B1B6BC3F3080307EE903AF8EE676A97EDC6
:204EC000026ADFED1D5AC6EE257A76EEA77AF7EE006A77EEA67A67EE277AC7ED077A00BF8D
:204EE000114B1B6B5B0A03F07F0301333B603B6807EE903AB8EE677AD7ED076AC6EE877A54
:204F0000FCEEE77A17EE903ABB6105E00023BB6102E0074BBB6100BFBB6918462437BD4648
:204F20005DF8047B704700BF004402580090D00300093D0040787D01000000460024744C80
:204F40000024744A20BCBE4B80B582B000AFFFF781FE0246114B9B691B0A03F00F031049D4
:204F6000CB5C03F01F0322FA03F37B600B4B9B6903F00F030A4AD35C03F01F037A6822FA13
:204F800003F3084A1360074B1B68074A1360054B1B6818460837BD4680BD00BF00440258B0
:204FA000C8E31108040000100000001080B500AFFFF7CAFF0246064BDB691B0903F0070368
:204FC0000449CB5C03F01F0322FA03F3184680BD00440258C8E3110880B500AFFFF7B4FFAC
:204FE0000246064BDB691B0A03F007030449CB5C03F01F0322FA03F3184680BD00440258DE
:20500000C8E3110880B483B000AF786039607B683F221A601A4B1B6903F007027B685A6005
:20502000174B9B6903F470627B689A60144B9B6903F00F027B68DA60114B9B6903F070021B
:205040007B681A610E4BDB6903F070027B685A610B4BDB6903F4E0627B689A61084B1B6AC9
:2050600003F070027B68DA61064B1B6803F00F023B681A6000BF0C37BD465DF8047B704728
:2050800000440258002000522DE9B04FCCB000AFC7F81C01002387F82F31002387F82E31E1
:2050A000D7F81C31D3E9002302F00064002554EA050349D0D7F81C31DB6EB3F5401F2FD0B0
:2050C000B3F5401F28D8B3F5001F1AD0B3F5001F22D8002B03D0B3F5801F07D01CE0B84B3C
:2050E000DB6AB74A43F40033D3621AE0D7F81C3108330221184602F0A1FB034687F82F3143
:205100000FE0D7F81C3128330221184602F048FC034687F82F3104E0012387F82F3100E083
:2051200000BF97F82F31002B0AD1A54B1B6D23F44011D7F81C31DB6EA14A0B43136503E0E2
:2051400097F82F3187F82E31D7F81C31D3E9002302F480784FF0000958EA090347D0D7F81D
:205160001C31DB6D042B2AD801A252F823F000BF8551110893511108A9511108C75111087A
:20518000C75111088E4BDB6A8D4A43F40033D3621AE0D7F81C3108330021184602F04EFB3F
:2051A000034687F82F310FE0D7F81C3128330021184602F0F5FB034687F82F3104E00123D0
:2051C00087F82F3100E000BF97F82F31002B0AD17B4B1B6D23F00701D7F81C31DB6D784ACD
:2051E0000B43136503E097F82F3187F82E31D7F81C31D3E9002302F4007A4FF0000B5AEA40
:205200000B034CD0D7F81C311B6EB3F5807F30D0B3F5807F29D8C02B2DD0C02B25D8802BF5
:2052200018D0802B21D8002B02D0402B07D01CE0634BDB6A624A43F40033D3621CE0D7F89E
:205240001C3108330021184602F0F8FA034687F82F3111E0D7F81C3128330021184602F062
:205260009FFB034687F82F3106E0012387F82F3102E000BF00E000BF97F82F31002B0AD14E
:205280004F4B1B6D23F4E071D7F81C311B6E4C4A0B43136503E097F82F3187F82E31D7F804
:2052A0001C31D3E9002302F48063C7F810310023C7F81431D7E944120B46134353D0D7F813
:2052C0001C31D3F8AC30B3F5000F35D0B3F5000F2ED8B3F5C00F31D0B3F5C00F28D8B3F5CA
:2052E000800F1AD0B3F5800F22D8002B03D0B3F5001F07D01CE0324BDB6A314A43F40033C5
:20530000D3621CE0D7F81C3108330021184602F095FA034687F82F3111E0D7F81C31283375
:205320000021184602F03CFB034687F82F3106E0012387F82F3102E000BF00E000BF97F8E5
:205340002F31002B0BD11E4B9B6D23F46001D7F81C31D3F8AC301A4A0B43936503E097F81E
:205360002F3187F82E31D7F81C31D3E9002302F40063C7F808310023C7F80C31D7E9421270
:205380000B46134356D0D7F81C31D3F8B030B3F1806F38D0B3F1806F31D8B3F1407F34D0DB
:2053A000B3F1407F2BD8B3F1007F1DD0B3F1007F25D8002B06D0B3F1807F0AD01FE000BF1B
:2053C00000440258A24BDB6AA14A43F40033D3621CE0D7F81C3108330021184602F02EFA87
:2053E000034687F82F3111E0D7F81C3128330021184602F0D5FA034687F82F3106E00123AB
:2054000087F82F3102E000BF00E000BF97F82F31002B0BD18E4B9B6D23F0E061D7F81C3126
:20542000D3F8B0308A4A0B43936503E097F82F3187F82E31D7F81C31D3E9002302F0007397
:20544000C7F800310023C7F80431D7E940120B4613433AD0D7F81C31DB6C302B1FD0302B7A
:2054600019D8202B0CD0202B15D8002B19D0102B11D1774BDB6A764A43F40033D36211E054
:20548000D7F81C3108330221184602F0D7F9034687F82F3106E0012387F82F3102E000BFC0
:2054A00000E000BF97F82F31002B0AD1684BDB6C23F03001D7F81C31DB6C654A0B43D36483
:2054C00003E097F82F3187F82E31D7F81C31D3E9002302F48053C7F8F8300023C7F8FC3063
:2054E000D7E93E120B46134351D0D7F81C315B6EB3F5804F35D0B3F5804F2ED8B3F5405FAF
:2055000031D0B3F5405F28D8B3F5005F1AD0B3F5005F22D8002B03D0B3F5805F07D01CE0F9
:205520004B4BDB6A4A4A43F40033D3621CE0D7F81C3108330021184602F080F9034687F858
:205540002F3111E0D7F81C3128330021184602F027FA034687F82F3106E0012387F82F31E0
:2055600002E000BF00E000BF97F82F31002B0AD1374B1B6D23F4E041D7F81C315B6E344A51
:205580000B43136503E097F82F3187F82E31D7F81C31D3E9002302F40053C7F8F03000234F
:2055A000C7F8F430D7E93C120B46134356D0D7F81C319B6EB3F5A02F33D0B3F5A02F2CD813
:2055C000B3F5802F2FD0B3F5802F26D8B3F5403F2BD0B3F5403F20D8B3F5003F12D0B3F56E
:2055E000003F1AD8002B22D0B3F5803F15D1D7F81C3108330121184602F020F9034687F866
:205600002F3115E0D7F81C3128330121184602F0C7F9034687F82F310AE0012387F82F3177
:2056200006E000BF04E000BF02E000BF00E000BF97F82F31002B0DD1054B1B6D23F4E021FA
:20564000D7F81C319B6E024A0B43136506E000BF0044025897F82F3187F82E31D7F81C31E7
:20566000D3E9002302F48043C7F8E8300023C7F8EC30D7E93A120B46134355D0D7F81C31C9
:20568000D3F8B430B3F1A04F33D0B3F1A04F2CD8B3F1804F2FD0B3F1804F26D8B3F1405F08
:2056A0002BD0B3F1405F20D8B3F1005F12D0B3F1005F1AD8002B22D0B3F1805F15D1D7F885
:2056C0001C3108330121184602F0B8F8034687F82F3115E0D7F81C3128330121184602F01A
:2056E0005FF9034687F82F310AE0012387F82F3106E000BF04E000BF02E000BF00E000BFB5
:2057000097F82F31002B0BD1B74B9B6D23F0E041D7F81C31D3F8B430B34A0B43936503E064
:2057200097F82F3187F82E31D7F81C31D3E9002302F08063C7F8E0300023C7F8E430D7E947
:2057400038120B4613432AD0D7F81C311B6D002B11D0B3F5807F0AD1D7F81C3108330121B3
:20576000184602F06BF8034687F82F3104E0012387F82F3100E000BF97F82F31002B0AD1D3
:20578000994BDB6C23F48071D7F81C311B6D964A0B43D36403E097F82F3187F82E31D7F84E
:2057A0001C31D3E9002302F40043C7F8D8300023C7F8DC30D7E936120B46134337D0D7F84A
:2057C0001C315B6FB3F1005F0ED0B3F1005F16D8002B18D0B3F1805F11D1834BDB6A824A89
:2057E00043F40033D3620FE0D7F81C3108330121184602F023F8034687F82F3104E0012307
:2058000087F82F3100E000BF97F82F31002B0AD1754B1B6D23F04051D7F81C315B6F724A87
:205820000B43136503E097F82F3187F82E31D7F81C31D3E9002302F08073C7F8D030002330
:20584000C7F8D430D7E934120B4613433AD0D7F81C319B6C032B1DD801A252F823F000BFC9
:205860009D581108715811087F5811089D5811085D4BDB6A5C4A43F40033D3620FE0D7F84A
:205880001C3108330221184601F0D8FF034687F82F3104E0012387F82F3100E000BF97F8FA
:2058A0002F31002B0AD1504BDB6C23F00301D7F81C319B6C4C4A0B43D36403E097F82F3179
:2058C00087F82E31D7F81C31D3E9002302F48003C7F8C8300023C7F8CC30D7E932120B468C
:2058E000134300F0A080414B1B68404A43F480731360F9F7B3FAC7F828010BE0F9F7AEFA04
:205900000246D7F82831D31A642B03D9032387F82F3105E0354B1B6803F48073002BEDD000
:2059200097F82F31002B7AD12F4B1A6FD7F81C31D3F8B830534003F44073002B15D02A4B6E
:205940001B6F23F44073C7F82431274B1B6F264A43F480331367244B1B6F234A23F48033DF
:205960001367214AD7F824311367D7F81C31D3F8B830B3F5807F18D1F9F770FAC7F8280103
:205980000DE0F9F76BFA0246D7F82831D21A41F288339A4203D9032387F82F3105E0124B7C
:2059A0001B6F03F00203002BEBD097F82F31002B30D1D7F81C31D3F8B83003F44073B3F543
:2059C000407F15D1084B1B6923F47C51D7F81C31D3F8B8301B0923F07F4323F03003024A0D
:2059E0000B4313610AE000BF0044025800480258D44B1B69D34A23F47C531361D14B196F3E
:205A0000D7F81C31D3F8B830C3F30B03CD4A0B43136708E097F82F3187F82E3103E097F8ED
:205A20002F3187F82E31D7F81C31D3E9002302F00103C7F8C0300023C7F8C430D7E93012B0
:205A40000B46134300F08B80D7F81C31D3F88030282B6BD801A252F823F000BF355B11080F
:205A60002D5B11082D5B11082D5B11082D5B11082D5B11082D5B11082D5B1108015B11084A
:205A80002D5B11082D5B11082D5B11082D5B11082D5B11082D5B11082D5B1108175B110814
:205AA0002D5B11082D5B11082D5B11082D5B11082D5B11082D5B11082D5B1108355B1108D6
:205AC0002D5B11082D5B11082D5B11082D5B11082D5B11082D5B11082D5B1108355B1108B6
:205AE0002D5B11082D5B11082D5B11082D5B11082D5B11082D5B11082D5B1108355B110896
:205B0000D7F81C3108330121184601F097FE034687F82F310FE0D7F81C312833012118461A
:205B200001F03EFF034687F82F3104E0012387F82F3100E000BF97F82F31002B0BD1814BC7
:205B40005B6D23F03801D7F81C31D3F880307D4A0B43536503E097F82F3187F82E31D7F84E
:205B60001C31D3E9002302F00203C7F8B8300023C7F8BC30D7E92E120B46134342D0D7F805
:205B80001C31DB6F052B25D801A252F823F000BFDD5B1108A95B1108BF5B1108DD5B110890
:205BA000DD5B1108DD5B1108D7F81C3108330121184601F043FE034687F82F310FE0D7F854
:205BC0001C3128330121184601F0EAFE034687F82F3104E0012387F82F3100E000BF97F887
:205BE0002F31002B0AD1574B5B6D23F00701D7F81C31DB6F534A0B43536503E097F82F31DF
:205C000087F82E31D7F81C31D3E9002302F00403C7F8B0300023C7F8B430D7E92C120B46FE
:205C2000134344D0D7F81C31D3F89830052B25D801A252F823F000BF855C1108515C11089F
:205C4000675C1108855C1108855C1108855C1108D7F81C3108330121184601F0EFFD03467D
:205C600087F82F310FE0D7F81C3128330121184601F096FE034687F82F3104E0012387F82B
:205C80002F3100E000BF97F82F31002B0BD12D4B9B6D23F00701D7F81C31D3F89830294A52
:205CA0000B43936503E097F82F3187F82E31D7F81C31D3E9002302F02003C7F8A830002324
:205CC000C7F8AC30D7E92A120B46134357D0D7F81C31D3F89430B3F1A04F35D0B3F1A04F89
:205CE0002CD8B3F1804F31D0B3F1804F26D8B3F1405F2DD0B3F1405F20D8B3F1005F12D05B
:205D0000B3F1005F1AD8002B24D0B3F1805F15D1D7F81C3108330021184601F08FFD03466A
:205D200087F82F3117E0D7F81C3128330221184601F036FE034687F82F310CE0012387F8B9
:205D40002F3108E00044025800BF04E000BF02E000BF00E000BF97F82F31002B0BD1C24BB8
:205D60005B6D23F0E041D7F81C31D3F89430BE4A0B43536503E097F82F3187F82E31D7F8EF
:205D80001C31D3E9002302F04003C7F8A0300023C7F8A430D7E928120B46134355D0D7F8C8
:205DA0001C31D3F8A030B3F5A05F33D0B3F5A05F2CD8B3F5805F2FD0B3F5805F26D8B3F5F3
:205DC000406F2BD0B3F5406F20D8B3F5006F12D0B3F5006F1AD8002B22D0B3F5806F15D12E
:205DE000D7F81C3108330021184601F027FD034687F82F3115E0D7F81C31283302211846A3
:205E000001F0CEFD034687F82F310AE0012387F82F3106E000BF04E000BF02E000BF00E0E8
:205E200000BF97F82F31002B0BD18F4B9B6D23F4E051D7F81C31D3F8A0308B4A0B439365B1
:205E400003E097F82F3187F82E31D7F81C31D3E9002302F08003C7F898300023C7F89C30ED
:205E6000D7E926120B46134355D0D7F81C31D3F8A430B3F5204F33D0B3F5204F2CD8B3F5C6
:205E8000004F2FD0B3F5004F26D8B3F5C04F2BD0B3F5C04F20D8B3F5804F12D0B3F5804F8E
:205EA0001AD8002B22D0B3F5005F15D1D7F81C3108330021184601F0C1FC034687F82F313A
:205EC00015E0D7F81C3128330221184601F068FD034687F82F310AE0012387F82F3106E084
:205EE00000BF04E000BF02E000BF00E000BF97F82F31002B0BD15C4B9B6D23F46041D7F8D4
:205F00001C31D3F8A430584A0B43936503E097F82F3187F82E31D7F81C31D3E9002302F010
:205F20000803C7F890300023C7F89430D7E924120B4613431ED0D7F81C31D3F88830B3F55F
:205F4000805F0CD1D7F81C3128330221184601F027FD0346002B02D0012387F82E31424BA3
:205F60005B6D23F44051D7F81C31D3F888303E4A0B435365D7F81C31D3E9002302F0100384
:205F8000C7F888300023C7F88C30D7E922120B4613431ED0D7F81C31D3F89C30B3F5807F09
:205FA0000CD1D7F81C3128330221184601F0F8FC0346002B02D0012387F82E312A4B9B6D62
:205FC00023F44071D7F81C31D3F89C30264A0B439365D7F81C31D3E9002302F40023C7F8BD
:205FE00080300023C7F88430D7E920120B46134340D0D7F81C31D3F8A830B3F5003F22D01A
:20600000B3F5003F1BD8002B03D0B3F5803F0BD015E0D7F81C3108330021184601F00EFCA0
:20602000034687F82F310FE0D7F81C3128330221184601F0B5FC034687F82F3104E001237F
:2060400087F82F3100E000BF97F82F31002B0DD1054B9B6D23F44031D7F81C31D3F8A8302B
:20606000014A0B43936505E00044025897F82F3187F82E31D7F81C31D3E9002302F48023AB
:20608000BB670023FB67D7E91E120B4613433BD0D7F81C31D3F88C30B3F5401F1FD0B3F576
:2060A000401F18D8B3F5801F03D0B3F5001F07D011E0644BDB6A634A43F40033D3620FE0B9
:2060C000D7F81C3128330121184601F069FC034687F82F3104E0012387F82F3100E000BFC5
:2060E00097F82F31002B0BD1564B5B6D23F44011D7F81C31D3F88C30524A0B43536503E0B1
:2061000097F82F3187F82E31D7F81C31D3E9002302F480333B6700237B67D7E91C120B4628
:20612000134331D0D7F81C315B6D002B03D0B3F5803F07D011E0434BDB6A424A43F400332E
:20614000D3620EE0D7F81C3108330221184601F075FB034687F82F3103E0012387F82F31D5
:2061600000BF97F82F31002B0AD1364BDB6C23F48031D7F81C315B6D324A0B43D36403E013
:2061800097F82F3187F82E31D7F81C31D3E9002302F00053BB660023FB66D7E91A120B4610
:2061A00013430CD0D7F81C3128330221184601F0F7FB0346002B02D0012387F82E31D7F8BB
:2061C0001C31D3E9002302F400333B6600237B66D7E918120B4613433AD0D7F81C31D3F843
:2061E0008430B3F5407F18D0B3F5407F11D8B3F5007F14D0B3F5007F0BD8002B11D0B3F583
:20620000807F06D10F4BDB6A0E4A43F40033D36208E0012387F82F3104E000BF02E000BFE3
:2062200000E000BF97F82F31002B0DD1054B5B6D23F44071D7F81C31D3F88430014A0B43B3
:20624000536505E00044025897F82F3187F82E31D7F81C31D3E9002302F48013BB6500236F
:20626000FB65D7E916120B46134309D0AA4B1B6D23F00041D7F81C319B6FA74A0B431365A8
:20628000D7F81C31D3E9002302F080533B6500237B65D7E914120B4613430AD09E4B1B69C7
:2062A00023F48041D7F81C31D3F8BC309A4A0B431361D7F81C31D3E9002302F40013BB646A
:2062C0000023FB64D7E912120B46134309D0924B1B6D23F08071D7F81C311B6F8E4A0B43A3
:2062E0001365D7F81C31D3E9002302F080433B6400237B64D7E910120B4613430ED0864B9D
:206300001B69854A23F400431361834B1969D7F81C31D3F8C030804A0B431361D7F81C318D
:20632000D3E9002302F00043BB630023FB63D7E90E120B46134309D0774BDB6C23F040519D
:20634000D7F81C319B6D744A0B43D364D7F81C31D3E9002302F400033B6300237B63D7E983
:206360000C120B4613430AD06B4B5B6D23F44001D7F81C31D3F89030674A0B435365D7F87B
:206380001C31D3E900230021B96203F00103FB62D7E90A120B46134311D0D7F81C31083386
:2063A0000021184601F04AFA034687F82F3197F82F31002B03D097F82F3187F82E31D7F878
:2063C0001C31D3E900230021396203F002037B62D7E908120B46134311D0D7F81C31083347
:2063E0000121184601F02AFA034687F82F3197F82F31002B03D097F82F3187F82E31D7F857
:206400001C31D3E900230021B96103F00403FB61D7E906120B46134311D0D7F81C31083308
:206420000221184601F00AFA034687F82F3197F82F31002B03D097F82F3187F82E31D7F835
:206440001C31D3E900230021396103F008037B61D7E904120B46134311D0D7F81C312833A6
:206460000021184601F09CFA034687F82F3197F82F31002B03D097F82F3187F82E31D7F865
:206480001C31D3E900230021B96003F01003FB60D7E902120B46134311D0D7F81C31283362
:2064A0000121184601F07CFA034687F82F3197F82F31002B03D097F82F3187F82E31D7F844
:2064C0001C31D3E900230021396003F020037B60D7E900120B46134311D0D7F81C31283314
:2064E0000221184601F05CFA034687F82F3197F82F31002B03D097F82F3187F82E3197F863
:206500002E31002B01D1002300E00123184607F59877BD46BDE8B08F0044025880B590B095
:2065200000AFC7E90001D7E90023A2F580710B4340F094809E4B1B6D03F007033B633B6B4C
:20654000042B00F2878001A252F823F06165110889651108B16511084D661108D9651108DB
:20656000934B1B6803F00073B3F1007F08D107F12403184601F010F8BB6AFB6300F045BD6D
:206580000023FB6300F041BD894B1B6803F00063B3F1006F08D107F11803184600F054FD41
:2065A000BB69FB6300F031BD0023FB6300F02DBD7F4B1B6803F00053B3F1005F08D107F1B9
:2065C0000C03184600F094FEFB68FB6300F01DBD0023FB6300F019BD754BDB6C03F040536D
:2065E0007B63734B1B6803F00403042B0CD17B6B002B09D16E4B1B68DB0803F003036D4ABC
:2066000022FA03F3FB631FE0694B1B6803F48073B3F5807F06D17B6BB3F1805F02D1664B7F
:20662000FB6311E0624B1B6803F40033B3F5003F06D17B6BB3F1005F02D1604BFB6303E04B
:206640000023FB6300F0E1BC00F0DFBC5C4BFB6300F0DBBC0023FB6300F0D7BCD7E900232E
:20666000A2F500710B4340F0AD80514B1B6D03F4E0733B633B6BB3F5807F56D03B6BB3F59A
:20668000807F00F290803B6BC02B00F088803B6BC02B00F288803B6B802B32D03B6B802B41
:2066A00000F281803B6B002B03D03B6B402B14D079E03F4B1B6803F00073B3F1007F08D186
:2066C00007F12403184600F067FFBB6AFB6300F09CBC0023FB6300F098BC354B1B6803F061
:2066E0000063B3F1006F08D107F11803184600F0ABFCBB69FB6300F088BC0023FB6300F01C
:2067000084BC2B4B1B6803F00053B3F1005F08D107F10C03184600F0EBFDFB68FB6300F030
:2067200074BC0023FB6300F070BC214BDB6C03F040537B631E4B1B6803F00403042B0CD183
:206740007B6B002B09D11A4B1B68DB0803F00303184A22FA03F3FB631FE0154B1B6803F4DF
:206760008073B3F5807F06D17B6BB3F1805F02D1114BFB6311E00E4B1B6803F40033B3F513
:20678000003F06D17B6BB3F1005F02D10B4BFB6303E00023FB6300F038BC00F036BC084BF6
:2067A000FB6300F032BC0023FB6300F02EBC00BF004402580090D00300093D0040787D0106
:2067C0000080BB00D7E90023A2F580610B4340F09C809E4B9B6D03F460033B633B6BB3F552
:2067E000000F54D03B6BB3F5000F00F28B803B6BB3F5C00F00F083803B6BB3F5C00F00F2ED
:2068000081803B6BB3F5800F2FD03B6BB3F5800F78D83B6B002B04D03B6BB3F5001F12D07A
:2068200070E08A4B1B6803F00073B3F1007F07D107F12403184600F0AFFEBB6AFB63E4E3EB
:206840000023FB63E1E3814B1B6803F00063B3F1006F07D107F11803184600F0F5FBBB69EE
:20686000FB63D2E30023FB63CFE3784B1B6803F00053B3F1005F07D107F10C03184600F016
:2068800037FDFB68FB63C0E30023FB63BDE36F4BDB6C03F040537B636C4B1B6803F00403A6
:2068A000042B0CD17B6B002B09D1684B1B68DB0803F00303664A22FA03F3FB631EE0634B03
:2068C0001B6803F48073B3F5807F06D17B6BB3F1805F02D15F4BFB6310E05C4B1B6803F478
:2068E0000033B3F5003F06D17B6BB3F1005F02D1594BFB6302E00023FB6386E385E3574B13
:20690000FB6382E30023FB637FE3D7E90023A2F500610B4340F0A7804C4B9B6D03F0E0637C
:206920003B633B6BB3F1806F55D03B6BB3F1806F00F296803B6BB3F1407F00F084803B6B77
:20694000B3F1407F00F28C803B6BB3F1007F30D03B6BB3F1007F00F283803B6B002B04D0AA
:206960003B6BB3F1807F12D07AE0384B1B6803F00073B3F1007F07D107F12403184600F0BE
:206980000BFEBB6AFB6340E30023FB633DE32F4B1B6803F00063B3F1006F07D107F1180356
:2069A000184600F051FBBB69FB632EE30023FB632BE3264B1B6803F00053B3F1005F07D106
:2069C00007F10C03184600F093FCFB68FB631CE30023FB6319E31D4BDB6C03F040537B6383
:2069E0001A4B1B6803F00403042B0CD17B6B002B09D1164B1B68DB0803F00303144A22FA84
:206A000003F3FB631EE0114B1B6803F48073B3F5807F06D17B6BB3F1805F02D10D4BFB63EB
:206A200010E00A4B1B6803F40033B3F5003F06D17B6BB3F1005F02D1074BFB6302E0002335
:206A4000FB63E2E2E1E2054BFB63DEE2004402580090D00300093D0040787D010080BB002B
:206A60000023FB63D1E2D7E90023A2F580510B4340F09C80934B1B6D03F4E043BB63BB6B39
:206A8000B3F5804F54D0BB6BB3F5804F00F28B80BB6BB3F5405F00F08380BB6BB3F5405FF4
:206AA00000F28180BB6BB3F5005F2FD0BB6BB3F5005F78D8BB6B002B04D0BB6BB3F5805F68
:206AC00012D070E07F4B1B6803F00073B3F1007F07D107F12403184600F05EFDBB6AFB638B
:206AE00093E20023FB6390E2764B1B6803F00063B3F1006F07D107F11803184600F0A4FAAA
:206B0000BB69FB6381E20023FB637EE26D4B1B6803F00053B3F1005F07D107F10C031846EE
:206B200000F0E6FBFB68FB636FE20023FB636CE2644BDB6C03F040537B63624B1B6803F026
:206B40000403042B0CD17B6B002B09D15D4B1B68DB0803F003035C4A22FA03F3FB631EE01C
:206B6000584B1B6803F48073B3F5807F06D17B6BB3F1805F02D1554BFB6310E0514B1B683E
:206B800003F40033B3F5003F06D17B6BB3F1005F02D14F4BFB6302E00023FB6335E234E2C9
:206BA0004C4BFB6331E20023FB632EE2D7E90023A2F500510B4340F08F80424B1B6D03F4D8
:206BC000E023BB63BB6BB3F5A02F6BD0BB6BB3F5A02F74D8BB6BB3F5802F56D0BB6BB3F562
:206BE000802F6CD8BB6BB3F5403F3BD0BB6BB3F5403F64D8BB6BB3F5003F21D0BB6BB3F5F5
:206C0000003F5CD8BB6B002B04D0BB6BB3F5803F04D054E0FEF7CAF9F863F6E1294B1B6866
:206C200003F00063B3F1006F07D107F11803184600F00AFAFB69FB63E7E10023FB63E4E1DE
:206C4000204B1B6803F00053B3F1005F07D107F10C03184600F04CFB3B69FB63D5E10023AE
:206C6000FB63D2E1174B1B6803F00403042B09D1144B1B68DB0803F00303134A22FA03F3EE
:206C8000FB63C2E10023FB63BFE10E4B1B6803F48073B3F5807F02D10C4BFB63B5E1002324
:206CA000FB63B2E1074B1B6803F40033B3F5003F02D1074BFB63A8E10023FB63A5E10023C7
:206CC000FB63A2E1004402580090D00300093D0040787D010080BB00D7E90023A2F5002180
:206CE0000B4373D19C4B9B6D03F44033BB63BB6BB3F5003F2FD0BB6BB3F5003F63D8BB6B11
:206D0000002B04D0BB6BB3F5803F12D05BE0924B1B6803F00063B3F1006F07D107F1180316
:206D2000184600F091F9BB69FB636EE10023FB636BE1894B1B6803F00053B3F1005F07D165
:206D400007F10C03184600F0D3FA7B69FB635CE10023FB6359E1804BDB6C03F040537B6361
:206D60007D4B1B6803F00403042B0CD17B6B002B09D1794B1B68DB0803F00303774A22FAD7
:206D800003F3FB631EE0744B1B6803F48073B3F5807F06D17B6BB3F1805F02D1704BFB63A2
:206DA00010E06D4B1B6803F40033B3F5003F06D17B6BB3F1005F02D16A4BFB6302E00023EC
:206DC000FB6322E121E10023FB631EE1D7E90023A2F580310B4333D15F4BDB6C03F48033B8
:206DE000BB63BB6B002B04D0BB6BB3F5803F12D023E0594B1B6803F00073B3F1007F07D156
:206E000007F12403184600F0C7FBBB6AFB63FCE00023FB63F9E0504B1B6803F00063B3F172
:206E2000006F07D107F11803184600F00DF93B6AFB63EAE00023FB63E7E00023FB63E4E04A
:206E4000D7E90023A2F580410B4340F08D80424B9B6D03F0E043BB63BB6BB3F1A04F6BD0AF
:206E6000BB6BB3F1A04F74D8BB6BB3F1804F56D0BB6BB3F1804F6CD8BB6BB3F1405F3BD0FD
:206E8000BB6BB3F1405F64D8BB6BB3F1005F21D0BB6BB3F1005F5CD8BB6B002B04D0BB6B8B
:206EA000B3F1805F04D054E000F0B8F8F863ACE0294B1B6803F00063B3F1006F07D107F190
:206EC0001803184600F0C0F8FB69FB639DE00023FB639AE0204B1B6803F00053B3F1005F20
:206EE00007D107F10C03184600F002FA3B69FB638BE00023FB6388E0174B1B6803F0040334
:206F0000042B09D1144B1B68DB0803F00303134A22FA03F3FB6378E00023FB6375E00E4B56
:206F20001B6803F48073B3F5807F02D10C4BFB636BE00023FB6368E0074B1B6803F40033A2
:206F4000B3F5003F02D1074BFB635EE00023FB635BE00023FB6358E0004402580090D00313
:206F600000093D0040787D01D7E90023A2F500410B4348D1274B1B6D03F04053BB63BB6BAF
:206F8000B3F1005F2AD0BB6BB3F1005F38D8BB6B002B04D0BB6BB3F1805F0DD030E01D4B98
:206FA0001B6803F40033B3F5003F02D11A4BFB632BE00023FB6328E0164B1B6803F00073C9
:206FC000B3F1007F07D107F12403184600F0E4FABB6AFB6319E00023FB6316E00D4B1B689D
:206FE00003F00063B3F1006F07D107F11803184600F02AF8FB69FB6307E00023FB6304E0BF
:207000000023FB6301E00023FB63FB6B18464037BD4680BD0044025840787D0180B500AF5A
:20702000FDF792FF0246064B1B6A1B0903F007030449CB5C03F01F0322FA03F3184680BD56
:2070400000440258C8E3110880B489B000AF7860A14B9B6A03F00303BB619F4B9B6A1B0BBF
:2070600003F03F037B619C4BDB6A1B0903F001033B61994BDB6BDB08C3F30C033A6902FBAA
:2070800003F307EE903AF8EE677AC7ED037A7B69002B00F01181BB69022B00F08380BB694A
:2070A000022B00F2A180BB69002B03D0BB69012B56D099E0884B1B6803F02003002B2DD0EB
:2070C000854B1B68DB0803F00303844A22FA03F3BB60BB6807EE903AF8EE676A7B6907EE14
:2070E000903AF8EE677A86EEA77A7B4B9B6BC3F3080307EE903AF8EE676A97ED036ADFEDAA
:20710000785AC6EE257A76EEA77AF7EE006A77EEA67A67EE277AC7ED077A87E07B6907EE86
:20712000903AF8EE677ADFED6F6A86EEA77A6A4B9B6BC3F3080307EE903AF8EE676A97ED0E
:20714000036ADFED675AC6EE257A76EEA77AF7EE006A77EEA67A67EE277AC7ED077A65E019
:207160007B6907EE903AF8EE677ADFED5F6A86EEA77A594B9B6BC3F3080307EE903AF8EE6B
:20718000676A97ED036ADFED565AC6EE257A76EEA77AF7EE006A77EEA67A67EE277AC7ED5B
:2071A000077A43E07B6907EE903AF8EE677ADFED4F6A86EEA77A484B9B6BC3F3080307EE58
:2071C000903AF8EE676A97ED036ADFED455AC6EE257A76EEA77AF7EE006A77EEA67A67EED1
:2071E000277AC7ED077A21E07B6907EE903AF8EE677ADFED3D6A86EEA77A374B9B6BC3F308
:20720000080307EE903AF8EE676A97ED036ADFED345AC6EE257A76EEA77AF7EE006A77EE16
:20722000A67A67EE277AC7ED077A00BF2A4B9B6B5B0A03F07F0307EE903AF8EE677AB7EEC4
:20724000007A37EE877AD7ED076AC6EE877AFCEEE77A17EE902A7B681A601F4B9B6B1B0CA6
:2072600003F07F0307EE903AF8EE677AB7EE007A37EE877AD7ED076AC6EE877AFCEEE77A99
:2072800017EE902A7B685A60134B9B6B1B0E03F07F0307EE903AF8EE677AB7EE007A37EEC6
:2072A000877AD7ED076AC6EE877AFCEEE77A17EE902A7B689A6008E07B6800221A607B68B2
:2072C00000225A607B6800229A6000BF2437BD465DF8047B704700BF004402580090D0036B
:2072E000000000460024744C0024744A20BCBE4B80B489B000AF7860A14B9B6A03F00303BF
:20730000BB619F4B9B6A1B0D03F03F037B619C4BDB6A1B0A03F001033B61994B5B6CDB08B7
:20732000C3F30C033A6902FB03F307EE903AF8EE677AC7ED037A7B69002B00F01181BB6986
:20734000022B00F08380BB69022B00F2A180BB69002B03D0BB69012B56D099E0884B1B6842
:2073600003F02003002B2DD0854B1B68DB0803F00303844A22FA03F3BB60BB6807EE903AC3
:20738000F8EE676A7B6907EE903AF8EE677A86EEA77A7B4B1B6CC3F3080307EE903AF8EE84
:2073A000676A97ED036ADFED785AC6EE257A76EEA77AF7EE006A77EEA67A67EE277AC7ED17
:2073C000077A87E07B6907EE903AF8EE677ADFED6F6A86EEA77A6A4B1B6CC3F3080307EE2F
:2073E000903AF8EE676A97ED036ADFED675AC6EE257A76EEA77AF7EE006A77EEA67A67EE8D
:20740000277AC7ED077A65E07B6907EE903AF8EE677ADFED5F6A86EEA77A594B1B6CC3F3DC
:20742000080307EE903AF8EE676A97ED036ADFED565AC6EE257A76EEA77AF7EE006A77EED2
:20744000A67A67EE277AC7ED077A43E07B6907EE903AF8EE677ADFED4F6A86EEA77A484BA7
:207460001B6CC3F3080307EE903AF8EE676A97ED036ADFED455AC6EE257A76EEA77AF7EE35
:20748000006A77EEA67A67EE277AC7ED077A21E07B6907EE903AF8EE677ADFED3D6A86EE80
:2074A000A77A374B1B6CC3F3080307EE903AF8EE676A97ED036ADFED345AC6EE257A76EE69
:2074C000A77AF7EE006A77EEA67A67EE277AC7ED077A00BF2A4B1B6C5B0A03F07F0307EE02
:2074E000903AF8EE677AB7EE007A37EE877AD7ED076AC6EE877AFCEEE77A17EE902A7B68DF
:207500001A601F4B1B6C1B0C03F07F0307EE903AF8EE677AB7EE007A37EE877AD7ED076A64
:20752000C6EE877AFCEEE77A17EE902A7B685A60134B1B6C1B0E03F07F0307EE903AF8EEC7
:20754000677AB7EE007A37EE877AD7ED076AC6EE877AFCEEE77A17EE902A7B689A6008E04C
:207560007B6800221A607B6800225A607B6800229A6000BF2437BD465DF8047B704700BF67
:20758000004402580090D003000000460024744C0024744A20BCBE4B80B489B000AF786005
:2075A000A04B9B6A03F00303BB619E4B9B6A1B0903F03F037B619B4BDB6A03F001033B61E5
:2075C000984B5B6BDB08C3F30C033A6902FB03F307EE903AF8EE677AC7ED037A7B69002BFE
:2075E00000F01181BB69022B00F08380BB69022B00F2A180BB69002B03D0BB69012B56D0C9
:2076000099E0884B1B6803F02003002B2DD0854B1B68DB0803F00303834A22FA03F3BB6034
:20762000BB6807EE903AF8EE676A7B6907EE903AF8EE677A86EEA77A7A4B1B6BC3F30803A6
:2076400007EE903AF8EE676A97ED036ADFED775AC6EE257A76EEA77AF7EE006A77EEA67A7A
:2076600067EE277AC7ED077A87E07B6907EE903AF8EE677ADFED6E6A86EEA77A694B1B6B9B
:20768000C3F3080307EE903AF8EE676A97ED036ADFED665AC6EE257A76EEA77AF7EE006A0F
:2076A00077EEA67A67EE277AC7ED077A65E07B6907EE903AF8EE677ADFED5E6A86EEA77A42
:2076C000584B1B6BC3F3080307EE903AF8EE676A97ED036ADFED555AC6EE257A76EEA77A06
:2076E000F7EE006A77EEA67A67EE277AC7ED077A43E07B6907EE903AF8EE677ADFED4E6A7A
:2077000086EEA77A474B1B6BC3F3080307EE903AF8EE676A97ED036ADFED445AC6EE257AD7
:2077200076EEA77AF7EE006A77EEA67A67EE277AC7ED077A21E07B6907EE903AF8EE677A5A
:20774000DFED3B6A86EEA77A364B1B6BC3F3080307EE903AF8EE676A97ED036ADFED335A9B
:20776000C6EE257A76EEA77AF7EE006A77EEA67A67EE277AC7ED077A00BF2A4B1B6B5B0A13
:2077800003F07F0307EE903AF8EE677AB7EE007A37EE877AD7ED076AC6EE877AFCEEE77A74
:2077A00017EE902A7B681A601E4B1B6B1B0C03F07F0307EE903AF8EE677AB7EE007A37EE58
:2077C000877AD7ED076AC6EE877AFCEEE77A17EE902A7B685A60134B1B6B1B0E03F07F0395
:2077E00007EE903AF8EE677AB7EE007A37EE877AD7ED076AC6EE877AFCEEE77A17EE902ACA
:207800007B689A6008E07B6800221A607B6800225A607B6800229A6000BF2437BD465DF8F4
:20782000047B7047004402580090D003000000460024744C0024744A20BCBE4B80B584B0B7
:2078400000AF786039600023FB73544B9B6A03F00303032B01D101239BE0504B1B684F4A84
:2078600023F080631360F7F7F9FAB86008E0F7F7F5FA0246BB68D31A022B01D9032388E0F4
:20788000464B1B6803F00063002BF0D1434B9B6A23F47C327B681B681B03404913438B62EA
:2078A0007B685B68013BC3F308027B689B68013B5B029BB21A437B68DB68013B1B0403F485
:2078C000FE031A437B681B69013B1B0603F0FE43324913438B63314BDB6A23F0C0027B681A
:2078E0005B692E491343CB622C4BDB6A23F020027B689B6929491343CB62284BDB6A274AD4
:2079000023F01003D362254BDB6B23F47F4323F0F8037A68D269D20020491343CB631F4B29
:20792000DB6A1E4A43F01003D3623B68002B06D11A4BDB6A194A43F40023D3620FE03B684C
:20794000012B06D1154BDB6A144A43F48013D36205E0124BDB6A114A43F40013D3620F4B67
:207960001B680E4A43F080631360F7F777FAB86008E0F7F773FA0246BB68D31A022B01D98A
:20798000032306E0054B1B6803F00063002BF0D0FB7B18461037BD4680BD00BF004402580F
:2079A00080B584B000AF786039600023FB73544B9B6A03F00303032B01D101239BE0504BD6
:2079C0001B684F4A23F080531360F7F747FAB86008E0F7F743FA0246BB68D31A022B01D979
:2079E000032388E0464B1B6803F00053002BF0D1434B9B6A23F07C727B681B681B05404910
:207A000013438B627B685B68013BC3F308027B689B68013B5B029BB21A437B68DB68013BF6
:207A20001B0403F4FE031A437B681B69013B1B0603F0FE43324913430B64314BDB6A23F4C2
:207A400040627B685B692E491343CB622C4BDB6A23F400727B689B6929491343CB62284B4F
:207A6000DB6A274A23F48073D362254B5B6C23F47F4323F0F8037A68D269D2002049134345
:207A80004B641F4BDB6A1E4A43F48073D3623B68002B06D11A4BDB6A194A43F48003D36220
:207AA0000FE03B68012B06D1154BDB6A144A43F40003D36205E0124BDB6A114A43F08073B7
:207AC000D3620F4B1B680E4A43F080531360F7F7C5F9B86008E0F7F7C1F90246BB68D31A17
:207AE000022B01D9032306E0054B1B6803F00053002BF0D0FB7B18461037BD4680BD00BF55
:207B00000044025880B584B000AF78607B68002B01D101230FE17B6800229A627B681B687C
:207B2000874A93420FD07B681B68864A93420AD07B681B68844A934205D07B68DB680F2B9D
:207B400001D90123F7E0786800F058FDF8607B681B687B4A93420CD07B681B68794A9342F9
:207B600007D07B681B68784A934202D0FB68082B11D87B681B68724A934209D07B681B68AA
:207B8000704A934204D07B681B686F4A934204D1FB68102B01D90123CDE07B6893F8813051
:207BA000DBB2002B06D17B68002283F880207868F6F7A0FB7B68022283F881207B681B6825
:207BC0001A687B681B6822F001021A607B681B689B6803F4F813BB607B689B69B3F1806F2E
:207BE00019D17B685B68B3F5800F03D17B689B6B002B08D07B685B68002B0CD17B689B6B67
:207C0000B3F1805F07D17B681B681A687B681B6842F480521A607B685B6803F48003002BEE
:207C20000FD07B68DB68062B0BD97B681B681B6823F480717B681A6D7B681B680A431A60A2
:207C400007E07B681B681A687B681B6822F480721A607B68DA697B689B6A1A43BB681A4382
:207C60007B68DB6B42EA03017B68DA687B681B680A439A607B685A6B7B685B6A1A437B6849
:207C80009B6B1A437B689B691A437B681B691A437B685B691A437B681B6A1A437B685B680A
:207CA0001A437B68DB6C1A437B689B681A437B689B6C42EA03017B689A6D7B681B680A43E6
:207CC000DA607B685B68002B13D17B681B689B6823F4C0527B681B6842F400629A607B6848
:207CE0001B689B6823F4C0627B681B6842F480629A607B681B681A6D7B681B6822F00102E5
:207D00001A657B685B6803F48003002B0AD07B681B68DB6823F000417B685A6D7B681B68B2
:207D20000A43DA607B680022C3F884207B68012283F88120002318461037BD4680BD00BF6F
:207D40000030014000380040003C004080B584B000AFF860B9601346FB80FB6893F88130C2
:207D6000DBB2012B01D0022326E1BB68002B02D0FB88002B01D101231EE1FB6893F88030EC
:207D8000012B01D1022317E1FB68012283F88020FB68032283F88120FB680022C3F884209F
:207DA000FB68BA68DA65FB68FA88A3F86020FB68FA88A3F86220FB6800225A66FB68002233
:207DC0005A67FB6800221A67FB680022A3F86820FB680022A3F86A20FB689B68B3F5C02F8D
:207DE00008D1FB681B681A68FB681B6842F400621A6009E0FB681B68DB6823F4C022FB68DC
:207E00001B6842F40032DA60FB68DB680F2B05D9FB689B6F9B69B3F5804F0FD1FB68DB6811
:207E2000072B11D9FB689B6F9B69B3F5005F0BD0FB689B6F9B69B3F5804F05D0FB68002291
:207E400083F880200123B7E0FB68DB68072B20D8FB689B6F9B69B3F5005F09D1FB68B3F81C
:207E600062309BB201335B109AB2FB68A3F86220FB689B6F9B69B3F5804F1ED1FB68B3F8D3
:207E800062309BB203339B109AB2FB68A3F8622013E0FB68DB680F2B0FD8FB689B6F9B692B
:207EA000B3F5804F09D1FB68B3F862309BB201335B109AB2FB68A3F86220FB689B6F404A22
:207EC0001A64FB689B6F3F4ADA63FB689B6F3E4ADA64FB689B6F00221A65FB681B689A68C8
:207EE000FB681B6822F400429A60FB68986FFB68DB6D1946FB681B6820331A46FB68B3F82F
:207F000062309BB2F9F7BAF90346002B11D0FB68D3F8843043F01002FB68C3F88420FB683E
:207F2000012283F88120FB68002283F88020012342E0FB689B6FDB69B3F5807F08D1FB6888
:207F40001B685B68FA6812681B0C1B04536009E0FB681B685B681B0C1B04F988FA681268D1
:207F60000B435360FB681B689A68FB681B6842F400429A60FB681B681A69FB681B6842F43B
:207F800048721A61FB681B681A68FB681B6842F001021A60FB685B68B3F5800F07D1FB6817
:207FA0001B681A68FB681B6842F400721A60FB68002283F88020002318461037BD4680BD0C
:207FC00027841108E18311084384110880B58AB000AF78607B681B681B693B627B681B689D
:207FE0005B69FB613A6AFB691340BB617B681B689B687B6100237B627B6893F88130FB7417
:208000007B681B683033FB60FB6903F40063002B10D03B6A03F00803002B0BD07B681B6864
:208020009A697B681B6842F400629A61786800F0CDF994E1BB6903F04003002B13D1BB69AC
:2080400003F02003002B0ED1BB6903F00403002B09D07B685B6F786898477B681B6F786825
:20806000984701237B62BB6903F04003002B0FD1BB6903F00103002B0AD0BB6903F004037D
:20808000002B05D17B681B6F7868984701237B62BB6903F02003002B0FD1BB6903F0020351
:2080A000002B0AD0BB6903F00403002B05D17B685B6F7868984701237B627B6A002B40F0EF
:2080C0004981BB6903F00803002B00F08B807B681B689A697B681B6842F008029A617B68A5
:2080E0001B689A697B681B6842F010029A617B681B689A697B681B6842F400629A617B6810
:208100001B681A697B681B6822F008021A617B681B689B6803F44043002B3DD136E07B6847
:20812000DB680F2B0BD97B681A687B685B6E126B1A607B685B6E1A1D7B685A661DE07B6870
:20814000DB68072B0BD97B685B6EFA68128892B21A807B685B6E9A1C7B685A660DE07B686B
:208160001B6803F130027B685B6E1278D2B21A707B685B6E5A1C7B685A667B68B3F86A3025
:208180009BB2013B9AB27B68A3F86A207B68B3F86A309BB2002BC2D1786800F08FF97B6894
:2081A000012283F881207B68D3F88430002B03D0786800F001F9D2E0FB7C052B03D1786849
:2081C00000F0E6F8C8E0FB7C042B03D1786800F0D5F8C1E0FB7C032B40F0BE80786800F08E
:2081E000C3F8B9E0BB6903F45873002B00F0B780BB6903F04003002B0FD07B68D3F884302D
:2082000043F004027B68C3F884207B681B689A697B681B6842F040029A61BB6903F4007317
:20822000002B0FD07B68D3F8843043F001027B68C3F884207B681B689A697B681B6842F455
:2082400000729A61BB6903F48073002B0FD07B68D3F8843043F008027B68C3F884207B68D5
:208260001B689A697B681B6842F480729A61BB6903F02003002B0FD07B68D3F8843043F016
:2082800080027B68C3F884207B681B689A697B681B6842F020029A617B68D3F88430002B6F
:2082A0005CD07B681B681A687B681B6822F001021A607B681B681B697A68126823F45A738B
:2082C00023F0030313617B6903F44043B3F5404F38D17B681B689A687B681B6822F440420D
:2082E0009A607B68DB6F002B13D07B68DB6F1D4A1A657B68DB6F1846F9F748FD0346002B02
:2083000007D07B68D3F8843043F040027B68C3F884207B689B6F002B20D07B689B6F114A1D
:208320001A657B689B6F1846F9F730FD0346002B14D07B68D3F8843043F040027B68C3F889
:2083400084200BE07B68012283F88120786800F033F803E000BF02E000BF00E000BF283730
:20836000BD4680BD8984110880B483B000AF786000BF0C37BD465DF8047B704780B483B0B2
:2083800000AF786000BF0C37BD465DF8047B704780B483B000AF786000BF0C37BD465DF87E
:2083A000047B704780B483B000AF786000BF0C37BD465DF8047B704780B483B000AF78601B
:2083C00000BF0C37BD465DF8047B704780B483B000AF786000BF0C37BD465DF8047B70478F
:2083E00080B584B000AF78607B689B6BFB60FB6893F88130DBB2072B11D0FB689B6FDB6959
:20840000B3F5807F03D1F868FFF7AEFF07E0FB681B681A69FB681B6842F008021A6100BF32
:208420001037BD4680BD80B584B000AF78607B689B6BFB60F868FFF7B5FF00BF1037BD466E
:2084400080BD80B584B000AF78607B689B6BFB607868FAF70BFE0346022B11D0F86800F02A
:208460002DF8FB68D3F8843043F01002FB68C3F88420FB68012283F88120F868FFF79CFF5B
:2084800000BF1037BD4680BD80B584B000AF78607B689B6BFB60FB680022A3F86A20FB6855
:2084A0000022A3F86220FB68012283F88120F868FFF782FF00BF1037BD4680BD80B485B055
:2084C00000AF78607B681B685B69FB607B681B689A697B681B6842F008029A617B681B6824
:2084E0009A697B681B6842F010029A617B681B681A687B681B6822F001021A607B681B6891
:208500001B697A68126823F45B7323F0030313617B681B689A687B681B6822F440429A60A9
:208520007B6893F88130DBB2042B14D0FB6803F02003002B0FD07B68D3F8843043F08002E2
:208540007B68C3F884207B681B689A697B681B6842F020029A617B6893F88130DBB2032BE1
:2085600014D0FB6803F04003002B0FD07B68D3F8843043F004027B68C3F884207B681B6831
:208580009A697B681B6842F040029A61FB6803F40073002B0FD07B68D3F8843043F0010294
:2085A0007B68C3F884207B681B689A697B681B6842F400729A61FB6803F48073002B0FD0B0
:2085C0007B68D3F8843043F008027B68C3F884207B681B689A697B681B6842F480729A61C8
:2085E0007B680022A3F862207B680022A3F86A2000BF1437BD465DF8047B704780B485B02E
:2086000000AF78607B68DB6B5B090133FB607B68DB680133BB60BB680733DB08BB60BB68C4
:20862000FA6802FB03F318461437BD465DF8047B704780B582B000AF78607B68002B01D1E0
:20864000012349E07B6893F83D30DBB2002B06D17B68002283F83C207868F5F7BFFF7B681A
:20866000022283F83D207B681A687B6804331946104600F04FFD7B68012283F848207B68C2
:20868000012283F83E207B68012283F83F207B68012283F840207B68012283F841207B6858
:2086A000012283F842207B68012283F843207B68012283F844207B68012283F845207B6828
:2086C000012283F846207B68012283F847207B68012283F83D20002318460837BD4680BDD0
:2086E00080B485B000AF78607B6893F83D30DBB2012B01D0012354E07B68022283F83D20EE
:208700007B681B68DA687B681B6842F00102DA607B681B68264A934222D07B681B68B3F135
:20872000804F1DD07B681B68224A934218D07B681B68214A934213D07B681B681F4A9342C1
:208740000ED07B681B681E4A934209D07B681B681C4A934204D07B681B681B4A934215D1C4
:208760007B681B689A68194B1340FB60FB68062B15D0FB68B3F5803F11D07B681B681A6873
:208780007B681B6842F001021A6008E07B681B681A687B681B6842F001021A6000E000BF40
:2087A000002318461437BD465DF8047B704700BF000001400004004000080040000C004087
:2087C0000004014000180040004001400700010080B582B000AF78607B68002B01D1012381
:2087E00049E07B6893F83D30DBB2002B06D17B68002283F83C207868F5F76CFE7B680222CD
:2088000083F83D207B681A687B6804331946104600F080FC7B68012283F848207B680122F1
:2088200083F83E207B68012283F83F207B68012283F840207B68012283F841207B680122B6
:2088400083F842207B68012283F843207B68012283F844207B68012283F845207B68012286
:2088600083F846207B68012283F847207B68012283F83D20002318460837BD4680BD000051
:2088800080B584B000AF786039603B68002B09D17B6893F83E30DBB2012B14BF01230023F8
:2088A000DBB23CE03B68042B09D17B6893F83F30DBB2012B14BF01230023DBB22FE03B6874
:2088C000082B09D17B6893F84030DBB2012B14BF01230023DBB222E03B680C2B09D17B68B4
:2088E00093F84130DBB2012B14BF01230023DBB215E03B68102B09D17B6893F84230DBB202
:20890000012B14BF01230023DBB208E07B6893F84330DBB2012B14BF01230023DBB2002B30
:2089200001D00123A1E03B68002B04D17B68022283F83E2023E03B68042B04D17B6802228D
:2089400083F83F201BE03B68082B04D17B68022283F8402013E03B680C2B04D17B6802220C
:2089600083F841200BE03B68102B04D17B68022283F8422003E07B68022283F843207B68EE
:208980001B6801223968184600F0DCFF7B681B68384A934213D07B681B68374A93420ED02D
:2089A0007B681B68354A934209D07B681B68344A934204D07B681B68324A934201D10123EA
:2089C00000E00023002B07D07B681B685A6C7B681B6842F400425A647B681B68254A934220
:2089E00022D07B681B68B3F1804F1DD07B681B68254A934218D07B681B68244A934213D0A1
:208A00007B681B68224A93420ED07B681B681A4A934209D07B681B681E4A934204D07B68FF
:208A20001B68164A934215D17B681B689A681A4B1340FB60FB68062B15D0FB68B3F5803FDA
:208A400011D07B681B681A687B681B6842F001021A6008E07B681B681A687B681B6842F0D0
:208A600001021A6000E000BF002318461037BD4680BD00BF0000014000040140004001400C
:208A800000440140004801400004004000080040000C0040001800400700010080B584B027
:208AA00000AF78607B681B68DB68FB607B681B681B69BB60BB6803F00203002B20D0FB688D
:208AC00003F00203002B1BD07B681B686FF002021A617B6801221A777B681B689B6903F050
:208AE0000303002B03D0786800F0F6FA05E0786800F0E8FA786800F0F9FA7B6800221A77C2
:208B0000BB6803F00403002B20D0FB6803F00403002B1BD07B681B686FF004021A617B6881
:208B200002221A777B681B689B6903F44073002B03D0786800F0D0FA05E0786800F0C2FA63
:208B4000786800F0D3FA7B6800221A77BB6803F00803002B20D0FB6803F00803002B1BD02F
:208B60007B681B686FF008021A617B6804221A777B681B68DB6903F00303002B03D0786890
:208B800000F0AAFA05E0786800F09CFA786800F0ADFA7B6800221A77BB6803F01003002B95
:208BA00020D0FB6803F01003002B1BD07B681B686FF010021A617B6808221A777B681B68F0
:208BC000DB6903F44073002B03D0786800F084FA05E0786800F076FA786800F087FA7B6802
:208BE00000221A77BB6803F00103002B0CD0FB6803F00103002B07D07B681B686FF001027D
:208C00001A617868F5F7E0F9BB6803F08003002B04D1BB6803F40053002B0CD0FB6803F0D1
:208C20008003002B07D07B681B686FF402521A61786800F0C3FFBB6803F48073002B0CD071
:208C4000FB6803F08003002B07D07B681B686FF480721A61786800F0BBFFBB6803F0400320
:208C6000002B0CD0FB6803F04003002B07D07B681B686FF040021A61786800F041FABB68A2
:208C800003F02003002B0CD0FB6803F02003002B07D07B681B686FF020021A61786800F00A
:208CA00083FF00BF1037BD4680BD000080B586B000AFF860B9607A600023FB75FB6893F806
:208CC0003C30012B01D10223FFE0FB68012283F83C207B68142B00F2F08001A252F823F045
:208CE000358D1108BB8E1108BB8E1108BB8E1108758D1108BB8E1108BB8E1108BB8E110832
:208D0000B78D1108BB8E1108BB8E1108BB8E1108F78D1108BB8E1108BB8E1108BB8E11080D
:208D2000398E1108BB8E1108BB8E1108BB8E1108798E1108FB681B68B968184600F090FA2E
:208D4000FB681B689A69FB681B6842F008029A61FB681B689A69FB681B6822F004029A612B
:208D6000FB681B689969BB681A69FB681B680A439A61A5E0FB681B68B968184600F000FB62
:208D8000FB681B689A69FB681B6842F400629A61FB681B689A69FB681B6822F480629A61AF
:208DA000FB681B689969BB681B691A02FB681B680A439A6184E0FB681B68B968184600F021
:208DC00069FBFB681B68DA69FB681B6842F00802DA61FB681B68DA69FB681B6822F0040282
:208DE000DA61FB681B68D969BB681A69FB681B680A43DA6164E0FB681B68B968184600F063
:208E0000D1FBFB681B68DA69FB681B6842F40062DA61FB681B68DA69FB681B6822F480629D
:208E2000DA61FB681B68D969BB681B691A02FB681B680A43DA6143E0FB681B68B968184616
:208E400000F01AFCFB681B685A6DFB681B6842F008025A65FB681B685A6DFB681B6822F0D9
:208E600004025A65FB681B68596DBB681A69FB681B680A435A6523E0FB681B68B968184681
:208E800000F05EFCFB681B685A6DFB681B6842F400625A65FB681B685A6DFB681B6822F4F5
:208EA00080625A65FB681B68596DBB681B691A02FB681B680A435A6502E00123FB7500BF7B
:208EC000FB68002283F83C20FB7D18461837BD4680BD00BF80B584B000AF78603960002366
:208EE000FB737B6893F83C30012B01D10223DEE07B68012283F83C207B68022283F83D208D
:208F00007B681B689B68BB60BB6823F4441323F07703BB60BB6823F47F43BB607B681B6817
:208F2000BA689A603B681B68634A934200F0A980614A934200F2AE80604A934200F0A18024
:208F40005E4A934200F2A6805D4A934200F099805B4A934200F29E80B3F1101F00F0918099
:208F6000B3F1101F00F29680B3F5801F00F08980B3F5801F00F28E80B3F5005F3ED0B3F5D2
:208F8000005F00F28780B3F5805F00F08680B3F5805F7FD8702B1AD0702B7BD8602B50D000
:208FA000602B77D8502B3CD0502B73D8402B58D0402B6FD8302B64D0302B6BD8202B60D09D
:208FC000202B67D8002B5CD0102B5AD062E07B6818683B6899683B685A683B68DB6800F0C7
:208FE00091FC7B681B689B68BB60BB6843F07703BB607B681B68BA689A604FE07B68186861
:209000003B6899683B685A683B68DB6800F07AFC7B681B689A687B681B6842F480429A603B
:209020003CE07B6818683B6859683B68DB681A4600F0ECFB7B681B685021184600F045FCCA
:209040002CE07B6818683B6859683B68DB681A4600F00BFC7B681B686021184600F035FC9A
:209060001CE07B6818683B6859683B68DB681A4600F0CCFB7B681B684021184600F025FCFA
:209080000CE07B681A683B681B681946104600F01CFC03E00123FB7300E000BF7B68012282
:2090A00083F83D207B68002283F83C20FB7B18461037BD4680BD00BF400010003000100052
:2090C0002000100080B483B000AF786000BF0C37BD465DF8047B704780B483B000AF7860F4
:2090E00000BF0C37BD465DF8047B704780B483B000AF786000BF0C37BD465DF8047B704762
:2091000080B483B000AF786000BF0C37BD465DF8047B704780B485B000AF786039607B6865
:209120001B68FB607B68464A934213D07B68B3F1804F0FD07B68434A93420BD07B68424A62
:20914000934207D07B68414A934203D07B68404A934208D1FB6823F07003FB603B685B6888
:20916000FA681343FB607B68354A93421FD07B68B3F1804F1BD07B68324A934217D07B6877
:20918000314A934213D07B68304A93420FD07B682F4A93420BD07B682E4A934207D07B6895
:2091A0002D4A934203D07B682C4A934208D1FB6823F44073FB603B68DB68FA681343FB6008
:2091C000FB6823F080023B685B691343FB607B68FA681A603B689A687B68DA623B681A68D7
:2091E0007B689A627B68164A93420FD07B68184A93420BD07B68174A934207D07B68164A71
:20920000934203D07B68154A934203D13B681A697B681A637B6801225A617B681B6903F01A
:209220000103012B05D17B681B6923F001027B681A6100BF1437BD465DF8047B704700BFF6
:20924000000001400004004000080040000C00400004014000400140004401400048014021
:2092600080B487B000AF786039607B681B6A7B617B681B6A23F001027B681A627B685B689C
:209280003B617B689B69FB60FB6823F4803323F07003FB60FB6823F00303FB603B681B68E5
:2092A000FA681343FB607B6923F002037B613B689B687A6913437B617B682C4A93420FD0FB
:2092C0007B682B4A93420BD07B682A4A934207D07B68294A934203D07B68284A93420CD17E
:2092E0007B6923F008037B613B68DB687A6913437B617B6923F004037B617B681B4A93429E
:209300000FD07B681A4A93420BD07B68194A934207D07B68184A934203D07B68174A93427F
:2093200011D13B6923F480733B613B6923F400733B613B685B693A6913433B613B689B6994
:209340003A6913433B617B683A695A607B68FA689A613B685A687B685A637B687A691A62B1
:2093600000BF1C37BD465DF8047B7047000001400004014000400140004401400048014038
:2093800080B487B000AF786039607B681B6A7B617B681B6A23F010027B681A627B685B686C
:2093A0003B617B689B69FB60FB6823F0807323F4E043FB60FB6823F44073FB603B681B6823
:2093C0001B02FA681343FB607B6923F020037B613B689B681B017A6913437B617B68284A3B
:2093E000934203D07B68274A93420DD17B6923F080037B613B68DB681B017A6913437B6151
:209400007B6923F040037B617B681D4A93420FD07B681C4A93420BD07B681B4A934207D04B
:209420007B681A4A934203D07B68194A934213D13B6923F480633B613B6923F400633B614A
:209440003B685B699B003A6913433B613B689B699B003A6913433B617B683A695A607B687B
:20946000FA689A613B685A687B689A637B687A691A6200BF1C37BD465DF8047B704700BFA9
:20948000000001400004014000400140004401400048014080B487B000AF786039607B6849
:2094A0001B6A7B617B681B6A23F480727B681A627B685B683B617B68DB69FB60FB6823F43D
:2094C000803323F07003FB60FB6823F00303FB603B681B68FA681343FB607B6923F400737A
:2094E0007B613B689B681B027A6913437B617B68274A934203D07B68264A93420DD17B69D2
:2095000023F400637B613B68DB681B027A6913437B617B6923F480637B617B681C4A934205
:209520000FD07B681B4A93420BD07B681A4A934207D07B68194A934203D07B68184A934259
:2095400013D13B6923F480533B613B6923F400533B613B685B691B013A6913433B613B6898
:209560009B691B013A6913433B617B683A695A607B68FA68DA613B685A687B68DA637B680E
:209580007A691A6200BF1C37BD465DF8047B70470000014000040140004001400044014040
:2095A0000048014080B487B000AF786039607B681B6A3B617B681B6A23F480527B681A62E3
:2095C0007B685B687B617B68DB69FB60FB6823F0807323F4E043FB60FB6823F44073FB6001
:2095E0003B681B681B02FA681343FB603B6923F400533B613B689B681B033A6913433B6112
:209600007B68184A93420FD07B68174A93420BD07B68164A934207D07B68154A934203D084
:209620007B68144A934209D17B6923F480437B613B685B699B017A6913437B617B687A69C2
:209640005A607B68FA68DA613B685A687B681A647B683A691A6200BF1C37BD465DF8047B1F
:20966000704700BF000001400004014000400140004401400048014080B487B000AF78606D
:2096800039607B681B6A3B617B681B6A23F480327B681A627B685B687B617B685B6DFB6015
:2096A000FB6823F4803323F07003FB603B681B68FA681343FB603B6923F400333B613B6836
:2096C0009B681B043A6913433B617B68174A93420FD07B68164A93420BD07B68154A9342D1
:2096E00007D07B68144A934203D07B68134A934209D17B6923F480337B613B685B691B02AD
:209700007A6913437B617B687A695A607B68FA685A653B685A687B689A657B683A691A6267
:2097200000BF1C37BD465DF8047B7047000001400004014000400140004401400048014074
:2097400080B487B000AF786039607B681B6A3B617B681B6A23F480127B681A627B685B6864
:209760007B617B685B6DFB60FB6823F0807323F4E043FB603B681B681B02FA681343FB60B3
:209780003B6923F400133B613B689B681B053A6913433B617B68184A93420FD07B68174AC7
:2097A00093420BD07B68164A934207D07B68154A934203D07B68144A934209D17B6923F435
:2097C00080237B613B685B699B027A6913437B617B687A695A607B68FA685A653B685A6808
:2097E0007B68DA657B683A691A6200BF1C37BD465DF8047B704700BF000001400004014060
:2098000000400140004401400048014080B487B000AFF860B9607A60FB681B6A7B61FB682D
:209820001B6A23F00102FB681A62FB689B693B613B6923F0F0033B617B681B013A6913436D
:209840003B617B6923F00A037B617A69BB6813437B61FB683A699A61FB687A691A6200BFD2
:209860001C37BD465DF8047B704780B487B000AFF860B9607A60FB681B6A7B61FB681B6AF6
:2098800023F01002FB681A62FB689B693B613B6923F470433B617B681B033A6913433B6121
:2098A0007B6923F0A0037B61BB681B017A6913437B61FB683A699A61FB687A691A6200BF5C
:2098C0001C37BD465DF8047B704780B485B000AF786039607B689B68FB60FB6823F4401310
:2098E00023F07003FB603A68FB68134343F00703FB607B68FA689A6000BF1437BD465DF8F3
:20990000047B704780B487B000AFF860B9607A603B60FB689B687B617B6923F47F437B6136
:209920003B681A027B681A43BB6813437A6913437B61FB687A699A6000BF1C37BD465DF8F0
:20994000047B704780B487B000AFF860B9607A60BB6803F01F03012202FA03F37B61FB68E0
:209960001A6A7B69DB431A40FB681A62FB681A6ABB6803F01F03796801FA03F31A43FB6877
:209980001A6200BF1C37BD465DF8047B7047000080B485B000AF786039607B6893F83C3048
:2099A000012B01D102236DE07B68012283F83C207B68022283F83D207B681B685B68FB60F7
:2099C0007B681B689B68BB607B681B68304A934204D07B681B682F4A934208D1FB6823F473
:2099E0007003FB603B685B68FA681343FB60FB6823F07003FB603B681B68FA681343FB60A3
:209A00007B681B68FA685A607B681B68204A934222D07B681B68B3F1804F1DD07B681B6801
:209A20001D4A934218D07B681B681C4A934213D07B681B681A4A93420ED07B681B68154A3C
:209A4000934209D07B681B68164A934204D07B681B68154A93420CD1BB6823F08003BB609E
:209A60003B689B68BA681343BB607B681B68BA689A607B68012283F83D207B68002283F8CD
:209A80003C20002318461437BD465DF8047B704700000140000401400004004000080040FE
:209AA000000C0040001800400040014080B485B000AF786039600023FB607B6893F83C30A0
:209AC000012B01D1022365E07B68012283F83C20FB6823F0FF023B68DB681343FB60FB68D0
:209AE00023F440723B689B681343FB60FB6823F480623B685B681343FB60FB6823F40062F7
:209B00003B681B681343FB60FB6823F480523B681B691343FB60FB6823F400523B685B6917
:209B20001343FB60FB6823F480423B689B6A1343FB60FB6823F470223B689B691B041343B7
:209B4000FB607B681B68164A934204D07B681B68144A934215D1FB6823F470023B685B6A68
:209B60001B051343FB60FB6823F080723B68DB691343FB60FB6823F000723B681B6A1343AE
:209B8000FB607B681B68FA685A647B68002283F83C20002318461437BD465DF8047B7047AE
:209BA000000001400004014080B483B000AF786000BF0C37BD465DF8047B704780B483B03A
:209BC00000AF786000BF0C37BD465DF8047B704780B483B000AF786000BF0C37BD465DF826
:209BE000047B704780B582B000AF78607B68002B01D1012342E07B68D3F88830002B06D1B3
:209C00007B68002283F884207868F4F74BFE7B682422C3F888207B681B681A687B681B6832
:209C200022F001021A607B689B6A002B02D0786801F0D8FA786800F06DFD0346012B01D18C
:209C400001231BE07B681B685A687B681B6822F490425A607B681B689A687B681B6822F0D5
:209C60002A029A607B681B681A687B681B6842F001021A60786801F057FB034618460837B8
:209C8000BD4680BD80B58AB002AFF860B9603B601346FB80FB68D3F88830202B7BD1BB68E4
:209CA000002B02D0FB88002B01D1012374E0FB680022C3F89020FB682122C3F88820F5F7CA
:209CC000CDF87861FB68FA88A3F85420FB68FA88A3F85620FB689B68B3F5805F08D1FB68D3
:209CE0001B69002B04D10023FB61BB68BB6103E0BB68FB610023BB6130E03B6800937B6957
:209D000000228021F86801F0B9FB0346002B05D0FB682022C3F8882003233DE0FB69002B58
:209D20000BD1BB691B881A46FB681B68C2F308029A62BB690233BB6107E0FB691A78FB68CA
:209D40001B689A62FB690133FB61FB68B3F856309BB2013B9AB2FB68A3F85620FB68B3F8A5
:209D600056309BB2002BC8D13B6800937B6900224021F86801F082FB0346002B05D0FB6835
:209D80002022C3F88820032306E0FB682022C3F88820002300E0022318462037BD4680BDED
:209DA00080B491B000AFF860B9601346FB80FB68D3F88830202B78D1BB68002B02D0FB881D
:209DC000002B01D1012371E0FB68BA681A65FB68FA88A3F85420FB68FA88A3F85620FB68C0
:209DE00000229A67FB680022C3F89020FB682122C3F88820FB685B6EB3F1005F2AD1FB68BA
:209E00009B68B3F5805F07D1FB681B69002B03D1FB68294A9A6702E0FB68284A9A67FB6808
:209E20001B680833BB62BB6A53E8003F7B627B6A43F40003BB63FB681B680833BA6B7A636B
:209E40003B63396B7A6B41E80023FB62FB6A002BE5D128E0FB689B68B3F5805F07D1FB68BC
:209E60001B69002B03D1FB68154A9A6702E0FB68144A9A67FB681B687B617B6953E8003FD8
:209E80003B613B6943F08003FB63FB681B681A46FB6B3B62FA61F9693A6A41E80023BB615C
:209EA000BB69002BE6D1002300E0022318464437BD465DF8047B70475FBC11087FBB110886
:209EC000BDBA110805BA110880B58AB000AFF860B9601346FB80FB68D3F88C30202B37D17A
:209EE000BB68002B02D0FB88002B01D1012330E0FB680022DA66FB681B68184A93421FD0BD
:209F0000FB681B685B6803F40003002B18D0FB681B687B617B6953E8003F3B613B6943F0F8
:209F200080637B62FB681B681A467B6A3B62FA61F9693A6A41E80023BB61BB69002BE6D1CA
:209F4000FB881A46B968F86801F006FB034600E0022318462837BD4680BD00BF000C00583D
:209F600080B5BAB000AF78607B681B68DB69C7F8E4307B681B681B68C7F8E0307B681B6820
:209F80009B68C7F8DC30D7F8E42040F60F031340C7F8D830D7F8D830002B1BD1D7F8E430ED
:209FA00003F02003002B15D0D7F8E03003F02003002B05D1D7F8DC3003F08053002B09D0E0
:209FC0007B685B6F002B00F079837B685B6F7868984773E3D7F8D830002B00F02381D7F896
:209FE000DC208D4B1340002B06D1D7F8E0208B4B1340002B00F01681D7F8E43003F00103B4
:20A00000002B11D0D7F8E03003F48073002B0BD07B681B6801221A627B68D3F8903043F0BF
:20A0200001027B68C3F89020D7F8E43003F00203002B11D0D7F8DC3003F00103002B0BD010
:20A040007B681B6802221A627B68D3F8903043F004027B68C3F89020D7F8E43003F0040328
:20A06000002B11D0D7F8DC3003F00103002B0BD07B681B6804221A627B68D3F8903043F053
:20A0800002027B68C3F89020D7F8E43003F00803002B17D0D7F8E03003F02003002B05D185
:20A0A000D7F8DC205C4B1340002B0BD07B681B6808221A627B68D3F8903043F008027B683B
:20A0C000C3F89020D7F8E43003F40063002B12D0D7F8E03003F08063002B0CD07B681B68A9
:20A0E0004FF400621A627B68D3F8903043F020027B68C3F890207B68D3F89030002B00F0A5
:20A10000DF82D7F8E43003F02003002B13D0D7F8E03003F02003002B05D1D7F8DC3003F013
:20A120008053002B07D07B685B6F002B03D07B685B6F786898477B68D3F89030C7F8D43002
:20A140007B681B689B6803F04003402B05D0D7F8D43003F02803002B54D0786801F0E3FA32
:20A160007B681B689B6803F04003402B46D17B681B680833C7F89C30D7F89C3053E8003F7D
:20A18000C7F89830D7F8983023F04003C7F8D0307B681B680833D7F8D020C7F8A820C7F8E6
:20A1A000A430D7F8A410D7F8A82041E80023C7F8A030D7F8A030002BD9D17B68D3F8803004
:20A1C000002B17D07B68D3F88030154A1A657B68D3F880301846F7F7D9FD0346002B19D054
:20A1E0007B68D3F880301B6D7A68D2F88020104698470FE07868F1F7F1FB0BE07868F1F7A2
:20A20000EDFB07E07868F1F7E9FB7B680022C3F8902055E200BF53E20100001020010004F2
:20A22000D9B911087B68DB6E012B40F0E981D7F8E43003F01003002B00F0E281D7F8E0303B
:20A2400003F01003002B00F0DB817B681B6810221A627B681B689B6803F04003402B40F033
:20A2600051817B68D3F880301B68964A934268D07B68D3F880301B68934A934261D07B6897
:20A28000D3F880301B68914A93425AD07B68D3F880301B688E4A934253D07B68D3F88030D7
:20A2A0001B688C4A93424CD07B68D3F880301B68894A934245D07B68D3F880301B68874A04
:20A2C00093423ED07B68D3F880301B68844A934237D07B68D3F880301B68824A934230D08E
:20A2E0007B68D3F880301B687F4A934229D07B68D3F880301B687D4A934222D07B68D3F8C9
:20A3000080301B687A4A93421BD07B68D3F880301B68784A934214D07B68D3F880301B6849
:20A32000754A93420DD07B68D3F880301B68734A934206D07B68D3F880301B68704A9342F3
:20A3400006D17B68D3F880301B685B689BB205E07B68D3F880301B685B689BB2A7F8BE30D2
:20A36000B7F8BE30002B00F0AD817B68B3F85C30B7F8BE209A4280F0A5817B68B7F8BE206E
:20A38000A3F85E207B68D3F88030DB69B3F5807F00F087807B681B68C7F88830D7F8883000
:20A3A00053E8003FC7F88430D7F8843023F48073C7F8B8307B681B681A46D7F8B830C7F840
:20A3C0009430C7F89020D7F89010D7F8942041E80023C7F88C30D7F88C30002BDAD17B684D
:20A3E0001B6808337B677B6F53E8003F3B673B6F23F00103C7F8B4307B681B680833D7F8E3
:20A40000B420C7F88020FB67F96FD7F8802041E80023BB67BB6F002BE1D17B681B680833BA
:20A420003B663B6E53E8003FFB65FB6D23F04003C7F8B0307B681B680833D7F8B020FA66FB
:20A44000BB66B96EFA6E41E800237B667B6E002BE3D17B682022C3F88C207B680022DA6686
:20A460007B681B68FB64FB6C53E8003FBB64BB6C23F01003C7F8AC307B681B681A46D7F89A
:20A48000AC30BB657A65796DBA6D41E800233B653B6D002BE4D17B68D3F880301846F7F7B6
:20A4A00057F97B6802221A677B68B3F85C207B68B3F85E309BB2D31A9BB21946786800F0E8
:20A4C0001DF9FFE0100002402800024040000240580002407000024088000240A000024051
:20A4E000B8000240100402402804024040040240580402407004024088040240A004024010
:20A50000B80402407B68B3F85C207B68B3F85E309BB2D31AA7F8CE307B68B3F85E309BB2D7
:20A52000002B00F0D180B7F8CE30002B00F0CC807B681B68BB63BB6B53E8003F7B637B6BB3
:20A5400023F49073C7F8C8307B681B681A46D7F8C8307B643A64396C7A6C41E80023FB63EB
:20A56000FB6B002BE4D17B681B6808337B627B6A53E8003F3B623B6A23F0805323F0010379
:20A58000C7F8C4307B681B680833D7F8C4203A63FB62F96A3A6B41E80023BB62BB6A002BF9
:20A5A000E1D17B682022C3F88C207B680022DA667B6800225A677B681B683B613B6953E871
:20A5C000003FFB60FB6823F01003C7F8C0307B681B681A46D7F8C030FB61BA61B969FA6928
:20A5E00041E800237B617B69002BE4D17B6802221A67B7F8CE301946786800F07FF863E051
:20A60000D7F8E43003F48013002B0ED0D7F8DC3003F48003002B08D07B681B684FF4801231
:20A620001A62786801F0BBFB51E0D7F8E43003F08003002B14D0D7F8E03003F08003002BFE
:20A6400005D1D7F8DC3003F40003002B08D07B689B6F002B3AD07B689B6F7868984735E069
:20A66000D7F8E43003F04003002B09D0D7F8E03003F04003002B03D0786801F065FB26E073
:20A68000D7F8E43003F40003002B09D0D7F8E03003F08043002B03D0786801F094FB16E0F0
:20A6A000D7F8E43003F08073002B10D0D7F8E030002B0CDA786801F07CFB08E000BF06E001
:20A6C00000BF04E000BF02E000BF00E000BFE837BD4680BD80B483B000AF786000BF0C3789
:20A6E000BD465DF8047B704780B483B000AF786000BF0C37BD465DF8047B704780B483B0E7
:20A7000000AF78600B467B8000BF0C37BD465DF8047B70472DE9B04F92B000AF78610023D4
:20A7200087F842307B699A687B691B691A437B695B691A437B69DB6913437B647B691B68B4
:20A740001A68BD4B13407A691268796C0B4313607B691B685B6823F440517B69DA687B693D
:20A760001B680A435A607B699B697B647B691B68B24A934204D07B691B6A7A6C13437B64F8
:20A780007B691B689B6823F06E4323F430637A691268796C0B4393607B691B68DB6A23F09F
:20A7A0000F017B695A6A7B691B680A43DA627B691B68A34A934277D1A24B5B6D03F038039D
:20A7C000282B6DD801A252F823F000BF71A81108A1A81108A1A81108A1A81108A1A8110868
:20A7E000A1A81108A1A81108A1A8110879A81108A1A81108A1A81108A1A81108A1A8110871
:20A80000A1A81108A1A81108A1A8110881A81108A1A81108A1A81108A1A81108A1A8110848
:20A82000A1A81108A1A81108A1A8110889A81108A1A81108A1A81108A1A81108A1A8110820
:20A84000A1A81108A1A81108A1A8110891A81108A1A81108A1A81108A1A81108A1A81108F8
:20A86000A1A81108A1A81108A1A8110899A81108012387F8433020E2042387F843301CE229
:20A88000082387F8433018E2102387F8433014E2202387F8433010E2402387F843300CE21C
:20A8A000802387F8433008E27B691B68664A934230D1644B5B6D03F00703052B26D801A2E7
:20A8C00052F823F0DDA81108E5A81108EDA81108F5A81108FDA8110805A91108002387F84C
:20A8E0004330EAE1042387F84330E6E1082387F84330E2E1102387F84330DEE1202387F8B4
:20A900004330DAE1402387F84330D6E1802387F84330D2E17B691B684C4A934230D1494B4E
:20A920005B6D03F00703052B26D801A252F823F049A9110851A9110859A9110861A91108C8
:20A9400069A9110871A91108002387F84330B4E1042387F84330B0E1082387F84330ACE19B
:20A96000102387F84330A8E1202387F84330A4E1402387F84330A0E1802387F843309CE187
:20A980007B691B68324A934230D12E4B5B6D03F00703052B26D801A252F823F0B5A911081B
:20A9A000BDA91108C5A91108CDA91108D5A91108DDA91108002387F843307EE1042387F8B2
:20A9C00043307AE1082387F8433076E1102387F8433072E1202387F843306EE1402387F857
:20A9E00043306AE1802387F8433066E17B691B68184A934240D1134B5B6D03F00703052BBB
:20AA000036D801A252F823F021AA110829AA110831AA110859AA110861AA110869AA1108F8
:20AA2000002387F8433048E1042387F8433044E1082387F8433040E1F369FFCF000C0058CE
:20AA400000100140004402580044004000480040004C004000500040102387F843302CE1AD
:20AA6000202387F8433028E1402387F8433024E1802387F8433020E17B691B68CB4A934257
:20AA800076D1CB4B5B6D03F03803282B6CD801A252F823F039AB110869AB110869AB110875
:20AAA00069AB110869AB110869AB110869AB110869AB110841AB110869AB110869AB110856
:20AAC00069AB110869AB110869AB110869AB110869AB110849AB110869AB110869AB11082E
:20AAE00069AB110869AB110869AB110869AB110869AB110851AB110869AB110869AB110806
:20AB000069AB110869AB110869AB110869AB110869AB110859AB110869AB110869AB1108DD
:20AB200069AB110869AB110869AB110869AB110869AB110861AB1108012387F84330BCE05D
:20AB4000042387F84330B8E0082387F84330B4E0102387F84330B0E0202387F84330ACE01D
:20AB6000402387F84330A8E0802387F84330A4E07B691B688F4A934230D18D4B5B6D03F036
:20AB80000703052B26D801A252F823F0A5AB1108ADAB1108B5AB1108BDAB1108C5AB110820
:20ABA000CDAB1108002387F8433086E0042387F8433082E0082387F843307EE0102387F8E1
:20ABC00043307AE0202387F8433076E0402387F8433072E0802387F843306EE07B691B682C
:20ABE000754A934230D1724B5B6D03F00703052B26D801A252F823F011AC110819AC11085C
:20AC000021AC110829AC110831AC110839AC1108002387F8433050E0042387F843304CE0E2
:20AC2000082387F8433048E0102387F8433044E0202387F8433040E0402387F843303CE0C0
:20AC4000802387F8433038E07B691B685B4A934230D1574B9B6D03F00703052B26D801A2ED
:20AC600052F823F07DAC110885AC11088DAC110895AC11089DAC1108A5AC1108022387F8CF
:20AC800043301AE0042387F8433016E0082387F8433012E0102387F843300EE0202387F854
:20ACA00043300AE0402387F8433006E0802387F8433002E0802387F843307B691B683F4A00
:20ACC000934240F0F88097F84330202B46DC022BC0F28280023B1E2B7ED801A252F823F0CB
:20ACE00063AD1108D9AD11086BAD1108D9AD1108D9AD1108D9AD11087BAD1108D9AD11089E
:20AD0000D9AD1108D9AD1108D9AD1108D9AD1108D9AD1108D9AD11088BAD1108D9AD110889
:20AD2000D9AD1108D9AD1108D9AD1108D9AD1108D9AD1108D9AD1108D9AD1108D9AD11081B
:20AD4000D9AD1108D9AD1108D9AD1108D9AD1108D9AD1108D9AD1108CBAD1108402B37D036
:20AD60003AE0FCF75BF9F8633CE007F124031846FCF76AF9BB6AFB6334E007F11803184620
:20AD8000FCF7B6FAFB69FB632CE0094B1B6803F02003002B16D0064B1B68DB0803F0030394
:20ADA000074A22FA03F3FB631CE000BF001401400044025800780040007C0040000C00584C
:20ADC0000090D0039D4BFB630CE09D4BFB6309E04FF40043FB6305E00023FB63012387F8C2
:20ADE000423000BFFB6B002B00F0DE817B695B6A944A32F813301A46FB6BB3FBF2F33B6357
:20AE00007B695A6813465B0013443A6B9A4205D37B695B681B033A6B9A4203D9012387F863
:20AE20004230C1E1FB6B0022BB60FA607B695B6A844A32F813309BB200223B607A60D7E979
:20AE40000023D7E90201E5F739FF02460B46104619464FF000024FF000030B0243EA10637A
:20AE6000020279694968490800200C46054612EB040843EB05097B695B6800229A46934666
:20AE800052465B4640464946E5F718FF02460B461346BB63BB6BB3F5407F08D3BB6BB3F52B
:20AEA000801F04D27B691B68BA6BDA607CE1012387F8423078E17B69DB69B3F5004F40F03D
:20AEC000C58097F84330202B48DC002B7BDB202B79D801A252F823F063AF11086BAF110841
:20AEE000C7AF1108C7AF110873AF1108C7AF1108C7AF1108C7AF110883AF1108C7AF110872
:20AF0000C7AF1108C7AF1108C7AF1108C7AF1108C7AF1108C7AF110893AF1108C7AF1108ED
:20AF2000C7AF1108C7AF1108C7AF1108C7AF1108C7AF1108C7AF1108C7AF1108C7AF110899
:20AF4000C7AF1108C7AF1108C7AF1108C7AF1108C7AF1108C7AF1108B9AF1108402B2ED0AD
:20AF600031E0FAF723F8F86333E0FAF735F8F8632FE007F124031846FCF766F8BB6AFB636D
:20AF800027E007F118031846FCF7B2F9FB69FB631FE02D4B1B6803F02003002B09D02A4B50
:20AFA0001B68DB0803F00303244A22FA03F3FB630FE0224BFB630CE0214BFB6309E04FF4B8
:20AFC0000043FB6305E00023FB63012387F8423000BFFB6B002B00F0E7807B695B6A194AA2
:20AFE00032F813301A46FB6BB3FBF2F35A007B695B685B081A447B695B68B2FBF3F3BB6371
:20B00000BB6B0F2B16D9BB6BB3F5803F12D2BB6B9BB223F00F03FB86BB6B5B089BB203F08E
:20B0200007039AB2FB8E1343FB867B691B68FA8EDA60B9E0012387F84230B5E00090D0038B
:20B0400000093D004CEE11080044025897F84330202B49DC002B7CDB202B7AD801A252F83B
:20B0600023F000BFEFB01108F7B0110853B1110853B11108FFB0110853B1110853B111084A
:20B0800053B111080FB1110853B1110853B1110853B1110853B1110853B1110853B111080C
:20B0A00053B111081FB1110853B1110853B1110853B1110853B1110853B1110853B11108DC
:20B0C00053B1110853B1110853B1110853B1110853B1110853B1110853B1110853B1110888
:20B0E00053B1110845B11108402B2ED031E0F9F75DFFF86333E0F9F76FFFF8632FE007F130
:20B1000024031846FBF7A0FFBB6AFB6327E007F118031846FCF7ECF8FB69FB631FE02D4B0E
:20B120001B6803F02003002B09D02A4B1B68DB0803F00303284A22FA03F3FB630FE0264B5C
:20B14000FB630CE0254BFB6309E04FF40043FB6305E00023FB63012387F8423000BFFB6B6A
:20B16000002B21D07B695B6A1D4A32F813301A46FB6BB3FBF2F27B695B685B081A447B6992
:20B180005B68B2FBF3F3BB63BB6B0F2B09D9BB6BB3F5803F05D2BB6B9AB27B691B68DA6082
:20B1A00002E0012387F842307B690122A3F86A207B690122A3F868207B6900225A677B6997
:20B1C00000229A6797F8423018464837BD46BDE8B08F00BF004402580090D00300093D0081
:20B1E0004CEE110880B483B000AF78607B689B6A03F00803002B0AD07B681B685B6823F4E3
:20B2000000417B689A6B7B681B680A435A607B689B6A03F00103002B0AD07B681B685B688B
:20B2200023F400317B68DA6A7B681B680A435A607B689B6A03F00203002B0AD07B681B68E7
:20B240005B6823F480317B681A6B7B681B680A435A607B689B6A03F00403002B0AD07B68C4
:20B260001B685B6823F480217B685A6B7B681B680A435A607B689B6A03F01003002B0AD0C8
:20B280007B681B689B6823F480517B68DA6B7B681B680A439A607B689B6A03F02003002B5F
:20B2A0000AD07B681B689B6823F400517B681A6C7B681B680A439A607B689B6A03F04003AF
:20B2C000002B1AD07B681B685B6823F480117B685A6C7B681B680A435A607B685B6CB3F520
:20B2E000801F0AD17B681B685B6823F4C0017B689A6C7B681B680A435A607B689B6A03F0A2
:20B300008003002B0AD07B681B685B6823F400217B68DA6C7B681B680A435A6000BF0C37AC
:20B32000BD465DF8047B704780B598B002AF78607B680022C3F89020F3F790FD78657B68D2
:20B340001B681B6803F00803082B2FD16FF07E4300937B6D00224FF40011786800F08EF84F
:20B360000346002B22D07B681B68BB63BB6B53E8003F7B637B6B23F080033B657B681B68E3
:20B380001A463B6D7B643A64396C7A6C41E80023FB63FB6B002BE6D17B682022C3F8882023
:20B3A0007B68002283F88420032363E07B681B681B6803F00403042B49D16FF07E43009321
:20B3C0007B6D00224FF48001786800F057F80346002B3CD07B681B687B627B6A53E8003F5E
:20B3E0003B623B6A23F49073FB647B681B681A46FB6C3B63FA62F96A3A6B41E80023BB62FA
:20B40000BB6A002BE6D17B681B6808333B613B6953E8003FFB60FB6823F00103BB647B68F3
:20B420001B680833BA6CFA61BB61B969FA6941E800237B617B69002BE5D17B682022C3F85F
:20B440008C207B68002283F88420032312E07B682022C3F888207B682022C3F88C207B680D
:20B460000022DA667B6800221A677B68002283F88420002318465837BD4680BD80B584B007
:20B4800000AFF860B9603B601346FB714FE0BB69B3F1FF3F4BD0F3F7E1FC02463B68D31A3D
:20B4A000BA699A4202D3BB69002B01D103234EE0FB681B681B6803F00403002B37D0BB688B
:20B4C000802B34D0BB68402B31D0FB681B68DB6903F00803082B10D1FB681B6808221A6266
:20B4E000F86800F020F9FB680822C3F89020FB68002283F88420012329E0FB681B68DB69F0
:20B5000003F40063B3F5006F11D1FB681B684FF400621A62F86800F006F9FB682022C3F822
:20B520009020FB68002283F8842003230FE0FB681B68DA69BB681340BA689A420CBF012316
:20B540000023DBB21A46FB799A42A0D0002318461037BD4680BD000080B596B000AFF86091
:20B56000B9601346FB80FB68BA689A65FB68FA88A3F85C20FB680022C3F89020FB682222C7
:20B58000C3F88C20FB68D3F88030002B2DD0FB68D3F88030404ADA63FB68D3F880303F4A32
:20B5A0001A64FB68D3F880303D4ADA64FB68D3F8803000221A65FB68D3F88000FB681B6857
:20B5C00024331946FB689B6D1A46FB88F5F756FE0346002B09D0FB681022C3F89020FB6877
:20B5E0002022C3F88C20012351E0FB681B69002B18D0FB681B68FB63FB6B53E8003FBB6311
:20B60000BB6B43F480737B65FB681B681A467B6DBB647A64796CBA6C41E800233B643B6C32
:20B62000002BE6D1FB681B680833BB62BB6A53E8003F7B627B6A43F001033B65FB681B68CC
:20B6400008333A6D7A633B63396B7A6B41E80023FB62FB6A002BE5D1FB681B6808337B6118
:20B660007B6953E8003F3B613B6943F04003FB64FB681B680833FA6C3A62FB61F9693A6AD2
:20B6800041E80023BB61BB69002BE5D1002318465837BD4680BD00BFF3B711081BB911087E
:20B6A00059B9110880B48FB000AF78607B681B683B623B6A53E8003FFB61FB6923F0C003AD
:20B6C0007B637B681B681A467B6BFB62BA62B96AFA6A41E800237B627B6A002BE6D17B680D
:20B6E0001B680833FB60FB6853E8003FBB60BB6823F400033B637B681B6808333A6BBA61FD
:20B700007B617969BA6941E800233B613B69002BE5D17B682022C3F8882000BF3C37BD461E
:20B720005DF8047B704780B495B000AF78607B681B687B637B6B53E8003F3B633B6B23F47F
:20B740009073FB647B681B681A46FB6C3B64FA63F96B3A6C41E80023BB63BB6B002BE6D1E2
:20B760007B681B6808333B623B6A53E8003FFB61FB6923F0805323F00103BB647B681B682A
:20B780000833BA6CFA62BB62B96AFA6A41E800237B627B6A002BE3D17B68DB6E012B18D11A
:20B7A0007B681B68FB60FB6853E8003FBB60BB6823F010037B647B681B681A467B6CBB61DF
:20B7C0007A617969BA6941E800233B613B69002BE6D17B682022C3F88C207B680022DA664A
:20B7E0007B6800225A6700BF5437BD465DF8047B704780B59CB000AF78607B689B6BFB6659
:20B800007B68DB69B3F5807F71D0FB6E0022A3F85E20FB6E1B68FB64FB6C53E8003FBB642A
:20B82000BB6C23F48073BB66FB6E1B681A46BB6EBB657A65796DBA6D41E800233B653B6DA1
:20B84000002BE6D1FB6E1B680833BB63BB6B53E8003F7B637B6B23F001037B66FB6E1B6879
:20B8600008337A6E7A643B64396C7A6C41E80023FB63FB6B002BE5D1FB6E1B6808337B62A8
:20B880007B6A53E8003F3B623B6A23F040033B66FB6E1B6808333A6E3A63FB62F96A3A6B3F
:20B8A00041E80023BB62BB6A002BE5D1FB6E2022C3F88C20FB6EDB6E012B18D1FB6E1B6854
:20B8C0003B613B6953E8003FFB60FB6823F01003FB65FB6E1B681A46FB6DFB61BA61B9691D
:20B8E000FA6941E800237B617B69002BE6D1FB6E00221A67FB6EDB6E012B07D1FB6EB3F821
:20B900005C301946F86EFEF7F9FE02E0F86EEFF7C9FF00BF7037BD4680BD80B584B000AF36
:20B9200078607B689B6BFB60FB6801221A67FB68DB6E012B09D1FB68B3F85C305B089BB2E8
:20B940001946F868FEF7DAFE02E0F868FEF7CCFE00BF1037BD4680BD80B586B000AF786022
:20B960007B689B6B7B617B69D3F888303B617B69D3F88C30FB607B691B689B6803F0800359
:20B98000802B09D13B69212B06D17B690022A3F856207869FFF786FE7B691B689B6803F08C
:20B9A0004003402B09D1FB68222B06D17B690022A3F85E207869FFF7B6FE7B69D3F890305F
:20B9C00043F010027B69C3F890207869F0F706F800BF1837BD4680BD80B584B000AF7860CF
:20B9E0007B689B6BFB60FB680022A3F85E20FB680022A3F85620F868EFF7F0FF00BF103794
:20BA0000BD4680BD80B48FB000AF78607B68D3F88830212B4CD17B68B3F856309BB2002B91
:20BA200032D17B681B683B623B6A53E8003FFB61FB6923F080037B637B681B681A467B6B01
:20BA4000FB62BA62B96AFA6A41E800237B627B6A002BE6D17B681B68FB60FB6853E8003F58
:20BA6000BB60BB6843F040033B637B681B681A463B6BBB617A617969BA6941E800233B6124
:20BA80003B69002BE6D113E07B681B6D1A787B681B689A627B681B6D5A1C7B681A657B68A8
:20BAA000B3F856309BB2013B9AB27B68A3F8562000BF3C37BD465DF8047B704780B491B057
:20BAC00000AF78607B68D3F88830212B51D17B68B3F856309BB2002B32D17B681B687B6239
:20BAE0007B6A53E8003F3B623B6A23F08003BB637B681B681A46BB6B3B63FA62F96A3A6B03
:20BB000041E80023BB62BB6A002BE6D17B681B683B613B6953E8003FFB60FB6843F0400361
:20BB20007B637B681B681A467B6BFB61BA61B969FA6941E800237B617B69002BE6D118E099
:20BB40007B681B6DFB63FB6B1B881A467B681B68C2F308029A627B681B6D9A1C7B681A650F
:20BB60007B68B3F856309BB2013B9AB27B68A3F8562000BF4437BD465DF8047B704780B4EC
:20BB800091B000AF78607B68D3F88830212B60D17B68B3F86A30FB8757E07B68B3F8563005
:20BBA0009BB2002B33D17B681B6808337B627B6A53E8003F3B623B6A23F40003BB637B68CF
:20BBC0001B680833BA6B3A63FB62F96A3A6B41E80023BB62BB6A002BE5D17B681B683B610F
:20BBE0003B6953E8003FFB60FB6843F040037B637B681B681A467B6BFB61BA61B969FA696D
:20BC000041E800237B617B69002BE6D121E07B681B68DB6903F08003002B13D07B681B6D9C
:20BC20001A787B681B689A627B681B6D5A1C7B681A657B68B3F856309BB2013B9AB27B6801
:20BC4000A3F85620FB8F013BFB87FB8F002BA4D1FFE700BF4437BD465DF8047B704780B47F
:20BC600091B000AF78607B68D3F88830212B65D17B68B3F86A30FB875CE07B68B3F856301A
:20BC80009BB2002B33D17B681B6808333B623B6A53E8003FFB61FB6923F400037B637B6830
:20BCA0001B6808337A6BFA62BB62B96AFA6A41E800237B627B6A002BE5D17B681B68FB6031
:20BCC000FB6853E8003FBB60BB6843F040033B637B681B681A463B6BBB617A617969BA69CD
:20BCE00041E800233B613B69002BE6D126E07B681B68DB6903F08003002B18D07B681B6D32
:20BD0000BB63BB6B1B881A467B681B68C2F308029A627B681B6D9A1C7B681A657B68B3F8AA
:20BD200056309BB2013B9AB27B68A3F85620FB8F013BFB87FB8F002B9FD1FFE700BF443727
:20BD4000BD465DF8047B704780B588B000AF78607B681B68FB60FB6853E8003FBB60BB6885
:20BD600023F04003FB617B681B681A46FB69BB617A617969BA6941E800233B613B69002B34
:20BD8000E6D17B682022C3F888207B6800229A677868FEF79FFC00BF2037BD4680BD80B464
:20BDA00083B000AF786000BF0C37BD465DF8047B704780B483B000AF786000BF0C37BD4646
:20BDC0005DF8047B704780B483B000AF786000BF0C37BD465DF8047B704780B485B000AF42
:20BDE00078607B6893F88430012B01D1022327E07B68012283F884207B682422C3F888206E
:20BE00007B681B681B68FB607B681B681A687B681B6822F001021A60FB6823F00053FB60DD
:20BE20007B6800225A667B681B68FA681A607B682022C3F888207B68002283F8842000232C
:20BE400018461437BD465DF8047B704780B584B000AF786039607B6893F88430012B01D102
:20BE600002232DE07B68012283F884207B682422C3F888207B681B681B68FB607B681B6835
:20BE80001A687B681B6822F001021A607B681B689B6823F060417B681B683A680A439A60BF
:20BEA000786800F04FF87B681B68FA681A607B682022C3F888207B68002283F8842000235A
:20BEC00018461037BD4680BD80B584B000AF786039607B6893F88430012B01D102232DE0A2
:20BEE0007B68012283F884207B682422C3F888207B681B681B68FB607B681B681A687B6882
:20BF00001B6822F001021A607B681B689B6823F060617B681B683A680A439A60786800F0B3
:20BF200011F87B681B68FA681A607B682022C3F888207B68002283F8842000231846103742
:20BF4000BD4680BD80B485B000AF78607B685B6E002B08D17B680122A3F86A207B680122D0
:20BF6000A3F8682031E01023FB731023BB737B681B689B685B0EDBB203F007037B737B685E
:20BF80001B689B685B0FDBB203F007033B73BB7B3A7B11498A5C02FB03F33A7B0F498A5C68
:20BFA00093FBF2F39AB27B68A3F86A20FB7B7A7B09498A5C02FB03F37A7B08498A5C93FB6A
:20BFC000F2F39AB27B68A3F8682000BF1437BD465DF8047B704700BF64EE11086CEE1108F5
:20BFE00080B485B000AF0346FB800023FB60B7F90630842B05D0B7F90620FB6813440333B7
:20C00000FB60FB6818461437BD465DF8047B704780B483B000AFEFF305837B607B68002BC2
:20C0200014BF01230023DBB218460C37BD465DF8047B704780B500AF00F0DCFF00231846FA
:20C0400080BDF0B589B004AF786039607B685B69002B20D07B689B69002B1CD07B685C683A
:20C060007B681D687B681E697B68B3F908301846FFF7B6FF01467B685B697A6892690292BF
:20C08000019300913B6832462946204600F0BEFD0346FB601CE07B685C687B681D687B684E
:20C0A0001B699EB27B68B3F908301846FFF798FF024607F10C03019300923B6832462946FB
:20C0C000204600F003FE0346012B01D0002300E0FB6818461437BD46F0BD80B584B000AFEC
:20C0E00078607B68FB60FB68002B01D0FB6800E00123184600F048FF002318461037BD4604
:20C1000080BD000080B586B002AF786039600023FB600023BB60FFF77BFF0346002B1CD0C9
:20C12000396807F1080207F10C03009313460122786801F0ADFB0346012B02D04FF0004304
:20C1400019E0FB68002B15D00D4B4FF080521A60BFF34F8FBFF36F8F0CE0396807F10803C0
:20C160000122786801F0D2FA0346012B02D04FF0004300E0BB6818461037BD4680BD00BF8F
:20C1800004ED00E090B589B000AFF860B9607A6000237B610023FB617B68B3F1FF3F03D13F
:20C1A0004FF0FF33FB6109E07B68002B06D07B68FB61FB69002B01D10123FB61FFF728FFA8
:20C1C0000346002B02D082233B611BE0B96807F110031A1DFB69002001F038FA0346012B5E
:20C1E00008D0FB69002B02D100233B610AE040233B6107E07B69002B02DA86233B6101E065
:20C2000008233B61FB681C4607F1100393E8070084E80700F8682437BD4690BD80B58AB018
:20C2200000AF78600023FB6100F050FF5C4B1B68002B01D100F024F95A4B1A687B68134028
:20C24000002B40F095807B68002B1ED008227B6813447B607B6803F00703002B15D07B6860
:20C2600023F0070308337B607B6803F00703002B0BD04FF0500383F31188BFF36F8FBFF3A2
:20C280004F8F7B6100BF00BFFDE77B68002B6FD0454B1B687A689A426AD8444B3B62434B68
:20C2A0001B687B6204E07B6A3B627B6A1B687B627B6A5B687A689A4203D97B6A1B68002B9E
:20C2C000F1D1374B1B687A6A9A4251D03B6A1B6808221344FB617B6A1A683B6A1A607B6A46
:20C2E0005A687B68D21A08235B009A4220D97A6A7B681344BB61BB6903F00703002B0BD0F1
:20C300004FF0500383F31188BFF36F8FBFF34F8F3B6100BF00BFFDE77B6A5A687B68D21AC8
:20C32000BB695A607B6A7A685A60B86900F00AF91D4B1A687B6A5B68D31A1B4A13601A4BCE
:20C340001A681B4B1B689A4203D2174B1B68184A13607B6A5A68134B1B681A437B6A5A6083
:20C360007B6A00221A60134B1B680133114A136000F0BAFEFB6903F00703002B0BD04FF00B
:20C38000500383F31188BFF36F8FBFF34F8FFB6000BF00BFFDE7FB6918462837BD4680BDDD
:20C3A00094670010A8670010986700108C6700109C670010A067001080B586B000AF786025
:20C3C0007B687B617B68002B4FD008235B427A6913447B617B693B613B695A68254B1B68BA
:20C3E0001340002B0BD14FF0500383F31188BFF36F8FBFF34F8FFB6000BF00BFFDE73B69A1
:20C400001B68002B0BD04FF0500383F31188BFF36F8FBFF34F8FBB6000BF00BFFDE73B6991
:20C420005A68144B1B681340002B1ED03B691B68002B1AD13B695A680E4B1B68DB431A40F5
:20C440003B695A6000F042FE3B695A680A4B1B681344094A1360386900F074F8074B1B6821
:20C460000133064A136000F03FFE00BF1837BD4680BD00BFA867001098670010A467001042
:20C4800080B485B000AF4FF47053BB60274BFB60FB6803F00703002B0CD0FB680733FB6037
:20C4A000FB6823F00703FB60BA68FB68D31A1F4A1344BB60FB687B601D4A7B6813601C4BF2
:20C4C00000225A607B68BA681344FB600822FB689B1AFB60FB6823F00703FB60FB68154A8F
:20C4E0001360144B1B6800225A60124B1B6800221A607B683B603B68FA68D21A3B685A60C3
:20C500000C4B1A683B681A603B685B680A4A13603B685B68094A1360094B4FF000421A607D
:20C5200000BF1437BD465DF8047B70478C2B00108C670010946700109C670010986700106C
:20C54000A867001080B485B000AF7860284BFB6002E0FB681B68FB60FB681B687A689A4237
:20C56000F7D8FB68BB60FB685B68BA6813447A689A4208D1FB685A687B685B681A44FB68AC
:20C580005A60FB687B607B68BB607B685B68BA681A44FB681B689A4218D1FB681A68154B8F
:20C5A0001B689A420DD07B685A68FB681B685B681A447B685A60FB681B681A687B681A6031
:20C5C00008E00C4B1A687B681A6003E0FB681A687B681A60FA687B689A4202D0FB687A68E0
:20C5E0001A6000BF1437BD465DF8047B704700BF8C6700109467001080B483B000AF78606E
:20C600007B6803F108027B685A607B684FF0FF329A607B6803F108027B68DA607B6803F17A
:20C6200008027B681A617B6800221A6000BF0C37BD465DF8047B704780B483B000AF786095
:20C640007B6800221A6100BF0C37BD465DF8047B704780B485B000AF786039607B685B689B
:20C66000FB603B68FA685A60FB689A683B689A60FB689B683A685A60FB683A689A603B683A
:20C680007A681A617B681B685A1C7B681A6000BF1437BD465DF8047B704780B485B000AF54
:20C6A000786039603B681B68BB60BB68B3F1FF3F03D17B681B69FB600CE07B680833FB60C8
:20C6C00002E0FB685B68FB60FB685B681B68BA689A42F6D2FB685A683B685A603B685B68A0
:20C6E0003A689A603B68FA689A60FB683A685A603B687A681A617B681B685A1C7B681A60A7
:20C7000000BF1437BD465DF8047B704780B485B000AF78607B681B69FB607B685B687A6847
:20C7200092689A607B689B687A6852685A60FB685B687A689A4203D17B689A68FB685A600F
:20C740007B6800221A61FB681B685A1EFB681A60FB681B6818461437BD465DF8047B704701
:20C7600080B485B000AFF860B9607A60FB68043BFB60FB684FF080721A60FB68043BFB604E
:20C78000BB6823F00102FB681A60FB68043BFB600C4AFB681A60FB68143BFB607A68FB6801
:20C7A0001A60FB68043BFB60FB686FF002021A60FB68203BFB60FB6818461437BD465DF845
:20C7C000047B7047C9C7110880B485B000AF00237B60134B1B68B3F1FF3F0BD04FF0500334
:20C7E00083F31188BFF36F8FBFF34F8FFB6000BF00BFFDE74FF0500383F31188BFF36F8FDC
:20C80000BFF34F8FBB6000BF00BF7B68002BFCD000BF00BF1437BD465DF8047B704700BFFF
:20C82000DC030010000000000000000000000000074B19680868B0E8F04F80F30988BFF339
:20C840006F8F4FF0000080F311887047AFF30080B467001000BF00BF08480068006880F37A
:20C8600008884FF0000080F3148862B661B6BFF34F8FBFF36F8F00DF00BF00BF08ED00E039
:20C8800080B586B000AF474B1B68474A93420BD14FF0500383F31188BFF36F8FBFF34F8F46
:20C8A0003B6100BF00BFFDE73E4B1B683F4A93420BD14FF0500383F31188BFF36F8FBFF331
:20C8C0004F8FFB6000BF00BFFDE7394B7B617B691B78DBB27B607B69FF221A707B691B7878
:20C8E000DBB2FB70FB78DBB203F05003DAB2314B1A70314B07221A6009E02F4B1B68013B27
:20C900002D4A1360FB78DBB25B00DBB2FB70FB78DBB203F08003802BEFD0274B1B68C3F151
:20C920000703042B0BD04FF0500383F31188BFF36F8FBFF34F8FBB6000BF00BFFDE71E4B1C
:20C940001B681B021C4A13601B4B1B6803F4E063194A13607B68DAB27B691A70174B1B68A3
:20C96000164A43F470031360144B1B68134A43F07043136000F0DAF8114B00221A6000F0F8
:20C98000F9F8104B1B680F4A43F040431360FFF763FF00F001FDFFF717FF00231846183724
:20C9A000BD4680BD00ED00E071C20F4170C20F4100E400E0AC670010B067001020ED00E06A
:20C9C000DC03001034EF00E080B483B000AF4FF0500383F31188BFF36F8FBFF34F8F7B6093
:20C9E00000BF104B1B6801330E4A13600D4B1B68012B10D10C4B1B68DBB2002B0BD04FF007
:20CA0000500383F31188BFF36F8FBFF34F8F3B6000BF00BFFDE700BF0C37BD465DF8047B9E
:20CA2000704700BFDC03001004ED00E080B483B000AF124B1B68002B0BD14FF0500383F3BB
:20CA40001188BFF36F8FBFF34F8F7B6000BF00BFFDE70A4B1B68013B084A1360074B1B6812
:20CA6000002B05D100233B603B6883F3118800BF00BF0C37BD465DF8047B7047DC03001007
:20CA8000EFF30980BFF36F8F154B1A681EF0100F08BF20ED108A20E9F04F10602DE9090027
:20CAA0004FF0500080F31188BFF34F8FBFF36F8F00F072FC4FF0000080F3118809BC1968AC
:20CAC0000868B0E8F04F1EF0100F08BFB0EC108A80F30988BFF36F8F704700BFAFF3008099
:20CAE000B467001000BF00BF80B582B000AF4FF0500383F31188BFF36F8FBFF34F8F7B60BB
:20CB000000BF00F08FFB0346002B03D0064B4FF080521A6000233B603B6883F3118800BF8A
:20CB200000BF0837BD4680BD04ED00E080B400AF0B4B00221A600B4B00221A600A4B1B6847
:20CB40000A4AA2FB03239B09094A013B1360044B07221A6000BFBD465DF8047B704700BF1A
:20CB600010E000E018E000E004000010D34D621014E000E0DFF80C00016841F47001016040
:20CB8000704700BF88ED00E080B485B000AFEFF30583FB60FB680F2B15D9184AFB68134446
:20CBA0001B78FB72164B1B78FA7A9A420BD24FF0500383F31188BFF36F8FBFF34F8F7B6098
:20CBC00000BF00BFFDE70F4B1B6803F4E0620E4B1B689A420BD94FF0500383F31188BFF3EE
:20CBE0006F8FBFF34F8F3B6000BF00BFFDE700BF1437BD465DF8047B704700BFF0E300E0A0
:20CC0000AC6700100CED00E0B067001080B58EB004AFF860B9607A603B607B6B002B0BD1F8
:20CC20004FF0500383F31188BFF36F8FBFF34F8F3B6200BF00BFFDE7BB6B002B0BD14FF0A8
:20CC4000500383F31188BFF36F8FBFF34F8FFB6100BF00BFFDE7AC233B613B69AC2B0BD0B3
:20CC60004FF0500383F31188BFF36F8FBFF34F8FBB6100BF00BFFDE73B69BB6B002B1ED072
:20CC80007B6B002B1BD0BB6B7B627B6A7A6B1A637B6A022283F8A920002303937B6A0293CE
:20CCA00007F1140301933B6B00933B687A68B968F86800F051F8786A00F0F8F801E0002393
:20CCC0007B617B6918462837BD4680BD80B58CB004AFF860B9603B601346FB80FB889B0075
:20CCE0001846FFF79BFA78617B69002B0ED0AC20FFF794FAF861FB69002B03D0FB697A6933
:20CD00001A6305E07869FFF757FB01E00023FB61FB69002B17D0FB69002283F8A920FA8866
:20CD200000230393FB690293FB6A0193BB6A00933B68B968F86800F00FF8F86900F0B6F876
:20CD40000123BB6102E04FF0FF33BB61BB6918462037BD4680BD000080B588B000AFF86097
:20CD6000B9607A603B603B6B186B7B689B001A46A52100F0D9FE3B6B1A6B7B6803F18043CC
:20CD8000013B9B001344BB61BB6923F00703BB61BB6903F00703002B0BD04FF0500383F3BD
:20CDA0001188BFF36F8FBFF34F8F7B6100BF00BFFDE7BB68002B1FD00023FB6112E0BA688C
:20CDC000FB69134419783A6BFB69134434330A461A70BA68FB6913441B78002B06D0FB6991
:20CDE0000133FB61FB690F2BE9D900E000BF3B6B002283F8432003E03B6B002283F8342084
:20CE0000BB6A062B01D90623BB623B6BBA6ADA623B6BBA6ADA643B6B00221A653B6B04336A
:20CE20001846FFF709FC3B6B18331846FFF704FC3B6B3A6B1A61BB6AC3F107023B6B9A610B
:20CE40003B6B3A6B5A623B6B00225A653B6B0022C3F8A4203B6B002283F8A8203B6B5833C1
:20CE60004C220021184600F05FFE3B6B0C4ADA653B6B0C4A1A663B6B0B4A5A663A68F96803
:20CE8000B869FFF76DFC02463B6B1A60FB6A002B02D0FB6A3A6B1A6000BF2037BD4680BD6E
:20CEA000E868001050690010B869001080B582B000AF7860FFF788FD2C4B1B6801332B4A0C
:20CEC00013602B4B1B68002B09D1294A7B681360264B1B68012B10D100F0F4FA0DE0254BDC
:20CEE0001B68002B09D1224B1B68DA6A7B68DB6A9A4202D81E4A7B6813601F4B1B680133B9
:20CF00001D4A13601C4B1A687B685A647B68DB6A01229A40194B1B681343184A13607B6893
:20CF2000DA6A13469B0013449B00154A1A447B68043319461046FFF78CFBFFF777FD0D4BFC
:20CF40001B68002B0ED00A4B1B68DA6A7B68DB6A9A4207D20B4B4FF080521A60BFF34F8FDB
:20CF6000BFF36F8F00BF0837BD4680BDB4680010B4670010C0680010D0680010BC680010B8
:20CF8000B867001004ED00E080B584B000AF78600023FB607B68002B18D0144B1B68002B20
:20CFA0000BD04FF0500383F31188BFF36F8FBFF34F8FBB6000BF00BFFDE700F087F80021A8
:20CFC000786800F04BFD00F08FF8F860FB68002B07D1074B4FF080521A60BFF34F8FBFF3E5
:20CFE0006F8F00BF1037BD4680BD00BFDC68001004ED00E080B58AB004AF0023BB60002386
:20D000007B603A46391D07F108031846E3F7E6FF39687B68BA680292019300230093002398
:20D020000A4622492248FFF7F1FD0346214A1360204B1B68002B02D001237B6101E00023D1
:20D040007B617B69012B1DD14FF0500383F31188BFF36F8FBFF34F8F3B6100BF164B1B68D6
:20D060005833164A1360164B4FF0FF321A60154B01221A60144B00221A60F0F7BBFDFFF77A
:20D08000FFFB0FE07B69B3F1FF3F0BD14FF0500383F31188BFF36F8FBFF34F8FFB6000BF0A
:20D0A00000BFFDE700BF1837BD4680BD98E3110895D41108D8680010B4670010E0030010FB
:20D0C000D4680010C0680010B868001080B400AF044B1B680133034A136000BFBD465DF8DC
:20D0E000047B7047DC68001080B584B000AF0023FB600023BB60424B1B68002B0BD14FF07C
:20D10000500383F31188BFF36F8FBFF34F8F3B6000BF00BFFDE7FFF757FC394B1B68013BE4
:20D12000374A1360364B1B68002B61D1354B1B68002B5DD02EE0344BDB68DB68FB60FB686E
:20D1400018331846FFF7E2FAFB6804331846FFF7DDFAFB68DB6A01229A402C4B1B6813439A
:20D160002A4A1360FB68DA6A13469B0013449B00274A1A44FB68043319461046FFF769FAC4
:20D18000FB68DA6A234B1B68DB6A9A4202D3224B01221A601C4B1B68002BCCD1FB68002BB7
:20D1A00001D000F033FA1D4B1B687B607B68002B10D000F037F80346002B02D0164B0122E4
:20D1C0001A607B68013B7B607B68002BF1D1134B00221A60104B1B68002B09D00123BB60F0
:20D1E0000F4B4FF080521A60BFF34F8FBFF36F8FFFF71CFCBB6818461037BD4680BD00BF35
:20D20000DC680010B468001074680010BC680010B8670010B4670010C8680010C468001098
:20D2200004ED00E080B586B000AF00237B614F4B1B68002B40F08F804D4B1B6801333B6192
:20D240004B4A3B6913603B69002B21D1494B1B681B68002B0BD04FF0500383F31188BFF36E
:20D260006F8FBFF34F8F3B6000BF00BFFDE7414B1B68FB60404B1B683E4A13603E4AFB68C5
:20D2800013603E4B1B6801333C4A136000F0BEF93B4B1B683A699A4248D3364B1B681B6811
:20D2A000002B04D1364B4FF0FF321A603EE0314B1B68DB68DB68BB60BB685B687B603A69E1
:20D2C0007B689A4203D22E4A7B6813602EE0BB6804331846FFF71AFABB689B6A002B04D0F5
:20D2E000BB6818331846FFF711FABB68DB6A01229A40244B1B681343224A1360BB68DA6A6E
:20D3000013469B0013449B001F4A1A44BB68043319461046FFF79DF9BB68DA6A1B4B1B6875
:20D32000DB6A9A42B9D301237B61B6E7174B1B68DA6A154913469B0013449B000B441B6864
:20D34000012B01D901237B61114B1B68002B07D001237B6104E00F4B1B6801330D4A136027
:20D360007B6918461837BD4680BD00BFDC680010B86800106C68001070680010CC68001089
:20D38000D4680010BC680010B8670010B4670010C8680010C468001080B586B000AF354B9D
:20D3A0001B68002B03D0344B01221A605EE0324B00221A60F0F728FC0346304A13602F4BBE
:20D3C0001A682F4B1B689A4209D92E4B1B68596D2A4A10682A4A1268821A0A445A65274B59
:20D3E0001B68274A1360284B1B68FB60FB68B3FA83F3FB72FB7AC3F11F037B6123497A690C
:20D4000013469B0013449B000B441B68002B0BD14FF0500383F31188BFF36F8FBFF34F8F6C
:20D420007B6000BF00BFFDE77A6913469B0013449B00164A13443B613B695B685A683B69C6
:20D440005A603B695A683B6908339A4204D13B695B685A683B695A603B695B68DB68094A98
:20D460001360084B1B685833094A136000BF1837BD4680BDDC680010C8680010E4680010D4
:20D48000E0680010B4670010BC680010B8670010E003001080B582B000AF786000F052F88B
:20D4A000064B1B68012BF9D9054B4FF080521A60BFF34F8FBFF36F8FF0E700BFB8670010BA
:20D4C00004ED00E080B582B000AF00237B600CE07A6813469B0013449B00124A13441846A2
:20D4E000FFF78AF87B6801337B607B68062BEFD90D48FFF781F80D48FFF77EF80C48FFF717
:20D500007BF80C48FFF778F80B48FFF775F80B4B054A1A600A4B054A1A6000BF0837BD46EA
:20D5200080BD00BFB867001044680010586800107468001088680010A06800106C6800104C
:20D540007068001080B582B000AF19E0FFF73CFA104BDB68DB687B607B6804331846FFF77E
:20D56000D5F80D4B1B68013B0B4A13600B4B1B68013B0A4A1360FFF759FA786800F010F802
:20D58000064B1B68002BE1D100BF00BF0837BD4680BD00BF88680010B46800109C680010DE
:20D5A00080B584B000AF78607B685833184600F0C3FA7B6893F8A930002B08D17B681B6B4E
:20D5C0001846FEF7F9FE7868FEF7F6FE19E07B6893F8A930012B03D17868FEF7EDFE10E048
:20D5E0007B6893F8A930022B0BD04FF0500383F31188BFF36F8FBFF34F8FFB6000BF00BF22
:20D60000FDE700BF1037BD4680BD000080B483B000AF0C4B1B681B68002B04D10A4B4FF0D9
:20D62000FF321A6008E0074B1B68DB68DB687B607B685B68044A136000BF0C37BD465DF860
:20D64000047B70476C680010D468001080B586B000AFF860B9607A603B60FFF7B5F9294B4C
:20D660001B6893F8A830DBB2022B1CD0254B1B68D3F8A410FA68D2430A40C3F8A420214B00
:20D680001B68012283F8A8203B68002B0BD00121386800F0E3F91C4B4FF080521A60BFF3C6
:20D6A0004F8FBFF36F8FFFF7C1F9FFF78DF97B68002B05D0134B1B68D3F8A4207B681A6000
:20D6C000104B1B6893F8A830DBB2022B02D000237B610AE00B4B1B68D3F8A410BA68D24305
:20D6E0000A40C3F8A42001237B61064B1B68002283F8A820FFF79AF97B6918461837BD460B
:20D7000080BD00BFB467001004ED00E080B58AB000AFF860B9603B601346FB7101237B6221
:20D72000FB68002B0BD14FF0500383F31188BFF36F8FBFF34F8FBB6100BF00BFFDE7FB68BD
:20D740003B62FFF741F93B68002B04D03B6AD3F8A4203B681A603B6A93F8A830FB773B6AEA
:20D76000022283F8A820FB79042B2ED801A252F823F000BFEFD7110889D711089BD71108F7
:20D78000ABD71108B5D711083B6AD3F8A420BB681A433B6AC3F8A4202CE03B6AD3F8A43021
:20D7A0005A1C3B6AC3F8A42024E03B6ABA68C3F8A4201FE0FB7F022B04D03B6ABA68C3F889
:20D7C000A42017E000237B6214E03B6AD3F8A430B3F1FF3F0DD04FF0500383F31188BFF344
:20D7E0006F8FBFF34F8F7B6100BF00BFFDE700BF00E000BFFB7F012B3AD13B6A0433184614
:20D80000FEF784FF3B6ADB6A01229A401C4B1B6813431B4A13603B6ADA6A13469B0013445D
:20D820009B00184A1A443B6A043319461046FEF710FF3B6A9B6A002B0BD04FF0500383F340
:20D840001188BFF36F8FBFF34F8F3B6100BF00BFFDE73B6ADA6A0C4B1B68DB6A9A4207D92D
:20D860000A4B4FF080521A60BFF34F8FBFF36F8FFFF7DCF87B6A18462837BD4680BD00BF1D
:20D88000BC680010B8670010B467001004ED00E080B58EB000AFF860B9603B601346FB7136
:20D8A00001237B63FB68002B0BD14FF0500383F31188BFF36F8FBFF34F8F7B6200BF00BFC0
:20D8C000FDE7FFF761F9FB683B63EFF311824FF0500383F31188BFF36F8FBFF34F8F3A6221
:20D8E000FB613B6AFB623B68002B04D03B6BD3F8A4203B681A603B6B93F8A83087F82B30F3
:20D900003B6B022283F8A820FB79042B2ED801A252F823F091D9110829D911083BD9110886
:20D920004BD9110855D911083B6BD3F8A420BB681A433B6BC3F8A4202DE03B6BD3F8A43037
:20D940005A1C3B6BC3F8A42025E03B6BBA68C3F8A42020E097F82B30022B04D03B6BBA682D
:20D96000C3F8A42017E000237B6314E03B6BD3F8A430B3F1FF3F0DD04FF0500383F3118897
:20D98000BFF36F8FBFF34F8FBB6100BF00BFFDE700BF00E000BF97F82B30012B46D13B6B98
:20D9A0009B6A002B0BD04FF0500383F31188BFF36F8FBFF34F8F7B6100BF00BFFDE7214BD1
:20D9C0001B68002B1CD13B6B04331846FEF79EFE3B6BDB6A01229A401B4B1B6813431A4A55
:20D9E00013603B6BDA6A13469B0013449B00174A1A443B6B043319461046FEF72AFE05E091
:20DA00003B6B183319461248FEF723FE3B6BDA6A104B1B68DB6A9A4208D93B6C002B02D0D8
:20DA20003B6C01221A600C4B01221A60FB6A3B613B6983F3118800BF7B6B18463837BD4685
:20DA400080BD00BFDC680010BC680010B867001074680010B4670010C868001080B584B053
:20DA600000AF78603960294B1B68FB60284B1B6804331846FEF74AFE0346002B0BD1244BAD
:20DA80001B68DB6A012202FA03F3DA43214B1B681340204A13607B68B3F1FF3F0AD13B682A
:20DAA000002B07D01A4B1B68043319461A48FEF7D0FD26E0FA687B681344BB60144B1B6823
:20DAC000BA685A60BA68FB689A4209D2134B1A680F4B1B68043319461046FEF7DEFD10E0C5
:20DAE0000F4B1A680A4B1B68043319461046FEF7D4FD0C4B1B68BA689A4202D2094ABB689E
:20DB0000136000BF1037BD4680BD00BFB8680010B4670010BC680010A068001070680010FE
:20DB20006C680010D468001002440346934200D1704703F8011BF9E7294B1B68834270B5F1
:20DB400004464BD0C369ABB1DB686BB10025E369DB68595900293BD10435802DF7D1E369E4
:20DB60002046D96800F06AF8E369196811B1204600F064F8616911B1204600F05FF8E169E8
:20DB800011B1204600F05AF8216B11B1204600F055F8616B11B1204600F050F8A16B11B130
:20DBA000204600F04BF8A16C11B1204600F046F8616C11B1204600F041F8E16A11B12046D8
:20DBC00000F03CF8236A4BB12046BDE8704018470E68204600F032F83146BBE770BD00BF83
:20DBE000E0030010014B1868704700BFE003001070B50D4D0D4C641BA4100026A64209D10A
:20DC00000B4D0C4C00F0A6FA641BA4100026A64205D170BD55F8043B98470136EEE755F8BC
:20DC2000043B98470136F2E780EE110880EE110880EE110884EE11087047704738B50546F0
:20DC4000002941D051F8043C0C1F002BB8BFE41800F03EF81D4A136833B96360146028469F
:20DC6000BDE8384000F03AB8A34208D9206821188B4201BF19685B6809182160EDE71A4677
:20DC80005B680BB1A342FAD911685018A0420BD120680144501883421160E0D118685B684F
:20DCA000536008441060DAE702D90C232B60D6E7206821188B4204BF19685B68636004BFC7
:20DCC000091821605460CAE738BD00BF246A00100148FFF7B1BF00BF206A00100148FFF7A4
:20DCE000ACBF00BF206A001008B52DED028BB0EE408A00F0E5F8B4EE488AF1EE10FA0FD685
:20DD0000B5EEC08AF1EE10FA0AD8B5EE408AF1EE10FA08D1FFF766FF22239FED080A03607B
:20DD2000BDEC028B08BDFFF75DFFBDEC028B21230360BDE80840024800F004B8000080FF57
:20DD400074EE11089FED010A704700BF0000C07F08B52DED028BB0EE408AF0EE608A00F078
:20DD600015F830B9B0EE688AB0EE480ABDEC028B08BDB0EE680A00F009F80028F4D0B4EEA3
:20DD8000E88AF1EE10FAEDD5EEE7000010EE103A33F000400DD0A0F50003B3F1FE4F0AD3A3
:20DDA000074B421E9A4208D9A0F1FF4358425841704702207047042070470320704700BFEA
:20DDC000FEFF7F000000000051EC100BC1F30A532DE9F041A3F2FF36132E0C4605468046A9
:20DDE00034DC002E17DA32A3D3E90023E2F77EFA00220023E2F7C0FE50B1002C55DA24F0A3
:20DE000000442C430025AC422B4C08BF4FF000442146284623E0294F374101EA0703034378
:20DE20001DD023A3D3E90023E2F760FA00220023E2F7A2FE0028EBD0002CBEBF4FF48013FD
:20DE40003341E41824EA07040025E1E7332E0ADDB6F5806F03D102460B46E2F747FA41ECB6
:20DE6000100BBDE8F081A3F213434FF0FF37DF400742F4D00EA3D3E90023E2F737FA002229
:20DE80000023E2F779FE0028C2D0002C0ADA142E01D1013406E0C6F134060123B3401D44AD
:20DEA0004545F6D325EA0705B2E700252C46AFE79C7500883CE4377E0000F0BFFFFF0F0004
:20DEC00008B510EE103A33F000422DED028B08D19FED217ADFED217A87EE270ABDEC028BEE
:20DEE00008BD002B1A4602DA30EE407AF2E7B3F1FF4F02DB30EE000AF0E7B3F5000FBFBF42
:20DF0000DFED177A60EE277A6FF0180117EE902A4FEAE253A8BF00217F3B0B44D90F03EBA9
:20DF2000D37307EE903AC2F31602C1F17F0342EAC35300EE103AB8EEE78A00F019F8DFED7D
:20DF4000097A20EE270ADFED087AA8EE270ADFED077AA8EE270AC1E7000000CC0000000062
:20DF60000000004CD95BDE3EDB27543580209A3E10EE103A33F0004206D19FED667ADFED46
:20DF8000667A87EE270A7047002B1A4602DA30EE407AF4E7B3F1FF4F02DB30EE000A70477C
:20DFA000B3F5000FB8BFDFED5D7A5D48BEBF60EE277A6FF0180117EE902A4FEAE253C2F325
:20DFC00016021044A8BF00217F3B0B4400F4000181F07E51114300EE101A524903EBD053F7
:20DFE00002F10F00F7EE007A014030EE670A89BBB5EE400AF1EE10FA0FD1002B00F08780D4
:20E0000007EE903A9FED480A9FED487AF8EEE77A27EE800AA7EE870A7047DFED456AF6EEF3
:20E02000007AE0EE667A20EE007A27EE277A13B930EE470A704707EE903ADFED3B6AF8EE72
:20E04000E77AA7EEE67A37EE400A9FED387A97EE870A7047F0EE007A70EE277ADFED355A3E
:20E06000DFED354A354980EE276A1144C2F5571202F522720A43002A07EE903A26EE065A2E
:20E08000F8EEE76A25EE057ADFED2D7AE7EE257ADFED2C5AE7EE875ADFED2B7AE7EE247AE4
:20E0A000DFED2A4AE7EE874ADFED297AE4EE877A67EE857AE5EE877A1ADDB6EE007A20EEED
:20E0C000077A27EE007A77EE877A67EE867A13B937EE677AACE79FED146AE6EE867A37EE0D
:20E0E000677A37EE400ADFED117A96EEA70A704770EE677A67EE867A13B930EE670A7047E7
:20E100009FED097AE6EEC77A37EEC00AEBE79FED020A7047000000CC000000000000004CB3
:20E1200020FB4A00F0FF7F00D1F717378071313FABAAAA3E4FD01C3E9788173E305CCFFF11
:20E14000298E633ECDCCCC3E25333A3E2549923EABAA2A3FF8B500BFF8BC08BC9E46704779
:20E16000F8B500BFF8BC08BC9E4670474D0000004500000047000000480000004D000000B2
:20E18000490000004A0000004B0000009002001024010010F4010010F80200105C0200104D
:20E1A000C4020010C00100108C01001028020010580100100000803EABAAAA3E0000C03E7F
:20E1C0000000003FABAA2A3F0000403F0000803FABAAAA3F0000C03F00000040ABAA2A40C8
:20E1E0000000404000008040640000000000000000000000000000006400000050000000C7
:20E2000050000000500000000000000000000000640000000F0000000000000000000000EB
:20E2200064000000530000000000000000000000640000000F0000000100000001000000B2
:20E2400001000000FFFFFFFFFFFFFFFFFFFFFFFF090000000B0000000700000006000000A8
:20E26000080000000400000003000000050000000100000000000000020000000000000087
:20E28000040000000300000004000000030000000200000003000000020000000100000068
:20E2A000020000000100000001000000010000000000000002000000010000000000000056
:20E2C000020000000100000000000000020000000100000000000000010000000100000036
:20E2E000000F01010100000E00FF023703000400050000000122020003FF04FF0500060085
:20E300000703080009000A0D0B0C0C00FCED110821DC1008FFFF0000000000000002000091
:20E3200000000000000000000CEE110899DD10080200000000000000000100000000000039
:20E34000000000001CEE1108D1DD1008FEFF000000000000000100000000000000000000D6
:20E3600028EE1108E9DD1008000000000000000080000000000000000000000034EE1108D5
:20E3800085DE1008010000000000000080000000000000000000000049444C450000000063
:20E3A0000925630925750925750925750D0A00000925750909257525250D0A000925750970
:20E3C000093C3125250D0A0000000000010203040102030406070809000000000000000034
:20E3E00000000000000000000000000000000000000000000000000000000000000000001D
:20E400000000000000000000010000000100000002000000030000000400000005000000EC
:20E420000500000006000000070000000800000009000000090000000A0000000B0000009B
:20E440000C0000000D0000000E0000000E0000000F00000010000000110000001200000045
:20E460001300000014000000150000001500000016000000170000001800000019000000ED
:20E480001A0000001B0000001C0000001D0000001E0000001F000000200000002100000090
:20E4A000220000002300000024000000240000002500000026000000270000002800000035
:20E4C000290000002A0000002B0000002D0000002E0000002F0000003000000031000000D3
:20E4E000320000003300000034000000350000003600000037000000380000003900000070
:20E500003A0000003B0000003D0000003E0000003F00000040000000410000004200000009
:20E520004300000044000000460000004700000048000000490000004A0000004B000000A1
:20E540004D0000004E0000004F000000500000005100000053000000540000005500000034
:20E560005600000058000000590000005A0000005B0000005D0000005E0000005F000000C5
:20E58000600000006200000063000000640000006500000067000000680000006900000055
:20E5A0006B0000006C0000006D0000006E00000070000000710000007200000074000000E2
:20E5C000750000007600000078000000790000007A0000007C0000007D0000007E0000006E
:20E5E0008000000081000000820000008400000085000000860000008800000089000000F8
:20E600008A0000008C0000008D0000008E0000008F00000091000000920000009300000084
:20E62000950000009600000097000000980000009A0000009B0000009C0000009D00000012
:20E640009F000000A0000000A1000000A2000000A3000000A5000000A6000000A7000000A3
:20E66000A8000000A9000000AA000000AB000000AC000000AD000000AE000000AF0000003E
:20E68000B0000000B1000000B2000000B3000000B4000000B5000000B6000000B7000000DE
:20E6A000B8000000B9000000BA000000BA000000BB000000BC000000BD000000BD00000084
:20E6C000BE000000BF000000BF000000C0000000C1000000C1000000C2000000C200000038
:20E6E000C3000000C4000000C4000000C5000000C5000000C5000000C6000000C6000000F4
:20E70000C7000000C7000000C7000000C8000000C8000000C8000000C9000000C9000000BA
:20E72000C9000000C9000000CA000000CA000000CA000000CA000000CB000000CB00000089
:20E74000CB000000CB000000CB000000CB000000CB000000CC000000CC000000CC0000005E
:20E76000CC000000CC000000CC000000CC000000CC000000CC000000CC000000CC00000039
:20E78000CC000000CC000000CC000000CC000000CC000000CC000000CC000000CC00000019
:20E7A000CC000000CD000000CD000000CD000000CD000000CD000000CD000000CD000000F2
:20E7C000CD000000CD000000CD000000CD000000CD000000CD0000000000803F0000803FED
:20E7E0000000803F0000803F0000803F0000803F0000803F0000803F0000803F0000803F21
:20E800000000803F0000803FFFD5803F49F9813FCA20833F964C843FC07C853F5EB1863FC0
:20E8200084EA873F4928893FC26A8A3F06B28B3F2AFE8C3F494F8E3F79A58F3FD300913F0D
:20E840006F61923F67C7933FD632953FD6A3963F821A983FF796993F51199B3FACA19C3FA9
:20E8600026309E3FDFC49F3FF45FA13F8601A33FB5A9A43FA258A63F6E0EA83F3DCBA93FD5
:20E88000318FAB3F6E5AAD3F192DAF3F5907B13F52E9B23F2CD3B43F11C5B63F27BFB83FD0
:20E8A0009AC1BA3F93CCBC3F3EE0BE3FC8FCC03F5E22C33F2F51C53F6A89C73F3ECBC93FBC
:20E8C000DE16CC3F7D6CCE3F4CCCD03F8236D33F53ABD53FF52AD83FA2B5DA3F904BDD3FA3
:20E8E000FBECDF3F1E9AE23F3453E53F7C18E83F34EAEA3F9AC8ED3FF2B3F03F7DACF33FD0
:20E900007EB2F63F39C6F93FF5E7FC3FFD0B004047AB0140FE5103404700054049B6064066
:20E920002A740840103A0A4025080C4090DE0D407BBD0F400EA5114074951340D98E154086
:20E9400066911740489D1940ABB21B40BBD11D40A7FA1F409A2D2240C36A244051B2264067
:20E960007104294053612B4026C92D40193C30405ABA32401A44354088D93740D37A3A4081
:20E9800029283D40BBE13F40B7A74240497A4540A1594840EB454B40543F4E40064651402B
:20E9A0002D5A5440F27B57407DAB5A40F5E85D407F3461403F8E644056F66740E56C6B4048
:20E9C00009F26E40DC85724078287640F3D979405E9A7D40E5B4804021A48240E79A8440C6
:20E9E00039998640189F884081AC8A4070C18C40DDDD8E40C00191400A2D9340AD5F954007
:20EA000096999740B1DA9940E3229C4010729E4019C8A040DA24A3402B88A540E1F1A74058
:20EA2000CC61AA40B8D7AC406F53AF40B3D4B140445BB440DDE6B6403577B940FD0BBC4026
:20EA4000E3A4BE408F41C140A8E1C340CB84C640952AC9409FD2CB40797CCE40B527D1404B
:20EA6000DDD3D3407980D6400E2DD9401CD9DB402284DE409B2DE14001D5E340CA79E64051
:20EA80006D1BE9405EB9EB401053EE40F8E7F0408777F3403301F6406F84F840B300FB402F
:20EAA0007675FD4034E2FF4035230141CC500241A17903417B9D04411FBC054157D5064191
:20EAC000EFE80741B7F6084182FE094126000B417BFB0B4160F00C41B4DE0D415DC60E4134
:20EAE00044A70F41548110417E541141B7201241F8E512413CA41341855B1441D70B154196
:20EB000039B51541B857164164F316414E8817418D1618413A9E1841711F1941529A194112
:20EB2000FD0E1A41967D1A4144E61A412F491B4180A61B4162FE1B4102511C418F9E1C4130
:20EB400036E71C41282B1D41946A1D41AAA51D419BDC1D41980F1E41D03E1E41756A1E41FB
:20EB6000B4921E41BDB71E41BDD91E41E3F81E4159151F414A2F1F41E1461F41465C1F41BE
:20EB80009F6F1F4113811F41C5901F41D89E1F416CAB1F41A2B61F4197C01F4167C91F4112
:20EBA0002CD11F4101D81F41FBDD1F4131E31F41B8E71F41A1EB1F41FFEE1F41E1F11F41A9
:20EBC00056F41F416CF61F412EF81F41A8F91F41E3FA1F41E8FB1F410000803FDB72813FF6
:20EBE000E9E9823F3665843FCDE4853FBC68873F0FF1883FD27D8A3F130F8C3FDEA48D3FAB
:20EC0000413F8F3F4ADE903F0482923F7F2A943FC8D7953FEC89973FFB40993F01FD9A3F34
:20EC20000EBE9C3F30849E3F764FA03FEF1FA23FA9F5A33FB3D0A53F1FB1A73FFA96A93FF4
:20EC40005582AB3F4073AD3FCA69AF3F0466B13FFF67B33FCB6FB53F797DB73F1A91B93FC4
:20EC6000BFAABB3F7BCABD3F5DF0BF3F791CC23FDF4EC43FA487C63FD9C6C83F8F0CCB3F64
:20EC8000DB58CD3FD0ABCF3F8005D23F0066D43F63CDD63FBC3BD93F21B1DB3FA62DDE3F6D
:20ECA0005FB1E03F603CE33FC0CEE53F9368E83FEF09EB3FEBB2ED3F9C63F03F181CF33F14
:20ECC00075DCF53FCCA4F83F3275FB3FC04DFE3F46970040D80B0240A0840340AD01054041
:20ECE0000A830640C4080840E69209407E210B4099B40C40444C0E408DE80F407F891140EE
:20ED00002A2F13409BD91440DF881640043D184019F619402DB41B404C771D40873F1F4040
:20ED2000EB0C214089DF22406EB72440AA9426404D772840675F2A40074D2C403D402E407D
:20ED400019393040AC373240063C34403846364053563840696C3A408A883C40C7AA3E4005
:20ED600034D34040E1014340E03645404572474021B4494087FC4B408A4B4E403EA1504090
:20ED8000B6FD5240056155403FCB5740783C5A40C5B45C4039345F40EBBA6140EE48644003
:20EDA00058DE66403E7B6940B61F6C40D6CB6E40B57F7140683B744006FF7640A6CA794025
:20EDC000609E7C404A7A7F403F2F814089A582400F208440DE9E85400222874088A98840BF
:20EDE0007C358A40ECC58B40E35A8D4070F48E40A09290407F359240F3F1DE0075706461EC
:20EE000074696E675F7379735F73740072756E5F636F6D70726573736F7200004765745FBC
:20EE20005374617473000000736C696465725F636F6D73006D6964695F70726F636573732E
:20EE4000696E67000006101600061016010002000400060008000A000C0010002000400081
:20EE6000800000010101010307010000080402040801010100000000741EFE7F01000000D6
:20EE8000C5021008A10210080090D0030090D00318000000000002580000025800140258D8
:20EEA000001402580014025800140258100020008000000100020004000402580004025895
:20EEC0000018025800180258001802580018025800180258000100020004000800100020B9
:20EEE0000040000000040258000402580018025800180258000802580020001040008000E0
:20EF000000010000341800403808004038000140340401403404004038180040340800406E
:20EF20003C0001403804014038040040000402580008025800040004010000000100000091
:20EF40000000803F30753075D007D00700FF7F470000803F01000000010000000000000074
:20EF600001010000010100000000803E0000803FCDCCCC3D6F12833B00000100000001002D
:20EF800000000000010000BEBE007F7F7F2D321F7F00C800000000000000000000000000B2
:20EFA000000000000000000000000000000100000100010000000000010000820032C82DA4
:20EFC000917F506A7F00DC000000000000000000000000000000000000000000000000000C
:20EFE000020102010100000001000100010000B4823264D2B47F001E78AAAA00000000004C
:20F000000000000000000000000000000000000000000000000101030200010101000000E6
:20F020000100007F5A0078967FB4581E7F007F000000000000000000000000000000000041
:20F040000000000000000000000002000300010001000000010000DC5AFF7F8C737F3941FC
:20F060007F008200000000000000000000000000000000000000000000000000000001028C
:20F0800002000100000100000100007F00004C7F7F7F4141B3B3B300000000000000000088
:20F0A000000000000000000000000000000000000000020303000100000000000100004CFA
:20F0C0004C007FBFA6FF5D427F0000000000000000000000000000000000000000000000E3
:20F0E00000000000030202030200000000000000010000B432007F6E967F3C7F7F00CC0015
:20F100000000000000000000000000000000000000000000000000000001020200000100E9
:20F1200000000000010000BE500046BE7F3200147F00C800000000000000000000000000B0
:20F1400000000000000000000000000000030000030001000001010001000064B4007FFF0F
:20F160007F78D27F8773B40000000000000000000000000000000000000000000000000099
:20F1800000010103010001000000000001000064B4005AC3B4FF00287F00B4000000000024
:20F1A0000000000000000000000000000000000000000000AA9500000000E0423333733FD6
:20F1C0000700000005040302010000008FC2F53CFFFFFFFFFFFFFFFFFFFFFFFFFFFFFFFFA7
:20F1E000FFFFFFFFFFFFFFFFFFFFFFFFFFFFFFFFFFFFFFFFFFFFFFFF010101010100000022
:20F2000001010101010000000101010101000000FFFFFFFFFFFFFFFFFFFFFFFFFFFFFFFFF4
:20F2200001010000010100000101000000000000FFFFFFFFFFFFFFFFFFFFFFFFFFFFFFFFD8
:20F240000101000001010000010101000200000001000000FFFFFFFF0000803F10000000D9
:20F2600001000000AAAAAAAAE403001000000000E868001050690010B86900100000000094
:20F2800000000000000000000000000000000000000000000000000000000000000000006E
:18F2A00000000000000000000000000000000000000000000000000056
:040000050810ED25CD
:00000001FF
