:020000040800F2
:2000000000000824F9650008556500085D650008656500086D650008756500080000000034
:200020000000000000000000000000007D6500088B6500080000000099650008A7650008C4
:200040004966000849660008496600084966000849660008496600084966000849660008E8
:2000600049660008496600084966000849660008B5650008C96500084966000849660008DE
:200080004966000849660008496600084966000849660008496600084966000849660008A8
:2000A000496600084966000849660008496600084966000849660008496600084966000888
:2000C000496600084966000849660008496600084966000849660008496600084966000868
:2000E0004966000849660008000000004966000849660008496600084966000849660008FF
:20010000496600084966000849660008496600084966000849660008496600084966000827
:20012000496600084966000849660008496600084966000849660008496600084966000807
:20014000496600084966000800000000000000004966000849660008496600084966000855
:200160004966000849660008496600084966000849660008496600084966000849660008C7
:2001800049660008496600084966000849660008496600084966000849660008DD65000814
:2001A000496600084966000849660008496600084966000849660008496600084966000887
:2001C000496600084966000849660008496600084966000849660008496600084966000867
:2001E000496600084966000849660008496600084966000849660008496600084966000847
:20020000496600084966000849660008496600084966000849660008496600084966000826
:20022000496600084966000849660008496600084966000849660008496600084966000806
:200240004966000849660008496600084966000849660008496600084966000849660008E6
:200260004966000849660008496600084966000849660008496600084966000849660008C6
:2002800049660008496600084966000800000000496600084966000810B5054C237833B92E
:2002A000044B13B10448AFF300800123237010BD941100240000000050FC000808B5034B11
:2002C0001BB103490348AFF3008008BD000000009811002450FC000881F0004102E000BF60
:2002E00083F0004330B54FEA41044FEA430594EA050F08BF90EA020F1FBF54EA000C55EA19
:20030000020C7FEA645C7FEA655C00F0E2804FEA5454D4EB5555B8BF6D420CDD2C4480EAF7
:20032000020281EA030382EA000083EA010180EA020281EA0303362D88BF30BD11F0004FA7
:200340004FEA01314FF4801C4CEA113102D0404261EB410113F0004F4FEA03334CEA1333BC
:2003600002D0524263EB430394EA050F00F0A780A4F10104D5F1200E0DDB02FA0EFC22FA42
:2003800005F2801841F1000103FA0EF2801843FA05F359410EE0A5F120050EF1200E012A36
:2003A00003FA0EFC28BF4CF0020C43FA05F3C01851EBE37101F0004507D54FF0000EDCF13C
:2003C000000C7EEB00006EEB0101B1F5801F1BD3B1F5001F0CD349085FEA30004FEA3C0C2B
:2003E00004F101044FEA445212F5800F80F09A80BCF1004F08BF5FEA500C50F1000041EB3F
:20040000045141EA050130BD5FEA4C0C404141EB0101013C28BFB1F5801FE9D291F0000F65
:2004200004BF01460020B1FA81F308BF2033A3F10B03B3F120020CDA0C3208DD02F1140CD5
:20044000C2F10C0201FA0CF021FA02F10CE002F11402D8BFC2F1200C01FA02F120FA0CFC5B
:20046000DCBF41EA0C019040E41AA2BF01EB0451294330BD6FEA04041F3C1CDA0C340EDC04
:2004800004F11404C4F1200220FA04F001FA02F340EA030021FA04F345EA030130BDC4F166
:2004A0000C04C4F1200220FA02F001FA04F340EA0300294630BD21FA04F0294630BD94F0DF
:2004C000000F83F4801306BF81F480110134013D4EE77FEA645C18BF7FEA655C29D094EAEF
:2004E000050F08BF90EA020F05D054EA000C04BF1946104630BD91EA030F1EBF0021002067
:2005000030BD5FEA545C05D14000494128BF41F0004130BD14F580043CBF01F5801130BD13
:2005200001F0004545F0FE4141F470014FF0000030BD7FEA645C1ABF194610467FEA655C5E
:200540001CBF0B46024650EA013406BF52EA033591EA030F41F4002130BD00BF90F0000F61
:2005600004BF0021704730B54FF4806404F132044FF000054FF0000150E700BF90F0000FA0
:2005800004BF0021704730B54FF4806404F1320410F0004548BF40424FF000013EE700BF97
:2005A00042004FEAE2014FEA31014FEA02701FBF12F07F4393F07F4F81F06051704732F0D9
:2005C0007F4208BF704793F07F4F04BF41F40021704730B54FF4607401F0004521F0004137
:2005E0001CE700BF50EA010208BF704730B54FF000050AE050EA010208BF704730B511F0CA
:20060000004502D5404261EB41014FF4806404F132045FEA915C3FF4D8AE4FF003025FEAE0
:20062000DC0C18BF03325FEADC0C18BF033202EBDC02C2F1200300FA03FC20FA02F001FAE8
:2006400003FE40EA0E0021FA02F11444BDE600BF80B400AF3D4BD3F888303C4A43F470037B
:20066000C2F88830394B1B69384A43F010031361374B1B6803F00F03062B07D8344B1B68A8
:2006800023F00F03324A43F007031360314B1B68304A43F0010313602E4B00221A612D4B58
:2006A0001A682C492C4B13400B60294B1B6803F00803002B07D0264B1B6823F00F03244A90
:2006C00043F007031360234B00229A61214B0022DA61204B00221A621E4B204A9A621D4BD6
:2006E0001F4ADA621B4B1F4A1A631A4B00225A63184B1C4A9A63174B0022DA63154B194A7B
:200700001A64144B00225A64124B1B68114A23F4802313600F4B00221A66134B5B6A124A39
:2007200043F480435362114B1A68114B1340B3F1005F02D20F4B01221A600F4B43F2D2024C
:200740001A6000BFBD465DF8047B704700ED00E000200052004402587FEDF6EA00020202A3
:200760000000FF0180020101C00000580010005C0000FFFF088100510040005280B584B09E
:2007800000AF786039600023FB603B6801221A603B6810225A603B6801229A603B68002267
:2007A000DA604FF6FF72396878680EF077F8012005F0DEFF3B6802221A603B6810225A6098
:2007C0003B6801229A603B680022DA604FF6FF72396878680EF062F83B6803221A603B68E6
:2007E00010225A603B6808229A603B680022DA604FF6FF72396878680EF050F84FF40C7308
:20080000FB603B6804221A603B6810225A603B6801229A60FA683B68DA604FF6FF72396855
:2008200078680EF03BF84FF4667178680EF06BF800BF1037BD4680BD80B483B000AF0023CD
:200840007B600CE00B4A7B68002142F823100A4A7B68002142F823107B6801337B607B6871
:200860003F2BEFDD00BF00BF0C37BD465DF8047B704700BF000000240001002400000000EB
:20088000D0ED006A90ED016AB7EEE67AB4EEE66AB7EEC60AF1EE10FA9FED076B04D5A0EE8F
:2008A000067BB7EEC70B7047A7EE060BB7EEC00B704700BFAFF300806E3480B74082DA3F27
:2008C00070EE607AE7EE810AB0EE600A704700BFFDEEC07A17EE902AF6EEC07A70EE677AC1
:2008E000531E07EE103AB8EEC77AB5EEC07AF1EE10FA48BF5B189B00034400EB820093ED52
:20090000000A90ED007A37EE407AA7EE270A704760EE006AD0ED014AB0EE005AD0ED037A88
:20092000B0EE083A90ED024A20EE267AD0ED005A74EEE77AF6EE003A37EE076A30EE070AA3
:20094000F7EE002A37EE667AA6EEC50AB0EE465A75EEC45A27EE237AA6EEC35A96EE836A8D
:2009600027EE800A20EE230A75EE227AA7EE840AA5EE870AA6EE240A704700BF816842688C
:200980000368C16080ED000A82604360704700BFF7EE007A002380ED000AC0ED010A87EE33
:2009A000A07AC0ED027A036180ED051AC0ED061A80ED037A704700BFD0ED047A9FED257A71
:2009C000F0EE676A00B5D0EE006A2DED028BB0EE408A83B0E6EE877AF5EEC07AC0ED047A2C
:2009E000F1EE10FA2DDBF1EEE76AD0ED007AF4EEE67AF1EE10FA21D536EEE76AD0ED035AEF
:200A0000E5EE867AB0EE677AC7EE267A90ED020AB4EEE70A77EEC07AF1EE10FACCBF90ED83
:200A2000057A90ED067AA7EE870A80ED020A20EE080A03B0BDEC028B5DF804FBF7EE007ADF
:200A4000E4E7B0EE670A01900EF02AF90198F0EE406ACAE76F12833AB7EE007AF6EE006A8D
:200A600077EE417A67EEA67AF4EEC07AF1EE10FA18DC31EE071A21EE261AB4EEC01AF1EEFE
:200A800010FA02DBB0EE600A704777EE607A30EE410A37EE417A67EE807AC7EE876A36EE0F
:200AA000A00A704780EEA77A27EE000A704700BF00291ADD70B5051F002605EB8101AE46BC
:200AC00030465EF8044F2B464FF0000C53F8042F944208BF0CF1010C8B42F7D1664501DAFB
:200AE000664620468E45ECD170BD0020704700BF80B588B000AF78600B46FB704FF07A53D5
:200B0000FB614FF07E53BB61FB7883F00103DBB2002B05D04FF07653FB614FF07E53BB6146
:200B20004FF480533B6100237B612DE07B6907EE903AF8EEE76A3B69013B07EE903AB8EED8
:200B4000E77AC6EE877AB7EE007A77EE677AC7ED037A97ED067AD7ED077AC7EE276AD7ED96
:200B6000030AB0EE660A0EF0B7F9B0EE407A7B699B007A681344D7ED077A67EE277AC3EDB1
:200B8000007A7B6901337B617A693B699A42CDDB3B69013B18462037BD4680BDB0B495B05E
:200BA00000AF78600B46FB70244B07F108041D460FCD0FC40FCD0FC40FCD0FC42B682360F9
:200BC0004FF07A537B644FF07E53FB64FB7883F00103DBB2002B05D04FF076537B644FF01E
:200BE0007E53FB6428233B640023BB6418E0BB6C0C2B1ADCBB6C9B0050333B44483BD3ED46
:200C0000007A97ED137A67EE277AC7ED0F7ABB6C9B007A681344FA6B1A60BB6C0133BB64C2
:200C2000BA6C3B6C9A42E2DB00E000BFBB6C013B18465437BD46B0BC704700BF74FC000806
:200C400080B588B000AF78600B46FB704FF07A53FB614FF07E53BB61FB7883F00103DBB2D9
:200C6000002B05D04FF07653FB614FF07E53BB616423FB6000237B6129E07B695B4207EE84
:200C8000903AF8EEE77AF2EE086A87EEA67AF0EE470AB0EE000A0EF01FF9B0EE407AD7ED53
:200CA000067A67EE877AC7ED027A97ED027AD7ED077AB4EEE77AF1EE10FA0DD47B699B009D
:200CC0007A681344BA681A607B6901337B617A69FB689A42D1DB00E000BF00233B611AE025
:200CE0003B697F3B07EE903AF8EEE77AF2EE086A87EEA67AF0EE470AB0EE000A0EF0ECF8F0
:200D0000F0EE407A084A3B699B001344C3ED007A3B6901333B613B697F2BE1DD7B69013B89
:200D200018462037BD4680BDD099012480B58AB000AF78600B46FB704FF078537B624FF058
:200D40007E533B62FB7883F00103DBB2002B05D04FF076537B624FF07E533B6214237B6109
:200D60000C233B610023FB610023BB612DE0BB695B4207EE903AF8EEE77AF2EE086A87EE4F
:200D8000A67AF0EE470AB0EE000A0EF0A5F8B0EE407AD7ED087A67EE877AC7ED037A97ED18
:200DA000037AD7ED097AB4EEE77AF1EE10FA11D4FB699B007A681344FA681A60FB690133F2
:200DC000FB61BA693B691344BB61FA697B699A42CDDB00E000BFFB69013B18462837BD46B3
:200DE00080BD00BF80B500AF00210E48FFF780FE03460D4A136000210C48FFF721FF034641
:200E0000094A536000210A48FFF7C8FE0346064A936000210748FFF789FF0346024AD3605B
:200E200000BF80BDCC5901243C5701243C5801249C5701244C570124DFED0D7A20EE270A89
:200E4000FDEEC07A17EE903AF6EEC07A70EE677A5A1C00EB8303C2F3090293ED000A00EB25
:200E6000820090ED007A37EE407AA7EE270A70470000804410B52DED028B96B00446542267
:200E8000124901A8B0EE408AF0EE608A0DF098FEB0EE007AC4EBC404F1EE0C7A87EE280AF0
:200EA00028EE278ABDEEC88A18EE103A062BD4BFE418063416AB03EB840454ED157A20EE0F
:200EC000270A16B0BDEC028B10BD00BFA8FC000880B400AF00BFBD465DF8047B704700BFBE
:200EE000294AD2ED007AF4EE607AF1EE10FA36D1264BF7EE006A264A93ED007AD2ED007A37
:200F00009FED246A70EEE70A37EE067A87FE667AE0EE877A83ED007A88B3F7EE006AB0EE7D
:200F2000677A77EEE65AF0EE667AF7EE006A1A4B21EE001AB0EE005AB0EE086A81FE661A89
:200F400061EE016AA1EE456A66EE866AE6EEA57AA6EEE57AC3ED007A83ED017A7047C2EDF4
:200F6000000A70EEE70A9FED0B7A0949074BC1ED007AE0EE877A83ED007A0028CDD1B7EE17
:200F8000007A77EE675AD0E734110024E4DB01243811002452499D39D8DB012438B5194AA7
:200FA0000146194BD2ED007AD3ED006A174DE7EE806A174C2846F6EEE67A76EEE76AB0EE98
:200FC000660AC3ED006AFFF737FFF0EE407A05F58050B0EE660A60EEA77AFDEEE77A17EE2B
:200FE000903A01EB83031B682360FFF725FF60EE800AFDEEE00A10EE903A01EB83010B683D
:20100000636038BDC8550124E0DB0124D0BB0124D8DB0124114AB7EE007A114B00EB81002C
:20102000D2ED006AB0EE601AD3ED007A0D4AE6EE807AD0ED000A1078F4EEC77AF1EE10FAB5
:2010400004DD77EEC77A80F001001070B6EEE77A37EEC70A83ED000AFFF742BFCC55012466
:20106000E0DB0124E8DB0124B0EEC00A90ED037AD0ED017A9FED2F6AB4EEC07A9FED2E4A09
:20108000DFED2E6A30EE475ADFED2D4A70EE675AF1EE10FA0368F4EEC07A58BFB0EE446AF8
:2010A000F1EE10FAA5EE067A58BFF0EE646AE5EEA67A80ED037AC0ED017ACBB1B0EE026AE6
:2010C000DFED206A67EE867AC7FEA67AB4EEE77AF1EE10FA23DB037DF7EE007A002283F022
:2010E000010380FEE70A0260037580ED020A7047DFED156A90ED026A67EEA67AB4EEE77AC7
:20110000F1EE10FA08D970EE860AF7EE007A80FEE70A80ED020A704701230360F3E7D0EDFB
:20112000027A70EEA70AF7EE007A80FEE70A80ED020A7047F028273D008088390068DA39EE
:2011400000C02E386F12833A6666663F08B5034601EB8201B6EE000A0C4AD3ED007AB7EE62
:20116000001A93ED017A0A4877EE877AD1ED003AD2ED000A27EE800AFFF776FFF0EE630A8C
:20118000007DBDE80840FFF7ABBE00BFF4560124F4DB0124284AF6EEE00A284BD2ED006A88
:2011A00092ED017AB0EE664AD3ED005AF0EE474A93ED016A224B234893ED005AD0ED003ACA
:2011C000214810B4214CD4ED007A97EEA54AD6EE274AF7EE005AB2EE046AF0EE657AE5EEB4
:2011E000046AA4EE857AE3EE867AB0EE666AF0EE476A27EE867A82ED006A66EEA77A87FE3A
:20120000657A27EE207AC7FEE57A67EEA07ABDEEC77AFDEEE77A17EE103A17EE904A01EB5B
:20122000830301EB84015DF8044B1B68C2ED016A03600B6843607047ECDB012430560124AF
:20124000F8560124E0560124D8DB01241C100024124B00EB8100124A93ED000AD2ED007AB0
:20126000104A30EE270AD0ED000A107810B40E4C83ED000A217851B1DFED0C7A002180F060
:201280000100B0EE670A21701070C3ED007AB7EE001A5DF8044BFFF723BE00BF7C2A04243C
:2012A000F456012424DC01241E5701240000000080B582B000AF00237B6055E07B6807EEDF
:2012C000903AB8EEE77B9FED306B27EE066B9FED305B86EE057BF7EEC77BC7ED007A97EDAB
:2012E000000A0DF085FFF0EE407A2B4A7B689B001344C3ED007A97ED000A0EF03DF8F0EEB8
:20130000407A264A7B689B001344C3ED007A97ED000A0DF06DFFF0EE407AB6EE007A67EEA2
:20132000877AB6EE007A77EE877A1D4A7B689B001344C3ED007A97ED000A0EF01DF8F0EE43
:20134000407AB6EE007A67EE877AB6EE007A77EE877A134A7B6803F580639B001344C3ED1E
:20136000007A7B6801337B607B68B3F5806FA5DBFFF738FDFFF7ACFD0A4B4FF07A521A6063
:2013800000BF0837BD4680BD182D4454FB2119400000000000009040D09B0124D0AB0124BD
:2013A000D0BB01245C560124C94BF7EE005AC9491A68C94B2DE97043C84C054601EB820015
:2013C00084B02478D0ED007A04A802FB04F4DFF87483F8EEE77A00EB820C01EB8402D8EDA0
:2013E000006A0DF1100E67EE807A92ED007ABC4AF4EEE56AB8EEC77A92ED006AFDEEE77ACC
:20140000B84AF1EE10FA27EE066A16680FCB0EE90F0017EE902A5CF8103C03EB820393EDAC
:20142000000AB14B35DB83ED000AF0EE400AAF4B1B68012B33D0B0EE661AFFF741FAAC4B02
:20144000B6EE004AF7EE007ADFF8FC9293ED007AD9ED005AB8EEC77ADFEDA64A9FEDA65A91
:20146000A64BE7EE447AB0EE657A97EE807A87FE247A87FE457A37EE257A89ED007A83ED61
:20148000007A042E00F22181DFE806F0B0B6C5DA1D00D3ED000A954B1B68012BCBD1984957
:2014A000984B0968984A03EB810392ED000AD3ED007A964B77EEC07A93ED007AA7EE870A21
:2014C00082ED000ABBE704ABFDEEC67A904D03EB840417EE901A54F8100CFFF7B9FED8ED3B
:2014E000006A99ED007A8B4BB7EE006A95ED000AD3ED007AF4EEC66ADFED874A30EE670A99
:201500009FED865A864AF1EE10FA864880FE240A80FE450A30EE270AD2ED005A83ED000A7D
:20152000C0F2A380F0EE400A80ED000AB0EE661A7D49FFF7C5F9F7EE007AF4EEE75AF1EE3E
:2015400010FAC0F28F80F0EE400A81ED000AB0EE651A9FED713AF7EE004AFFF7B1F993ED7D
:20156000015A20EE076AD5ED017AF4EEE46ADFED6B3A77EEC57A6D4A9FED6D4AF1EE10FA2C
:20158000C7FE837AC7FEE37A37EE850A86FE046A82ED006A83ED010A6ADBF0EE400A80ED93
:2015A000010AB0EE661AFFF78BF9F7EE007AF4EEE75AF1EE10FA52DBF0EE400A81ED010A4F
:2015C000B0EE651A5B4BFFF77BF920EE070ADFED587AF0EE460A93ED001A80FE270AFFF7B4
:2015E0006FF982ED010A04B0BDE870834FF07E53474D2B606B6076E7002C50D1B0EE470A2A
:201600004D48F0EE460A424DFFF7C8FCD8ED006A99ED007A67E704ABFDEEC67AB0EE470A78
:20162000DFED460A03EB8404394D17EE901A54F8100CFFF7EFFCD8ED006A99ED007A52E732
:20164000CCB9B0EE470A2846F0EE460A3A49FFF7A1FD2F4DD8ED006A99ED007A43E7D1EDD0
:20166000010AADE7D1ED000A71E7D0ED000A5DE7D0ED010A95E704ABFDEEC67AB0EE470A93
:20168000284603EB8404224D17EE902A54F8101CFFF75CFDD8ED006A99ED007A23E704AA8A
:2016A000FDEEC67A264BB0EE470A02EB8404184D17EE901AD3ED000A54F8100CFFF7AAFC48
:2016C000D8ED006A99ED007A0DE7114D0BE700BFA45601243C570124FCFC0008385501244F
:2016E000E0560124885601241C11002428570124905601246F1283BA6F12833A4C10002410
:20170000245701243C580124601000242C570124D8DB0124D0DB01240AD723BC0AD7233C8C
:201720008C560124241100242C1100243457012404DC2A3AC4560124CC590124000000006B
:2017400044100024C856012420110024B7EE007AC7EE007A08B9F1EE677AB0EE670A7047E4
:20176000F7EE007A9FED047A30EE200A80FE070A80FE670A704700BF00000000224A234BEA
:2017800011681A78032930B421D02149F7EE006A204C91ED007ADFED207A37EE266A84ED94
:2017A000007A67EE277A1D491D4D86EE867A1D481D4CC5ED007A046081ED007A1AB11B4AFF
:2017C0000021C2E9001100221A7030BC7047002AFBD10F4AF7EE006ADFED0F7A92ED007AF1
:2017E0000C4D37EE266A0D4A67EE277A85ED007A0B4C86EE867A0B490B48C4ED007A08609D
:2018000082ED007ADFE700BFB4560124084D012410100024F44C0124E17A5440144D012493
:20182000FC4C012408100024FFFF1F00DC550124564B574A10B51B781268012B00F08A8052
:20184000032A68D0534A9FED540A1078FFF77EFFDFED527A20EE270A51485249D0ED007A5F
:20186000D1ED006A9FED507A77EEE67A4F4A82ED000AF0EEE77AF4EEC77AF1EE10FA52D5A1
:201880004B4A107880F001004A499FED430AFFF75DFFD1ED007A484AF5EE407A82ED000A1C
:2018A000F1EE10FA04D04549097809B944491160032B36D0434B1B789BBB434B187880F063
:2018C0000100424A9FED340AFFF740FF1068F0EE407A3F4B01283F4A9FED2F0ACCBF0020C0
:2018E0000120C3ED007AFFF731FFD2ED007A3A4BF5EEC07A83ED000AF1EE10FA34D9374BAA
:20190000D3ED007A364BF5EEC07AF1EE10FA0CD901221A7010BD01209FED1F0AFFF716FFC6
:201920009AE70020CDE70020AEE71A78002AF1D02C4A11680029EDD12B490978042919D03F
:20194000032914D01F490978B9B10521116000221A7010BD0F499FED100A0878FFF7F6FEAC
:20196000032A7FF475AF77E7FFF708FFC7E702211160ECE701211160E9E713480478002CCD
:20198000E5D0062401701460E1E700BF58560124B45601241C5701240000FA438FC2F53CA3
:2019A00010100024F44C01240000C8422CDC01245A560124F84C01247010002438DC01242C
:2019C0006F12033B094D012439DC012464560124681000246C100024781000246410002434
:2019E000004D0124044D0124595601247049714B91ED000AD3ED000A6F4A704BDFED703A7A
:201A00009FED705A9FED703ADFED702A9FED702A70B5FFF7A5FE6F4CF0EE407A92ED000A14
:201A2000D4ED000A6C4DC1ED007AFFF799FEF0EE407A6A4993ED000AD1ED000AC2ED007AA7
:201A4000FFF78EFE664AF0EE407A95ED000AD2ED000A644AC3ED007AFFF782FE624BB7EEC7
:201A6000007A12681968614C012A614B85ED000A43FE855AD4ED007A01295E4D5E4903FE19
:201A8000856AD3ED006A77EE867A91ED004AD5ED004A76EEA56A594E34EE234ADFED585ACD
:201AA00074EEA34A366887FEA56A86FE476A84ED006A012E534C84FEC76A84FE474A85ED8F
:201AC000006A81ED004A03FE855A4F49C6FEA56AC6FEC76AC3ED006A91ED006A4B4B36EEE8
:201AE000056AD3ED006AD3ED017A86FE256A86FE476AD4E9005481ED006A002D444D454995
:201B000002FE835A002C76EE856A434C02FE833A77EE837AC6FEA56AC6FEC76AC7FEA57A0F
:201B2000C3ED006AC7FEC77AC3ED017AD5ED000AD4ED007A394BF4EEC27A93ED000AF1EE48
:201B400010FAC8BFF1EE600AFFF70AFE83ED000A0B78012B13D0012A1BD09FED1A7A304BF0
:201B6000F7EE006A9FED266AD3ED007A77EE877AC7FE867AC7FEE67AC3ED007A70BD294BA5
:201B80001B78002BE7D0284B012A1B6803604360E3D1264B9FED0B7AD3ED006ADFED087AFB
:201BA000F5EE406AF1EE10FA07FE877AD7E700BF6C1000247010002430DC012428DC01248E
:201BC00017B7D13817B7D1B86F1283BA6F12833A3333733F78100024641000242CDC012452
:201BE000681000244C5601245056012474100024C45601248C560124C8560124D455012438
:201C00000000000008560124D85501247C100024401000245856012400560124BC56012446
:201C200034DC01245A56012450100024F84C0124B7EE007AA0EE007AB7EEC00AB7EEC77A31
:201C4000B1EEC76B30EE060BB7EEC00B0DF0C6B860EE006A9FED047AF7EE007AE6EE877AA3
:201C600027EE800A704700BF9FAAAA3E000000000029B5EE400A07EE901AF0EE400A80F8C9
:201C80000428F8EEE77A70B5B4BF4E1C0E46F1EE10FA0D464FEA660604462DED068BB7EE00
:201CA000008A066088EE279A2ED1012929DD00F204540025B7EEC99AF6EE008A9FED3C7BA6
:201CC00029EE079B07EE905A0135B8EEE70A30EE280AB7EEC00A20EE090BB7EEC08BB0EE30
:201CE000480A0DF049FBF0EE407AB0EE480AF1EE677AE4EC017A0DF07BFAAE4284ED3F0AA2
:201D0000E0DCBDEC068B70BDDFED2B7AB2EE040A60EEA70A0DF0E0F830EE480A88EE000ABD
:201D2000FFF786FF20EE098AB7EEC88AB0EE480B0CF082FFB0EE40ABB0EE480B0CF050FF5D
:201D4000012DB7EECAABF7EEC08BDADDB7EEC99A04F20454F6EE00AA00259FED157B29EE18
:201D6000079B07EE905A0135B8EEE70A30EE2A0AB7EEC00A20EE090BB7EEC08BB0EE480A52
:201D80000DF036FAF0EE407AB0EE480A6AEE677AE4EC017A0DF0F0FA20EE280AAE4284ED82
:201DA0003F0ADEDCBDEC068B70BD00BFAFF30080182D4454FB210940CDCC4C3D0000000074
:201DC0009FED615BB7EEC06ADFED617AF0EE402AFFEE001A26EE056B70B5B7EEC66B2DED5D
:201DE000028B26EE270AFFF733FF90F80438F7EE007A20EE005A012B036836EE066A41FEF4
:201E0000A71A47FE850A002B40F3988035EE671A021D00F2044630EE002AF0EE674A9D0044
:201E200035EE275A02EB830C31EE011A044631EEA10A3146B1EE008ADFED468AB0EE674AA9
:201E40001346D1ED407A91ED807A66EE277A26EE077AF0EEE77A27EE077AC7FEA87AA7EE5E
:201E6000A77AF1EEC75AB0EE457AC2EE256AF0EE455AE6EEA75AA6EEE77AC4EE257A27EEF8
:201E8000277A67EE815A60EEA77A77EE046AE3EC017A67EE883A20EE273AC3ED7F7AF0EED8
:201EA000667AC3EDBF5A9C4583ED3F3AE1EEA57AA1EC017A83EEA77A64EE874AC1D1C4EEC0
:201EC000246A1346D3ED007A67EEA67AE3EC017A9C4593ED3F7AD3ED7F7A27EE267A67EE45
:201EE000A67A83ED3F7AC3ED7F7AEBD1DFED1A7AF4EE672AF1EE10FA20D14FF07E5342F83D
:201F0000043B6245FBD12A46002104F582700CF025FE2A46002104F501700CF01FFE2A46F0
:201F2000002104F541700CF019FE2A4630460021BDEC028BBDE870400CF010BEBDEC028B31
:201F400070BD00BFAFF30080182D4454FB2109403EC3AE37CCBC8C2B0080BB46000000008B
:201F60000029B5EE400AF0EE400A70B5B4BF4E1C0E46F1EE10FA0D4626F0010304464FEAF4
:201F8000660603602DED068B30D101292BDD07EE901AF6EE008A00F204540025B8EEE77B10
:201FA0009FED3F6B86EE079B07EE905A0135B8EEE70A30EE280AB7EEC00A20EE090BB7EEA3
:201FC000C08BB0EE480A0DF0D7F9F0EE407AB0EE480AF1EE677AE4EC017A0DF009F9AE4277
:201FE00084ED3F0AE0DCBDEC068B70BDDFED2E7AB2EE040A60EEA70A0CF06EFFF7EE007A1B
:2020000030EE670A87EE800AFFF712FE07EE905AF8EEE77A80EE278AB7EEC88AB0EE480BFF
:202020000CF00AFEB0EE40ABB0EE480B0CF0D8FD012DB7EECAABF7EEC08BD4DD07EE905A49
:20204000F6EE00AA04F204540025B8EEE77B9FED146B86EE079B07EE905A0135B8EEE70AAA
:2020600030EE2A0AB7EEC00A20EE090BB7EEC08BB0EE480A0DF0BCF8F0EE407AB0EE480A64
:202080006AEE677AE4EC017A0DF076F920EE280AAE4284ED3F0ADEDCBDEC068B70BD00BF86
:2020A000182D4454FB210940CDCC4C3D000000002DE97047C0FE807AC0FEC00A0468F7EE5E
:2020C000004A031DF1EE002A002C9FED714AF0EE643A9FED703AB8BF0134002564102DED09
:2020E000048B03EB840883B04FEA84096E4641460DF1080ACDED007ACDED010A9FED625B51
:20210000B6EC016A2A462544B7EEC66A26EE056BB7EEC66B26EE040AFFF79AFD954236EE00
:20212000066A60EE008A5EDD38EEE31A944270EE001A38EEA32A31EE011A5FD003F5806C6B
:202140001A46DCED407AF0EE420A9CED807A66EE277A26EE077AF0EEE77A27EE077AC7FECB
:20216000837AA7EEA77AF1EEC76A81EEA67AF0EE426AE7EE270AE7EE676AC3EEA07A66EEB8
:20218000A76A28EEA77A61EE277A76EEA30AA2EC017A27EE220AC2EDBF7A37EE078A70EEB0
:2021A000A77A82ED7F7A914282ED3F8A80EE277AECEC016A64EE874AC3D1C3EEA46AD3ED03
:2021C000007A67EEA67AE3EC017A994293ED3F7AD3ED7F7A27EE267A67EEA67A83ED3F7AA6
:2021E000C3ED7F7AEBD156454346494401D0C84486E703B0BDEC048BBDE87087B7EE000A49
:202200009FED249AF1EE008A00F2045C1A46FCEC017A9CED3F7A67EE867A26EE077AF0EEEC
:20222000E77A27EE077AC7FE897AA7EEA77AF1EEC70AB0EE427AC1EEA06AF0EE420AE6EE68
:20224000A70AA6EEE77AC0EE207A27EE277AE2EC017A67EE810AC2ED7F7A27EEA88A9142EF
:2022600077EEA76A82EDFF7A77EE007AC2EDBF0AF1EE666A77EEE07AC2ED3F6A88EE277ACC
:2022800064EE874AC3D198E7182D4454FB2109403EC3AE37CCBC8C2B80B485B000AF7860B1
:2022A0000023FB6011E07A68FB689B0013444FF000021A607A68FB6840339B0013444FF0D4
:2022C00000021A60FB680133FB60FB683F2BEADD00BF00BF1437BD465DF8047B704700BFE6
:2022E0000368002B24DD043000EB8303F0EC015AB0EE407AF1EC016A90ED3F6A8342E5EE0D
:20230000806AD1ED3F7AE6EE077AB0EE660AD0EDBF6AE6EEC07A41ED017AD0EDFF7AD0ED69
:202320007F6A67EEC07AE6EE877AC1ED3F7ADDD1704700BF002901601BDD031D00EB8100B7
:20234000D2F800C019461832043343F804CC814252F814CCC3F8FCC052F810CCC3F8FCC106
:2023600052F808CCC3F8FCC252F804CCC3F8FCC3E6D17047C64A9FEDC76A92ED007AC64BED
:2023800070EE477AD3ED006AF0EEE77A2DE97047F4EEC67A89B0F1EE10FA00F32B82DFED38
:2023A000BF7AB7EE006ADFEDBE5A76EEA76AC6FEC66A76EEC67A86FEC67A87FE257A36EED8
:2023C000474AC7FEC67AC7FEA57A37EE677AB54A0029C3ED006A1368B34D03F10103DFEDFC
:2023E000B37A85ED004AC3F30D0360EE277A85ED017A136040F3C781DFF8BCE2F0EE005AB7
:20240000AB4E03F58048DEED006A0129D6ED013AB1EE675AFDEEE66A96ED003AA54CD0EDA0
:20242000004A16EE90CAF0EE656A04EB8309ACF10202A3EB0C0C04EB880806EE102ACCF319
:202440000D0CB8EEC66AE3EE866AF0EE653AE3EE063AFDEEE66A16EE90AAFDEEE33AA3EB2F
:202460000A0A13EE902ACAF30D0AA3EB020204EB8A030AF5804AC2F30D02D3ED006A04EB05
:202480008A0A04EB820367EE266A9AED006A02F5804227EE067A93ED006A04EB8202E4EEE1
:2024A000066A92ED006AA4EE067AE7EEE64AC9ED004AE7EEA46A90ED016AA7EEC76AC0ED6E
:2024C000006ACDED006AA7EE867A88ED006A8DED047A80ED017A00F056819EED017A04EB5E
:2024E0008C0996ED034A0CF58048BDEEC77A96ED023AD5ED016A04EB8808D5ED003A022930
:2025000017EE103AB0EE657AD0ED004AA3F10202ACEB030306EE102AC3F30D03B8EEC66AE9
:20252000A4EE067AB0EE654AA3EE064ABDEEC77A17EE10AABDEEC44AACEB0A0A14EE102A10
:20254000CAF30D0AACEB020204EB8A0C0AF5804AC2F30D029CED006A04EB8A0A04EB820C07
:2025600026EE866A9AED007A02F5804266EE876A9CED007A04EB8202A7EE236A92ED007AC7
:20258000E7EE236AE6EE054AC9ED004AA7EEA46A90ED017AA5EE267A80ED006A8DED016A2C
:2025A000E7EE876A88ED007ACDED056AC0ED016A00F0E9809EED027A04EB830996ED054A78
:2025C00003F58048BDEEC77A96ED043AD5ED016A04EB8808D5ED003A032917EE10CAB0EE3D
:2025E000657AD0ED004AACF10202A3EB0C0C06EE102ACCF30D0CB8EEC66AA4EE067AB0EE22
:20260000654AA3EE064ABDEEC77A17EE10AABDEEC44AA3EB0A0A14EE102ACAF30D0AA3EB86
:20262000020204EB8A030AF5804AC2F30D0293ED007A04EB8A0A04EB820326EE877A9AED00
:20264000006A02F5804266EE866A93ED006A04EB8202A6EE237A92ED006AE6EE236AE7EE66
:20266000674AC9ED004AA4EEA77A90ED016AA6EEE76A80ED007A8DED027AE6EE276A88ED72
:20268000006ACDED066AC0ED016A7CD016E000BFDC1000240AD7233C3CDC032417B7D13827
:2026A0000000000068DC032440DC0324FA7E2A3F48DC03243CDC0124CC1000249EED037AFB
:2026C000F0EE656A96ED063AFDEEC74AD6ED072AB0EE657A95ED016AD5ED003A04EB8C05B4
:2026E00014EE903A90ED004A023B04EE903AF8EEE44AA4EE837AE4EEA26ABDEEC77A17EEDC
:20270000102ABDEEE67AACEB020217EE103AC2F30D02ACEB03030CF5804C04EB820602F5EE
:202720008042C3F30D0304EB8C0C04EB8202D6ED004AD2ED005A04EB830203F58043D2ED03
:20274000006A04EB830366EE266A93ED007AE4EEA36A26EE077AA5EEA37AF0EE445AE5EE49
:20276000265AC5ED005AE7EEA56A90ED016AA5EE076AC0ED006ACDED036AA7EE867A8CEDB1
:20278000006A8DED077A08AA3A4C3B4BB7EE005A02EB8102246893ED007ADDED006A012CC0
:2027A00052ED095A08AA9FED356ADFED357A75EEE65ADFED344A02EB810146FE277A77EE79
:2027C000877A11ED056A9DED047AC7FEA47AC7FEC57AE7EEA56AC3ED007A36EE476AC0ED0C
:2027E000006AD3ED007AA6EE277A80ED017A09B0BDE87087F7EE007AF4EEE76AF1EE10FA48
:2028000021DB002916DD204C012984ED007A84ED010A0FD0022984ED027A84ED030A09D055
:20282000032984ED047A84ED050A03D084ED067A84ED070A9FED117A9FED144AF0EE476A27
:2028400082ED000AC3E59FED0D7ADFED0E5A76EE876AC6FEE76A36EEE76A86FEE77A87FEC7
:20286000257A37EEC74A86FE676A86FE256A37EE467AACE5945601246CDC032417B7D13850
:2028800017B7D1B80000000048DC032472F97F3F08B52DED0A8BF0EE628A32EEA2CAB0EE0D
:2028A000409AB0EE620AF0EE60AAF0EE619AF0EE42BAB0EE418A0CF05FFDB0EE40BAB0EEA2
:2028C000680A0CF095FCB0EE40AAB0EE4C0A0CF053FDF0EE408AB0EE4C0A0CF089FC20EE06
:2028E0002B2A28EE887A68EEAB8A20EE088AABEE2A7AEBEE298AAAEE2A8AAAEE292AF7EE5B
:20290000006A39EE070A78EEA68A28EE088A22EE022AA0EE008AA8EEA82A88EE020ABDECF0
:202920000A8BB1EEC00A08BD08B52DED068BD0ED008A90ED019AD0ED029AB0EE680A90ED27
:2029400003AAF0EE490AD0ED04AAB0EE691AF0EE4A1ADFED452AB0EE6A2AFFF799FFB0EE32
:20296000408AB0EE6A2ADFED412AF0EE4A1AB0EE691AF0EE490AB0EE680AFFF789FF38EEDC
:20298000008AB0EE6A2ADFED3A2AF0EE4A1AB0EE691AF0EE490AB0EE680AFFF779FF38EE13
:2029A000008AB0EE6A2ADFED332AF0EE4A1AB0EE691AF0EE490AB0EE680AFFF769FF38EE0A
:2029C000008AB0EE6A2ADFED2C2AF0EE4A1AB0EE691AF0EE490AB0EE680AFFF759FF38EE01
:2029E000008AB0EE6A2ADFED252AF0EE4A1AB0EE691AF0EE490AB0EE680AFFF749FF38EEF8
:202A0000008AB0EE6A2ADFED1E2AF0EE4A1AB0EE691AF0EE490AB0EE680AFFF739FF38EEEE
:202A2000008AB0EE6A2ADFED172AF0EE4A1AB0EE691AF0EE490AB0EE680AFFF729FF30EEED
:202A4000080ADFED117AB4EEE70AF1EE10FA06D4F4EE007ABDEC068B20EE270A08BDBDEC74
:202A6000068B9FED0A0A08BD20C9A93E20C9293FB0AD7E3F20C9A93F683BD43FB0ADFE3F04
:202A8000FC8F144020C9294017B7513A17B7D138DFED537A534A60EEA77A53499FED537A3B
:202AA000FDEEE77A10B52DED048BB0EE409A17EE903AB2EE040A044602EB8302F0EEC90AFA
:202AC00001EB830192ED008AD1ED008A60EE870A0CF002FAB1EEC06ADFED457AB7EE005A0B
:202AE000B5EEC09A68EE276AF1EE10FAF1EEC65A76EE057A36EE457A28EEA74A68EE878AD6
:202B000066EEA56A30DD77EEE85A77EEA87A77EE044A75EEA63A37EE447A75EEE65A37EE76
:202B2000A64A77EEE67AC5EE236AB8EE003A37EE077A64EE834ABDEC048B26EE266A27EE0A
:202B4000267A65EEA65A24EE065A64EE866A84ED037A67EE867AC4ED045A84ED005AC4ED00
:202B6000016AC4ED027A10BD09D4002384ED005ABDEC048BA36063602361E36010BD77EE2E
:202B8000A84A77EEE87A77EE445A74EEA63A37EE047A74EEE64A37EEA64A77EEE67AC5EE75
:202BA000236AB8EE003A75EEA55A27EE037ABDEC048B26EE266A27EE267A64EEA64A65EE8E
:202BC000865A64EE066A84ED037A67EE867AC4ED044AC4ED015AC4ED006AC4ED027A10BDF0
:202BE0003EC3AE3CD09B0124D0AB0124CDCCCCBCF30BB53FD0ED007AF0EE406A91ED006A00
:202C0000D0ED015AA7EE806A91ED017AD0ED047AA5EE807A90ED035AD0ED025A67EEC67AD4
:202C2000B0EE460AA5EE467AE5EEA67A81ED007AC1ED017A704700BF80B582B000AF0022A1
:202C40009FED2A0A04212A48FFF712F8DFED297AB0EE670A2648FFF7B3F89FED270A0221B0
:202C60002648FFF77DF9DFED260A9FED260A2348FFF71EFA244A03212448FFF75BFB0022DD
:202C80009FED1D0A04212248FEF7F2FF9FED210A1F48FFF795F800237B601FE000233B60B0
:202CA00016E03B685A007B6813445B021A4A13441846FFF7F1FA3B685A007B6813445B02FC
:202CC000164A13441846FFF7E7FA3B6801333B603B68032BE5DD7B6801337B607B68012B02
:202CE000DCDD00BF00BF0837BD4680BD0000000094EC03240080BB46CDCC4C3E9CF403241C
:202D000000002A430000FA4584100024A4FC0324AC0404240000164594DC0324B40C0424D6
:202D20002E4BB7EE007AD0ED007A93ED006A0023D0ED036A77EE867AD0ED025AC360F4EE0A
:202D4000C77AC0ED007AF1EE10FA22DB244B77EEC77A90ED046AB6EE005A93ED004AC0EDB0
:202D6000007A70EE464A67EE847A37EE677A67EEA77AA4EE876A27EE477A76EE655A80ED33
:202D8000026A25EE855AA5EE076AE7EE856AF0EE465A144AF6EE004AB7EE005A124BD2EDE8
:202DA000007ABFEE007A93ED006A76EE856A0F4B67EEA47A80ED040A36EE066A93ED005A7F
:202DC00037EE407AC0ED035A67EEA67AF8FE677AA7EE867AA7EE050A704700BF0056012494
:202DE00004560124F8550124FC550124BC560124774A0321774B92ED000AD3ED007A9FED3F
:202E0000766A30EE270ADFED756A9FED757A9FED751A90ED002AD0ED011ADFED730A2DE964
:202E2000704F2DED028BB7EE008A704D0446F0EE008AD5ED007A80FE480AB4EEC60ADFF839
:202E4000DC8104F1080A6A4EF1EE10FADFF8D0B158BFB0EE667A77EE877AC7FE817AC7FE95
:202E6000C87AC5ED007AFFF785FAD0ED007AFFEE003AD5ED006AB6EE005A77EEC27A5D4B9E
:202E800090ED017ABAEE083ADFED5B5AB2EE080AA7EEA62A594937EE617A594ADFED592A24
:202EA0009FED474B9FED486B80ED002AD3ED007A554862EE277A95ED002AE7EE021AC7FEF4
:202EC000A37AB0EE487AC7FEC87A27EEE72AA2EE257A67EE877AC4ED007A91ED007AD3EDE0
:202EE000007AB4EEC57AB0EE485A61EEA77AF1EE10FAA7EE685A92ED007AC7FEA37AC7FEE7
:202F0000C87AE7EE220A67EEE73AB0EE487A58BFB0EE430AB0EEC55AA3EEA57AB7EEC55A65
:202F2000A5EE046B67EE277AC4ED017AB7EEC66B86FE016A26EE000AFFF7AAFD334A344BF1
:202F400015681B6805EB0522D8ED007A03EB03299FED307AED1A06EBC90977EE877A06EBAA
:202F6000C2062D4AAD0202EB8322C7FEC87AC8ED007A594694ED000A23480BF1080BFFF701
:202F800039FE1146F0EE404A4846FFF7A9F9B0EE405AA9183046B0EE640A02F50072FFF73B
:202FA0009FF930EE450AD8ED007AA0EE275AA4EC015AA245DDD1BDEC028BBDE8708F00BFA5
:202FC000000000403333F33F000000A09999C9BF1057012420570124CDCC4C3D6F12833A37
:202FE0006F1283BA0000000000007042BC28042494EC0324341000244CA6AA3E08570124E8
:20300000F05601240000FA4570DC0324785601247456012417B7D13894DC0324C056012408
:2030200084DC0324002305480549064A036043600B6013604B605360704700BF3056012498
:2030400038560124405601245F4AF7EE003AD0ED006AD2ED007A5D4AF0EEE66AF8EEE77ABE
:203060005B4B9FED5C6A93ED003AF4EE637AD2ED007AB7EEC35A5849584BF1EE10FA91ED39
:20308000007AF4EEE76A93ED001A9FED4D4B46FE233AF1EE10FA10B5514C25EE045BD4EDA6
:2030A000002A03DDF0EE667AC2ED006ADFED4D6AF4EEE67AF1EE10FA03DB4FF07E544A4BFD
:2030C0001C604A4B67EE277A9FED494AF7EE000AD3ED006A90ED012AF4EEE76AD2ED011AFC
:2030E00077EEE67A434CB0EEC22A9FED3A0AF1EE10FAF4EEC21A54BFB0EE626AB0EE416AB5
:20310000F1EE10FAE6EE276A36EE844AC3ED006AB7EEC44A85EE046BB7EEC66B86FE006AFC
:2031200086FE606A84ED006A03D5F0EE421A82ED012ADFED2C7AF4EEE71AF1EE10FA03DB9E
:203140004FF07E50284A506067EE217A93ED017A9FED274AF7EE004A9FED1E2AB4EE677AD2
:20316000224877EEC77AF1EE10FA48BFF0EE412AA7EEA27A37EE046A83ED017A1E4BB7EEC9
:20318000C66A85EE067BB7EEC77B87FE027A87FE647A84ED017AFDF773FB30EE044A83ED96
:2031A000000AF0EE647A83EE047A37EE647AE7EE237AC7FE827AC7FEE47AC1ED007A10BD0C
:2031C0001B0DE02D90A0E63F645601243056012420100024000000001C10002414100024EF
:2031E000181000246666663F385601243C55012417B7D138485501244455012480B588B0E5
:2032000000AF0023FB6112E02F4AFB699B0013444FF000021A602C4AFB6903F500139B0084
:2032200013444FF000021A60FB690133FB61FB69B3F5001FE8DB01229FED240A022124482E
:20324000FEF716FD0023BB6130E04FF07A533B614FF08043FB601F4BBB601F4B7B60BA6925
:203260001346DB009B1A9B001C4A1344D7ED011A97ED021AD7ED030A97ED040A1846FDF7D9
:2032800087FBBA691346DB009B1A9B00144A1344D7ED011A97ED021AD7ED030A97ED040A6E
:2032A0001846FDF775FBBB690133BB61BB69012BCBDD0C4B7B6197ED050A0548FEF780FD5B
:2032C00000BF2037BD4680BD000000C100000000B42004240AD7233C6F12833A3C290424D0
:2032E000742904240000F0423A4AF0EE006A9FED3A6ABFEE007AD2ED007AB0EE085A374BF9
:20330000F6EE085A77EE867A04EE101A93ED006AF6EEE74A77EEE47A2DE9704FA7EEA67A9A
:2033200080462DED0C8BF7EE00CA88B0B0EEC77AB4EEEC6A3CEEC77AF1EE10FA67EE074A5E
:20334000A7EE665A64EEA54A40F3A082B1EE089A9FED237AF0EE6C5A2248B5EE006A224992
:20336000D0ED006A91ED002AA4EE856A1F4BC2EE263A9FED1F3AD3ED002ADFED1E4A9FEDF4
:203380001E5A1E4837EE227A1D49C2ED007A87FE037A87FE647A83ED007AA6EE257A80ED10
:2033A000007AF4EEC53AC1ED003AF1EE10FA2FDC9FED147AF4EEC73AF1EE10FA40F34482F7
:2033C00037EE637A9FED106AB6EE083AA7EE063A20E000BFAC290424CDAFE635005701245B
:2033E00017B7D1384C100024FC4C0124802A042400000000295C8F3D0080F847205701248B
:20340000B429042400C293463560AA36CDCC4C3E1FED023AB2EE006AE049F7EE005A9FED2E
:20342000E07AF0EE003ADF4827EE866AD1ED067A66EE878A91ED017AF8EEC46ABFEE005A37
:20344000B6EEC64A77EEE57A36EE446A37EE657A67EEA67AA6EE235A27EE267AFDEEE77A97
:20346000F0EE084ABDEEC77A17EE903A68EE838AF0EEC57A17EE102A8DED017AB0EE647A31
:20348000059375EEE77AFF2AA7EEE37A68EEA78A68EEA78A68EE878AC0ED008A02DC02F534
:2034A00080720192FF2B02DC03F580730593B7EE006A91ED027AD1ED077ADFEDC95A37EEA0
:2034C000467A77EEC67A79EE46AA27EE267A67EEA67ACAFEA5AACAFEC6AABDEEC77AFDEEE0
:2034E000E77A6AEEAAAA17EE102A8DED027A17EE903ACDED067AFF2A2AEEAA0A02DC02F5B7
:2035000080720292FF2B02DC03F580730693B7EE006A91ED037AF0EE009ADFEDB15AD1ED82
:20352000087A37EE467A79EE699A77EEC67A27EE267AC9FEA59AC9FEC69A69EEA99ABDEEEE
:20354000C77A67EEA67AA9EEA90A17EE102A3AEEA9AAFDEEE77A8DED037AFF2A3AEE06AA6D
:2035600017EE903ACDED077A30EE060A02DC02F580720392FF2B02DC03F580730793B0EE8C
:20358000086A9FED977AF7EE007A874BF6EE006A39EE469A93ED008A28EE268A89FE079A9E
:2035A00089FE679A29EE099AA9EE090A3AEE09AAB4EEC70AF1EE10FAC0F29C81F1EEC07A00
:2035C0007A4B0024DFF810A21E68DFF810B2F7EE00DA06EE906A88EE0ADA8DEEA77ADDEDED
:2035E000017AB8EEE7BADDED027A3DEEC88AF8EEE7BADDED037A3BEE68BAB8EEE7CADFED0A
:20360000787A7BEEE8BAB8EEE6AA8BFE27BA3CEE68CACBFEA7BA8CFE27CAA8EE07DABAECEF
:20362000012AA500F8EC017AB8EEC22A604B3DEEE70A03EB04105F4B32EE672AFDF768F950
:20364000B0EE405A03EB840332EE4B0AD3ED007A25EE275AB4EECA0AF1EE10FA80F2EC803D
:20366000B5EEC00AF1EE10FA01D530EE0A0A524B314603EBC4594846FDF72AF9F0EE406AA0
:20368000002C40F0E48032EE6B0AAAEEA65AB4EECA0AF1EE10FA80F2A580B5EEC00AF1EEFB
:2036A00010FA01D530EE0A0A31464846FDF710F9F0EE406A002C40F0A08032EE4C0AA6EEE8
:2036C000A95AB4EECA0AF1EE10FA3DDAB5EEC00AF1EE10FA01D530EE0A0A48463146FDF71A
:2036E000F7F8F0EE406A002C38D1A6EE895A334BC4EBC40003EB80002DEE058AB0EE480AAE
:20370000FDF75AF930EE480ADBED007A2C4BA0EE278A2C4803EB4421B0EE480AFEF7E0FD71
:2037200030EE480A284B2819A0EE2C8A03EB8000B0EE480AFFF7F4FA244B1D4485ED000A93
:20374000002C7CD101246AE730EE4A0A48463146FDF7BEF8F0EE406A002CC6D0DDED077AC4
:203760009FED1F7AF8EEE77A77EEE87AC7FE877A32EE670AB4EECA0AF1EE10FAC0F2B1807D
:2037800030EE4A0A31461248FDF7A2F8114B30EE660AD3ED007AE0EE276AA6E7E81000242C
:2037A00000008043B0290424985501240C100024F42804247C100024000000C13C290424B1
:2037C000B41C0424B4200424C0280424EC550124000080C174100024E455012430DC012407
:2037E0000000000030EE4A0A31464846FDF770F8F0EE406A002C3FF460AF9DED067A5FEDAA
:20380000087AB8EEC70A30EE680A80FE270A32EE400AB4EECA0AF1EE10FA5ADB30EE4A0A00
:2038200031463748FDF754F8364B30EE660AD3ED007AE0EE276A40E730EE4A0A17E708B05B
:20384000BDEC0C8BBDE8708FB6EE083AE2E59DED057ADFED2D7AB8EEC70A30EE680A80FED6
:20386000270A32EE400AB4EECA0AF1EE10FA28DB30EE4A0A31462248FDF72AF8214B30EE58
:20388000660AD3ED007AE0EE276AFCE6B1EE043ADFED1D3AF1EE005A9FED1C7ADFED1C6A90
:2038A00026EE036A76EE655A36EE2C9AC6FE6CCAC5FEA35AF4EEE35AF1EE10FA37FE267AE3
:2038C0004AE5B5EEC00AF1EE10FAD3D530EE0A0AD0E7B5EEC00AF1EE10FAA1D530EE0A0AD4
:2038E0009EE7B5EEC00AF1EE10FA7FF54BAF30EE0A0A47E70BF0D4F9F0EE407A60E600BFBA
:20390000000080C1741000240000000017B7D13817B7D1B880B483B000AF0E4B00221A6085
:203920000D4B00221A6000237B6009E00B4A7B689B0013444FF000021A607B6801337B60D5
:203940007B68012BF2DD00BF00BF0C37BD465DF8047B7047CC290424C8290424C0290424F3
:20396000524BD3ED0D7AF5EE407A2DE9704FF1EE10FA4F4DDFF85C914E4E14BF01230023F2
:203980002B7002F0E9FED9F80030044695F80080C51A3378434564D0DFF83CA1DFF83CB19D
:2039A000DAED007A9BED007AF8EEE77A77EE677AFDEEE77A17EE903A002BB8BF5B42B3F535
:2039C0007A7F3FDC3C4B0021DFF814E1DFF814C11960DEF80030DCF80010581C2029D8BFFC
:2039E000013100F01F00BDEEC77ACEF800003348CCF8001017EE102A40F823200023CBF8E5
:203A00000030FDF755F82E4B07EE100A2D4A0121D3ED007A0223B8EEC77AC9F80040F8EEE7
:203A2000E77A1360284B197040F69801C7FEC77AFDEEE77A8D42CAED007A29D886F8008096
:203A4000BDE8708F1C490B680133022B0B6017DD0023DFF88CE0DFF88CC00B6001210846C6
:203A6000C1E740F698039D42E8D9164A1368022B0BD0154B012286F800801A70BDE8708F9B
:203A8000DFF85CE0DFF85CC0A3E7DFF84CA00E4B00214FF07E50C9F8004011600B4C0C4A2D
:203AA000CAF8001021701060E4E700BFB01100245410002455100024682A0424E0290424C8
:203AC000E828042430570124702A042439DC0124141100246C2A0424C4550124BC290424B4
:203AE000642A0424602A042430B5784C8FB00FCC0DF1040CACE80F000FCCACE80F000FCC91
:203B00002468ACE80F00CCF8004002F025FE704B0446704AD3ED007A92ED007AF4EEC77A48
:203B2000F1EE10FA44DB77EEC77A6B4A0121C3ED007A117069496A4B6A4A08691B691178BC
:203B400003F48063002943D000211170664A002111603BB3654A664866490368B3F57A7F65
:203B600003D80D685D1B2B190360634D0C6063482C78017824B9624C24680CB1032C36D1E8
:203B80000023137061B1002313705E4901235E4A0C685E4D5E49146000222B600B70027080
:203BA0000FB030BD5B4B01221A70FFF7B3FED1E7594BDFED5A6A93ED007A27EE267AF4EEE2
:203BC000C77AF1EE10FAB5DD434B00221A70B1E74205BBD5444B1A68012ABBD050480268B7
:203BE000A21A642A5ED80121404A1960B3E74D4C2478002CC4D1B3F57A7FC1D31378002BA5
:203C0000C0D014700029C0D1474B484CD3ED007A94ED007AF8EEE77AF4EEC77AF1EE10FA28
:203C200033DD434A43491368434801EB8305013303F0010385ED007A13600368012B27DDBC
:203C4000D1ED006AD1ED017A76EEA76A07EE903A3A4B0EAD0122F8EEE77A1B682B48C3F17B
:203C60000C03294986EEA77A026005EB8303284853ED0D7A027067EE277AFDEEE77AC1EDBD
:203C8000007A002323600FB030BDFFF743FEF8E70133002B0360F4DD012BD1ED006AD5D0B6
:203CA0000223CFE71B4D2A782AB1104A29700121046019604FE7224901250C4A096815703F
:203CC000B1FA81F11F4D49092970F0E70CFD0008D4290424F44C0124D1290424000402587E
:203CE00000080258BD55012418110024D029042410110024DC290424A8560124AA56012403
:203D0000B4560124AC560124C055012430570124A9560124D82904244C10002400007F43D8
:203D2000782A04245C100024E8280424B8290424C8290424C0290424CC2904245810002415
:203D40008C5501241E5701244FF48072002101480AF004BF00010024891A0131194470B5EB
:203D60001446054691FBF3F203FB12115E1A00EB8100B44207DC002C17DDA2000021BDE8C7
:203D800070400AF0EBBE002E03DDB20000210AF0E5FEA31B002128468B424FEA8302BDE895
:203DA0007040D8BF04220AF0D9BE70BD2DE97043FFF7CAFF104BDFF854800024D3F80090CB
:203DC0004FF400130D4ED8F800104A4630460C4DFFF7C2FF4FF400134A46D8F8041006F577
:203DE00000002C60FFF7B8FF064A074B6C6014701C60BDE8708300BF08100024000000C0C9
:203E0000EC4C0124094D0124044D0124DC55012480B586B000AFF860B9607A603B607A681C
:203E2000BB689A4201DB00237B607B68002B03DA7A68BB6813447B60BA687B68D31A7B61B9
:203E40003A6A7B699A420ADC7B689B00FA68D0183B6A9B001A4639680AF0B2FE15E07B688D
:203E60009B00FA68D0187B699B001A4639680AF0A7FE7B699B003A68D1183A6A7B69D31ABF
:203E80009B001A46F8680AF09BFE00BF1837BD4680BD00BF2DE9704F1A4B82B01A4C0D4602
:203EA000D3F800B006462268DFF874A05946174B0092D3F8009002685046154BFFF7A8FFDB
:203EC000DFF860802368494640460093114B2A68FFF79EFF72686368002659460AF500000E
:203EE00000930D4B2660FFF793FF63686A684946009308F50000094BFFF78AFF666002B0C2
:203F0000BDE8708F08100024EC4C01240C1000246C140024ACB000248C620024CCFE002400
:203F2000000000C0000000C12DE9704FFFF70CFF334EDFF804C14FF0000BDFF80081DFF894
:203F40000091DFF800A1DFF800E12E4C2E4DDFED2F7A2A46204671460023B3F5001F0EDAD7
:203F6000342BC2ED007A03F1010343DDB3F5001F00F1040002F10402E1EC017AF0DB0133A5
:203F8000043104300432B3F5800FE6D1204B04F59C444CF804BB0EF5000E9C4504F1200442
:203FA00005F5000546F804BB48F804BBE9EC017AEAEC017ACDD117490123174AC1ED007ABA
:203FC0001649174881F800B01168164C99420370154908BFC2F800B0144A1548127823607A
:203FE0000023042A80F800B00B7001D0114A1360BDE8708FE0EC017A0432E1EC017AACE732
:20400000E45501246C140024000000C000000000E4550124F84C012430570124A956012447
:204020005A560124E4100024084D01245856012439DC0124044D0124DC550124EC4C0124E3
:20404000B455012434290424000000C180B483B000AF274BD3ED007AF5EE407AF1EE10FAA4
:204060003FD0244B1B68002B3BD100237B6035E0214A7B68002142F82310204A7B689B0031
:2040800013444FF081421A6000233B6016E01C497B689A003B6813449B000B444FF0000292
:2040A0001A6018497B689A003B6813449B000B444FF000021A603B6801333B603B68032BC6
:2040C000E5DD114A7B68DB0513441A680F497B689B000B441A607B6801337B607B68012B87
:2040E000C6DD00BF0C37BD465DF8047B704700BFF84C0124D4550124DC550124B455012493
:2041000014290424F4280424000000C03429042408B5FFF719FEFFF799FF044B1B78022B4A
:2041200000D008BD024B00221A6008BD58560124044D012408B5FFF707FEFFF787FF024B72
:2041400000221A6008BD00BF044D01249C4B2DE970432DED028B1B78B0EE408A994D042B62
:204160002B7000F0B980062B40F0DC80964B0122DFF8BC921A70DFF8BC82944CD8F8003016
:204180002168934E994232782ED0924900200860002A47D14BBBFFF7BDFB00228E48D8F811
:2041A00000300270DFED8D7A032B8D49DFF888C28C4823600A7089F800203270CCF800206D
:2041C000C0ED007A00F0B180874A884902EB83031B680B60F5EE407AF1EE10FA40F08880D6
:2041E000BDEC028BBDE87083E2B9DFF84CC2032B7C48DCF80010D0ED007A236024D00022CB
:2042000089F800200029DFD0012900F0BA800229E0D1774A754B92ED007AB8EEC77A83ED24
:20422000007AD7E7032BB6D19FED6C7ADFF808C2F0EE477A6B486A4A23600023DCF80010EE
:20424000337080ED007A137099F8002000296CD0012900F0A280022900F0A880002AB9D009
:204260002B780024634A012B146064D0022BB7D15F4B0024604901221B6889F800400A70E9
:20428000002BA7D007EE103AB7EE006AB8EEC77AC7EE876AF8FE667AF4EEC67AF1EE10FAC0
:2042A00005D4FDEEE76A27EE277A16EE902ADFED536A534BB4EEE67A1A60F1EE10FA13DAFC
:2042C000DFED506AB4EEE67AF1EE10FA0CD4F0EE477A80ED007A7DE70322DFF8549101239E
:2042E0002A7089F8003046E7F0EE667AC0ED006ADFED456A454827EEA67A3C49C0ED007A88
:20430000C1ED007AFDEEC77AB6EEC77A37EE667A3F4A404BC2ED007A83ED007ABDEC028B02
:20432000BDE87083DFF8089125E72F492F4BC9681960002192E7F5EE407A00230129264AD9
:2043400008BFCCF80030F1EE10FA137005D1324B0022DFED327AC3E9002238EE270ADFED58
:20436000277A2F4A2F4BB4EEE70A12681A60F1EE10FA5A600EDB2C4B0122C0ED007A1A704B
:204380002EE72A4A194B92ED007AB8EEC77A83ED007A1FE780ED000A22E7244B93ED007A77
:2043A000124BB8EEC77A83ED007A57E7104B93ED007A0E4BB8EEC77A83ED007A4EE700BF1E
:2043C000595601245856012439DC0124B0560124BC550124044D0124A95601240000000001
:2043E000004D0124F84C0124184D012410100024C4550124D4290424084D012470371A492D
:20440000E410002400007A44E17A5440F44C012408100024FC4C0124DC55012400008043B0
:20442000501000243457012460560124C05501245A560124B45601243057012480B483B01C
:2044400000AF304B304A1A602E4B93ED007AF7EE006AC6EE877A2D4BC3ED007A01237B6026
:2044600023E07B68013B274A9B00134493ED007ADFED276AC7EE267A224A7B689B001344CA
:20448000C3ED007A1F4A7B689B00134493ED007AF7EE006AC6EE877A1C4A7B689B0013447B
:2044A000C3ED007A7B6801337B607B68032BD8DD144B9B68134AD360124B93ED037AF7EEE9
:2044C000006AC6EE877A114BC3ED037A0D4BD3ED037A9FED107A67EE877AFDEEE77A17EEE2
:2044E000902A0D4B1A60074BD3ED037AFDEEE77A17EE902A094B1A6000BF0C37BD465DF86E
:20450000047B7047184D0124E4B21543284D01240000803DE17A5440E0100024E82804245B
:2045200080B582B000AF00237B6012E00E4A7B689B0013444FF000021A600B4A7B6803F55D
:2045400000139B0013444FF000021A607B6801337B607B68B3F5001FE8DBFFF76FFF00BF19
:204560000837BD4680BD00BF000000C0C44BD3ED007AF5EE407A2DE9704FF1EE10FA04464F
:204580002DED0A8B9AB0179100F01B82BD4B08461B7807EE903AF8EEE71ABB4AB7EE008A2A
:2045A000DFEDBABA4FF000091370FDF71FFAB84BDFEDB87A93ED007AB74B77EE677AB74A9F
:2045C000D3ED008A67EE216AB54B67EEA17AD2ED000A93ED007AFDEEE66AB24B20EE879A17
:2045E0009FEDB1CA1B6860EEA80AFDEEE77A1194169378EE688AAD4BCDED0C6A0F93AC4B7E
:20460000CDED157A0E93AB4B0D93AB4B1093AB4B1493AB4B0493119B4FEA091293ED000ACD
:2046200020EE070AA3EC010A1193994B93ED00BA0E9B7BEE4C7AF3EC011A0E93F4EEC81AC8
:204640000F9BFDEEE77AB3EC011AF1EE10FACDED067A0F93179B03EB8903D3ED00AA994B6B
:204660006AEEABAA03EB890393ED00AA4FEA8903CAFEEBAAC8EE2A9A1293934B53F8294016
:20468000924B53F82980924B53F829A00D9B53F8041B0D938F4B019103EB0913059340F167
:2046A0009581049B41F288308B4D93ED002A00FB0910531989F00102884D07935305884A43
:2046C0000B932B68874D0893D5ED00CA864DD2F800B005EB8003854D854E039305EB800340
:2046E00002934FEA092309934FEA49530A9317EE903A323B13932DE0069BA5EB0B05E01A88
:20470000584572DBA0EB0B000A9B184406EB800090ED000A58190B9B06EB800090ED002AF1
:20472000581906EB8000D0ED007AB9F1000F67D177EEC27A049B71EEA91A0798A7EEAC2A03
:2047400083ED002AFCF71AF9F4EEC81AF1EE10FA40F1D480019BB0EE610A059808F1010843
:2047600001330AF10105634A01340193FCF7D0F8089B20EE827A29EE022A5C45A8BF0024B7
:204780009845A8BF4FF00008029BA3EC012A0293099B03EB0A005FFA85FA02EB800080ED54
:2047A000000A03EB0A00039B02EB8000D0ED007A6AEE277AA8EEA77AF0EEE77A81FE271A06
:2047C000A3EC017A03930C9BE51A5D4594DA07EE905A069BF8EEE77AE01AF5EEC07AF1EEC6
:2047E00010FA48BF5D4458458CDA07EE900AF8EEE77AF5EEC07AF1EE10FA48BF584483E71B
:20480000159BE01A584520DB139BA0EB0B00A4EB030CDC4528DBACEB0B0C0CF5001C00F590
:204820000010354B06EB8C0C06EB800093ED006ADCED006A90ED007A76EEC06A37EE427A6B
:20484000A6EE860AA6EE072A72E707EE100A139BB8EEC77AA4EB030CB5EEC07AF1EE10FA0E
:2048600048BF5844DC45D6DA07EE10CAB8EEC77AB5EEC07AF1EE10FA48BFDC44CDE700BFAE
:20488000F84C01245A56012438DC0124E17A5440FC4C01240000484228DC01246C100024F2
:2048A000641000240C4D01240000804340560124B4550124EC4C01240856012410560124CB
:2048C0003429042448550124DC550124E4550124EC28042414290424F42804240C100024B8
:2048E00008100024D85501246C140024ACB00024000000C0384D012434DC0124119B13EDBB
:20490000010A129B71EEC81A059860336AEEA1AA0DEB0302C2ED00AAFCF730F8109B1A682D
:20492000521B052A01D800221A600D9B019A43F8042C129B264A42F803A00E9A42ED011ACC
:20494000244AD450244A42F803800F9B03ED011A169B002B0ADD109A14605A1E149B169235
:20496000C3E90088C3E902881C4B1A60B9F1000F0ED1109B4FF0010904331093149B103394
:204980001493049B04330493154B93ED007A42E6FDEECB7A18A817EE901AFEF7A5FC114BF0
:2049A00093ED007AD3ED017A27EE097A67EE897A83ED007AC3ED017A1AB0BDEC0A8BBDE810
:2049C000708FF7EE001A01230846E6E5012598E7EC280424DC550124E45501240C4D012489
:2049E00064100024EC55012480B500AF40220A490A4809F06FF9402209490A4809F020FA54
:204A0000FBF71AFFFCF754FCFEF7F8FBFEF714F9FFF786FD00BF80BD00010024001200248E
:204A2000000000249812002480B483B000AF7860074B01221A70074B00221A80064B002216
:204A40001A8000BF0C37BD465DF8047B704700BF64140024104D0124124D012480B483B064
:204A600000AF7860074B02221A70074B10221A80064B20221A8000BF0C37BD465DF8047B8B
:204A8000704700BF64140024104D0124124D0124254A264B1178D3ED006AA9B9DFED247A9F
:204AA000F4EEE76AF1EE10FA31DBF5EE006A0121BDEE007A1170F0EE667AC3ED006A80ED74
:204AC000007AC0ED017A7047DFED1A7AF4EEE76AF1EE10FA0CD99FED187A76EEC77A37EE34
:204AE000667AC3ED007A80ED007AC0ED017A7047FDEE006A0021B5EE007A1170F0EE667A14
:204B0000C3ED006A80ED007AC0ED017A7047DFED0A7A76EEA77AB1EE677AC3ED007AC0ED89
:204B2000017A80ED007A7047842A0424882A0424DBF97E3EDBF97EBE6F12833A2DE9704FF9
:204B4000D24D0646B3EE007A2DED048B96B00FCD09AC0FC40FCD0FC40FCD0FC42B68236008
:204B6000FEF760FACA49CB4BD1ED007ACA4A1B7827EE870AC2ED007A002B40F05B81C74BC6
:204B8000C749D3ED006AD1ED007AE6EE877AC54AC548C1ED007AD2ED007A016877EE807A89
:204BA000C24B022993ED007AC2ED007A00F04881BA4AF3EE006AF0EE477A92ED006AE6EE36
:204BC000267AC3ED007AFFF7C1FAFCF731FEB84CFEF78AFF9FEDB79AFEF7C2FE701CB64B97
:204BE000B64E04EB800403EB8005DFEDB58A05F18003A846019387E006EE902A9FEDB17AF9
:204C0000B8EEE68A06EE903A25EE075AF8EEE69A65EE875A28EE458A69EEA59ADFF8B4921A
:204C200003A8A94AD9ED006A99ED017A92ED006A77EE665AA54BDFF8E0B2D3ED004AE5EE61
:204C4000866A93ED015AA5EEC67AA7EEA68AE7EE879AB0EE486A8DED038AF0EE697ACDED29
:204C6000049AA6EEE46AE5EE477A8DED056ACDED067AFEF7E9F9F7EE006A95ED007A9BF848
:204C80000030C6EE877A27EE888A67EEA97A8DED038ACDED047A1BB1CDED048ACDED038AF6
:204CA0009AED000A05A8FCF77FFB894B07A903A81A685B6807920893FFF758FC8548FEF795
:204CC00097F89BF80030002B40F0AB80824B08F108089FED826A0834D3ED007A99ED007A38
:204CE00067EE867AD9ED016A019B27EE877A984567EEA67ABDEEC77AFDEEE77A08ED027A81
:204D000048ED037A00F091803368002B40F08D80734A7449D2ED007A734ADFF800E2D1EDF6
:204D2000004AD2ED005A7149714ADEED000A714BDFF8EC9174EEE04ADFF8E8A1DFF8E8C14A
:204D40006D48C4FE894A6D4D91ED005A92ED006A6B496C4A93ED001AD9ED001A9AED002AF9
:204D600077EEC17ADCED002A35EE615A90ED003A75EEC25AD5ED003A36EE626AD1ED006A78
:204D8000C7FE897A92ED007A85FE095A9FED5E4A76EEC36A37EE637A5C4AC4FEC44A74EECD
:204DA000A04AC7FEC47A85FE445A77EE817AC5FE895A35EE215AC5FEC45A86FE096A75EE06
:204DC000825A86FE446AC6FE896A36EE226AC6FEC46A87FE097A76EE836A87FE447A37EEAB
:204DE000237ACEED004A1178DFF840E1C3ED007A89ED005ACAED005A226854F8043C9EEDE4
:204E0000005ADEED015A8CED006AC0ED006A85ED007A00293FF4F0AEF0EE689AB0EE688AC2
:204E2000FCE62C48FFF734FE50E716B0BDEC048BBDE8708F1A49D1ED007A70EE277AA6E6F5
:204E4000334A1268012A3FF7B3AE274AF7EE007AF2EE096A9FED1A6AD2ED005A16A92D4819
:204E600077EEE57AC7FE867A67EEA67AFDEEE77A17EE902AC0ED007AF0EE477A01EB8201F4
:204E800051ED0D6AE6EE807A9BE600BF40FD00084C1000241D570124501000245C56012496
:204EA000B8290424D429042430570124BC2904240000002417B7D1B800010024044D0124F5
:204EC0000000000000000030D85501241457012434570124EC550124641000240000004FC3
:204EE000D4560124D0560124CC560124E4560124E8560124045701240C570124341000249F
:204F0000EC5601243010002417B7D1385D10002498560124742A0424B856012400570124D6
:204F200008570124FC5601241057012438100024C24BF7EE004AC24A93ED025AC149D3ED90
:204F40000C7AD3ED035AF4EEE47A93ED0B7A93ED056ABDEEC77ABC48F1EE10FAD3ED0A6A6D
:204F60002DE9704F2DED0A8B82ED005AD3ED04BAB64A1C68C2ED00BA93ED068AB44A0C60FF
:204F800082ED008AB349B44A93ED089AC1ED005A82ED009AB149B24A93ED09BA81ED006ADA
:204FA00082ED00BA93ED01AAD3ED078AAD49DFF874E3AD4A80ED00AAC1ED008ACEED006ABD
:204FC00082ED007A40F2A482A84A0120FDEEE77A1070A74AC2ED007AD3ED137AF7EE009ACB
:204FE000D3ED104AFDEEE77A93ED127AA14CF5EE404AA14E17EE903A2070A04C03F00F03A6
:20500000D6F800809E4A23609E4B7468C3F800809D4BB5681C6051689C4B0029DFF808C3EB
:205020001D60D4BF00200120F1EE10FADFF8FCA2B5EE407ADFF8F892D6E9033614BF4FF0F9
:20504000010B4FF0000BCCF80030F1EE10FADFF8E4C2C9F80000CCF80060D2F808C0CAF867
:2050600000C0DFF8D4A28AF800B018BF4FF0010BDFF8C8A208BF4FF0000B8AF800B0002E1D
:2050800040F03F8239EEE67A9FED814AFFEE007ADFED80AAE6EEC49A67EE076AF3EE064ABB
:2050A000E7EE267AE7EEA4AABCF1000F03D0F5EE007A69EEA79AD2F80CE0DFF884C2764A41
:2050C000CCF800E0D2F800C063450BD01360734AC2F800C0724A13600022724B1A600022CB
:2050E000714B1A70714A13689E42714B18BF16600129D4BF002201221A60002D40F0EC8105
:205100001D60002E00F0FA8100229FED94CA1A60684B694A1B681060002B00F0DA81B4EE82
:20512000001AF6EE000AB0EE4A0AFBF795FC634B29EE099A624883ED000A624B83ED005AEF
:20514000614BC3ED005A614B83ED006AFDF7ECFBCBEE807ADFED816AB7EE007A67EE8C7A54
:20516000C7FEA67AC7FEC77A0EB1F2EE08AA584BB0EE000A574EF0EE6A0AC3ED007A564BE6
:20518000DFF8C09183ED009A544B86ED008A83ED00BA534BC9ED008AC3ED00AA09F09CFE4C
:2051A000F7EE007A4F4B50484FF0010C4F4A30EE670AC0ED009A87EEA97A4D48116883ED8D
:2051C000000A4C4BC7EE806A80ED007A4A4880F800C04A48C3ED006AB1FA81F35B0903703C
:2051E000002D00F01D81032D00F01A815368002B434B14BF624600221A7002D00424224B37
:205200001C60404A1368A34207D014603E4A136000223E4B1C603E4B1A603E4A13689845D8
:2052200000F0A880C2F800803B4A136000223B4BC3F800803A4B1A609CE000BFB011002422
:2052400028100024201000242410002498550124A455012494550124AC5501249C550124CC
:20526000B0550124A8550124D0550124AA560124AC560124A85601245055012458100024D3
:20528000645501249C56012480560124B4560124FA7E2A3F000000427056012474560124F2
:2052A00078560124C05601244856012464560124D45501243057012450560124CC56012412
:2052C00070DC0324D0560124E4560124D8560124D4560124DC560124EC560124E8560124EE
:2052E000F4550124F8550124005601247855012404560124FC55012448100024385501243E
:205300005C1000247C56012484560124885601248C56012498560124A0560124A4560124B0
:20532000C8560124A05501246C560124905601244C560124685601241C5701241D57012443
:2053400094560124E0560124B81EC53E9A99193EA4707D3F0AD7233C8988083E0000000019
:205360006666863FCDCC4C3D00002043CDCCCC3D3EC3AE37B8F1000F00D001B3F7EE007AF4
:20538000032C5FED0F6A5FED0F5A77EEE87A1FED106A46FEA56A68EEA68A1FED127A012D78
:2053A00077EEA67AC8EEA76AA6EE867A00F09F80C4BF5FED177A27EE277A89ED007AF7EE13
:2053C000007A5FED1A6A1FED1A9A1FED1A7A88FE268A88FE678A39EE489A28EE077A1FEDCA
:2053E0001E6A5FED1E7A5FED1E6AC7EE098A624B86ED008AE8EE867A67EEA67AC3ED007A06
:20540000D4B1012C00F08C805C4BB0EE480A0120D3ED000AFBF72EFD594B83ED000A15E02C
:20542000584A0023032D13707FF4EBAE564AC2E90033564A1360E4E65549514AD1ED006A2C
:2054400087EEA67A83ED007A82ED007ADFED518AF0EE4A0A9FED506A68EE285A9FED4F7A98
:20546000DFED4F6AA8EE067ADFED4E7A85EE896A4D4A4E4B9FED4E0A82ED007AE6EE267A26
:20548000C3ED007A09F028FDDFED4A7A87EE800A09F030FC484B9FED497AD3ED007A484A62
:2054A00067EEA88A474B37EE677A9FED476AF7EE006AC8EE877A36EEC00ABDEC0A8B82EDEF
:2054C000000AC7FE867AC7FEE67AC3ED007ABDE8708FB0EE4A0A2AE6002E7FF415AE01297A
:2054E0000CDDB7EE00CA3046C9F8006010E6DFED377A27EE277A89ED007A60E7B7EE00CAEE
:2055000006E64FF0000ADFED32AACEF800A0CBE5F5EE407AF1EE10FA14BF012000205BE5BE
:20552000B8F1000F88D0012D1AD015DC55B9134BB6EE000A0120D3ED000AFBF79BFC104B69
:2055400083ED000AB3EE027A224BF0EE007AE8EE877AC3ED007A79E7023D012DE7D9F1E789
:20556000064B28469FED1C0AD3ED000AFBF782FC034B83ED000AE5E7C8550124F44C012445
:20558000CC5501245C100024085601240C4D01244C1000248FC2F53D34EF023BBAED0C36E8
:2055A0006F12033AA97BAE35F8560124F45601240000C843AAAA2ABC0C570124295C8F3F24
:2055C0002C570124F056012400000000CDCC4C3E00000042441000242549923E2DE97841CE
:2055E000092004F075FA002840F0F5804FF06053854C864993F8B00022780870002A00F059
:20560000F380834A1168526819655A6581494FF06053814A0D6849689D65D96511787F489D
:2056200007EE901A00210078F8EE677A7C4E7D4DC3ED187A07EE900A11707B49F8EE677AFA
:2056400032780968C3ED197A01FB02F277497848C3F8B4202A68C3F8C020D1ED007A02681E
:20566000F5EEC07AC3F8C820F1EE10FA40F3C980704BD3ED006A86EEA77A6F4D4FF06050E0
:205680000023294680ED317A9A00013302F16052142B126841F8042BF6D1836E6749684AB2
:2056A0000B60C36F1360674BD0F890601E60D0F86CC0654EC1F804C0D0F880C0C2F804C048
:2056C000D0F894C0C3F804C0D0F870C0C1F808C0D0F884C0C2F808C0D0F898C0C3F808C085
:2056E000D0F874C0C1F80CC0D0F888C0C2F80CC0D0F89CC0C3F80CC0D0F878C0C1F810C05F
:20570000D0F88C101161D0F8A0201A61D0F8BC103160D0F8CC301A0702D54C4B01221A708B
:205720004FF060534A48D3F8CC20C2F380020270D3F8CC20D3F8CC30C2F340024548DB07A1
:20574000027002D5444B02221A60DFF83C81D8F80030994205D0FEF7DDF8404A002133687F
:2057600011603F493F4AC8F800300B6800211170002B42D0AE6BE96BD5ED117A3A4BFDEE3B
:20578000E77A3A4859604FF060511E6017EE902A374D02F07F03D211C3F154032A60302B75
:2057A000A8BF302323EAE373036091F8B130DBB22370FBB9D1F8A4404FF060522D482E4B9F
:2057C000002104600920D2F8A8401C60D2F8AC205A6004F097F90A2004F07AF900210A203D
:2057E000BDE8784104F08EB9244A1168526819655A650BE74FF07E54DEE7214B19680E4629
:20580000BAE79FED207A38E7B856012459560124305601243856012460560124D129042440
:20582000A9560124B4290424C0550124F44C012430570124D4290424B01100245055012420
:2058400064550124785501248C55012439DC0124BD550124BC5501240C4D01241011002408
:2058600064560124481000241457012424570124285701243010002438100024405601246E
:2058800098550124000000009055012480B588B000AF3B1D00221A605A609A60DA6001F0FD
:2058A000A7F801233B7100237B714FF04043BB6019233B730323FB730023FB740023BB742B
:2058C00000237B740123BB7300237B7301233B743B1D184601F0C4F801237B714FF060531B
:2058E000BB600F233B7301237B743B1D184601F0B7F802237B714FF01053BB6012233B7393
:205900000123BB740123FB7400237B743B1D184601F0A6F803237B714FF01053BB600B234D
:205920003B730023BB740023FB7401237B743B1D184601F095F8042001F072F8334B5B69CD
:2059400003F40033002B1BD1BFF34F8F00BFBFF36F8F00BF2D4B0022C3F85022BFF34F8FF1
:2059600000BFBFF36F8F00BF284B5B69274A43F400335361BFF34F8F00BFBFF36F8F00E054
:2059800000BF224B5B6903F48033002B38D11F4B0022C3F88420BFF34F8F00BF1B4BD3F8CE
:2059A0008030FB61FB695B0BC3F30E03BB61FB69DB08C3F309037B61BB695A0143F6E0733E
:2059C00013407A69920711491343C1F860327B695A1E7A61002BEFD1BB695A1EBA61002BF9
:2059E000E5D1BFF34F8F00BF084B5B69074A43F480335361BFF34F8F00BFBFF36F8F00E0BD
:205A000000BF00BF2037BD4680BD00BF00ED00E080B588B000AF00F07FFB4FF6FF73FB614C
:205A200000BF914B1B6803F40043002B04D0FB695A1EFA61002BF4DCFB69002B01DA00F083
:205A400097FB00F003FE00F04FF900F0FDF9864BD3F8E030844A43F00073C2F8E030824BEE
:205A6000D3F8E03003F000733B613B69002004F02FF80021002004F045F84FF6FF73FB61E5
:205A800000BF794B1B6803F40043002B04D1FB695A1EFA61002BF4DCFB69002B01DA00F03A
:205AA00067FB00F05BFA00F0D1FA00F0FFF900F07DFA41F2883000F05BFEFFF7E7FE6B4972
:205AC0006B48FAF75BFEFEF78FFF6A4B6A4A1A606A4B6B4A1A606B4B6B4A1A606B4B4FF0A5
:205AE00000021A606A4B4FF000021A60694B4FF000021A60684B4FF000021A60674B4FF0EC
:205B000000021A60664B4FF000021A60654B4FF000021A60644B4FF000021A60634B4FF0DB
:205B20007E521A600023BB610EE0614ABB699B001344604A1A60604ABB699B0013445D4AA2
:205B40001A60BB690133BB61BB69012BEDDD00237B6109E0594A7B699B0013444FF07E52CD
:205B60001A607B6901337B617B69132BF2DD0A2003F0AEFF00210A2003F0C4FF504B1B68DD
:205B8000BB604F4B5B68FB604E4B1B683B604D4B5B687B604C4B1B78002B2BD04B4B1B68DC
:205BA000002B0DD14A4B1B680133494A1360484B1B68322B02D9474B00221A70FFF7B8F957
:205BC000424B1B68591C444B83FB01231A11CB17D21A13469B001344DB00CA1A3B4B1A600C
:205BE0003E4B1B881846FEF7A9FFFFF7F7FC364B00221A703A4B1B68002B0AD13A4607F1E2
:205C0000080311461846FEF745F9364B01221A70B4E7334B1B68012B02D1FEF785F9ADE7C1
:205C20002F4B1B68022B02D1FEF772FAA6E72C4B1B68052B02D1FEF7B9F89FE7284B1B685A
:205C4000062B9BD1274B1B78002B09D03A4607F1080311461846FEF71DF9224B00221A7042
:205C6000FEF768FA8AE700BF00440258541400242014002420100024CDCC4C3F241000244B
:205C8000CDCCCC3D28100024C3F5283E94550124985501249C550124A0550124A45501247A
:205CA000A8550124AC550124B05501242C10002430560124ACC5273738560124B011002400
:205CC000DC550124E45501246414002468140024545601245D10002467666666124D012457
:205CE000044D0124712A042480B59EB000AF07F12C034C220021184608F030FF07F10C03F7
:205D000020220021184608F029FF022003F00EFF0023BB60494BDB6A484A23F00103D3628B
:205D2000464BDB6A03F00103BB60454B9B69444A43F440439361424B9B6903F44043BB6085
:205D4000BB6800BF3E4B9B6903F40053B3F5005FF8D13C4BD3F8F4303A4A43F00203C2F8CE
:205D6000F430384BD3F8F43003F002037B607B6800233B60324B9B69314A43F4404393616F
:205D80002F4B9B6903F440433B602C4BDB6A2B4A43F00103D362294BDB6A03F001033B6088
:205DA0003B6800BF264B9B6903F40053B3F5005FF8D10223FB620123BB634023FB63022348
:205DC0003B6500237B650423BB653C23FB6502233B6605237B660223BB660C23FB66002352
:205DE0003B6700237B6707F12C03184603F0F8FE0346002B01D000F0BBF93F23FB600323C2
:205E00003B6100237B610823BB614023FB6140233B624FF480637B624023BB6207F10C0357
:205E20000421184604F036FB0346002B01D000F09FF900BF7837BD4680BD00BF0004005824
:205E4000004802580044025880B5B2B000AF3B46C8220021184608F081FE134A4FF00003BC
:205E6000C7E900232023BB608123FB6002233B6102237B610223BB614023FB6100233B6270
:205E800000237B620023BB650123FB653B46184604F076FE0346002B01D000F069F900BF9E
:205EA000C837BD4680BD00BF0001008080B500AF264B274A1A60254B02225A60234B002245
:205EC0009A60224B00225A61204B0022DA611F4B0022DA601D4B0022DA621C4B00221A6324
:205EE0001A4B00225A63022303220021174807F085FB0346002B01D000F03AF9154B164AF5
:205F00001A60144B03225A60124B01229A60114B00225A610F4B0022DA610E4B0022DA60AA
:205F20000C4B0022DA620B4B00221A63094B00225A63022303220021064807F05FFB034631
:205F4000002B01D000F014F900BF80BD0012002404580140981200242458014080B582B087
:205F600000AF114BD3F8D8300F4A43F00103C2F8D8300D4BD3F8D83003F001037B607B6811
:205F8000002200210C2000F0FEFC0C2000F015FD002200210D2000F0F6FC0D2000F00DFD01
:205FA00000BF0837BD4680BD0044025880B588B000AF3B1D00221A605A609A60DA601A618C
:205FC0005A619A611F4B204A1A601E4B00225A601C4B01229A601B4B0822DA60194B102294
:205FE0001A61184B40225A61164B4FF4C0729A61144B0022DA61134B4FF400621A62114B3E
:2060000000225A620F4B4FF400529A6202237B600823BB600823FB6008233B6106237B611F
:206020000623BB610323FB613B1D1946054808F0F9FB0346002B01D000F09AF800BF2037CC
:20604000BD4680BD201400244041005280B487B000AF304BD3F8E0302E4A43F01003C2F8ED
:20606000E0302C4BD3F8E03003F010037B617B69284BD3F8E030274A43F02003C2F8E03019
:20608000244BD3F8E03003F020033B613B69214BD3F8E0301F4A43F00403C2F8E0301D4B44
:2060A000D3F8E03003F00403FB60FB68194BD3F8E030184A43F00103C2F8E030154BD3F880
:2060C000E03003F00103BB60BB68124BD3F8E030104A43F04003C2F8E0300E4BD3F8E03075
:2060E00003F040037B607B680A4BD3F8E030094A43F00803C2F8E030064BD3F8E03003F002
:2061000008033B603B6800BF1C37BD465DF8047B704700BF0044025880B584B000AF3B46A0
:2061200000221A605A609A60DA6000F061FC01233B7000237B7000237B601F233B72872314
:206140007B720023BB720023FB7201233B7301237B730023BB730023FB733B46184600F0DD
:206160007FFC042000F05CFC00BF1037BD4680BD80B400AF72B600BF00BFFDE780B483B01E
:2061800000AF0A4BD3F8F430084A43F00203C2F8F430064BD3F8F43003F002037B607B68AE
:2061A00000BF0C37BD465DF8047B70470044025880B5BAB000AF07F1D40300221A605A603E
:2061C0009A60DA601A615B4B1B68002B40F0AE80584B01221A6007F10803C82200211846B2
:2061E00008F0BCFC4FF080724FF00003C7E9022300233B6507F10803184604F0C1FC034689
:20620000002B01D0FFF7B4FF4B4BD3F8D4304A4A43F48053C2F8D430474BD3F8D43003F4C0
:2062200080537B607B684FF63F03C7F8D4300223C7F8D8300023C7F8DC300323C7F8E030B4
:206240000C23C7F8E43007F1D40319463B4803F08FFA0C23C7F8D4300223C7F8D83000230E
:20626000C7F8DC300323C7F8E0300C23C7F8E43007F1D4031946324803F07AFA8023C7F8EB
:20628000D4300223C7F8D8300023C7F8DC300323C7F8E0300C23C7F8E43007F1D4031946FB
:2062A000284803F065FA48F23713C7F8D4300223C7F8D8300023C7F8DC300323C7F8E03006
:2062C0000C23C7F8E43007F1D40319461E4803F04FFA4FF68373C7F8D4300223C7F8D83002
:2062E0000023C7F8DC300323C7F8E0300C23C7F8E43007F1D4031946144803F039FA4CF2CB
:206300000373C7F8D4300223C7F8D8300023C7F8DC300323C7F8E0300C23C7F8E43007F17B
:20632000D40319460A4803F023FA00E000BFE837BD4680BD8C2A04240044025800140258DD
:2063400000080258000002580018025800100258000C025880B582B000AF7860FFF728FF34
:2063600000BF0837BD4680BD80B58AB000AF78607B681B686D4A934267D16D4B1B68002B59
:2063800016D16C4BD3F8F0306A4A43F48003C2F8F030684BD3F8F03003F480033B613B69D4
:2063A00000220021572000F0EEFA572000F005FB5F4B1B6801335E4A136070237B610223D4
:2063C000BB610023FB6100233B6206237B6207F114031946584803F0CBF9584B584A1A60D8
:2063E000564B57225A60554B40229A60534B0022DA60524B4FF480621A61504B4FF48052E6
:206400005A614E4B4FF480429A614C4B4FF48072DA614A4B00221A62484B00225A624748EE
:2064200000F05EFB0346002B01D0FFF7A1FE7B68424AC3F88420414A7B6893637B683F4A9B
:20644000C3F880203D4A7B6893637B681B683D4A934267D1364B1B68002B16D1354BD3F826
:20646000F030344A43F48003C2F8F030314BD3F8F03003F48003FB60FB6800220021572091
:2064800000F081FA572000F098FA294B1B680133274A136040237B610223BB610023FB618A
:2064A00000233B6206237B6207F114031946264803F05EF9254B264A1A60244B58225A60F3
:2064C000224B00229A60214B0022DA601F4B4FF480621A611D4B4FF480525A611B4B4FF480
:2064E00080429A61194B4FF48072DA61174B00221A62164B00225A62144800F0F1FA03464C
:20650000002B01D0FFF734FE7B68104AC3F884200E4A7B6893637B680C4AC3F880200B4AA1
:206520007B68936300BF2837BD4680BD04580140902A042400440258001002583013002436
:20654000280002402458014000140258A81300244000024080B400AF00BFFDE780B400AFDC
:2065600000BFFDE780B400AF00BFFDE780B400AF00BFFDE780B400AF00BFFDE780B400AF03
:2065800000BFBD465DF8047B704780B400AF00BFBD465DF8047B704780B400AF00BFBD46D9
:2065A0005DF8047B704780B500AF00F0C1F800BF80BD000080B500AF024801F0BBFD00BF31
:2065C00080BD00BF3013002480B500AF024801F0B1FD00BF80BD00BFA813002480B500AF0D
:2065E000034807F0C1FC034807F0BEFC00BF80BD0012002498120024DFF834D0FAF728F8B4
:206600000C480D490D4A002302E0D458C4500433C4188C42F9D30A4A0A4C002301E0136066
:206620000432A242FBD308F0A7FAFFF7F1F97047000008240010002494110024D80A01082E
:2066400094110024D02B0424FEE7000080B582B000AF032000F08CF904F0D2F80246154B55
:206660009B691B0A03F00F031349CB5C03F01F0322FA03F37B600F4B9B6903F00F030E4AAC
:20668000D35C03F01F037A6822FA03F30B4A13600B4A7B6813600F2000F014F80346002BB0
:2066A00001D0012302E0FFF769FD002318460837BD4680BD0044025874FD00080410002458
:2066C0000010002480B582B000AF7860154B1B78002B01D1012321E0134B1A68114B1B78B4
:2066E00019464FF47A73B3FBF1F3B2FBF3F3184600F071F90346002B01D001230EE07B68F4
:206700000F2B0AD8002279684FF0FF3000F03BF9064A7B681360002300E00123184608375E
:20672000BD4680BD40110024001000243C11002480B400AF064B1B781A46064B1B681344AD
:20674000044A136000BFBD465DF8047B704700BF40110024942A042480B400AF034B1B685D
:206760001846BD465DF8047B704700BF942A042480B584B000AF7860FFF7EEFFB8607B68BA
:20678000FB60FB68B3F1FF3F05D00A4B1B781A46FB681344FB6000BFFFF7DEFF0246BB682A
:2067A000D31AFA689A42F7D800BF00BF1037BD4680BD00BF4011002480B400AF034B1B68F2
:2067C0001B0C1846BD465DF8047B70470010005C80B485B000AF78607B6803F00703FB600F
:2067E0000B4BDB68BB60BA684FF6FF031340BB60FB681A02BB681A43064B1343BB60044AFF
:20680000BB68D36000BF1437BD465DF8047B704700ED00E00000FA0580B400AF044BDB6849
:206820001B0A03F007031846BD465DF8047B704700ED00E080B483B000AF0346FB80B7F9F3
:206840000630002B0BDBFB8803F01F020749B7F906305B09012000FA02F241F8232000BF76
:206860000C37BD465DF8047B704700BF00E100E080B483B000AF03463960FB80B7F906306E
:20688000002B0ADB3B68DAB20C49B7F906301201D2B20B4483F800230AE03B68DAB2084990
:2068A000FB8803F00F03043B1201D2B20B441A7600BF0C37BD465DF8047B704700E100E04A
:2068C00000ED00E080B489B000AFF860B9607A60FB6803F00703FB61FB69C3F10703042B77
:2068E00028BF0423BB61FB690433062B02D9FB69033B00E000237B614FF0FF32BB6902FAB6
:2069000003F3DA43BB681A407B699A404FF0FF317B6901FA03F3D9437B680B4013431846E7
:206920002437BD465DF8047B7047000080B582B000AF78607B68013BB3F1807F01D30123C6
:206940000FE00A4A7B68013B53600F214FF0FF30FFF78EFF054B00229A60044B07221A60A3
:20696000002318460837BD4680BD00BF10E000E080B582B000AF78607868FFF729FF00BFDD
:206980000837BD4680BD80B586B000AF0346B9607A60FB81FFF740FF78617A68B9687869B4
:2069A000FFF790FF0246B7F90E3011461846FFF75FFF00BF1837BD4680BD80B582B000AFAF
:2069C0000346FB80B7F906301846FFF733FF00BF0837BD4680BD80B582B000AF786078687B
:2069E000FFF7A4FF034618460837BD4680BD000080B400AFBFF35F8F00BF074B5B6A064A2F
:206A000023F480335362054B00225A6000BFBD465DF8047B704700BF00ED00E090ED00E095
:206A200080B483B000AF78600B4A7B6843F0010353600A4B5B6A094A43F480335362BFF388
:206A40004F8F00BFBFF36F8F00BF00BF0C37BD465DF8047B704700BF90ED00E000ED00E0B1
:206A600080B483B000AF78607B685A781B4B9A601A4B1B69194A23F001031361174A7B68F8
:206A80005B68D3607B681B7B1A077B68DB7A1B061A437B689B7ADB041A437B685B7B9B0424
:206AA0001A437B689B7B5B041A437B68DB7B1B041A437B685B7A1B021A437B681B7A5B000A
:206AC00013437A6812781146044A0B43136100BF0C37BD465DF8047B704700BF90ED00E0E1
:206AE00080B586B000AF7860FFF736FE38617B68002B01D1012316E37B681B68664A9342F9
:206B00004AD07B681B68654A934245D07B681B68634A934240D07B681B68624A93423BD072
:206B20007B681B68604A934236D07B681B685F4A934231D07B681B685D4A93422CD07B68C4
:206B40001B685C4A934227D07B681B685A4A934222D07B681B68594A93421DD07B681B683E
:206B6000574A934218D07B681B68564A934213D07B681B68544A93420ED07B681B68534A3F
:206B8000934209D07B681B68514A934204D07B681B68504A934201D1012300E00023002BA4
:206BA00000F03B817B68022283F835207B68002283F834207B681B68374A93424AD07B68C5
:206BC0001B68364A934245D07B681B68344A934240D07B681B68334A93423BD07B681B68D6
:206BE000314A934236D07B681B68304A934231D07B681B682E4A93422CD07B681B682D4AFD
:206C0000934227D07B681B682B4A934222D07B681B682A4A93421DD07B681B68284A9342BD
:206C200018D07B681B68274A934213D07B681B68254A93420ED07B681B68244A934209D0D3
:206C40007B681B68224A934204D07B681B68214A934208D17B681B681A687B681B6822F0DA
:206C600001021A6007E07B681B681A687B681B6822F001021A602FE0FFF76EFD02463B6977
:206C8000D31A052B28D97B6820225A657B68032283F83520012346E2100002402800024012
:206CA00040000240580002407000024088000240A0000240B800024010040240280402409C
:206CC00040040240580402407004024088040240A0040240B80402407B681B681B6803F04C
:206CE0000103002BC8D17B681B681B687B617A69834B13407B617B689A687B68DB681A43BF
:206D00007B681B691A437B685B691A437B689B691A437B68DB691A437B681B6A13437A6942
:206D200013437B617B685B6A042B07D17B68DA6A7B681B6B13437A6913437B61714B1A6839
:206D4000714B1340B3F1005F28D37B685B68282B03D97B685B682E2B17D97B685B683E2B53
:206D600003D97B685B68422B0FD97B685B68462B03D97B685B68482B07D97B685B684E2B31
:206D800005D97B685B68522B01D8012300E00023002B03D07B6943F480137B617B681B6804
:206DA0007A691A607B681B685B697B617B6923F007037B617B685B6A7A6913437B617B68F3
:206DC0005B6A042B17D17B689B6A7A6913437B617B68DB6A002B0ED0786802F03FFB034654
:206DE000002B08D07B6840225A657B68012283F83520012397E17B681B687A695A61786836
:206E000002F07AFA0346BB607B68DB6D03F01F033F229A40BB689A60CDE07B681B683B4A78
:206E2000934222D07B681B68394A93421DD07B681B68384A934218D07B681B68364A934280
:206E400013D07B681B68354A93420ED07B681B68334A934209D07B681B68324A934204D09B
:206E60007B681B68304A934201D1012300E00023002B00F097807B681B68244A934221D098
:206E80007B681B68224A93421CD07B681B68214A934217D07B681B681F4A934212D07B6869
:206EA0001B681E4A93420DD07B681B681C4A934208D07B681B681B4A934203D07B681B68E3
:206EC000194A93427B68022283F835207B68002283F834207B681B681B687B617A69134BC9
:206EE00013407B617B689B68402B21D07B689B68802B02D14FF480431BE0002319E000BFE1
:206F00003F8010FE0010005C0000FFFF085402581C540258305402584454025858540258E4
:206F20006C54025880540258945402580F00FEFF10237A68D268D2081A437B681B69DB08EB
:206F40001A437B685B69DB081A437B689B69DB081A437B68DB69DB081A437B681B6A1B09D3
:206F600013437A6913437B617B681B687A691A607B681B681A466E4B13446E4AA2FB032392
:206F80001B099A007B68DA65786802F0B5F90346FB607B68DB6D03F01F0301229A40FB684D
:206FA0005A6008E07B6840225A657B68032283F835200123B7E07B681B685F4A934272D072
:206FC0007B681B685D4A93426DD07B681B685C4A934268D07B681B685A4A934263D07B6884
:206FE0001B68594A93425ED07B681B68574A934259D07B681B68564A934254D07B681B68FE
:20700000544A93424FD07B681B68534A93424AD07B681B68514A934245D07B681B68504A01
:20702000934240D07B681B684E4A93423BD07B681B684D4A934236D07B681B684B4A9342E5
:2070400031D07B681B684A4A93422CD07B681B68484A934227D07B681B68474A934222D0E2
:207060007B681B68454A93421DD07B681B68444A934218D07B681B68424A934213D07B681B
:207080001B68414A93420ED07B681B683F4A934209D07B681B683E4A934204D07B681B6895
:2070A0003C4A934201D1012300E00023002B32D0786802F04FFA7B689B68802B02D17B68ED
:2070C00000225A607B685A687B681B6ED2B21A607B685B6E7A68926E5A607B685B68002BAC
:2070E00010D07B685B68082B0CD8786802F0CCFA7B68DB6E00221A607B681B6F7A68526F83
:207100005A6008E07B680022DA667B6800221A677B6800225A677B6800225A657B68012272
:2071200083F83520002318461837BD4680BD00BFF8ABFDA7CDCCCCCC10000240280002407C
:2071400040000240580002407000024088000240A0000240B80002401004024028040240F7
:2071600040040240580402407004024088040240A0040240B8040240085402581C54025803
:207180003054025844540258585402586C540258805402589454025880B586B000AFF8601D
:2071A000B9607A603B600023FB75FB68002B01D1012326E2FB6893F83430012B01D10223AD
:2071C0001FE2FB68012283F83420FB6893F83530DBB2012B40F00A82FB68022283F835203A
:2071E000FB6800225A65FB681B68684A93424AD0FB681B68664A934245D0FB681B68654AAF
:20720000934240D0FB681B68634A93423BD0FB681B68624A934236D0FB681B68604A934244
:2072200031D0FB681B685F4A93422CD0FB681B685D4A934227D0FB681B685C4A934222D041
:20724000FB681B685A4A93421DD0FB681B68594A934218D0FB681B68574A934213D0FB68FA
:207260001B68564A93420ED0FB681B68544A934209D0FB681B68534A934204D0FB681B68F4
:20728000514A934208D1FB681B681A68FB681B6822F001021A6007E0FB681B681A68FB6816
:2072A0001B6822F001021A603B687A68B968F86801F076FEFB681B68344A93424AD0FB689B
:2072C0001B68334A934245D0FB681B68314A934240D0FB681B68304A93423BD0FB681B6858
:2072E0002E4A934236D0FB681B682D4A934231D0FB681B682B4A93422CD0FB681B682A4A82
:20730000934227D0FB681B68284A934222D0FB681B68274A93421DD0FB681B68254A93423F
:2073200018D0FB681B68244A934213D0FB681B68224A93420ED0FB681B68214A934209D055
:20734000FB681B681F4A934204D0FB681B681E4A934201D1012300E00023002B36D0FB6885
:207360001B681B6823F01E02FB681B6842F016021A60FB681B6C002B3ED0FB681B681A689F
:20738000FB681B6842F008021A6035E01000024028000240400002405800024070000240B2
:2073A00088000240A0000240B8000240100402402804024040040240580402407004024089
:2073C00088040240A0040240B8040240FB681B681B6823F00E02FB681B6842F00A021A60D1
:2073E000FB681B6C002B07D0FB681B681A68FB681B6842F004021A60FB681B68834A934219
:2074000072D0FB681B68824A93426DD0FB681B68804A934268D0FB681B687F4A934263D0F2
:20742000FB681B687D4A93425ED0FB681B687C4A934259D0FB681B687A4A934254D0FB68EC
:207440001B68794A93424FD0FB681B68774A93424AD0FB681B68764A934245D0FB681B68E6
:20746000744A934240D0FB681B68734A93423BD0FB681B68714A934236D0FB681B68704ACA
:20748000934231D0FB681B686E4A93422CD0FB681B686D4A934227D0FB681B686B4A9342CE
:2074A00022D0FB681B686A4A93421DD0FB681B68684A934218D0FB681B68674A934213D0DA
:2074C000FB681B68654A93420ED0FB681B68644A934209D0FB681B68624A934204D0FB6884
:2074E0001B68614A934201D1012300E00023002B1AD0FB681B6E1B6803F48033002B07D060
:20750000FB681B6E1A68FB681B6E42F480721A60FB68DB6E002B07D0FB68DB6E1A68FB6830
:20752000DB6E42F480721A60FB681B68374A93424AD0FB681B68364A934245D0FB681B68D4
:20754000344A934240D0FB681B68334A93423BD0FB681B68314A934236D0FB681B68304AE9
:20756000934231D0FB681B682E4A93422CD0FB681B682D4A934227D0FB681B682B4A9342AD
:2075800022D0FB681B682A4A93421DD0FB681B68284A934218D0FB681B68274A934213D0B9
:2075A000FB681B68254A93420ED0FB681B68244A934209D0FB681B68224A934204D0FB6863
:2075C0001B68214A934208D1FB681B681A68FB681B6842F001021A6012E0FB681B681A68B8
:2075E000FB681B6842F001021A6009E0FB684FF400625A65FB68002283F834200123FB755E
:20760000FB7D18461837BD4680BD00BF1000024028000240400002405800024070000240BC
:2076200088000240A0000240B8000240100402402804024040040240580402407004024006
:2076400088040240A0040240B8040240085402581C54025830540258445402585854025822
:207660006C540258805402589454025880B586B000AF7860FFF770F838617B68002B01D1B7
:207680000123DCE27B6893F83530DBB2022B08D07B6880225A657B68002283F83420012367
:2076A000CDE27B681B68764A93424AD07B681B68744A934245D07B681B68734A934240D0F0
:2076C0007B681B68714A93423BD07B681B68704A934236D07B681B686E4A934231D07B68D7
:2076E0001B686D4A93422CD07B681B686B4A934227D07B681B686A4A934222D07B681B6851
:20770000684A93421DD07B681B68674A934218D07B681B68654A934213D07B681B68644A40
:2077200093420ED07B681B68624A934209D07B681B68614A934204D07B681B685F4A934238
:2077400001D1012300E00023002B13D07B681B681A687B681B6822F01E021A607B681B68C2
:207760005A697B681B6822F080025A617B681B687B610AE07B681B681A687B681B6822F005
:207780000E021A607B681B687B617B681B683C4A934272D07B681B683A4A93426DD07B683B
:2077A0001B68394A934268D07B681B68374A934263D07B681B68364A93425ED07B681B6878
:2077C000344A934259D07B681B68334A934254D07B681B68314A93424FD07B681B68304A9C
:2077E00093424AD07B681B682E4A934245D07B681B682D4A934240D07B681B682B4A934260
:207800003BD07B681B682A4A934236D07B681B68284A934231D07B681B68274A93422CD052
:207820007B681B68254A934227D07B681B68244A934222D07B681B68224A93421DD07B6895
:207840001B68214A934218D07B681B681F4A934213D07B681B681E4A93420ED07B681B680F
:207860001C4A934209D07B681B681B4A934204D07B681B68194A934232D1012331E000BFEB
:20788000100002402800024040000240580002407000024088000240A0000240B8000240B8
:2078A000100402402804024040040240580402407004024088040240A0040240B804024078
:2078C000085402581C5402583054025844540258585402586C5402588054025894540258C8
:2078E0000023002B07D07B681B6E1A687B681B6E22F480721A607B681B686D4A93424AD07B
:207900007B681B686B4A934245D07B681B686A4A934240D07B681B68684A93423BD07B6888
:207920001B68674A934236D07B681B68654A934231D07B681B68644A93422CD07B681B6802
:20794000624A934227D07B681B68614A934222D07B681B685F4A93421DD07B681B685E4AF8
:20796000934218D07B681B685C4A934213D07B681B685B4A93420ED07B681B68594A9342EA
:2079800009D07B681B68584A934204D07B681B68564A934208D17B681B681A687B681B685B
:2079A00022F001021A6007E07B681B681A687B681B6822F001021A6013E0FEF7CDFE024679
:2079C0003B69D31A052B0CD97B6820225A657B68032283F835207B68002283F8342001234D
:2079E0002DE17B691B6803F00103002BE5D17B681B682F4A93424AD07B681B682D4A9342BA
:207A000045D07B681B682C4A934240D07B681B682A4A93423BD07B681B68294A934236D022
:207A20007B681B68274A934231D07B681B68264A93422CD07B681B68244A934227D07B686F
:207A40001B68234A934222D07B681B68214A93421DD07B681B68204A934218D07B681B68E9
:207A60001E4A934213D07B681B681D4A93420ED07B681B681B4A934209D07B681B681A4A23
:207A8000934204D07B681B68184A934201D1012300E00023002B2BD07B689B6DBB607B6898
:207AA000DB6D03F01F033F229A40BB689A602AE0100002402800024040000240580002402F
:207AC0007000024088000240A0000240B80002401004024028040240400402405804024066
:207AE0007004024088040240A0040240B80402407B689B6DFB607B68DB6D03F01F03012275
:207B00009A40FB685A607B681B684F4A934272D07B681B684D4A93426DD07B681B684C4A4D
:207B2000934268D07B681B684A4A934263D07B681B68494A93425ED07B681B68474A93426E
:207B400059D07B681B68464A934254D07B681B68444A93424FD07B681B68434A93424AD043
:207B60007B681B68414A934245D07B681B68404A934240D07B681B683E4A93423BD07B68A4
:207B80001B683D4A934236D07B681B683B4A934231D07B681B683A4A93422CD07B681B681E
:207BA000384A934227D07B681B68374A934222D07B681B68354A93421DD07B681B68344A3E
:207BC000934218D07B681B68324A934213D07B681B68314A93420ED07B681B682F4A934206
:207BE00009D07B681B682E4A934204D07B681B682C4A934201D1012300E00023002B15D06B
:207C00007B685B6E7A68926E5A607B68DB6E002B0CD07B68DB6E1A687B68DB6E22F4807207
:207C20001A607B681B6F7A68526F5A607B68012283F835207B68002283F8342000231846D5
:207C40001837BD4680BD00BF10000240280002404000024058000240700002408800024082
:207C6000A0000240B8000240100402402804024040040240580402407004024088040240BC
:207C8000A0040240B8040240085402581C5402583054025844540258585402586C54025890
:207CA000805402589454025880B584B000AF78607B68002B01D1012337E27B6893F8353074
:207CC000DBB2022B04D07B6880225A6501232CE27B681B685C4A93424AD07B681B685B4A9A
:207CE000934245D07B681B68594A934240D07B681B68584A93423BD07B681B68564A9342E9
:207D000036D07B681B68554A934231D07B681B68534A93422CD07B681B68524A934227D0E0
:207D20007B681B68504A934222D07B681B684F4A93421DD07B681B684D4A934218D07B681E
:207D40001B684C4A934213D07B681B684A4A93420ED07B681B68494A934209D07B681B6898
:207D6000474A934204D07B681B68464A934201D1012300E00023002B00F086807B680422DB
:207D800083F835207B681B682F4A93424AD07B681B682E4A934245D07B681B682C4A9342CC
:207DA00040D07B681B682B4A93423BD07B681B68294A934236D07B681B68284A934231D096
:207DC0007B681B68264A93422CD07B681B68254A934227D07B681B68234A934222D07B68DE
:207DE0001B68224A93421DD07B681B68204A934218D07B681B681F4A934213D07B681B6858
:207E00001D4A93420ED07B681B681C4A934209D07B681B681A4A934204D07B681B68194A92
:207E2000934208D17B681B681A687B681B6822F001021A6078E17B681B681A687B681B6810
:207E400022F001021A606FE1100002402800024040000240580002407000024088000240EF
:207E6000A0000240B8000240100402402804024040040240580402407004024088040240BA
:207E8000A0040240B80402407B681B681A687B681B6822F00E021A607B681B686C4A934223
:207EA0004AD07B681B686B4A934245D07B681B68694A934240D07B681B68684A93423BD0AD
:207EC0007B681B68664A934236D07B681B68654A934231D07B681B68634A93422CD07B68FF
:207EE0001B68624A934227D07B681B68604A934222D07B681B685F4A93421DD07B681B6879
:207F00005D4A934218D07B681B685C4A934213D07B681B685A4A93420ED07B681B68594A73
:207F2000934209D07B681B68574A934204D07B681B68564A934208D17B681B681A687B6864
:207F40001B6822F001021A6007E07B681B681A687B681B6822F001021A607B681B683C4A5F
:207F6000934272D07B681B683A4A93426DD07B681B68394A934268D07B681B68374A93423C
:207F800063D07B681B68364A93425ED07B681B68344A934259D07B681B68334A934254D007
:207FA0007B681B68314A93424FD07B681B68304A93424AD07B681B682E4A934245D07B6872
:207FC0001B682D4A934240D07B681B682B4A93423BD07B681B682A4A934236D07B681B68EC
:207FE000284A934231D07B681B68274A93422CD07B681B68254A934227D07B681B68244A1C
:20800000934222D07B681B68224A93421DD07B681B68214A934218D07B681B681F4A9342D3
:2080200013D07B681B681E4A93420ED07B681B681C4A934209D07B681B681B4A934204D0EE
:208040007B681B68194A934232D1012331E000BF10000240280002404000024058000240B3
:208060007000024088000240A0000240B800024010040240280402404004024058040240C0
:208080007004024088040240A0040240B8040240085402581C540258305402584454025828
:2080A000585402586C54025880540258945402580023002B28D07B681B6E1A687B681B6E90
:2080C00022F480721A607B689B6DFB607B68DB6D03F01F0301229A40FB685A607B685B6ED2
:2080E0007A68926E5A607B68DB6E002B0CD07B68DB6E1A687B68DB6E22F480721A607B6872
:208100001B6F7A68526F5A607B68012283F835207B68002283F834207B681B6D002B03D065
:208120007B681B6D78689847002318461037BD4680BD00BF80B58AB000AF78600023FB60DA
:20814000674B1B68674AA2FB03239B0A7B627B689B6D3B627B689B6DFB613B6A1B68BB61E1
:20816000FB691B687B617B681B685F4A93424AD07B681B685D4A934245D07B681B685C4A3B
:20818000934240D07B681B685A4A93423BD07B681B68594A934236D07B681B68574A934250
:2081A00031D07B681B68564A93422CD07B681B68544A934227D07B681B68534A934222D04D
:2081C0007B681B68514A93421DD07B681B68504A934218D07B681B684E4A934213D07B6886
:2081E0001B684D4A93420ED07B681B684B4A934209D07B681B684A4A934204D07B681B6800
:20820000484A934201D1012300E00023002B00F02B847B68DB6D03F01F0308229A40BB69CC
:208220001340002B00F0A2807B681B682E4A93424AD07B681B682D4A934245D07B681B68B4
:208240002B4A934240D07B681B682A4A93423BD07B681B68284A934236D07B681B68274A80
:20826000934231D07B681B68254A93422CD07B681B68244A934227D07B681B68224A93423B
:2082800022D07B681B68214A93421DD07B681B681F4A934218D07B681B681E4A934213D047
:2082A0007B681B681C4A93420ED07B681B681B4A934209D07B681B68194A934204D07B6871
:2082C0001B68184A93422FD17B681B681B6803F00403002B14BF01230023DBB22EE000BF62
:2082E00000100024B5814E1B10000240280002404000024058000240700002408800024057
:20830000A0000240B800024010040240280402404004024058040240700402408804024015
:20832000A0040240B80402407B681B681B6803F00803002B14BF01230023DBB2002B15D090
:208340007B681B681A687B681B6822F004021A607B68DB6D03F01F0308229A403B6A9A605A
:208360007B685B6D43F001027B685A657B68DB6D03F01F03BA6922FA03F303F00103002BE3
:208380006ED07B681B68694A93424AD07B681B68674A934245D07B681B68664A934240D09B
:2083A0007B681B68644A93423BD07B681B68634A934236D07B681B68614A934231D07B6811
:2083C0001B68604A93422CD07B681B685E4A934227D07B681B685D4A934222D07B681B688B
:2083E0005B4A93421DD07B681B685A4A934218D07B681B68584A934213D07B681B68574A88
:2084000093420ED07B681B68554A934209D07B681B68544A934204D07B681B68524A934272
:208420000AD17B681B685B6903F08003002B14BF01230023DBB203E07B681B681B68002300
:20844000002B0DD07B68DB6D03F01F0301229A403B6A9A607B685B6D43F002027B685A65B4
:208460007B68DB6D03F01F0304229A40BB691340002B00F08F807B681B682C4A93424AD050
:208480007B681B682A4A934245D07B681B68294A934240D07B681B68274A93423BD07B68C0
:2084A0001B68264A934236D07B681B68244A934231D07B681B68234A93422CD07B681B683A
:2084C000214A934227D07B681B68204A934222D07B681B681E4A93421DD07B681B681D4A71
:2084E000934218D07B681B681B4A934213D07B681B681A4A93420ED07B681B68184A934222
:2085000009D07B681B68174A934204D07B681B68154A93422AD17B681B681B6803F002039C
:20852000002B14BF01230023DBB223E01000024028000240400002405800024070000240DC
:2085400088000240A0000240B80002401004024028040240400402405804024070040240D7
:2085600088040240A0040240B80402407B681B681B680023002B0DD07B68DB6D03F01F03F5
:2085800004229A403B6A9A607B685B6D43F004027B685A657B68DB6D03F01F0310229A406A
:2085A000BB691340002B00F0A6807B681B68854A93424AD07B681B68834A934245D07B68DF
:2085C0001B68824A934240D07B681B68804A93423BD07B681B687F4A934236D07B681B68E7
:2085E0007D4A934231D07B681B687C4A93422CD07B681B687A4A934227D07B681B68794AC2
:20860000934222D07B681B68774A93421DD07B681B68764A934218D07B681B68744A9342CE
:2086200013D07B681B68734A93420ED07B681B68714A934209D07B681B68704A934204D0E9
:208640007B681B686E4A93420AD17B681B681B6803F00803002B14BF01230023DBB209E0AA
:208660007B681B681B6803F00403002B14BF01230023DBB2002B3ED07B68DB6D03F01F03CC
:2086800010229A403B6A9A607B681B681B6803F48023002B18D07B681B681B6803F4002396
:2086A000002B08D17B681B6C002B24D07B681B6C786898471FE07B689B6C002B1BD07B6822
:2086C0009B6C7868984716E07B681B681B6803F48073002B07D17B681B681A687B681B68BA
:2086E00022F008021A607B681B6C002B03D07B681B6C786898477B68DB6D03F01F032022D1
:208700009A40BB691340002B00F010817B681B682C4A93424AD07B681B682B4A934245D0CC
:208720007B681B68294A934240D07B681B68284A93423BD07B681B68264A934236D07B682F
:208740001B68254A934231D07B681B68234A93422CD07B681B68224A934227D07B681B68A9
:20876000204A934222D07B681B681F4A93421DD07B681B681D4A934218D07B681B681C4AE1
:20878000934213D07B681B681A4A93420ED07B681B68194A934209D07B681B68174A934291
:2087A00004D07B681B68164A93422BD17B681B681B6803F01003002B14BF01230023DBB28D
:2087C0002AE000BF100002402800024040000240580002407000024088000240A00002409A
:2087E000B8000240100402402804024040040240580402407004024088040240A00402402D
:20880000B80402407B681B681B6803F00203002B14BF01230023DBB2002B00F087807B68A2
:20882000DB6D03F01F0320229A403B6A9A607B6893F83530DBB2042B39D17B681B681A689F
:208840007B681B6822F016021A607B681B685A697B681B6822F080025A617B681B6C002B9B
:2088600003D17B689B6C002B07D07B681B681A687B681B6822F008021A607B68DB6D03F036
:208880001F033F229A403B6A9A607B68012283F835207B68002283F834207B681B6D002B9C
:2088A00000F04A837B681B6D7868984744E37B681B681B6803F48023002B18D07B681B68AE
:2088C0001B6803F40023002B08D17B685B6C002B2CD07B685B6C7868984727E07B68DB6B8D
:2088E000002B23D07B68DB6B786898471EE07B681B681B6803F48073002B0FD17B681B6830
:208900001A687B681B6822F010021A607B68012283F835207B68002283F834207B68DB6BFE
:20892000002B03D07B68DB6B786898477B685B6D002B00F006837B685B6D03F00103002B35
:2089400000F088807B68042283F835207B681B687A4A93424AD07B681B68794A934245D01A
:208960007B681B68774A934240D07B681B68764A93423BD07B681B68744A934236D07B6803
:208980001B68734A934231D07B681B68714A93422CD07B681B68704A934227D07B681B687D
:2089A0006E4A934222D07B681B686D4A93421DD07B681B686B4A934218D07B681B686A4A67
:2089C000934213D07B681B68684A93420ED07B681B68674A934209D07B681B68654A934265
:2089E00004D07B681B68644A934208D17B681B681A687B681B6822F001021A6007E07B683A
:208A00001B681A687B681B6822F001021A60FB680133FB607A6A9A4207D37B681B681B68E7
:208A200003F00103002BF2D100E000BF7B681B681B6803F00103002B04D07B68032283F850
:208A4000352003E07B68012283F835207B68002283F834207B68DB6C002B00F072827B6818
:208A6000DB6C786898476CE27B681B68434A934222D07B681B68424A93421DD07B681B68CE
:208A8000404A934218D07B681B683F4A934213D07B681B683D4A93420ED07B681B683C4A5C
:208AA000934209D07B681B683A4A934204D07B681B68394A934201D1012300E00023002B93
:208AC00000F03F827B681B681B683B617B68DB6D03F01F0304229A407B691340002B00F0CE
:208AE000CD803B6903F00403002B00F0C7807B68DB6D03F01F0304229A40FB695A603B6927
:208B000003F40043002B49D03B6903F48033002B09D17B689B6C002B00F010827B689B6C03
:208B2000786898470AE27B681B6C002B00F006827B681B6C7868984700E200BF1000024061
:208B40002800024040000240580002407000024088000240A0000240B800024010040240E1
:208B60002804024040040240580402407004024088040240A0040240B80402400854025845
:208B80001C5402583054025844540258585402586C54025880540258945402583B6903F014
:208BA0002003002B60D17B681B687F4A93424AD07B681B687D4A934245D07B681B687C4AD5
:208BC000934240D07B681B687A4A93423BD07B681B68794A934236D07B681B68774A9342A6
:208BE00031D07B681B68764A93422CD07B681B68744A934227D07B681B68734A934222D0A3
:208C00007B681B68714A93421DD07B681B68704A934218D07B681B686E4A934213D07B68DB
:208C20001B686D4A93420ED07B681B686B4A934209D07B681B686A4A934204D07B681B6855
:208C4000684A934208D17B681B681A687B681B6822F008021A6007E07B681B681A687B681E
:208C60001B6822F004021A607B681B6C002B00F065817B681B6C786898475FE17B68DB6DE0
:208C800003F01F0302229A407B691340002B00F0C5803B6903F00203002B00F0BF807B6851
:208CA000DB6D03F01F0302229A40FB695A603B6903F40043002B18D03B6903F48033002BD1
:208CC00009D17B685B6C002B00F03A817B685B6C7868984734E17B68DB6B002B00F03081C7
:208CE0007B68DB6B786898472AE13B6903F02003002B40F089807B681B682B4A93424AD099
:208D00007B681B68294A934245D07B681B68284A934240D07B681B68264A93423BD07B683A
:208D20001B68254A934236D07B681B68234A934231D07B681B68224A93422CD07B681B68B4
:208D4000204A934227D07B681B681F4A934222D07B681B681D4A93421DD07B681B681C4AEC
:208D6000934218D07B681B681A4A934213D07B681B68194A93420ED07B681B68174A93429C
:208D800009D07B681B68164A934204D07B681B68144A934228D17B681B681A687B681B68AB
:208DA00022F014021A6027E0100002402800024040000240580002407000024088000240B6
:208DC000A0000240B80002401004024028040240400402405804024070040240880402404B
:208DE000A0040240B80402407B681B681A687B681B6822F00A021A607B68012283F83520D3
:208E00007B68002283F834207B68DB6B002B00F097807B68DB6B7868984791E07B68DB6D9F
:208E200003F01F0308229A407B691340002B00F088803B6903F00803002B00F082807B681D
:208E40001B68414A93424AD07B681B683F4A934245D07B681B683E4A934240D07B681B6803
:208E60003C4A93423BD07B681B683B4A934236D07B681B68394A934231D07B681B68384A1F
:208E800093422CD07B681B68364A934227D07B681B68354A934222D07B681B68334A9342EB
:208EA0001DD07B681B68324A934218D07B681B68304A934213D07B681B682F4A93420ED0FC
:208EC0007B681B682D4A934209D07B681B682C4A934204D07B681B682A4A934208D17B6817
:208EE0001B681A687B681B6822F01C021A6007E07B681B681A687B681B6822F00E021A608C
:208F00007B68DB6D03F01F0301229A40FB695A607B6801225A657B68012283F835207B6878
:208F2000002283F834207B68DB6C002B09D07B68DB6C7868984704E000BF02E000BF00E005
:208F400000BF2837BD4680BD1000024028000240400002405800024070000240880002405F
:208F6000A0000240B8000240100402402804024040040240580402407004024088040240A9
:208F8000A0040240B804024080B483B000AF78607B685B6D18460C37BD465DF8047B704725
:208FA00080B487B000AFF860B9607A603B60FB689B6D7B61FB689B6D3B61FB681B687F4AB4
:208FC000934272D0FB681B687D4A93426DD0FB681B687C4A934268D0FB681B687A4A934283
:208FE00063D0FB681B68794A93425ED0FB681B68774A934259D0FB681B68764A934254D04E
:20900000FB681B68744A93424FD0FB681B68734A93424AD0FB681B68714A934245D0FB6838
:209020001B68704A934240D0FB681B686E4A93423BD0FB681B686D4A934236D0FB681B6832
:209040006B4A934231D0FB681B686A4A93422CD0FB681B68684A934227D0FB681B68674A1F
:20906000934222D0FB681B68654A93421DD0FB681B68644A934218D0FB681B68624A93421A
:2090800013D0FB681B68614A93420ED0FB681B685F4A934209D0FB681B685E4A934204D035
:2090A000FB681B685C4A934201D1012300E00023002B0DD0FB685B6EFA68926E5A60FB68A3
:2090C000DB6E002B04D0FB681B6FFA68526F5A60FB681B68394A93424AD0FB681B68384ABE
:2090E000934245D0FB681B68364A934240D0FB681B68354A93423BD0FB681B68334A9342BE
:2091000036D0FB681B68324A934231D0FB681B68304A93422CD0FB681B682F4A934227D0B5
:20912000FB681B682D4A934222D0FB681B682C4A93421DD0FB681B682A4A934218D0FB6873
:209140001B68294A934213D0FB681B68274A93420ED0FB681B68264A934209D0FB681B686D
:20916000244A934204D0FB681B68234A934201D1012300E00023002B59D0FB68DB6D03F0C5
:209180001F033F229A407B699A60FB681B681A68FB681B6822F480221A60FB681B683A688C
:2091A0005A60FB689B68402B38D1FB681B687A689A60FB681B68BA68DA6086E0100002405F
:2091C0002800024040000240580002407000024088000240A0000240B8000240100402405B
:2091E0002804024040040240580402407004024088040240A0040240B804024008540258BF
:209200001C5402583054025844540258585402586C5402588054025894540258FB681B683E
:20922000BA689A60FB681B687A68DA604DE0FB681B68294A934222D0FB681B68274A934297
:209240001DD0FB681B68264A934218D0FB681B68244A934213D0FB681B68234A93420ED0FC
:20926000FB681B68214A934209D0FB681B68204A934204D0FB681B681E4A934201D10123DD
:2092800000E00023002B20D0FB68DB6D03F01F0301229A403B695A60FB681B683A685A6053
:2092A000FB689B68402B08D1FB681B687A689A60FB681B68BA68DA6007E0FB681B68BA6811
:2092C0009A60FB681B687A68DA6000BF1C37BD465DF8047B704700BF085402581C540258B3
:2092E0003054025844540258585402586C540258805402589454025880B485B000AF78601E
:209300007B681B68424A93424AD07B681B68414A934245D07B681B683F4A934240D07B68DA
:209320001B683E4A93423BD07B681B683C4A934236D07B681B683B4A934231D07B681B6854
:20934000394A93422CD07B681B68384A934227D07B681B68364A934222D07B681B68354A73
:2093600093421DD07B681B68334A934218D07B681B68324A934213D07B681B68304A93423C
:209380000ED07B681B682F4A934209D07B681B682D4A934204D07B681B682C4A934201D159
:2093A000012300E00023002B24D07B681B68DBB2103B274AA2FB03231B09FB60FB6803F020
:2093C0000703244AD35C1A467B68DA65FB68032B08D97B681B681A461F4B13401A1D7B6855
:2093E0009A650DE07B681B681A461B4B13407A68936505E07B681B6823F0FF027B689A65E7
:209400007B689B6D18461437BD465DF8047B70471000024028000240400002405800024052
:209420007000024088000240A0000240B800024010040240280402404004024058040240EC
:209440007004024088040240A0040240B8040240ABAAAAAA84FD000800FCFFFF80B485B00F
:2094600000AF78600023FB737B689B69002B20D17B689B6A032B58D801A252F823F000BFCC
:2094800091940008A3940008919400082B9500087B68DB6A03F08073002B48D00123FB7388
:2094A00045E07B68DB6AB3F1C07F42D10123FB733FE07B689B69B3F5005F23D17B689B6AEE
:2094C000032B38D801A252F823F000BFDD940008E3940008DD940008F59400080123FB73FB
:2094E00030E07B68DB6A03F08073002B25D00123FB7322E07B68DB6AB3F1C07F1FD101237B
:20950000FB731CE07B689B6A022B02D9032B03D018E00123FB7315E07B68DB6A03F0807363
:20952000002B0ED00123FB730BE000BF0AE000BF08E000BF06E000BF04E000BF02E000BFAD
:2095400000E000BFFB7B18461437BD465DF8047B704700BF80B485B000AF78607B681B68AA
:20956000BB607B681B68384A934222D07B681B68364A93421DD07B681B68354A934218D0D7
:209580007B681B68334A934213D07B681B68324A93420ED07B681B68304A934209D07B682A
:2095A0001B682F4A934204D07B681B682D4A934201D1012300E00023002B1AD07B681B68E0
:2095C000DBB2083B284AA2FB03231B09FB60FA68264B13449B001A467B681A667B68244A2E
:2095E0005A66FB6803F01F0301229A407B689A6624E07B681B68DBB2103B1E4AA2FB0323E6
:209600001B09FB60BB681C4A934206D8BB681B4A934202D9FB680833FB60FA68184B134442
:209620009B001A467B681A667B68164A5A66FB6803F01F0301229A407B689A6600BF143767
:20964000BD465DF8047B7047085402581C5402583054025844540258585402586C5402580C
:209660008054025894540258CDCCCCCC0096001680580258ABAAAAAAB80402400F0402406F
:20968000008200108008024080B485B000AF78607B685B68DBB2FB60FB68002B4AD0FB68E5
:2096A000082B47D87B681B68254A934222D07B681B68244A93421DD07B681B68224A93427F
:2096C00018D07B681B68214A934213D07B681B681F4A93420ED07B681B681E4A934209D01B
:2096E0007B681B681C4A934204D07B681B681B4A934201D1012300E00023002B0AD0FA68F5
:20970000174B13449B001A467B68DA667B68154A1A6709E0FA68144B13449B001A467B68D0
:20972000DA667B68114A1A67FB68013B01229A407B685A6700BF1437BD465DF8047B704752
:20974000085402581C5402583054025844540258585402586C540258805402589454025829
:209760003F960016405902583F8200104009024080B489B000AF786039600023FB61894BCF
:209780007B6194E13B681A680121FB6901FA03F313403B613B69002B00F086813B685B68C1
:2097A00003F00303012B05D03B685B6803F00303022B30D17B689B68BB61FB695B0003223C
:2097C00002FA03F3DB43BA691340BB613B68DA68FB695B0002FA03F3BA691343BB617B68D9
:2097E000BA699A607B685B68BB610122FB6902FA03F3DB43BA691340BB613B685B681B09D7
:2098000003F00102FB6902FA03F3BA691343BB617B68BA695A603B685B6803F00303032B1A
:2098200017D07B68DB68BB61FB695B00032202FA03F3DB43BA691340BB613B689A68FB6970
:209840005B0002FA03F3BA691343BB617B68BA69DA603B685B6803F00303022B23D1FB6902
:20986000DA087B68083253F82230BB61FB6903F007039B000F2202FA03F3DB43BA6913407D
:20988000BB613B681A69FB6903F007039B0002FA03F3BA691343BB61FB69DA087B680832A0
:2098A000B96943F822107B681B68BB61FB695B00032202FA03F3DB43BA691340BB613B686E
:2098C0005B6803F00302FB695B0002FA03F3BA691343BB617B68BA691A603B685B6803F4AA
:2098E0004033002B00F0E0802F4BD3F8F4302E4A43F00203C2F8F4302B4BD3F8F43003F02B
:209900000203FB60FB68294AFB699B08023352F82330BB61FB6903F003039B000F2202FAF7
:2099200003F3DB43BA691340BB617B68204A934252D07B681F4A934231D07B681E4A9342FB
:209940002BD07B681D4A934225D07B681C4A93421FD07B681B4A934219D07B681A4A9342C9
:2099600013D07B68194A93420DD07B68184A934207D07B68174A934201D109232DE00A23CA
:209980002BE0082329E0072327E0062325E0052323E0042321E003231FE002231DE001236B
:2099A0001BE000BF800000580044025800040058000002580004025800080258000C02589B
:2099C000001002580014025800180258001C025800200258002402580023FA6902F0030252
:2099E00092009340BA691343BB613849FB699B080233BA6941F823204FF0B0431B68BB6140
:209A00003B69DB43BA691340BB613B685B6803F48013002B03D0BA693B691343BB614FF08C
:209A2000B042BB6913604FF0B0435B68BB613B69DB43BA691340BB613B685B6803F40013C8
:209A4000002B03D0BA693B691343BB614FF0B042BB6953607B695B68BB613B69DB43BA691F
:209A60001340BB613B685B6803F40033002B03D0BA693B691343BB617B69BA695A607B690B
:209A80001B68BB613B69DB43BA691340BB613B685B6803F48033002B03D0BA693B691343A8
:209AA000BB617B69BA691A60FB690133FB613B681A68FB6922FA03F3002B7FF463AE00BF0C
:209AC00000BF2437BD465DF8047B70470004005880B483B000AF7860084A7B68203352F8C2
:209AE0002330074A934201D1002300E0012318460C37BD465DF8047B704700BF0064025848
:209B00000003008080B483B000AF7860396006493B6843F440727B6841F8232000BF0C37FF
:209B2000BD465DF8047B70470064025880B584B000AF7860294BDB6803F00703062B0AD02A
:209B4000264BDB6803F03F037A689A4201D0012340E000233EE0214BDB6823F03F021F499D
:209B60007B681343CB60FCF7F7FDF86009E0FCF7F3FD0246FB68D31AB3F57A7F01D901233F
:209B800028E0164B5B6803F40053B3F5005FEED17B681E2B08D07B682E2B05D07B681D2B49
:209BA00002D07B682D2B14D1FCF7D6FDF86009E0FCF7D2FD0246FB68D31AB3F57A7F01D9D7
:209BC000012307E0054BDB6803F48033B3F5803FEED1002318461037BD4680BD004802586D
:209BE00080B58CB000AF78607B68002B02D1012300F048BC7B681B6803F00103002B00F0FC
:209C00008880994B1B6903F03803FB62964B9B6ABB62FB6A102B07D0FB6A182B11D1BB6A20
:209C200003F00303022B0CD18F4B1B6803F40033002B6DD07B685B68002B69D1012300F013
:209C400021BC7B685B68B3F5803F06D1864B1B68854A43F4803313602EE07B685B68002BE4
:209C60000CD1814B1B68804A23F4803313607E4B1B687D4A23F4802313601DE07B685B68CE
:209C8000B3F5A02F0CD1784B1B68774A43F480231360754B1B68744A43F4803313600BE0D3
:209CA000714B1B68704A23F4803313606E4B1B686D4A23F4802313607B685B68002B13D09A
:209CC000FCF74AFD786208E0FCF746FD02467B6AD31A642B01D90323D4E3634B1B6803F4CA
:209CE0000033002BF0D014E0FCF736FD786208E0FCF732FD02467B6AD31A642B01D903239F
:209D0000C0E3594B1B6803F40033002BF0D100E000BF7B681B6803F00203002B00F0CA8001
:209D2000514B1B6903F038033B624F4B9B6AFB613B6A002B07D03B6A182B56D1FB6903F030
:209D40000303002B51D1484B1B6803F00403002B05D07B68DB68002B01D1012392E3424B57
:209D60001B6823F019027B68DB683F4913430B60FCF7F2FC786208E0FCF7EEFC02467B6A16
:209D8000D31A022B01D903237CE3374B1B6803F00403002BF0D0FCF70FFD034641F20302E0
:209DA000934217D87B681B69402B08D12E4B5B6823F47C332C4A43F4003353607AE02A4BD0
:209DC0005B6823F47C327B681B691B03264913434B606FE0244B5B6823F0FE427B681B69CB
:209DE0001B06214913434B6064E07B68DB68002B47D01D4B1B6823F019027B68DB681A4989
:209E000013430B60FCF7A8FC786208E0FCF7A4FC02467B6AD31A022B01D9032332E3124BDC
:209E20001B6803F00403002BF0D0FCF7C5FC034641F20302934219D87B681B69402B08D114
:209E4000094B5B6823F47C33074A43F40033536030E0054B5B6823F47C327B681B691B034A
:209E6000014913434B6025E0004402589A4B5B6823F0FE427B681B691B06974913434B6090
:209E800018E0954B1B68944A23F001031360FCF763FC786208E0FCF75FFC02467B6AD31A83
:209EA000022B01D90323EDE28B4B1B6803F00403002BF0D17B681B6803F01003002B00F0E0
:209EC000A980854B1B6903F03803BB61824B9B6A7B61BB69082B07D0BB69182B3AD17B6989
:209EE00003F00303012B35D17B4B1B6803F48073002B05D07B68DB69802B01D00123C1E29A
:209F0000FCF75AFC034641F20302934217D87B681B6A202B08D1704B5B6823F0F8436E4AA3
:209F200043F08043536075E06B4B5B6823F0F8427B681B6A9B06684913434B606AE0664BA7
:209F4000DB6823F07C527B681B6A1B0662491343CB605FE07B68DB69002B42D05E4B1B6859
:209F60005D4A43F080031360FCF7F6FB786208E0FCF7F2FB02467B6AD31A022B01D9032344
:209F800080E2554B1B6803F48073002BF0D0FCF713FC034641F20302934217D87B681B6AB8
:209FA000202B08D14C4B5B6823F0F8434A4A43F0804353602EE0484B5B6823F0F8427B6804
:209FC0001B6A9B06444913434B6023E0424BDB6823F07C527B681B6A1B063F491343CB6087
:209FE00018E03D4B1B683C4A23F080031360FCF7B3FB786208E0FCF7AFFB02467B6AD31AB5
:20A00000022B01D903233DE2334B1B6803F48073002BF0D17B681B6803F00803002B36D088
:20A020007B685B69002B19D02B4B5B6F2A4A43F001035367FCF790FB786208E0FCF78CFB06
:20A0400002467B6AD31A022B01D903231AE2224B5B6F03F00203002BF0D018E01E4B5B6F78
:20A060001D4A23F001035367FCF776FB786208E0FCF772FB02467B6AD31A022B01D90323DB
:20A0800000E2154B5B6F03F00203002BF0D17B681B6803F02003002B39D07B689B69002B0E
:20A0A0001CD00D4B1B680C4A43F480531360FCF753FB786208E0FCF74FFB02467B6AD31AAC
:20A0C000022B01D90323DDE1034B1B6803F40053002BF0D01BE000BF004402589B4B1B68CE
:20A0E0009A4A23F480531360FCF736FB786208E0FCF732FB02467B6AD31A022B01D90323D2
:20A10000C0E1924B1B6803F40053002BF0D17B681B6803F00403002B00F081808C4B1B6832
:20A120008B4A43F480731360FCF716FB786208E0FCF712FB02467B6AD31A642B01D903233E
:20A14000A0E1834B1B6803F48073002BF0D07B689B68012B06D17D4B1B6F7C4A43F0010320
:20A1600013672DE07B689B68002B0CD1774B1B6F764A23F001031367744B1B6F734A23F0B4
:20A18000040313671CE07B689B68052B0CD16F4B1B6F6E4A43F0040313676C4B1B6F6B4AA9
:20A1A00043F0010313670BE0684B1B6F674A23F001031367654B1B6F644A23F00403136708
:20A1C0007B689B68002B15D0FCF7C6FA78620AE0FCF7C2FA02467B6AD31A41F28832934287
:20A1E00001D903234EE1594B1B6F03F00203002BEED014E0FCF7B0FA78620AE0FCF7ACFA33
:20A2000002467B6AD31A41F28832934201D9032338E14E4B1B6F03F00203002BEED17B6861
:20A220005B6A002B00F02D81484B1B6903F03803182B00F0BD807B685B6A022B40F09E80B8
:20A24000424B1B68414A23F080731360FCF784FA786208E0FCF780FA02467B6AD31A022B03
:20A2600001D903230EE1394B1B6803F00073002BF0D1364B9A6A374B13407A68916A7A687D
:20A28000D26A12010A43314913438B627B681B6B013BC3F308027B685B6B013B5B029BB271
:20A2A0001A437B689B6B013B1B0403F4FE031A437B68DB6B013B1B0603F0FE43234913432C
:20A2C0000B63224BDB6A214A23F00103D3621F4B5A6B214B13407A68926CD2001B4913434D
:20A2E0004B631A4BDB6A23F00C027B681B6C17491343CB62154BDB6A23F002027B685B6C32
:20A3000012491343CB62114BDB6A104A43F48033D3620E4BDB6A0D4A43F40033D3620B4B5B
:20A32000DB6A0A4A43F48023D362084BDB6A074A43F00103D362054B1B68044A43F08073D9
:20A340001360FCF709FA786211E000BF00440258004802580CFCFFFF0700FFFFFCF7FCF9D7
:20A3600002467B6AD31A022B01D903238AE0474B1B6803F00073002BF0D082E0434B1B6853
:20A38000424A23F080731360FCF7E6F9786208E0FCF7E2F902467B6AD31A022B01D903230F
:20A3A00070E03A4B1B6803F00073002BF0D168E0364B9B6A3B61354B1B6BFB607B685B6A80
:20A3C000012B31D03B6903F003027B689B6A9A422AD13B691B0903F03F027B68DB6A9A42F5
:20A3E00022D1FB68C3F308027B681B6B013B9A421AD1FB685B0A03F07F027B685B6B013BBA
:20A400009A4211D1FB681B0C03F07F027B689B6B013B9A4208D1FB681B0E03F07F027B68C3
:20A42000DB6B013B9A4201D001232BE0174B5B6BDB08C3F30C033B617B689B6C3A699A42E9
:20A440001FD0124BDB6A114A23F00103D362FCF783F9786200BFFCF77FF902467B6A93424F
:20A46000F9D00A4B5A6B0A4B13407A68926CD200064913434B63054BDB6A044A43F0010332
:20A48000D362002318463037BD4680BD004402580700FFFF80B586B000AF786039607B684E
:20A4A000002B01D101239CE18A4B1B6803F00F033A689A4210D9874B1B6823F00F028549F3
:20A4C0003B6813430B60834B1B6803F00F033A689A4201D0012384E17B681B6803F004038A
:20A4E000002B10D07B681A697B4B9B6903F070039A4208D9784B9B6923F070027B681B694B
:20A50000754913438B617B681B6803F00803002B10D07B685A69704BDB6903F070039A42E5
:20A5200008D96D4BDB6923F070027B685B696A491343CB617B681B6803F01003002B10D066
:20A540007B689A69644BDB6903F4E0639A4208D9614BDB6923F4E0627B689B695E491343FE
:20A56000CB617B681B6803F02003002B10D07B68DA69594B1B6A03F070039A4208D9564B15
:20A580001B6A23F070027B68DB69534913430B627B681B6803F00203002B10D07B68DA689D
:20A5A0004D4B9B6903F00F039A4208D94A4B9B6923F00F027B68DB68474913438B617B68A5
:20A5C0001B6803F00103002B55D0434B9B6923F470627B689B68404913438B617B685B68DF
:20A5E000022B07D13C4B1B6803F40033002B21D10123F6E07B685B68032B07D1364B1B685B
:20A6000003F00073002B15D10123EAE07B685B68012B07D1304B1B6803F48073002B09D13E
:20A620000123DEE02C4B1B6803F00403002B01D10123D6E0284B1B6923F007027B685B68B4
:20A64000254913430B61FCF787F878610AE0FCF783F802467B69D31A41F28832934201D972
:20A660000323BEE01C4B1B6903F038027B685B68DB009A42EBD17B681B6803F00203002B5C
:20A6800010D07B68DA68144B9B6903F00F039A4208D2114B9B6923F00F027B68DB680E4996
:20A6A00013438B610B4B1B6803F00F033A689A4214D2084B1B6823F00F0206493B681343D4
:20A6C0000B60044B1B6803F00F033A689A4205D0012386E000200052004402587B681B68E5
:20A6E00003F00403002B10D07B681A693F4B9B6903F070039A4208D23C4B9B6923F0700235
:20A700007B681B69394913438B617B681B6803F00803002B10D07B685A69344BDB6903F043
:20A7200070039A4208D2314BDB6923F070027B685B692E491343CB617B681B6803F010039F
:20A74000002B10D07B689A69284BDB6903F4E0639A4208D2254BDB6923F4E0627B689B696D
:20A7600022491343CB617B681B6803F02003002B10D07B68DA691D4B1B6A03F070039A4210
:20A7800008D21A4B1B6A23F070027B68DB69174913430B6200F034F80246144B9B691B0A3A
:20A7A00003F00F031249CB5C03F01F0322FA03F33B610E4B9B6903F00F030D4AD35C03F074
:20A7C0001F033A6922FA03F30A4A13600A4A3B6913600A4B1B681846FBF774FF0346FB731E
:20A7E000FB7B18461837BD4680BD00BF0044025874FD000804100024001000243C11002443
:20A8000080B489B000AFB34B1B6903F03803182B00F2558101A252F823F000BF81A8000871
:20A82000BFAA0008BFAA0008BFAA0008BFAA0008BFAA0008BFAA0008BFAA0008A7A80008AA
:20A84000BFAA0008BFAA0008BFAA0008BFAA0008BFAA0008BFAA0008BFAA0008ADA8000884
:20A86000BFAA0008BFAA0008BFAA0008BFAA0008BFAA0008BFAA0008BFAA0008B3A800085E
:20A88000944B1B6803F02003002B09D0914B1B68DB0803F00303904A22FA03F3BB6111E107
:20A8A0008D4BBB610EE18D4BBB610BE18C4BBB6108E1884B9B6A03F003037B61854B9B6A77
:20A8C0001B0903F03F033B61824BDB6A03F00103FB60804B5B6BDB08C3F30C03FA6802FB87
:20A8E00003F307EE903AF8EE677AC7ED027A3B69002B00F0E1807B69022B00F083807B69A4
:20A90000022B00F2A1807B69002B03D07B69012B56D099E06F4B1B6803F02003002B2DD0EB
:20A920006C4B1B68DB0803F003036B4A22FA03F37B607B6807EE903AF8EE676A3B6907EE6D
:20A94000903AF8EE677A86EEA77A624B1B6BC3F3080307EE903AF8EE676A97ED026ADFEDAB
:20A96000615AC6EE257A76EEA77AF7EE006A77EEA67A67EE277AC7ED077A87E03B6907EE45
:20A98000903AF8EE677ADFED586A86EEA77A514B1B6BC3F3080307EE903AF8EE676A97ED26
:20A9A000026ADFED505AC6EE257A76EEA77AF7EE006A77EEA67A67EE277AC7ED077A65E099
:20A9C0003B6907EE903AF8EE677ADFED486A86EEA77A404B1B6BC3F3080307EE903AF8EEC3
:20A9E000676A97ED026ADFED3F5AC6EE257A76EEA77AF7EE006A77EEA67A67EE277AC7EDDB
:20AA0000077A43E03B6907EE903AF8EE677ADFED386A86EEA77A2F4B1B6BC3F3080307EEAF
:20AA2000903AF8EE676A97ED026ADFED2E5AC6EE257A76EEA77AF7EE006A77EEA67A67EE50
:20AA4000277AC7ED077A21E03B6907EE903AF8EE677ADFED266A86EEA77A1E4B1B6BC3F35F
:20AA6000080307EE903AF8EE676A97ED026ADFED1D5AC6EE257A76EEA77AF7EE006A77EE96
:20AA8000A67A67EE277AC7ED077A00BF114B1B6B5B0A03F07F0301333B603B6807EE903ABF
:20AAA000B8EE677AD7ED076AC6EE877AFCEEE77A17EE903ABB6105E00023BB6102E0074B97
:20AAC000BB6100BFBB6918462437BD465DF8047B704700BF004402580090D00300093D002A
:20AAE00040787D01000000460024744C0024744A20BCBE4B80B582B000AFFFF781FE02465C
:20AB0000104B9B691B0A03F00F030F49CB5C03F01F0322FA03F37B600A4B9B6903F00F03CD
:20AB2000094AD35C03F01F037A6822FA03F3074A1360074A7B681360044B1B6818460837B0
:20AB4000BD4680BD0044025874FD0008041000240010002480B500AFFFF7CCFF0246064BF4
:20AB6000DB691B0903F007030449CB5C03F01F0322FA03F3184680BD0044025874FD000823
:20AB80002DE9B04FCCB000AFC7F81C01002387F82F31002387F82E31D7F81C31D3E900239B
:20ABA00002F00064002554EA050349D0D7F81C31DB6EB3F5401F2FD0B3F5401F28D8B3F5A1
:20ABC000001F1AD0B3F5001F22D8002B03D0B3F5801F07D01CE0B84BDB6AB74A43F40033E0
:20ABE000D3621AE0D7F81C3108330221184602F0A1FB034687F82F310FE0D7F81C31283332
:20AC00000221184602F048FC034687F82F3104E0012387F82F3100E000BF97F82F31002BB5
:20AC20000AD1A54B1B6D23F44011D7F81C31DB6EA14A0B43136503E097F82F3187F82E3193
:20AC4000D7F81C31D3E9002302F480784FF0000958EA090347D0D7F81C31DB6D042B2AD8C9
:20AC600001A252F823F000BF7DAC00088BAC0008A1AC0008BFAC0008BFAC00088E4BDB6A4C
:20AC80008D4A43F40033D3621AE0D7F81C3108330021184602F04EFB034687F82F310FE01C
:20ACA000D7F81C3128330021184602F0F5FB034687F82F3104E0012387F82F3100E000BF0E
:20ACC00097F82F31002B0AD17B4B1B6D23F00701D7F81C31DB6D784A0B43136503E097F8B8
:20ACE0002F3187F82E31D7F81C31D3E9002302F4007A4FF0000B5AEA0B034CD0D7F81C31D7
:20AD00001B6EB3F5807F30D0B3F5807F29D8C02B2DD0C02B25D8802B18D0802B21D8002B29
:20AD200002D0402B07D01CE0634BDB6A624A43F40033D3621CE0D7F81C31083300211846F3
:20AD400002F0F8FA034687F82F3111E0D7F81C3128330021184602F09FFB034687F82F314C
:20AD600006E0012387F82F3102E000BF00E000BF97F82F31002B0AD14F4B1B6D23F4E0712B
:20AD8000D7F81C311B6E4C4A0B43136503E097F82F3187F82E31D7F81C31D3E9002302F411
:20ADA0008063C7F810310023C7F81431D7E944120B46134353D0D7F81C31D3F8AC30B3F53E
:20ADC000000F35D0B3F5000F2ED8B3F5C00F31D0B3F5C00F28D8B3F5800F1AD0B3F5800F5B
:20ADE00022D8002B03D0B3F5001F07D01CE0324BDB6A314A43F40033D3621CE0D7F81C31CD
:20AE000008330021184602F095FA034687F82F3111E0D7F81C3128330021184602F03CFBBF
:20AE2000034687F82F3106E0012387F82F3102E000BF00E000BF97F82F31002B0BD11E4B62
:20AE40009B6D23F46001D7F81C31D3F8AC301A4A0B43936503E097F82F3187F82E31D7F886
:20AE60001C31D3E9002302F40063C7F808310023C7F80C31D7E942120B46134356D0D7F886
:20AE80001C31D3F8B030B3F1806F38D0B3F1806F31D8B3F1407F34D0B3F1407F2BD8B3F112
:20AEA000007F1DD0B3F1007F25D8002B06D0B3F1807F0AD01FE000BF00440258A24BDB6AFA
:20AEC000A14A43F40033D3621CE0D7F81C3108330021184602F02EFA034687F82F3111E0E3
:20AEE000D7F81C3128330021184602F0D5FA034687F82F3106E0012387F82F3102E000BFE9
:20AF000000E000BF97F82F31002B0BD18E4B9B6D23F0E061D7F81C31D3F8B0308A4A0B437E
:20AF2000936503E097F82F3187F82E31D7F81C31D3E9002302F00073C7F800310023C7F837
:20AF40000431D7E940120B4613433AD0D7F81C31DB6C302B1FD0302B19D8202B0CD0202B8E
:20AF600015D8002B19D0102B11D1774BDB6A764A43F40033D36211E0D7F81C3108330221E2
:20AF8000184602F0D7F9034687F82F3106E0012387F82F3102E000BF00E000BF97F82F3151
:20AFA000002B0AD1684BDB6C23F03001D7F81C31DB6C654A0B43D36403E097F82F3187F865
:20AFC0002E31D7F81C31D3E9002302F48053C7F8F8300023C7F8FC30D7E93E120B461343A2
:20AFE00051D0D7F81C315B6EB3F5804F35D0B3F5804F2ED8B3F5405F31D0B3F5405F28D8C3
:20B00000B3F5005F1AD0B3F5005F22D8002B03D0B3F5805F07D01CE04B4BDB6A4A4A43F440
:20B020000033D3621CE0D7F81C3108330021184602F080F9034687F82F3111E0D7F81C3136
:20B0400028330021184602F027FA034687F82F3106E0012387F82F3102E000BF00E000BFB2
:20B0600097F82F31002B0AD1374B1B6D23F4E041D7F81C315B6E344A0B43136503E097F8FE
:20B080002F3187F82E31D7F81C31D3E9002302F40053C7F8F0300023C7F8F430D7E93C123B
:20B0A0000B46134356D0D7F81C319B6EB3F5A02F33D0B3F5A02F2CD8B3F5802F2FD0B3F5AB
:20B0C000802F26D8B3F5403F2BD0B3F5403F20D8B3F5003F12D0B3F5003F1AD8002B22D0C3
:20B0E000B3F5803F15D1D7F81C3108330121184602F020F9034687F82F3115E0D7F81C31E8
:20B1000028330121184602F0C7F9034687F82F310AE0012387F82F3106E000BF04E000BF45
:20B1200002E000BF00E000BF97F82F31002B0DD1054B1B6D23F4E021D7F81C319B6E024A76
:20B140000B43136506E000BF0044025897F82F3187F82E31D7F81C31D3E9002302F4804365
:20B16000C7F8E8300023C7F8EC30D7E93A120B46134355D0D7F81C31D3F8B430B3F1A04FC4
:20B1800033D0B3F1A04F2CD8B3F1804F2FD0B3F1804F26D8B3F1405F2BD0B3F1405F20D8B9
:20B1A000B3F1005F12D0B3F1005F1AD8002B22D0B3F1805F15D1D7F81C3108330121184658
:20B1C00002F0B8F8034687F82F3115E0D7F81C3128330121184602F05FF9034687F82F3147
:20B1E0000AE0012387F82F3106E000BF04E000BF02E000BF00E000BF97F82F31002B0BD1E4
:20B20000B64B9B6D23F0E041D7F81C31D3F8B430B24A0B43936503E097F82F3187F82E3134
:20B22000D7F81C31D3E9002302F08063C7F8E0300023C7F8E430D7E938120B4613432AD0CE
:20B24000D7F81C311B6D002B11D0B3F5807F0AD1D7F81C3108330121184602F06BF8034647
:20B2600087F82F3104E0012387F82F3100E000BF97F82F31002B0AD1984BDB6C23F4807142
:20B28000D7F81C311B6D954A0B43D36403E097F82F3187F82E31D7F81C31D3E9002302F405
:20B2A0000043C7F8D8300023C7F8DC30D7E936120B46134337D0D7F81C315B6FB3F1005FF7
:20B2C0000ED0B3F1005F16D8002B18D0B3F1805F11D1824BDB6A814A43F40033D3620FE0BC
:20B2E000D7F81C3108330121184602F023F8034687F82F3104E0012387F82F3100E000BFBC
:20B3000097F82F31002B0AD1744B1B6D23F04051D7F81C315B6F714A0B43136503E097F874
:20B320002F3187F82E31D7F81C31D3E9002302F08073C7F8D0300023C7F8D430D7E9341244
:20B340000B4613433AD0D7F81C319B6C032B1DD801A252F823F000BF95B3000869B30008C3
:20B3600077B3000895B300085C4BDB6A5B4A43F40033D3620FE0D7F81C3108330221184654
:20B3800001F0D8FF034687F82F3104E0012387F82F3100E000BF97F82F31002B0AD14F4BA8
:20B3A000DB6C23F00301D7F81C319B6C4B4A0B43D36403E097F82F3187F82E31D7F81C3126
:20B3C000D3E9002302F48003C7F8C8300023C7F8CC30D7E932120B46134300F0A080404B3A
:20B3E0001B683F4A43F480731360FBF7B5F9C7F828010BE0FBF7B0F90246D7F82831D31A39
:20B40000642B03D9032387F82F3105E0344B1B6803F48073002BEDD097F82F31002B7AD19E
:20B420002E4B1A6FD7F81C31D3F8B830534003F44073002B15D0294B1B6F23F44073C7F867
:20B440002431264B1B6F254A43F480331367234B1B6F224A23F480331367204AD7F8243193
:20B460001367D7F81C31D3F8B830B3F5807F18D1FBF772F9C7F828010DE0FBF76DF9024621
:20B48000D7F82831D21A41F288339A4203D9032387F82F3105E0114B1B6F03F00203002BFF
:20B4A000EBD097F82F31002B30D1D7F81C31D3F8B83003F44073B3F5407F15D1074B1B691A
:20B4C00023F47C51D7F81C31D3F8B8301A09054B1340024A0B4313610CE000BF004402589C
:20B4E00000480258CFFFFF00D44B1B69D34A23F47C531361D14B196FD7F81C31D3F8B83050
:20B50000C3F30B03CD4A0B43136708E097F82F3187F82E3103E097F82F3187F82E31D7F854
:20B520001C31D3E9002302F00103C7F8C0300023C7F8C430D7E930120B46134300F08B80C0
:20B54000D7F81C31D3F88030282B6BD801A252F823F000BF2DB6000825B6000825B600084E
:20B5600025B6000825B6000825B6000825B6000825B60008F9B5000825B6000825B60008E0
:20B5800025B6000825B6000825B6000825B6000825B600080FB6000825B6000825B60008A9
:20B5A00025B6000825B6000825B6000825B6000825B600082DB6000825B6000825B600086B
:20B5C00025B6000825B6000825B6000825B6000825B600082DB6000825B6000825B600084B
:20B5E00025B6000825B6000825B6000825B6000825B600082DB60008D7F81C310833012178
:20B60000184601F097FE034687F82F310FE0D7F81C3128330121184601F03EFF034687F842
:20B620002F3104E0012387F82F3100E000BF97F82F31002B0BD1814B5B6D23F03801D7F87F
:20B640001C31D3F880307D4A0B43536503E097F82F3187F82E31D7F81C31D3E9002302F0B8
:20B660000203C7F8B8300023C7F8BC30D7E92E120B46134342D0D7F81C31DB6F052B25D804
:20B6800001A252F823F000BFD5B60008A1B60008B7B60008D5B60008D5B60008D5B60008CB
:20B6A000D7F81C3108330121184601F043FE034687F82F310FE0D7F81C3128330121184673
:20B6C00001F0EAFE034687F82F3104E0012387F82F3100E000BF97F82F31002B0AD1574B4C
:20B6E0005B6D23F00701D7F81C31DB6F534A0B43536503E097F82F3187F82E31D7F81C3192
:20B70000D3E9002302F00403C7F8B0300023C7F8B430D7E92C120B46134344D0D7F81C3117
:20B72000D3F89830052B25D801A252F823F000BF7DB7000849B700085FB700087DB70008EC
:20B740007DB700087DB70008D7F81C3108330121184601F0EFFD034687F82F310FE0D7F8D7
:20B760001C3128330121184601F096FE034687F82F3104E0012387F82F3100E000BF97F8DF
:20B780002F31002B0BD12D4B9B6D23F00701D7F81C31D3F89830294A0B43936503E097F8CD
:20B7A0002F3187F82E31D7F81C31D3E9002302F02003C7F8A8300023C7F8AC30D7E92A12EA
:20B7C0000B46134357D0D7F81C31D3F89430B3F1A04F35D0B3F1A04F2CD8B3F1804F31D04D
:20B7E000B3F1804F26D8B3F1405F2DD0B3F1405F20D8B3F1005F12D0B3F1005F1AD8002B58
:20B8000024D0B3F1805F15D1D7F81C3108330021184601F08FFD034687F82F3117E0D7F88A
:20B820001C3128330221184601F036FE034687F82F310CE0012387F82F3108E0004402581D
:20B8400000BF04E000BF02E000BF00E000BF97F82F31002B0BD1C24B5B6D23F0E041D7F878
:20B860001C31D3F89430BE4A0B43536503E097F82F3187F82E31D7F81C31D3E9002302F041
:20B880004003C7F8A0300023C7F8A430D7E928120B46134355D0D7F81C31D3F8A030B3F5FB
:20B8A000A05F33D0B3F5A05F2CD8B3F5805F2FD0B3F5805F26D8B3F5406F2BD0B3F5406F27
:20B8C00020D8B3F5006F12D0B3F5006F1AD8002B22D0B3F5806F15D1D7F81C31083300215C
:20B8E000184601F027FD034687F82F3115E0D7F81C3128330221184601F0CEFD034687F83C
:20B900002F310AE0012387F82F3106E000BF04E000BF02E000BF00E000BF97F82F31002B38
:20B920000BD18F4B9B6D23F4E051D7F81C31D3F8A0308B4A0B43936503E097F82F3187F8DE
:20B940002E31D7F81C31D3E9002302F08003C7F898300023C7F89C30D7E926120B46134344
:20B9600055D0D7F81C31D3F8A430B3F5204F33D0B3F5204F2CD8B3F5004F2FD0B3F5004FC5
:20B9800026D8B3F5C04F2BD0B3F5C04F20D8B3F5804F12D0B3F5804F1AD8002B22D0B3F5C1
:20B9A000005F15D1D7F81C3108330021184601F0C1FC034687F82F3115E0D7F81C3128332A
:20B9C0000221184601F068FD034687F82F310AE0012387F82F3106E000BF04E000BF02E051
:20B9E00000BF00E000BF97F82F31002B0BD15C4B9B6D23F46041D7F81C31D3F8A430584A2F
:20BA00000B43936503E097F82F3187F82E31D7F81C31D3E9002302F00803C7F89030002396
:20BA2000C7F89430D7E924120B4613431ED0D7F81C31D3F88830B3F5805F0CD1D7F81C31D9
:20BA400028330221184601F027FD0346002B02D0012387F82E31424B5B6D23F44051D7F8E1
:20BA60001C31D3F888303E4A0B435365D7F81C31D3E9002302F01003C7F888300023C7F80F
:20BA80008C30D7E922120B4613431ED0D7F81C31D3F89C30B3F5807F0CD1D7F81C312833B3
:20BAA0000221184601F0F8FC0346002B02D0012387F82E312A4B9B6D23F44071D7F81C3177
:20BAC000D3F89C30264A0B439365D7F81C31D3E9002302F40023C7F880300023C7F8843000
:20BAE000D7E920120B46134340D0D7F81C31D3F8A830B3F5003F22D0B3F5003F1BD8002B00
:20BB000003D0B3F5803F0BD015E0D7F81C3108330021184601F00EFC034687F82F310FE033
:20BB2000D7F81C3128330221184601F0B5FC034687F82F3104E0012387F82F3100E000BFBD
:20BB400097F82F31002B0DD1054B9B6D23F44031D7F81C31D3F8A830014A0B43936505E0D8
:20BB60000044025897F82F3187F82E31D7F81C31D3E9002302F48023BB670023FB67D7E95F
:20BB80001E120B4613433BD0D7F81C31D3F88C30B3F5401F1FD0B3F5401F18D8B3F5801FEC
:20BBA00003D0B3F5001F07D011E0644BDB6A634A43F40033D3620FE0D7F81C31283301215B
:20BBC000184601F069FC034687F82F3104E0012387F82F3100E000BF97F82F31002B0BD10D
:20BBE000564B5B6D23F44011D7F81C31D3F88C30524A0B43536503E097F82F3187F82E317F
:20BC0000D7F81C31D3E9002302F480333B6700237B67D7E91C120B46134331D0D7F81C3127
:20BC20005B6D002B03D0B3F5803F07D011E0434BDB6A424A43F40033D3620EE0D7F81C3107
:20BC400008330221184601F075FB034687F82F3103E0012387F82F3100BF97F82F31002BE0
:20BC60000AD1364BDB6C23F48031D7F81C315B6D324A0B43D36403E097F82F3187F82E31C4
:20BC8000D7F81C31D3E9002302F00053BB660023FB66D7E91A120B4613430CD0D7F81C3134
:20BCA00028330221184601F0F7FB0346002B02D0012387F82E31D7F81C31D3E9002302F48C
:20BCC00000333B6600237B66D7E918120B4613433AD0D7F81C31D3F88430B3F5407F18D007
:20BCE000B3F5407F11D8B3F5007F14D0B3F5007F0BD8002B11D0B3F5807F06D10F4BDB6AB6
:20BD00000E4A43F40033D36208E0012387F82F3104E000BF02E000BF00E000BF97F82F316F
:20BD2000002B0DD1054B5B6D23F44071D7F81C31D3F88430014A0B43536505E000440258AB
:20BD400097F82F3187F82E31D7F81C31D3E9002302F48013BB650023FB65D7E916120B46B6
:20BD6000134309D0AA4B1B6D23F00041D7F81C319B6FA74A0B431365D7F81C31D3E90023EB
:20BD800002F080533B6500237B65D7E914120B4613430AD09E4B1B6923F48041D7F81C3173
:20BDA000D3F8BC309A4A0B431361D7F81C31D3E9002302F40013BB640023FB64D7E912129D
:20BDC0000B46134309D0924B1B6D23F08071D7F81C311B6F8E4A0B431365D7F81C31D3E95E
:20BDE000002302F080433B6400237B64D7E910120B4613430ED0864B1B69854A23F40043E5
:20BE00001361834B1969D7F81C31D3F8C030804A0B431361D7F81C31D3E9002302F00043CB
:20BE2000BB630023FB63D7E90E120B46134309D0774BDB6C23F04051D7F81C319B6D744A74
:20BE40000B43D364D7F81C31D3E9002302F400033B6300237B63D7E90C120B4613430AD06B
:20BE60006B4B5B6D23F44001D7F81C31D3F89030674A0B435365D7F81C31D3E90023002172
:20BE8000B96203F00103FB62D7E90A120B46134311D0D7F81C3108330021184601F04AFAC4
:20BEA000034687F82F3197F82F31002B03D097F82F3187F82E31D7F81C31D3E90023002184
:20BEC000396203F002037B62D7E908120B46134311D0D7F81C3108330121184601F02AFAA4
:20BEE000034687F82F3197F82F31002B03D097F82F3187F82E31D7F81C31D3E90023002144
:20BF0000B96103F00403FB61D7E906120B46134311D0D7F81C3108330221184601F00AFA84
:20BF2000034687F82F3197F82F31002B03D097F82F3187F82E31D7F81C31D3E90023002103
:20BF4000396103F008037B61D7E904120B46134311D0D7F81C3128330021184601F09CFA92
:20BF6000034687F82F3197F82F31002B03D097F82F3187F82E31D7F81C31D3E900230021C3
:20BF8000B96003F01003FB60D7E902120B46134311D0D7F81C3128330121184601F07CFA6D
:20BFA000034687F82F3197F82F31002B03D097F82F3187F82E31D7F81C31D3E90023002183
:20BFC000396003F020037B60D7E900120B46134311D0D7F81C3128330221184601F05CFA3E
:20BFE000034687F82F3197F82F31002B03D097F82F3187F82E3197F82E31002B01D1002351
:20C0000000E00123184607F59877BD46BDE8B08F0044025880B590B000AFC7E90001D7E999
:20C020000023A2F580710B4340F094809E4B1B6D03F007033B633B6B042B00F2878001A246
:20C0400052F823F059C0000881C00008A9C0000845C10008D1C00008934B1B6803F000733A
:20C06000B3F1007F08D107F12403184601F010F8BB6AFB6300F045BD0023FB6300F041BD6A
:20C08000894B1B6803F00063B3F1006F08D107F11803184600F054FDBB69FB6300F031BDF5
:20C0A0000023FB6300F02DBD7F4B1B6803F00053B3F1005F08D107F10C03184600F094FECF
:20C0C000FB68FB6300F01DBD0023FB6300F019BD754BDB6C03F040537B63734B1B6803F0EF
:20C0E0000403042B0CD17B6B002B09D16E4B1B68DB0803F003036D4A22FA03F3FB631FE004
:20C10000694B1B6803F48073B3F5807F06D17B6BB3F1805F02D1664BFB6311E0624B1B6814
:20C1200003F40033B3F5003F06D17B6BB3F1005F02D1604BFB6303E00023FB6300F0E1BC61
:20C1400000F0DFBC5C4BFB6300F0DBBC0023FB6300F0D7BCD7E90023A2F500710B4340F05B
:20C16000AD80514B1B6D03F4E0733B633B6BB3F5807F56D03B6BB3F5807F00F290803B6B1E
:20C18000C02B00F088803B6BC02B00F288803B6B802B32D03B6B802B00F281803B6B002BC9
:20C1A00003D03B6B402B14D079E03F4B1B6803F00073B3F1007F08D107F12403184600F082
:20C1C00067FFBB6AFB6300F09CBC0023FB6300F098BC354B1B6803F00063B3F1006F08D124
:20C1E00007F11803184600F0ABFCBB69FB6300F088BC0023FB6300F084BC2B4B1B6803F0E4
:20C200000053B3F1005F08D107F10C03184600F0EBFDFB68FB6300F074BC0023FB6300F060
:20C2200070BC214BDB6C03F040537B631E4B1B6803F00403042B0CD17B6B002B09D11A4B79
:20C240001B68DB0803F00303184A22FA03F3FB631FE0154B1B6803F48073B3F5807F06D163
:20C260007B6BB3F1805F02D1114BFB6311E00E4B1B6803F40033B3F5003F06D17B6BB3F189
:20C28000005F02D10B4BFB6303E00023FB6300F038BC00F036BC084BFB6300F032BC0023DC
:20C2A000FB6300F02EBC00BF004402580090D00300093D0040787D010080BB00D7E90023EC
:20C2C000A2F580610B4340F09C809E4B9B6D03F460033B633B6BB3F5000F54D03B6BB3F594
:20C2E000000F00F28B803B6BB3F5C00F00F083803B6BB3F5C00F00F281803B6BB3F5800F35
:20C300002FD03B6BB3F5800F78D83B6B002B04D03B6BB3F5001F12D070E08A4B1B6803F062
:20C320000073B3F1007F07D107F12403184600F0AFFEBB6AFB63E4E30023FB63E1E3814B1A
:20C340001B6803F00063B3F1006F07D107F11803184600F0F5FBBB69FB63D2E30023FB6310
:20C36000CFE3784B1B6803F00053B3F1005F07D107F10C03184600F037FDFB68FB63C0E3B7
:20C380000023FB63BDE36F4BDB6C03F040537B636C4B1B6803F00403042B0CD17B6B002BC6
:20C3A00009D1684B1B68DB0803F00303664A22FA03F3FB631EE0634B1B6803F48073B3F5B0
:20C3C000807F06D17B6BB3F1805F02D15F4BFB6310E05C4B1B6803F40033B3F5003F06D141
:20C3E0007B6BB3F1005F02D1594BFB6302E00023FB6386E385E3574BFB6382E30023FB6365
:20C400007FE3D7E90023A2F500610B4340F0A7804C4B9B6D03F0E0633B633B6BB3F1806F8E
:20C4200055D03B6BB3F1806F00F296803B6BB3F1407F00F084803B6BB3F1407F00F28C8092
:20C440003B6BB3F1007F30D03B6BB3F1007F00F283803B6B002B04D03B6BB3F1807F12D085
:20C460007AE0384B1B6803F00073B3F1007F07D107F12403184600F00BFEBB6AFB6340E3DF
:20C480000023FB633DE32F4B1B6803F00063B3F1006F07D107F11803184600F051FBBB69EC
:20C4A000FB632EE30023FB632BE3264B1B6803F00053B3F1005F07D107F10C03184600F014
:20C4C00093FCFB68FB631CE30023FB6319E31D4BDB6C03F040537B631A4B1B6803F004039B
:20C4E000042B0CD17B6B002B09D1164B1B68DB0803F00303144A22FA03F3FB631EE0114B5D
:20C500001B6803F48073B3F5807F06D17B6BB3F1805F02D10D4BFB6310E00A4B1B6803F47F
:20C520000033B3F5003F06D17B6BB3F1005F02D1074BFB6302E00023FB63E2E2E1E2054B64
:20C54000FB63DEE2004402580090D00300093D0040787D010080BB000023FB63D1E2D7E911
:20C560000023A2F580510B4340F09C80934B1B6D03F4E043BB63BB6BB3F5804F54D0BB6B11
:20C58000B3F5804F00F28B80BB6BB3F5405F00F08380BB6BB3F5405F00F28180BB6BB3F599
:20C5A000005F2FD0BB6BB3F5005F78D8BB6B002B04D0BB6BB3F5805F12D070E07F4B1B684F
:20C5C00003F00073B3F1007F07D107F12403184600F05EFDBB6AFB6393E20023FB6390E247
:20C5E000764B1B6803F00063B3F1006F07D107F11803184600F0A4FABB69FB6381E20023AF
:20C60000FB637EE26D4B1B6803F00053B3F1005F07D107F10C03184600F0E6FBFB68FB6309
:20C620006FE20023FB636CE2644BDB6C03F040537B63624B1B6803F00403042B0CD17B6B64
:20C64000002B09D15D4B1B68DB0803F003035C4A22FA03F3FB631EE0584B1B6803F48073AA
:20C66000B3F5807F06D17B6BB3F1805F02D1554BFB6310E0514B1B6803F40033B3F5003FE2
:20C6800006D17B6BB3F1005F02D14F4BFB6302E00023FB6335E234E24C4BFB6331E2002354
:20C6A000FB632EE2D7E90023A2F500510B4340F08F80424B1B6D03F4E023BB63BB6BB3F5B9
:20C6C000A02F6BD0BB6BB3F5A02F74D8BB6BB3F5802F56D0BB6BB3F5802F6CD8BB6BB3F535
:20C6E000403F3BD0BB6BB3F5403F64D8BB6BB3F5003F21D0BB6BB3F5003F5CD8BB6B002B97
:20C7000004D0BB6BB3F5803F04D054E0FEF722FAF863F6E1294B1B6803F00063B3F1006F0D
:20C7200007D107F11803184600F00AFAFB69FB63E7E10023FB63E4E1204B1B6803F00053B8
:20C74000B3F1005F07D107F10C03184600F04CFB3B69FB63D5E10023FB63D2E1174B1B6891
:20C7600003F00403042B09D1144B1B68DB0803F00303134A22FA03F3FB63C2E10023FB6307
:20C78000BFE10E4B1B6803F48073B3F5807F02D10C4BFB63B5E10023FB63B2E1074B1B6885
:20C7A00003F40033B3F5003F02D1074BFB63A8E10023FB63A5E10023FB63A2E100440258B3
:20C7C0000090D00300093D0040787D010080BB00D7E90023A2F500210B4373D19C4B9B6D23
:20C7E00003F44033BB63BB6BB3F5003F2FD0BB6BB3F5003F63D8BB6B002B04D0BB6BB3F56A
:20C80000803F12D05BE0924B1B6803F00063B3F1006F07D107F11803184600F091F9BB698C
:20C82000FB636EE10023FB636BE1894B1B6803F00053B3F1005F07D107F10C03184600F0B1
:20C84000D3FA7B69FB635CE10023FB6359E1804BDB6C03F040537B637D4B1B6803F0040316
:20C86000042B0CD17B6B002B09D1794B1B68DB0803F00303774A22FA03F3FB631EE0744BB0
:20C880001B6803F48073B3F5807F06D17B6BB3F1805F02D1704BFB6310E06D4B1B6803F436
:20C8A0000033B3F5003F06D17B6BB3F1005F02D16A4BFB6302E00023FB6322E121E100232D
:20C8C000FB631EE1D7E90023A2F580310B4333D15F4BDB6C03F48033BB63BB6B002B04D0A0
:20C8E000BB6BB3F5803F12D023E0594B1B6803F00073B3F1007F07D107F12403184600F0D1
:20C90000C7FBBB6AFB63FCE00023FB63F9E0504B1B6803F00063B3F1006F07D107F118032A
:20C92000184600F00DF93B6AFB63EAE00023FB63E7E00023FB63E4E0D7E90023A2F580410E
:20C940000B4340F08D80424B9B6D03F0E043BB63BB6BB3F1A04F6BD0BB6BB3F1A04F74D88A
:20C96000BB6BB3F1804F56D0BB6BB3F1804F6CD8BB6BB3F1405F3BD0BB6BB3F1405F64D802
:20C98000BB6BB3F1005F21D0BB6BB3F1005F5CD8BB6B002B04D0BB6BB3F1805F04D054E04A
:20C9A00000F0B8F8F863ACE0294B1B6803F00063B3F1006F07D107F11803184600F0C0F89F
:20C9C000FB69FB639DE00023FB639AE0204B1B6803F00053B3F1005F07D107F10C031846A9
:20C9E00000F002FA3B69FB638BE00023FB6388E0174B1B6803F00403042B09D1144B1B682B
:20CA0000DB0803F00303134A22FA03F3FB6378E00023FB6375E00E4B1B6803F48073B3F5D1
:20CA2000807F02D10C4BFB636BE00023FB6368E0074B1B6803F40033B3F5003F02D1074B50
:20CA4000FB635EE00023FB635BE00023FB6358E0004402580090D00300093D0040787D0148
:20CA6000D7E90023A2F500410B4348D1274B1B6D03F04053BB63BB6BB3F1005F2AD0BB6BAD
:20CA8000B3F1005F38D8BB6B002B04D0BB6BB3F1805F0DD030E01D4B1B6803F40033B3F50B
:20CAA000003F02D11A4BFB632BE00023FB6328E0164B1B6803F00073B3F1007F07D107F1D0
:20CAC0002403184600F0E4FABB6AFB6319E00023FB6316E00D4B1B6803F00063B3F1006FCC
:20CAE00007D107F11803184600F02AF8FB69FB6307E00023FB6304E00023FB6301E0002348
:20CB0000FB63FB6B18464037BD4680BD0044025840787D0180B500AFFDF7ECFF0246064B0C
:20CB20001B6A1B0903F007030449CB5C03F01F0322FA03F3184680BD0044025874FD000802
:20CB400080B489B000AF7860A14B9B6A03F00303BB619F4B9B6A1B0B03F03F037B619C4BCE
:20CB6000DB6A1B0903F001033B61994BDB6BDB08C3F30C033A6902FB03F307EE903AF8EEAC
:20CB8000677AC7ED037A7B69002B00F01181BB69022B00F08380BB69022B00F2A180BB6926
:20CBA000002B03D0BB69012B56D099E0884B1B6803F02003002B2DD0854B1B68DB0803F0CB
:20CBC0000303844A22FA03F3BB60BB6807EE903AF8EE676A7B6907EE903AF8EE677A86EEDD
:20CBE000A77A7B4B9B6BC3F3080307EE903AF8EE676A97ED036ADFED785AC6EE257A76EECB
:20CC0000A77AF7EE006A77EEA67A67EE277AC7ED077A87E07B6907EE903AF8EE677ADFED57
:20CC20006F6A86EEA77A6A4B9B6BC3F3080307EE903AF8EE676A97ED036ADFED675AC6EE62
:20CC4000257A76EEA77AF7EE006A77EEA67A67EE277AC7ED077A65E07B6907EE903AF8EEE3
:20CC6000677ADFED5F6A86EEA77A594B9B6BC3F3080307EE903AF8EE676A97ED036ADFED0B
:20CC8000565AC6EE257A76EEA77AF7EE006A77EEA67A67EE277AC7ED077A43E07B6907EE11
:20CCA000903AF8EE677ADFED4F6A86EEA77A484B9B6BC3F3080307EE903AF8EE676A97ED75
:20CCC000036ADFED455AC6EE257A76EEA77AF7EE006A77EEA67A67EE277AC7ED077A21E0A4
:20CCE0007B6907EE903AF8EE677ADFED3D6A86EEA77A374B9B6BC3F3080307EE903AF8EED4
:20CD0000676A97ED036ADFED345AC6EE257A76EEA77AF7EE006A77EEA67A67EE277AC7EDA1
:20CD2000077A00BF2A4B9B6B5B0A03F07F0307EE903AF8EE677AB7EE007A37EE877AD7EDCF
:20CD4000076AC6EE877AFCEEE77A17EE902A7B681A601F4B9B6B1B0C03F07F0307EE903A7B
:20CD6000F8EE677AB7EE007A37EE877AD7ED076AC6EE877AFCEEE77A17EE902A7B685A6016
:20CD8000134B9B6B1B0E03F07F0307EE903AF8EE677AB7EE007A37EE877AD7ED076AC6EEDD
:20CDA000877AFCEEE77A17EE902A7B689A6008E07B6800221A607B6800225A607B68002260
:20CDC0009A6000BF2437BD465DF8047B704700BF004402580090D003000000460024744CC7
:20CDE0000024744A20BCBE4B80B489B000AF7860A14B9B6A03F00303BB619F4B9B6A1B0D5B
:20CE000003F03F037B619C4BDB6A1B0A03F001033B61994B5B6CDB08C3F30C033A6902FB2A
:20CE200003F307EE903AF8EE677AC7ED037A7B69002B00F01181BB69022B00F08380BB694C
:20CE4000022B00F2A180BB69002B03D0BB69012B56D099E0884B1B6803F02003002B2DD0ED
:20CE6000854B1B68DB0803F00303844A22FA03F3BB60BB6807EE903AF8EE676A7B6907EE16
:20CE8000903AF8EE677A86EEA77A7B4B1B6CC3F3080307EE903AF8EE676A97ED036ADFED2B
:20CEA000785AC6EE257A76EEA77AF7EE006A77EEA67A67EE277AC7ED077A87E07B6907EE89
:20CEC000903AF8EE677ADFED6F6A86EEA77A6A4B1B6CC3F3080307EE903AF8EE676A97ED90
:20CEE000036ADFED675AC6EE257A76EEA77AF7EE006A77EEA67A67EE277AC7ED077A65E01C
:20CF00007B6907EE903AF8EE677ADFED5F6A86EEA77A594B1B6CC3F3080307EE903AF8EEEC
:20CF2000676A97ED036ADFED565AC6EE257A76EEA77AF7EE006A77EEA67A67EE277AC7ED5D
:20CF4000077A43E07B6907EE903AF8EE677ADFED4F6A86EEA77A484B1B6CC3F3080307EED9
:20CF6000903AF8EE676A97ED036ADFED455AC6EE257A76EEA77AF7EE006A77EEA67A67EED3
:20CF8000277AC7ED077A21E07B6907EE903AF8EE677ADFED3D6A86EEA77A374B1B6CC3F389
:20CFA000080307EE903AF8EE676A97ED036ADFED345AC6EE257A76EEA77AF7EE006A77EE19
:20CFC000A67A67EE277AC7ED077A00BF2A4B1B6C5B0A03F07F0307EE903AF8EE677AB7EE46
:20CFE000007A37EE877AD7ED076AC6EE877AFCEEE77A17EE902A7B681A601F4B1B6C1B0C28
:20D0000003F07F0307EE903AF8EE677AB7EE007A37EE877AD7ED076AC6EE877AFCEEE77A9B
:20D0200017EE902A7B685A60134B1B6C1B0E03F07F0307EE903AF8EE677AB7EE007A37EE47
:20D04000877AD7ED076AC6EE877AFCEEE77A17EE902A7B689A6008E07B6800221A607B68B4
:20D0600000225A607B6800229A6000BF2437BD465DF8047B704700BF004402580090D0036D
:20D08000000000460024744C0024744A20BCBE4B80B489B000AF7860A04B9B6A03F00303C2
:20D0A000BB619E4B9B6A1B0903F03F037B619B4BDB6A03F001033B61984B5B6BDB08C3F331
:20D0C0000C033A6902FB03F307EE903AF8EE677AC7ED037A7B69002B00F01181BB69022B12
:20D0E00000F08380BB69022B00F2A180BB69002B03D0BB69012B56D099E0884B1B6803F07F
:20D100002003002B2DD0854B1B68DB0803F00303834A22FA03F3BB60BB6807EE903AF8EED3
:20D12000676A7B6907EE903AF8EE677A86EEA77A7A4B1B6BC3F3080307EE903AF8EE676A9D
:20D1400097ED036ADFED775AC6EE257A76EEA77AF7EE006A77EEA67A67EE277AC7ED077A6A
:20D1600087E07B6907EE903AF8EE677ADFED6E6A86EEA77A694B1B6BC3F3080307EE903AEB
:20D18000F8EE676A97ED036ADFED665AC6EE257A76EEA77AF7EE006A77EEA67A67EE277AB9
:20D1A000C7ED077A65E07B6907EE903AF8EE677ADFED5E6A86EEA77A584B1B6BC3F3080378
:20D1C00007EE903AF8EE676A97ED036ADFED555AC6EE257A76EEA77AF7EE006A77EEA67AC1
:20D1E00067EE277AC7ED077A43E07B6907EE903AF8EE677ADFED4E6A86EEA77A474B1B6B46
:20D20000C3F3080307EE903AF8EE676A97ED036ADFED445AC6EE257A76EEA77AF7EE006A55
:20D2200077EEA67A67EE277AC7ED077A21E07B6907EE903AF8EE677ADFED3B6A86EEA77ACD
:20D24000364B1B6BC3F3080307EE903AF8EE676A97ED036ADFED335AC6EE257A76EEA77A6E
:20D26000F7EE006A77EEA67A67EE277AC7ED077A00BF2A4B1B6B5B0A03F07F0307EE903A5C
:20D28000F8EE677AB7EE007A37EE877AD7ED076AC6EE877AFCEEE77A17EE902A7B681A6031
:20D2A0001E4B1B6B1B0C03F07F0307EE903AF8EE677AB7EE007A37EE877AD7ED076AC6EE2F
:20D2C000877AFCEEE77A17EE902A7B685A60134B1B6B1B0E03F07F0307EE903AF8EE677A9E
:20D2E000B7EE007A37EE877AD7ED076AC6EE877AFCEEE77A17EE902A7B689A6008E07B684D
:20D3000000221A607B6800225A607B6800229A6000BF2437BD465DF8047B7047004402586D
:20D320000090D003000000460024744C0024744A20BCBE4B80B584B000AF786039600023ED
:20D34000FB73534B9B6A03F00303032B01D1012399E04F4B1B684E4A23F080631360F9F718
:20D36000FBF9B86008E0F9F7F7F90246BB68D31A022B01D9032386E0454B1B6803F0006385
:20D38000002BF0D1424B9B6A23F47C327B681B681B033F4913438B627B685B68013BC3F363
:20D3A00008027B689B68013B5B029BB21A437B68DB68013B1B0403F4FE031A437B681B69FD
:20D3C000013B1B0603F0FE43314913438B63304BDB6A23F0C0027B685B692D491343CB62C9
:20D3E0002B4BDB6A23F020027B689B6928491343CB62274BDB6A264A23F01003D362244B71
:20D40000DA6B244B13407A68D269D20020491343CB631F4BDB6A1E4A43F01003D3623B68F4
:20D42000002B06D11A4BDB6A194A43F40023D3620FE03B68012B06D1154BDB6A144A43F47F
:20D440008013D36205E0124BDB6A114A43F40013D3620F4B1B680E4A43F080631360F9F7F5
:20D460007BF9B86008E0F9F777F90246BB68D31A022B01D9032306E0054B1B6803F0006344
:20D48000002BF0D0FB7B18461037BD4680BD00BF004402580700FFFF80B584B000AF7860F4
:20D4A00039600023FB73534B9B6A03F00303032B01D1012399E04F4B1B684E4A23F080536E
:20D4C0001360F9F749F9B86008E0F9F745F90246BB68D31A022B01D9032386E0454B1B687B
:20D4E00003F00053002BF0D1424B9B6A23F07C727B681B681B053F4913438B627B685B6870
:20D50000013BC3F308027B689B68013B5B029BB21A437B68DB68013B1B0403F4FE031A4310
:20D520007B681B69013B1B0603F0FE43314913430B64304BDB6A23F440627B685B692D491E
:20D540001343CB622B4BDB6A23F400727B689B6928491343CB62274BDB6A264A23F48073F8
:20D56000D362244B5A6C244B13407A68D269D200204913434B641F4BDB6A1E4A43F48073E1
:20D58000D3623B68002B06D11A4BDB6A194A43F48003D3620FE03B68012B06D1154BDB6A7B
:20D5A000144A43F40003D36205E0124BDB6A114A43F08073D3620F4B1B680E4A43F0805326
:20D5C0001360F9F7C9F8B86008E0F9F7C5F80246BB68D31A022B01D9032306E0054B1B683C
:20D5E00003F00053002BF0D0FB7B18461037BD4680BD00BF004402580700FFFF80B586B0D2
:20D6000000AFF860B9607A603B60BB68022B04D9BB68033B012B12D808E03B687A68B96843
:20D62000F86800F077FE0346FB750BE03B687A68B968F86800F020FF0346FB7502E00123AD
:20D64000FB7500BFFB7D002B04D1F86800F008F80346FB75FB7D18461837BD4680BD0000B5
:20D6600080B58AB000AF78607B68002B01D101238EE2F9F7A1F87B6893F83830012B13D1D1
:20D680007B681B68964A934204D07B681B68954A934207D17B685B68012B03D17B685B6C59
:20D6A000002B01D0012373E27B681B688C4A934204D07B681B688C4A934202D18B4BBB613A
:20D6C00028E07B681B688A4A934204D07B681B68884A934202D1884BBB611BE07B681B682F
:20D6E000864A934204D07B681B68854A934202D1844BBB610EE07B681B687A4A934204D028
:20D700007B681B68804A934202D1804BBB6101E001233DE27B6893F89130DBB2002B06D168
:20D720007B68002283F890207868F8F71DFE786800F05CFF0346002B01D0012328E27B684E
:20D74000022283F891207B68DB68022B0CD0022B0DD8002B02D0012B03D008E000237B6254
:20D7600008E010237B6205E020237B6202E000237B6200BF7B689B68052B32D801A252F8FE
:20D7800023F000BF9DD70008A3D70008ABD70008B3D70008C3D70008D3D700080023FB61CA
:20D7A00022E04FF48063FB611EE04FF40063FB611AE04FF40063FB617B6A43F001037B62F0
:20D7C00012E04FF40063FB617B6A43F002037B620AE04FF40063FB617B6A43F003037B6274
:20D7E00002E00023FB6100BFBB697A6A1A607B681B6A002B00F0C58000237B617B681B685A
:20D80000374A934204D07B681B68374A934206D14FF480704FF00001FEF7FCFB78617B6830
:20D820001B68334A934204D07B681B68314A934206D14FF400704FF00001FEF7EBFB78610B
:20D840007B681B682D4A934204D07B681B682C4A934206D14FF400704FF00001FEF7DAFBFD
:20D8600078617B681B681F4A934206D14FF480604FF00001FEF7CEFB78617B681B68224A88
:20D88000934206D14FF400604FF00001FEF7C2FB78617B689B69B3F5002F39D17B685B6CFC
:20D8A000042B02D14023FB600AE07B685B6C082B03D14FF48073FB6002E07B685B6DFB6094
:20D8C0007A6913469B0013445B0019467B681B6AFA6802FB03F3B1FBF3F33B6130E000BFA6
:20D8E00004580140045400582458014000580140045C0140245C0140005C014004600140E1
:20D90000246001400060014024540058005400587B689B6AB3F1806F01D1022300E00123AF
:20D92000BB607A6913469B0013445B0019467B681B6ABA6802FB03F31B02B1FBF3F33B611C
:20D940003B69954AA2FB0323DA087B685A623969914BA3FB0123DA0813469B0013445B0038
:20D96000CA1A082A04D97B685B6A5A1C7B685A627B685B6C042B04D17B685B6A5A087B685C
:20D980005A627B685B68002B03D07B685B68022B09D17B681B6D012B01D1002301E04FF4CA
:20D9A00000733B6208E07B681B6D012B02D14FF4007300E000233B62F8F7FEFE0346B3F5D3
:20D9C000005F31D37B681B6819687B681A68734B0B4013607B681B6819687B685A687B68AD
:20D9E0005B6C1A437B689B6C1A437B68DB6C1A433B6A1A43FB691A437B68DB6A1A437B680A
:20DA00005B691A437B689B691A437B685B6A1B051A437B689B6A1A437B681B691A437B6890
:20DA20001B680A431A602DE07B681B6819687B681A685B4B0B4013607B681B6819687B6815
:20DA40005A687B685B6C1A437B689B6C1A437B68DB6C1A433B6A1A43FB691A437B68DB6A44
:20DA60001A437B685B691A437B689B691A437B685B6A1B051A437B689B6A1A437B681B6831
:20DA80000A431A607B681B6859687B681A68454B0B4053607B681B6859687B68DA697B6875
:20DAA0001B6B1A437B685B6B1A437B681B680A435A607B681B6899687B681A683A4B0B4074
:20DAC00093607B681B6899687B685B6D5A1E7B685B6E1A437B68DB6D1A437B681B6E1A436F
:20DAE0007B689B6D013B1B021A437B681B680A439A607B681B68D9687B681A684FF2200368
:20DB00000B40D3607B681B68D9687B689A6E7B68DB6E1A437B685B6F1B041A437B681B6FD6
:20DB2000013B1B021A437B681B680A43DA607B681B681E4A934204D07B681B681C4A93422A
:20DB400019D1BB695B6C23F00102BB695A647B6893F83830012B0ED17B681A6C7B68DB6B85
:20DB6000013B1B011A43BB695A64BB695B6C43F00102BB695A647B680022C3F894207B68B4
:20DB8000012283F891207B68002283F89020002318462837BD4680BDCDCCCCCC10C005F0F0
:20DBA00010C005F8F01FFFFF0080F8FF045801400454005880B584B000AF78600023FB7346
:20DBC0007B6893F89030012B01D102237DE07B68012283F89020786800F008FD0346002B1D
:20DBE00001D00123FB737B681B681B6803F40033B3F5003F4FD17B681B681A687B681B685A
:20DC000022F400321A607B6893F89130DBB2122B1DD17B68D3F88030002B18D07B68D3F83C
:20DC200080301846F9F722FD0346002B0FD07B68D3F880305B6D802B09D00123FB737B6855
:20DC4000D3F8943043F080027B68C3F894207B6893F89130DBB2222B1DD17B68D3F88430D5
:20DC6000002B18D07B68D3F884301846F9F7FEFC0346002B0FD07B68D3F884305B6D802BBF
:20DC800009D00123FB737B68D3F8943043F080027B68C3F894207B681B6800221A617B68BA
:20DCA0001B684FF0FF329A617B681B685A687B681B6842F008025A607B68012283F89120C0
:20DCC0007B68002283F89020FB7B18461037BD4680BD000080B586B000AFF860B9601346D5
:20DCE000FB80F8F739FD7861BB68002B02D0FB88002B01D1012398E0FB6893F89130DBB233
:20DD0000012B40F09180FB6893F89030012B01D102238AE0FB68012283F89020FB68BA6825
:20DD20009A67FB68FA88A3F87C20FB68FA88A3F87E20FB680022C3F89420FB68122283F8A2
:20DD40009120FB68D3F880303A4A1A64FB68D3F88030394ADA63FB68D3F88030374ADA64F7
:20DD6000FB68D3F8803000221A65FB68D3F88000FB689B6F1946FB681B681C331A46FB68B2
:20DD8000B3F87C30F9F708FA0346002B05D0FB68002283F89020012347E00021F86800F085
:20DDA000EDFB0146FB681B681A69FB681B680A431A61FB681B681A68FB681B6842F4003267
:20DDC0001A6015E0F8F7C8FC02467B69D31AB3F57A7F0DD9FB68D3F8943043F04002FB68B7
:20DDE000C3F89420FB68002283F8902003231CE0FB681B685B6903F4E023002BE2D0FB68FE
:20DE00001B681B6803F48033002B07D1FB681B681A68FB681B6842F480321A60FB6800221A
:20DE200083F89020002300E0022318461837BD4680BD00BFC1E6000861E6000859E700089D
:20DE400080B584B000AFF860B9601346FB80BB68002B02D0FB88002B01D1012379E0FB68E5
:20DE600093F89130DBB2012B72D1FB6893F89030012B01D102236CE0FB68012283F890208C
:20DE8000FB68BA689A67FB68FA88A3F87C20FB68FA88A3F87E20FB680022C3F89420FB686B
:20DEA000222283F89120FB68D3F884302B4A1A64FB68D3F884302A4ADA63FB68D3F88430A8
:20DEC000284ADA64FB68D3F8843000221A65FB68D3F88400FB681B681C331946FB689B6F5C
:20DEE0001A46FB68B3F87C30F9F756F90346002B05D0FB68002283F89020012329E0002182
:20DF0000F86800F03BFB0146FB681B681A69FB681B680A431A61FB681B681A68FB681B68CF
:20DF200042F400321A60FB681B681B6803F48033002B07D1FB681B681A68FB681B6842F465
:20DF400080321A60FB68002283F89020002300E0022318461037BD4680BD00BF3DE70008ED
:20DF6000DDE6000859E7000880B586B000AF78607B6893F89130DBB2002B00F0A7817B68BA
:20DF80001B685B697B617B681B681B693B617B681B681B68FB607B6903F00803002B0AD0AD
:20DFA0003B6903F00803002B05D07B68D3F88C30786898478AE17B6903F00103002B1ED037
:20DFC0003B6903F00103002B19D07B681B6801229A617B6893F89130DBB2222B01D101230F
:20DFE00000E00223BB607B68D3F89420BB681A437B68C3F89420786800F082F966E17B6957
:20E0000003F00203002B13D03B6903F00203002B0ED07B681B6802229A617B68D3F888306A
:20E02000002B00F053817B68D3F8883098474DE17B6903F02003002B5BD03B6903F0200374
:20E04000002B56D07B681B6820229A617B68D3F8943043F004027B68C3F89420FB6803F475
:20E060000033002B3ED07B68D3F88030002B18D07B68D3F88030974A1A657B68D3F88030A7
:20E080001846F9F711FE0346002B0AD07B68D3F8943043F080027B68C3F89420786800F08C
:20E0A0002FF97B68D3F88430002B00F00A817B68D3F88430874A1A657B68D3F884301846BE
:20E0C000F9F7F2FD0346002B00F0FB807B68D3F8943043F080027B68C3F89420786800F039
:20E0E0000FF9EEE07868FFF765FD786800F008F9E7E07B6903F04003002B5BD03B6903F073
:20E100004003002B56D07B681B6840229A617B68D3F8943043F008027B68C3F89420FB6844
:20E1200003F40033002B3ED07B68D3F88030002B18D07B68D3F88030664A1A657B68D3F8D0
:20E1400080301846F9F7B0FD0346002B0AD07B68D3F8943043F080027B68C3F8942078686D
:20E1600000F0CEF87B68D3F88430002B00F0AB807B68D3F88430574A1A657B68D3F884305D
:20E180001846F9F791FD0346002B00F09C807B68D3F8943043F080027B68C3F894207868CA
:20E1A00000F0AEF88FE07868FFF704FD786800F0A7F888E07B6903F00403002B67D03B69C8
:20E1C00003F00403002B62D07B681B6804229A617B68D3F8943043F020027B68C3F8942048
:20E1E000FB6803F40033002B3CD07B68D3F88030002B18D07B68D3F88030364A1A657B68AA
:20E20000D3F880301846F9F74FFD0346002B0AD07B68D3F8943043F080027B68C3F8942022
:20E22000786800F06DF87B68D3F88430002B4CD07B68D3F88430274A1A657B68D3F884304C
:20E240001846F9F731FD0346002B3ED07B68D3F8943043F080027B68C3F89420786800F077
:20E260004FF832E07B681B6800221A617B681B684FF0FF329A617B68012283F891207B685C
:20E280000022A3F87E20786800F03AF81DE07B6903F01003002B19D03B6903F01003002B51
:20E2A00014D07B681B6810229A617B68D3F8943043F010027B68C3F89420786800F020F8F6
:20E2C00004E000BF02E000BF00E000BF00BF1837BD4680BDB7E7000880B483B000AF786079
:20E2E00000BF0C37BD465DF8047B704780B483B000AF786000BF0C37BD465DF8047B704710
:20E3000080B483B000AF786000BF0C37BD465DF8047B704780B487B000AFF860B9607A601A
:20E320003B600023FB75FB6800225A64FB680022DA64FB685B68002B03D0FB685B68022B32
:20E3400003D1FB6800221A6502E0FB6801221A65FB684FF48032DA65FB684FF6FF725A678D
:20E36000FB6800229A66FB683A681A673B6803F00103002B01D0012377E0BB68002B07D15B
:20E38000FB6800221A66FB684FF480225A6606E0FB684FF400321A66FB6800225A667B680A
:20E3A000032B4FD801A252F823F000BFBDE30008DFE3000801E4000823E40008FB688022D6
:20E3C0009A643B685B085A01FB685A653B685B081A01FB689A65FB684022DA6635E0FB68BC
:20E3E00080229A643B685B089A01FB685A653B685B085A01FB689A65FB688022DA6624E0AE
:20E40000FB68C0229A643B685B089A01FB685A653B685B085A01FB689A65FB688022DA66EE
:20E4200013E0FB68E0229A643B685B089A01FB685A653B685B085A01FB689A65FB688022FB
:20E44000DA6602E00123FB7500BFBB68022B0BD17B68012B02D1FB6810229A667B68022B94
:20E4600002D1FB6808229A66FB7D18461C37BD465DF8047B704700BF80B487B000AFF86054
:20E48000B9607A603B600023FB75FB6800225A64FB680022DA64FB685B68002B03D0FB68CE
:20E4A0005B68022B03D1FB6801221A6502E0FB6800221A65FB680022DA65FB684FF4003211
:20E4C0001A66FB684FF480225A66FB6800229A66FB683A681A67FB684FF6FF725A67BB68AC
:20E4E000042B03D1FB6801229A6502E0FB680D229A657B68032B37D801A252F823F000BF42
:20E5000011E5000827E500083DE5000853E50008FB6880229A643B681A01FB685A65FB6839
:20E520004022DA6623E0FB6880229A643B685A01FB685A65FB688022DA6618E0FB68C02291
:20E540009A643B685A01FB685A65FB688022DA660DE0FB68E0229A643B685A01FB685A65E8
:20E56000FB688022DA6602E00123FB7500BFFB7D18461C37BD465DF8047B704780B485B001
:20E5800000AF78600B46FB700123FB60FB78012B03D1FB6843F00803FB607B685B6C082B6D
:20E5A0000BD17B685B68032B03D07B685B68012B03D1FB6843F01003FB607B685B68032B5A
:20E5C00003D07B685B68022B04D1FB6843F06003FB6003E0FB6843F00403FB60FB681846D0
:20E5E0001437BD465DF8047B7047000080B485B000AF7860184B1B68184AA2FB03231B0B21
:20E600009B00FB600023FB727B681B681A687B681B6822F480321A60FB68002B0AD17B6898
:20E62000D3F8943043F040027B68C3F894200323FB7209E0FB68013BFB607B681B681B6825
:20E6400003F48033002BE7D1FB7A18461437BD465DF8047B704700BF001000241BECCB9527
:20E6600080B584B000AF78607B689B6BFB607B68DB69B3F5807F1CD0FB680022A3F87E20EE
:20E68000FB681B681A68FB681B6822F400321A600021F868FFF772FF0346D943FB681B6837
:20E6A0001A69FB681B680A401A61FB68012283F89120F868FFF710FE00BF1037BD4680BDD0
:20E6C00080B584B000AF78607B689B6BFB60F868FFF70CFE00BF1037BD4680BD80B584B0F7
:20E6E00000AF78607B689B6BFB607B68DB69B3F5807F1CD0FB681B681A68FB681B6822F431
:20E7000000321A60FB680022A3F87E200021F868FFF734FF0346D943FB681B681A69FB68B4
:20E720001B680A401A61FB68012283F89120F868F6F794F900BF1037BD4680BD80B584B056
:20E7400000AF78607B689B6BFB60F868F6F76CF900BF1037BD4680BD80B584B000AF786006
:20E760007B689B6BFB607868FAF70EFC0346022B1DD0FB68D3F8943043F08002FB68C3F852
:20E780009420FB681B681A68FB681B6822F400321A60F868FFF72AFFFB68012283F8912084
:20E7A000FB680022A3F87E20F868FFF7A9FD00BF1037BD4680BD80B584B000AF78607B6886
:20E7C0009B6BFB60FB681B681A68FB681B6822F400321A60FB681B6800221A61FB681B685F
:20E7E0004FF0FF329A61FB68D3F89430202B0AD0F868FFF7FBFEFB681B685A68FB681B68BA
:20E8000042F008025A60FB68012283F89120FB680022A3F87E20F868FFF772FD00BF1037C7
:20E82000BD4680BD80B582B000AF786039607B68002B01D101232BE07B6893F82C30DBB2AB
:20E84000002B06D17B68002283F82D207868F7F781FD7B68022283F82C207B681A687B6887
:20E8600004331946104600F077F87B6818687B685B681A46396800F0CBF8074B1B68064A6B
:20E8800043F0004313607B68012283F82C20002318460837BD4680BD0040005280B586B0C5
:20E8A00000AFF860B9607A60FB6893F82C30FB75FB7D022B01D1022321E0FB7D012B02D091
:20E8C000FB7D052B18D1FB68022283F82C20FB681B687A68B968184600F004F9BB681B687F
:20E8E000022B04D1FB68052283F82C2006E0FB68012283F82C2001E0012300E0002318462C
:20E900001837BD4680BD80B582B000AF786039607B6893F82C30DBB2022B01D1022316E070
:20E920007B6893F82C30DBB2012B0FD17B68022283F82C207B681B683968184600F0F6F863
:20E940007B68012283F82C20002300E0012318460837BD4680BD000080B483B000AF7860F8
:20E9600039603B681B68002B21D17B681A68274B13403A6851683A68926811433A68D2686A
:20E9800011433A68126911433A68526911433A68926911433A68D26911433A68126A11436D
:20E9A0003A68526A0A431A437B681A6026E07B681B6823F4F8423B68D9693B681B6A1943CC
:20E9C0003B685B6A0B431A437B681A607B685A680E4B13403A6851683A68926811433A6889
:20E9E000D26811433A68126911433A68526911433A6892690A431A437B685A600023184602
:20EA00000C37BD465DF8047B704700BF0080FFFF80B485B000AFF860B9607A607B68002B77
:20EA200028D1FB689B6803F07042BB681B68591EBB685B68013B1B011943BB689B68013BB9
:20EA40001B021943BB68DB68013B1B031943BB681B69013B1B041943BB685B69013B1B0580
:20EA60001943BB689B69013B1B060B431A43FB689A602DE0FB689A68194B1340BA68D26829
:20EA8000013A1103BA685269013A12050A431A43FB689A60FB68DB6803F07042BB681B6800
:20EAA000591EBB685B68013B1B011943BB689B68013B1B021943BB681B69013B1B0419430C
:20EAC000BB689B69013B1B060B431A43FB68DA60002318461437BD465DF8047B704700BF51
:20EAE000FF0F0FFF80B485B000AFF860B9607A60FB681A690C4B1340BA681168BA68526890
:20EB00001143BA689268013A52011143BA68D26852020A431A43FB681A610023184614379F
:20EB2000BD465DF8047B70470000C0FF80B483B000AF786039607B685A69074B13403A6814
:20EB400052001A437B685A61002318460C37BD465DF8047B704700BF01C0FFFF0244034609
:20EB6000934200D1704703F8011BF9E7014B1868704700BF4411002470B50D4D0D4C641B2F
:20EB8000A4100026A64209D10B4D0C4C01F060F8641BA4100026A64205D170BD55F8043B10
:20EBA00098470136EEE755F8043B98470136F2E7D00A0108D00A0108D00A0108D40A01085F
:20EBC0000A44914200F1FF3300D1704710B511F8014B03F8014F9142F9D110BD000000009A
:20EBE00008B52DED048BB0EE408B00F0B5FCB4EE488BF1EE10FAB0EE409B10D6B0EE480BF7
:20EC000000F046F89FED087BB4EEC70BF1EE10FA05DDFFF7ABFF9FED069B22230360B0EE65
:20EC2000490BBDEC048B08BD7DF8B98FCE338640000000000000F07F08B52DED048BB0EE8C
:20EC4000409B00F0F9FCB0EE408B00F047F890B9B0EE490B00F042F868B1FFF787FFB5EEBF
:20EC6000C09B9FED078B9FED087B2223F1EE10FA036038FE078BB0EE480BBDEC048B08BDC5
:20EC8000000000000000F07F000000000000F0FF51EC100B024621F0004343EC102B704701
:20ECA00008B52DED028BB0EE408A00F052FCB4EE488AF1EE10FA0CD6DFED078AB4EEE88A9A
:20ECC000F1EE10FA05D5FFF751FF88EEA80A21230360BDEC028B08BD0000000082B08DEDB5
:20ECE000000B019840F0004000F58010C00F02B07047000010EE102A40F22A41C2F30A535C
:20ED00008B4230B4B7EEC06A2AD912F5000F58D0B3F5FF6F03D330EE000A30BC7047DFEDAF
:20ED20002A7AB4EEE70AF1EE10FA03DD30BC002000F0E8BBDFED257AB4EEE70AF1EE10FA4D
:20ED400003D530BC002000F0D1BBDFED217AB4EEE70AF1EE10FA03D530BC002000F0CCBB15
:20ED60001C4BB7EE000B93ED4A5B93ED484BB0EE447BA5EE067B17EE100A37EE447B00F0E0
:20ED80001F0295EE067B93ED4C5B27EE074B93ED4E6B03EBC201A5EE076B53F832404D685F
:20EDA00093ED505B00210A1905EBC033A5EE070B43EC172BA6EE040B20EE070BB7EEC00BB8
:20EDC000ABE79FED050AA8E71772B142B4F1CFC2CF8ECEC290FD00080000000010EE103AFB
:20EDE000B3F17E5F10B455D0A3F50002B2F1FE4F1AD35A0004D15DF8044B012000F088BB0B
:20EE0000B3F1FF4F43D0002B02DBB2F17F4F03D35DF8044B00F08EBBDFED207A20EE270A1C
:20EE200010EE103AA3F1386303F140421C49BFEE000B02F54D02C2F3C340D40D01EB0010ED
:20EE4000E40590ED005B1B1B07EE903A90ED026BB7EEE77AD215A5EE070B91ED405B20EE59
:20EE6000004B07EE902AB8EEE77BA7EE056B91ED445B91ED467BA5EE007B91ED425B30EEE8
:20EE8000060BA5EE047BA4EE070BB7EEC00B5DF8044B70479FED030AF9E700BF0000004B5D
:20EEA000D8FE000800000000C0F3C7537E2B10D9962B0CD80122C3F1960302FA03F35A1E96
:20EEC000024206D103420CBF0220012070470220704700207047000037B510EE101A10EE4B
:20EEE000904AA1F500026300B2F1FE4FF0EE407AB0EE607A03F1FF306FF0807252D29042D3
:20EF000058D2002001F1404303F54D03C3F3C344DB0D9D4ABFEE002BDB05C91A02EB0414BE
:20EF200007EE901A94ED025B94ED004BDB15B7EEE76A07EE903AA4EE062B92ED421B22EE34
:20EF4000024B24EE040BB8EEE76B36EE056B92ED405B92ED443BA2EE051B92ED465BA2EE3F
:20EF6000035B92ED483BB7EEC77AA2EE036BA4EE056BA1EE006B27EE067B17EE903AC3F336
:20EF8000CF3248F2BF039A42C0F0B8809FED766BB4EEC67BF1EE10FA79DD03B0BDE8304059
:20EFA00000F0B0BA904230D32BB14900B1F17F4F08D815E053B981F48001490011F5000F58
:20EFC00040F2CA8037EE870A03B030BDB1F17E5F05D184F48004640014F5000FF0E7490072
:20EFE000B3F17F4FEED1B1F1FE4F00F0B580B1F1FE4F6FEA040434BF00210121E40FA14270
:20F0000040F0AD8027EE070ADEE74D006B1E93421BD3002920EE000A0EDA2046FFF744FF47
:20F02000012809D1B1EE400A45B9002CCCDA03B0BDE8304000F06CBA0020F5E7002CC3DA71
:20F04000F7EE007A87EE800ABEE700291DDA2046FFF72AFF20B903B0BDE8304000F06ABA53
:20F06000431E58425841000421F00041B1F5000FBFF448AFDFED456A27EEA60A10EE103ABF
:20F0800023F00043A3F138613CE70020EEE79FED386BB4EEC67BF1EE10FA0FDD4FF04C5310
:20F0A000C0B10193DDED016ABFEE006A76EE666AF4EE466AF1EE10FA7FF46FAF9FED2E6B9A
:20F0C000B4EEC67BF1EE10FA0CD803B0BDE8304000F00CBA0093DDED006AB7EE006A76EEC8
:20F0E000866AE5E79FED266BB4EEC67BF1EE10FA04D503B0BDE8304000F0FEB9244BB7EE0F
:20F10000000B93ED405B37EE056B16EE102A36EE456B02F01F0137EE467B93ED425B27EEF8
:20F12000074B93ED446B03EBC10553F83140A7EE056B6D6893ED465B801800210A1905EB17
:20F14000C033A7EE050B43EC172BA6EE040B20EE070BB7EEC00B37E7B7EE000A34E79FEDFF
:20F160000D0A31E7AFF3008071D5D1FFFFFF5F40E2AAA3FFFFFF5F400000000000C062C0DE
:20F180000000000000A062C0A80901080000004B90FD000800000000CB0712D421EE005BF1
:20F1A00090ED1A6B90ED187BA6EE017B90ED166B21EE051BA6EE050BA7EE010BB7EEC00B4B
:20F1C000704790ED146B21EE015B90ED127B90ED0C0BA1EE067B90ED0E6BA1EE060B90ED50
:20F1E000106B21EE051BA5EE060BE5E70000000037B510EE104AC4F30A53B3F57D7FB7EE54
:20F20000C06AF0EE407A4FEA145218D226EE061BB3F5667F0AD212F4FF6F03D1B7EEC11B3C
:20F220008DED011AB0EE670A03B030BD3A48B0EE460B002103B0BDE83040FFF7ADBF40F29C
:20F240002E42934224D8344B93ED087B26EE077BFDEEC77B03F1700017EE901A01F500011E
:20F26000091607EE901A01F0030203EBC202B8EEE75B92ED000B93ED0A7B11F0020FA5EE0C
:20F28000476B08BF184626EE061B20EE060BD1E7B3F5FF6F37D22149C4F3836001EB8002FA
:20F2A000C4F31603C4F3C25551F82010106A126943F40003AB40A0FB03505943E3FB0201B2
:20F2C00001F100539D0F03F04043C91AF1F792F905EBD474104B04F0030203EBC2029FEDA7
:20F2E0000C6B92ED000B41EC170B14F0020F27EE067B03F17000294608BF184627EE071BE4
:20F3000020EE070B96E703B0BDE8304000F012B9182D4454FB21193C58000108F8FF00081F
:20F32000CB0712D421EE005B90ED1A6B90ED187BA6EE017B90ED166B21EE051BA6EE050BB8
:20F34000A7EE010BB7EEC00B704790ED146B21EE015B90ED127B90ED0C0BA1EE067B90ED53
:20F360000E6BA1EE060B90ED106B21EE051BA5EE060BE5E70000000038B510EE104AC4F3E1
:20F380000A53B3F57D7FB7EEC07A1FD227EE077BB3F5667FC0F0828027EE074B444B93ED50
:20F3A000145B93ED126B93ED0C0BA7EE056B93ED0E5BA7EE050B93ED105B27EE047BA4EEA6
:20F3C000050BA6EE070BB7EEC00B38BD40F22E42934229D8364B93ED086B27EE066BFDEEB5
:20F3E000C66B03F1700016EE901A01F50001091606EE901A01F0030203EBC202B8EEE65B87
:20F4000092ED000B93ED0A6B11F0020F81F00101A5EE467B08BF184627EE071BBDE838401B
:20F4200020EE070BFFF77CBFB3F5FF6F32D22149C4F3836001EB8002C4F31603C4F3C25551
:20F4400051F82010106A126943F40003AB40A0FB03505943E3FB020101F100539D0F03F0CA
:20F460004043C91AF1F7C6F805EBD474104B9FED0E6B41EC170B04F0030203EBC20292ED6F
:20F48000000B27EE067B03F1700014F0020F85F00101BFE7BDE8384000F04CB8B7EE000A75
:20F4A00093E700BFAFF30080182D4454FB21193C58000108F8FF000810B52DED028BB0EE39
:20F4C000408A0446FFF752FBB0EE480ABDEC028B046010BD30B1F1EE407A27EE800A222023
:20F4E000FFF7EABFF0EE407AF7E700009FED010AFFF7F0BF000000109FED010AFFF7EABF75
:20F500000000201A9FED010AFFF7E4BF000000709FED070AF7EE007ABFEE007A00284FF087
:20F52000220047FE877A87EE800AFFF7C5BF00BF00000000F0EE407A30EE407AF4EE677AF8
:20F54000F1EE10FA87EE070A02D62120FFF7B4BF7047B1EEC00A704710B5B0EE407B17EEC0
:20F56000904A2F4B24F000449C422DED028B06D920EE007BB0EE470BBDEC028B10BD294B8B
:20F580009C4213D8FFF784FB00F0DAF8B7EE006BB4F1725F30EE067BECD337EE077B20EED2
:20F5A000000B80EE075B35EE067BE3E71E4B9C420AD8FFF76DFB00F027FAB6EE006B86EEE7
:20F5C000007BA0EE067BD5E7184B9C4208D8FFF75FFB00F019FAB6EE007B27EE007BC9E712
:20F5E000134B9C4207D901339C4211D110EE102A104B9A420CD8B0EE470BB6EE008BFFF793
:20F6000047FB20EE080B00F0FFF920EE087BE4E7BDEC028B0020BDE8104000F0F1BA00BF9E
:20F62000FFFFEF7F422ED63FFFFF3540412E8640CD3386407DF8B98F10B5B0EE407B17EE8B
:20F64000903A374A23F0004494422DED048B06D930EE007BB0EE470BBDEC048B10BD002BF1
:20F66000304BBEEE008BB6EE006B26FE088B9C422AD8B7EE009B2C4B9C4208D89FED266BA0
:20F6800030EE066BB4EEC96BF1EE10FAE2DCB0EE470BFFF7FDFA00F053F8244B9C420CD815
:20F6A00020EE006B30EE099B86EE097BB0EE006B90EE067B27EE087BCCE730EE099B80EE94
:20F6C000097B37EE007BF5E7194B9C4206D8FFF7DFFA00F099F928EE007BBBE7154B9C4248
:20F6E00007D901339C4211D110EE102A124B9A420CD8B0EE470BFFF7CBFAB6EE007B20EE09
:20F70000070B00F081F928EE008BE4E79FED026B27EE067B9EE700BF3374AC3C1F7BAC7FDA
:20F72000FFFFEF7FFFFF3540FFFF2F3EFFFFEF3F412E8640CD3386407DF8B98F000000009B
:20F7400010B410EE902AAA4822F0004383422DED028B02F0004134D9A648834223D9A6489D
:20F76000834212D910EE103AC2F313021A4306D030EE000BBDEC028B5DF8044B70470029B1
:20F78000BFEE007B00FE070BF4E79FED817BB4EEC70BF1EE10FA06DDBDEC028B00205DF8E3
:20F7A000044B00F02DBA002959D09FED7B7B30EE077BB5EEC07BF1EE10FA69D5BFEE000BF2
:20F7C000D8E78E4A934271D98D4A934267D89FED747BE9BB30EE477B9FED736B012337EED6
:20F7E000460B37EE407B37EE467B9FED714BB6EE003B20EE038B9FED705B20EE086BB0EEB9
:20F80000081BA6EE045B9FED6E4B9FED6F2BA5EE064B9FED6F5BA4EE065BA5EE062BB7EED1
:20F82000005BB0EE454BA2EE064BA8EE441BB1EE088B34EE412BA0EE418B82EE084B24EE7A
:20F84000064B002B40D190EE046B30EE460B91E79FED616B30EE077B4FF0FF33BFE79FEDAC
:20F86000606B20EE066BB6EE007B9FED4D5B37EE067BFDEEC77BB8EEE76B17EE903AB0EEB3
:20F88000407BA6EE457B9FED485B26EE056BA6E79FED536B20EE066BBEEE007BE5E79FEDD1
:20F8A000506B20EE066B0029F6D1DCE7554A934208D89FED4D7B30EE077B37EE477B30EE0E
:20F8C000470B57E7002390E75A1C34EE474B94EE007B37EE467B06D130EE477BBEEE000B83
:20F8E000A7EE030B46E7012B18D1BDEE006BB4EEC60BF1EE10FA08D530EE033BB8EE000BC7
:20F9000037EE437B27EE000B34E730EE477BB0EE006BA7EE065BB0EE450B2BE75A1C392A11
:20F920004FEA03540DD937EE407B35EE477B17EE901A53EC172B631843EC102B30EE450B09
:20F9400018E7132B4FF0000015DC37EE407B4FF4001242FA03F3C3F17F5101F5401141ECDB
:20F96000160B36EE477B17EE901A53EC172B631843EC102BFEE6C3F57F730333190541EC5C
:20F98000160B37EE067B30EE477B37EE057BEAE7EF39FAFE422E864059F3F8C21F6EA501BB
:20F9A0000000E0FE422EE63F763C7935EF39EA3D2DC3096EB7FD8ABE3952E686CACFD03E24
:20F9C000B7DBAA9E19CE14BFF41011111111A1BF8555FE19A0015A3F763C7935EF39EABD91
:20F9E000FE822B654715F73F9C7500883CE4377E79684340412E8640FFFFEF7F422ED63F6D
:20FA0000B1A2F03FFFFF8F3CFFB410EE903A6FF47272C3F30A54A2183E2A10EE101A22D980
:20FA2000002A06DAB7EE007B30EE070B04B0F0BC7047B4F5816F4FF0000013D913F5801FEA
:20FA400008BF814200F0A08040F2FF729442E9D0834203DA04B0F0BC00F0CAB804B0F0BC06
:20FA600000F0CEB80446504991ED026B91ED005BB0EE467BA5EE007B17EE105A37EE467BA7
:20FA800091ED046B05F07F03A6EE070B91ED066BD81800F10F0301EBC000A6EE070B91EDAA
:20FAA0000A3B20EE007B90ED1C6B91ED084B30EE066B01EBC302A3EE004B91ED0E3BA4EE2E
:20FAC000076B27EE077B91ED0C4B51F83370D2F804C0A3EE004B0026F2190CEB4533A7EEBD
:20FAE000046B002C4BD1B54210DB03F140419FED287B01F57001104641EC100BA6EE000B25
:20FB000020EE070B04B0F0BC00F08EB803F17F5101F50011104641EC170BB7EE004B26EEBB
:20FB2000076B37EE065BB4EEC45BF1EE10FA9FED1A0B1ED535EE043B37EE457B37EE067B92
:20FB400034EE436B36EE056B36EE076B36EE036B36EE445BB5EE405BF1EE10FA01D19FEDD1
:20FB6000105B8DED000B9DED007B27EE007B8DED027B25EE000B04B0F0BC00F049B843EC6B
:20FB8000102BA6EE000B51E79FED050B4EE700BF000000000000007F000000000000100034
:20FBA00000000000000000003801010810B52DED028BB0EE408B0446FEF7D8FFB0EE480B27
:20FBC000BDEC028B046010BD82B058B1B1EE407B8DED007B9DED007B222020EE070B02B01B
:20FBE000FFF7E4BFB0EE407BF2E70000000000009FED010BFFF7E8BF0000000000000010F5
:20FC00009FED010BFFF7E0BF0000000000000070B5EE400BF1EE10FA02D12220FFF7C6BFE0
:20FC200070470000000000009FED076BB0EEC07BB4EE467BF1EE10FA02DD2220FFF7B6BF5E
:20FC4000704700BFAFF30080FFFFFFFFFFFFEF7FF8B500BFF8BC08BC9E467047F8B500BFB9
:20FC6000F8BC08BC9E4670470200000005000000050000000000803F0000403FABAA2A3F69
:20FC80000000003F0000C03EABAAAA3E0000803E0000403EABAA2A3E0000003E0000C03DB6
:20FCA000ABAAAA3D0000803D0000803C0000003D0000803D0000003E0000803E0000003F5A
:20FCC0000000803F0000003E0000803E0000003F0000803F0000004000008040000000412A
:20FCE0000000803F000000400000804000000041000080410000004200008042CC590124F5
:20FD00003C5801249C5701244C5701240000803EABAAAA3E0000C03E0000003FABAA2A3F54
:20FD20000000403F0000803FABAAAA3F0000C03F00000040ABAA2A40000040400000804009
:20FD40000000804000004040ABAA2A40000000400000C03FABAAAA3F0000803F0000403FE9
:20FD6000ABAA2A3F0000003F0000C03EABAAAA3E0000803E00000000010203040102030479
:20FD800006070809000610160006101600000000000000000000F03F748515D3B0D9EF3F26
:20FDA0000F89F96C58B5EF3F515B12D00193EF3F7B517D3CB872EF3FAAB968318754EF3FD9
:20FDC0003862756E7A38EF3FE1DE1FF59D1EEF3F15B7310AFE06EF3FCBA93A37A7F1EE3F27
:20FDE0002234124CA6DEEE3F2D89616008CEEE3F272A36D5DABFEE3F824F9D562BB4EE3F32
:20FE0000295448DD07ABEE3F85553AB07EA4EE3FCD3B7F669EA0EE3F745FECE8759FEE3F0E
:20FE20008701EB7314A1EE3F13CE4C9989A5EE3FDBA02A42E5ACEE3FE5C5CDB037B7EE3FF2
:20FE400090F0A38291C4EE3F5D253EB203D5EE3FADD35A999FE8EE3F475EFBF276FFEE3FA9
:20FE60009C5285DD9B19EF3F6990EFDC2037EF3F87A4FBDC1858EF3F5F9B7B33977CEF3F7E
:20FE8000DA90A4A2AFA4EF3F40456E5B76D0EF3F000000000000E8429423914BF86AAC3F65
:20FEA000F3C4FA50CEBFCE3FD6520CFF422EE63F0000000000003843FE822B654715474071
:20FEC0009423914BF86ABC3EF3C4FA50CEBF2E3FD6520CFF422E963FBEF3F879EC61F63F1C
:20FEE000DEAA8C80F77BD5BF3D88AF4AED71F53FDB6DC0A7F0BED2BFB010F0F03995F43F89
:20FF0000673A517FAE1ED0BF8503B8B095C9F33FE92482A6D831CBBFA564880C190DF33FD8
:20FF20005877C00A4F57C6BFA08E0B7B225EF23F00819CC72BAAC1BF3F341A4A4ABBF13F53
:20FF40005E0E8CCE764EBABFBAE58AF05823F13FCC1C615A3C97B1BFA70099413F95F03F70
:20FF60001E0CE138F452A2BF000000000000F03F0000000000000000AC479AFD8C60EE3FC5
:20FF80008459F25DAAA5AA3FA06A021FB3A4EC3FB42E36AA535EBC3FE6FC6A573620EB3FBF
:20FFA00008DB2077E526C53F2DAAA163D1C2E93F7047220D86C2CB3FED417803E686E83FAE
:20FFC000E17EA0C88B05D13F624853F5DC67E73F09EEB6573004D43FEF39FAFE422EE63F5F
:20FFE0003483B848A30ED0BF6A0BE00B5B57D53F23410AF2FEFFDFBFA2000000F9A20000AC
:020000040801F1
:2000000083F9A2006E83F9A24E6E83F9444E6E8315444E6E2915444EFC29154427FC2915B7
:200020005727FC29D15727FCF5D1572734F5D157DD34F5D1C0DD34F5DBC0DD3462DBC0DD1A
:200040009562DBC0999562DB3C999562433C999590433C994190433C000000000000F03F03
:20006000000000000000F0BF000000000000F0BF000000000000F03F83C8C96D305F64413E
:20008000182D4454FB21F93F000000000000F03F1C620CFDFFFFDFBF198F06E15355A53FC2
:2000A0009D359AE887C056BFC3F87B024393F93E03A695595455C5BFC40B23057610813F4A
:2000C00024CF7437EB9429BF000000000000F03F000000000000F0BF000000000000F0BF8E
:2000E000000000000000F03F83C8C96D305F6441182D4454FB21F93F000000000000F0BF3C
:200100001C620CFDFFFFDF3F198F06E15355A5BF9D359AE887C0563FC3F87B024393F9BEAC
:2001200003A695595455C5BFC40B23057610813F24CF7437EB9429BFFE822B6547156740A6
:2001400000000000000038430000FAFE422E76BF3A3B9EBC9AF70CBDBDFDFFFFFFFFDF3F8A
:200160003C5455555555C53F912B17CF5555A53F17D0A4671111813F000000000000C84289
:20018000EF39FAFE422EE63F24C482FFBDBFCE3FB5F40CD7086BAC3FCC5046D2ABB2833F7B
:2001A000843A4E9BE0D7553F0000000000000000000000000000F03F6EBF881A4F3B9B3CEE
:2001C0003533FBA93DF6EF3F5DDCD89C136071BC6180773E9AECEF3FD16687107A5E90BC29
:2001E000857F6EE815E3EF3F13F6673552D28C3C748515D3B0D9EF3FFA8EF92380CE8BBC1D
:20020000DEF6DD296BD0EF3F61C8E6614EF7603CC89B751845C7EF3F99D3335BE4A3903CD3
:2002200083F3C6CA3EBEEF3F6D7B835DA69A973C0F89F96C58B5EF3FFCEFFD921AB58E3C68
:20024000F747722B92ACEF3FD19C2F703DBE3E3CA2D1D332ECA3EF3F0B6E908934036ABCB2
:200260001BD3FEAF669BEF3F0EBD2F2A525695BC515B12D00193EF3F55EA4E8CEF8050BCB3
:20028000CC316CC0BD8AEF3F16F4D5B923C991BCE02DA9AE9A82EF3FAF555CE9E3D3803C86
:2002A000518EA5C8987AEF3F4893A5EA151B80BC7B517D3CB872EF3F3D32DE55F01F8FBC03
:2002C000EA8D8C38F96AEF3FBF53133F8C898B3C75CB6FEB5B63EF3F26EB11769CD996BC2D
:2002E000D45C0484E05BEF3F602F3A3EF7EC9A3CAAB968318754EF3F9D3886CB82E78FBC3E
:200300001DD9FC22504DEF3F8DC3A644416F8A3CD68C62883B46EF3F7D04E4B0057A803C03
:2003200096DC7D91493FEF3F94A8A8E3FD8E963C3862756E7A38EF3F7D4874F2185E873CA2
:200340003FA6B24FCE31EF3FF2E71F982B47803CDD7CE265452BEF3F5E08713F7BB896BCF3
:200360008163F5E1DF24EF3F31AB096DE1F7823CE1DE1FF59D1EEF3FFABF6F1A9B213DBCF7
:2003800090D9DAD07F18EF3FB40A0C7282378B3C0B03E4A68512EF3F8FCBCE8992146E3C6B
:2003A000562F3EA9AF0CEF3FB6ABB04D754D833C15B7310AFE06EF3F4C74ACE20142863C7D
:2003C00031D84CFC7001EF3F4AF8D35D39DD8F3CFF1664B208FCEE3F045B8E3B80A386BCF1
:2003E000F19F925FC5F6EE3F68504BCCED4A92BCCBA93A37A7F1EE3F8E2D511BF80799BC1B
:2004000066D8056DAEECEE3FD236943EE8D171BCF79FE534DBE7EE3F151BCEB3191999BCCF
:20042000E5A813C32DE3EE3F6D4C2AA7489F853C2234124CA6DEEE3F8A69287A601293BC2F
:200440001C80AC0445DAEE3F5B8917488FA758BC2A2EF7210AD6EE3F1B9A49679B2C7CBC96
:2004600097A850D9F5D1EE3F11ACC260ED63433C2D89616008CEEE3FEF64063B0966963C24
:2004800057001DED41CAEE3F7903A1DAE1CC6E3CD03CC1B5A2C6EE3F30120F3F8EFF933C72
:2004A000DED3D7F02AC3EE3FB0AF7ABBCE90763C272A36D5DABFEE3F77E054EBBD1D933CA5
:2004C0000DDDFD99B2BCEE3F8EA3710034948FBCA72C9D76B2B9EE3F49A393DCCCDE87BC86
:2004E0004266CFA2DAB6EE3F5F380FBDC6DE78BC824F9D562BB4EE3FF65C7BEC461286BCC8
:200500000F925DCAA4B1EE3F8ED7FD180535933CDA27B53647AFEE3F059B8A2FB7987B3CA0
:20052000FDC797D412ADEE3F09541CE2E163903C295448DD07ABEE3FEAC6195085C7343CDF
:20054000B746598A26A9EE3F35C0642BE632943C4821AD156FA7EE3F9F7699614AE48CBC60
:2005600009DC76B9E1A5EE3FA84DEF3BC5338CBC85553AB07EA4EE3FAEE92B89785384BCEC
:2005800020C3CC3446A3EE3F58585678DDCE93BC2522558238A2EE3F64197E80AA10573CFD
:2005A00073A94CD455A1EE3F28225EBFEFB393BCCD3B7F669EA0EE3F82B93487AD126ABC51
:2005C000BFDA0B7512A0EE3FEEA96DB8EF6763BC2F1A653CB29FEE3F5188E0543DDC80BC28
:2005E000849451F97D9FEE3FCF3E5A7E641F78BC745FECE8759FEE3FB07D8BC04AEE86BCDA
:200600007481A5489A9FEE3F8AE6551E321986BCC9674256EB9FEE3FD3D4095ECB9C903C62
:200620003F5DDE4F69A0EE3F1DA54DB9DC327BBC8701EB7314A1EE3F6BC06754FDEC943C47
:2006400032C13001EDA1EE3F556CD6ABE1EB653C624ECF36F3A2EE3F42CFB32FC5A188BCF8
:20066000121A3E5427A4EE3F34373BF1B66993BC13CE4C9989A5EE3F1EFF193A845E80BC10
:20068000ADC723461AA7EE3F6E5772D850D494BCED92449BD9A8EE3F008A0E5B67AD903C2D
:2006A00099668AD9C7AAEE3FB4EAF0C12FB78D3CDBA02A42E5ACEE3FFFE7C59C60B665BC19
:2006C0008C44B51632AFEE3F445FF35983F67B3C36771599AEB1EE3F833D1EA71F0993BC6F
:2006E000C6FF910B5BB4EE3F291E6C8BB8A95DBCE5C5CDB037B7EE3F59B9907CF9236CBC01
:200700000F52C8CB44BAEE3FAAF9F422434392BC504EDE9F82BDEE3F4B8E66D76CCA85BC19
:20072000BA07CA70F1C0EE3F27CE912BFCAF713C90F0A38291C4EE3FBB730AE135D26D3CE7
:200740002323E31963C8EE3F6322622204C587BC65E55D7B66CCEE3FD531E2E3861C8B3C35
:20076000332D4AEC9BD0EE3F15BBBCD3D1BB91BC5D253EB203D5EE3FD231EE9C31CC903C46
:2007800058B330139ED9EE3FB35A736E8469843CBFFD79556BDEEE3FB49D8E97CDDF82BC6C
:2007A0007AF3D3BF6BE3EE3F8733CB92771A8C3CADD35A999FE8EE3FFAD9D14A8F7B90BCE4
:2007C00066B68D2907EEEE3FBAAEDC56D9C355BCFB154FB8A2F3EE3F40F6A63D0EA490BCEE
:2007E0003A59E58D72F9EE3F3493AD38F4D668BC475EFBF276FFEE3F358A586BE2EE91BCEF
:200800004A06A130B005EF3FCDDD5F0AD7FF743CD2C14B901E0CEF3FAC9892FAFBBD91BCA0
:20082000091ED75BC212EF3FB30CAF30AE6E733C9C5285DD9B19EF3F94FD9F5C32E38E3C57
:200840007AD0FF5FAB20EF3FAC5909D18FE0843C4BD1572EF127EF3F671A4E38AFCD633CE0
:20086000B5E706946D2FEF3F6819926C2C6B673C6990EFDC2037EF3FD2B5CC83188A80BCC2
:20088000FAC35D550B3FEF3F6FFAFF3F5DAD8FBC7C89074A2D47EF3F49A97538AE0D90BCD7
:2008A000F2890D08874FEF3FA7073DA685A3743C87A4FBDC1858EF3F0F2240209E9182BC9D
:2008C0009883C916E360EF3FAC92C1D5505A8E3C8532DB03E669EF3F4B6B01AC593A843C9D
:2008E00060B401F32173EF3F1F3EB40721D582BC5F9B7B33977CEF3FC90D473BB92A89BC79
:2009000029A1F5144686EF3FD3883A6004B6743CF63F8BE72E90EF3F71729D51ECC5833CD7
:20092000834CC7FB519AEF3FF091D38F12F78FBCDA90A4A2AFA4EF3F7D7423E298AE8DBC20
:20094000F1678E2D48AFEF3F0820AA41BCC38E3C275A61EE1BBAEF3F32EBA9C3942B843C28
:2009600097BA6B372BC5EF3FEE85D131A9648A3C40456E5B76D0EF3FEDE33BE4BA378EBC32
:2009800014BE9CADFDDBEF3F9DCD914D3B89773CD8909E81C1E7EF3F89CC6041C105533CCF
:2009A000F1718F2BC2F3EF3FBEF3F879EC61F63F1930965BC6FEDEBF3D88AF4AED71F53FA9
:2009C000A4FCD432680BDBBFB010F0F03995F43F7BB71F0A8B41D7BF8503B8B095C9F33F86
:2009E0007BCF6D1AE99DD3BFA564880C190DF33F31B6F2F39B1DD0BFA08E0B7B225EF23FA1
:200A0000F07A3B1B1D7CC9BF3F341A4A4ABBF13F9F3CAF93E3F9C2BFBAE58AF05823F13FAB
:200A20005C8D78BFCB60B9BFA70099413F95F03FCE5F47B69D6FAABF000000000000F03FA1
:200A40000000000000000000AC479AFD8C60EE3F3DF5249FCA38B33FA06A021FB3A4EC3F5D
:200A6000BA913854A976C43FE6FC6A573620EB3FD2E4C44A0B84CE3F2DAAA163D1C2E93F64
:200A80001C65C6F04506D43FED417803E686E83FF89F1B2C9C8ED83F624853F5DC67E73F0B
:200AA000CC7BB14EA4E0DC3F0B6E49C91676D23F7AC675A06919D7BFDDBAA76C0AC7DE3F24
:200AC000C8F6BE484715E7BF2BB82A654715F73FBD020008990200080090D0030090D0031C
:200AE000F6FF1F00F6FF1F0000D089450AD7233CF5728E390000803FCDCC4C3FC3F5283EC1
:200B0000C3F5283E0000803F0000803F0000803F0000803F000000006F12033B00000040BC
:200B2000010000000000803F0000803F0101000003000000010100000000803F0000803FB1
:200B40000000803F0000803F0000803F0000803F0000803F0000803F0000803F54008C3C40
:200B600065E16BBC54008C3C0000803F4D15BCBFB5FD333F0000803FEC2FABBF0000803F29
:200B80000000803F13F2C1BF35416C3F0000803F0000803F000000000000803F268D39BF08
:200BA000000000000000034400004B4400808D4400E09D440AD7A33C60EA00000100000042
:200BC000000000400000C03F0000E03F9A99194048E12A40000000400000A03F3333F33FE1
:200BE000CDCC0C409A993940E80300000000803F010000000000803F0000803F0000803F7C
:200C00000000803F0000803F0000803F0000803F0000803F1000000001000000481100248B
:200C200000000000982A0424002B0424682B042400000000000000000000000000000000BC
:200C4000000000000000000000000000000000000000000000000000000000000000000094
:0C0C600000000000000000000000000088
:020000040810E2
:200000000080041041EA1008F1E81008F9E8100801E9100809E9100811E910080000000001
:2000200000000000000000000000000041C5110819E910080000000091C71108F9C711083D
:2000400091EA100891EA100891EA100891EA100891EA100891EA100891EA100891EA100808
:2000600091EA100891EA100891EA100829E9100891EA100891EA10083DE9100851E91008E7
:2000800065E9100891EA100879E9100891EA100891EA100891EA100891EA100891EA10080E
:2000A00091EA100891EA100891EA100891EA10088DE9100891EA100891EA100891EA1008AD
:2000C00091EA100891EA100891EA100891EA100891EA100891EA1008A1E9100891EA100879
:2000E00091EA100891EA10080000000091EA1008B5E9100891EA100891EA100891EA1008D8
:2001000091EA100891EA1008D1E91008E5E91008F9E9100891EA10080DEA100891EA1008D2
:2001200091EA100891EA100891EA100891EA100891EA100891EA100891EA100891EA100827
:2001400091EA100891EA1008000000000000000091EA100891EA100891EA100891EA10082D
:2001600091EA100891EA100891EA100891EA100891EA100891EA100891EA100891EA1008E7
:2001800091EA100891EA100891EA100891EA100891EA100891EA100891EA100891EA1008C7
:2001A00091EA100891EA100891EA100891EA100891EA100891EA100891EA100891EA1008A7
:2001C00091EA100891EA100891EA100891EA100891EA100891EA100891EA100891EA100887
:2001E00091EA100891EA100891EA100891EA100891EA100891EA100891EA100891EA100867
:2002000091EA100891EA100891EA100891EA100891EA100821EA100891EA100891EA1008B6
:2002200091EA100891EA100891EA100891EA100891EA100891EA100835EA100891EA100882
:2002400091EA100891EA100891EA100891EA100891EA100891EA100891EA100891EA100806
:2002600091EA100891EA100891EA100891EA100891EA100891EA100891EA100891EA1008E6
:1802800091EA100891EA100891EA10080000000091EA100891EA100887
:2002A00010B5054C237833B9044B13B10448AFF300800123237010BD300400100000000058
:2002C00064DE110808B5034B1BB103490348AFF3008008BD000000003404001064DE1108CB
:2002E00081F0004102E000BF83F0004330B54FEA41044FEA430594EA050F08BF90EA020F2D
:200300001FBF54EA000C55EA020C7FEA645C7FEA655C00F0E2804FEA5454D4EB5555B8BF02
:200320006D420CDD2C4480EA020281EA030382EA000083EA010180EA020281EA0303362DB9
:2003400088BF30BD11F0004F4FEA01314FF4801C4CEA113102D0404261EB410113F0004F23
:200360004FEA03334CEA133302D0524263EB430394EA050F00F0A780A4F10104D5F1200E61
:200380000DDB02FA0EFC22FA05F2801841F1000103FA0EF2801843FA05F359410EE0A5F1A9
:2003A00020050EF1200E012A03FA0EFC28BF4CF0020C43FA05F3C01851EBE37101F00045B5
:2003C00007D54FF0000EDCF1000C7EEB00006EEB0101B1F5801F1BD3B1F5001F0CD349082F
:2003E0005FEA30004FEA3C0C04F101044FEA445212F5800F80F09A80BCF1004F08BF5FEA0E
:20040000500C50F1000041EB045141EA050130BD5FEA4C0C404141EB0101013C28BFB1F586
:20042000801FE9D291F0000F04BF01460020B1FA81F308BF2033A3F10B03B3F120020CDA21
:200440000C3208DD02F1140CC2F10C0201FA0CF021FA02F10CE002F11402D8BFC2F1200C35
:2004600001FA02F120FA0CFCDCBF41EA0C019040E41AA2BF01EB0451294330BD6FEA04046F
:200480001F3C1CDA0C340EDC04F11404C4F1200220FA04F001FA02F340EA030021FA04F3C0
:2004A00045EA030130BDC4F10C04C4F1200220FA02F001FA04F340EA0300294630BD21FADE
:2004C00004F0294630BD94F0000F83F4801306BF81F480110134013D4EE77FEA645C18BFBC
:2004E0007FEA655C29D094EA050F08BF90EA020F05D054EA000C04BF1946104630BD91EAF6
:20050000030F1EBF0021002030BD5FEA545C05D14000494128BF41F0004130BD14F5800452
:200520003CBF01F5801130BD01F0004545F0FE4141F470014FF0000030BD7FEA645C1ABFCE
:20054000194610467FEA655C1CBF0B46024650EA013406BF52EA033591EA030F41F40021BD
:2005600030BD00BF90F0000F04BF0021704730B54FF4806404F132044FF000054FF00001EA
:2005800050E700BF90F0000F04BF0021704730B54FF4806404F1320410F0004548BF404236
:2005A0004FF000013EE700BF42004FEAE2014FEA31014FEA02701FBF12F07F4393F07F4FB0
:2005C00081F06051704732F07F4208BF704793F07F4F04BF41F40021704730B54FF46074C4
:2005E00001F0004521F000411CE700BF50EA010208BF704730B54FF000050AE050EA0102A6
:2006000008BF704730B511F0004502D5404261EB41014FF4806404F132045FEA915C3FF48F
:20062000D8AE4FF003025FEADC0C18BF03325FEADC0C18BF033202EBDC02C2F1200300FADB
:2006400003FC20FA02F001FA03FE40EA0E0021FA02F11444BDE600BF70B54FF0FF0C4CF4E4
:20066000E06C1CEA11541DBF1CEA135594EA0C0F95EA0C0F00F0DEF82C4481EA030621EA91
:200680004C5123EA4C5350EA013518BF52EA033541F4801143F4801338D0A0FB02CE4FF014
:2006A0000005E1FB02E506F00042E0FB03E54FF00006E1FB03569CF0000F18BF4EF0010E3E
:2006C000A4F1FF04B6F5007F64F5407404D25FEA4E0E6D4146EB060642EAC62141EA555101
:2006E0004FEAC52040EA5E504FEACE2EB4F1FD0C88BFBCF5E06F1ED8BEF1004F08BF5FEAD6
:20070000500E50F1000041EB045170BD06F0004646EA010140EA020081EA0301B4EB5C0484
:20072000C2BFD4EB0C0541EA045170BD41F480114FF0000E013C00F3AB8014F1360FDEBF66
:20074000002001F0004170BDC4F10004203C35DA0C341BDC04F11404C4F1200500FA05F3E6
:2007600020FA04F001FA05F240EA020001F0004221F0004110EBD37021FA04F642EB060141
:200780005EEA430E08BF20EAD37070BDC4F10C04C4F1200500FA04F320FA05F001FA04F2EF
:2007A00040EA020001F0004110EBD37041F100015EEA430E08BF20EAD37070BDC4F12005B6
:2007C00000FA05F24EEA020E20FA04F301FA05F243EA020321FA04F001F0004121FA04F259
:2007E00020EA020000EBD3705EEA430E08BF20EAD37070BD94F0000F0FD101F000464000FB
:2008000041EB010111F4801F08BF013CF7D041EA060195F0000F18BF704703F0004652005C
:2008200043EB030313F4801F08BF013DF7D043EA0603704794EA0C0F0CEA135518BF95EAD8
:200840000C0F0CD050EA410618BF52EA4306D1D181EA030101F000414FF0000070BD50EADB
:20086000410606BF1046194652EA430619D094EA0C0F02D150EA013613D195EA0C0F05D118
:2008800052EA03361CBF104619460AD181EA030101F0004141F0FE4141F470014FF0000082
:2008A00070BD41F0FE4141F4780170BD70B54FF0FF0C4CF4E06C1CEA11541DBF1CEA135510
:2008C00094EA0C0F95EA0C0F00F0A7F8A4EB050481EA030E52EA03354FEA013100F088806B
:2008E0004FEA03334FF0805545EA131343EA12634FEA022245EA111545EA10654FEA0026C9
:200900000EF000419D4208BF964244F1FD0404F5407402D25B084FEA3202B61A65EB03056B
:200920005B084FEA32024FF480104FF4002CB6EB020E75EB030E22BFB61A754640EA0C00E1
:200940005B084FEA3202B6EB020E75EB030E22BFB61A754640EA5C005B084FEA3202B6EB42
:20096000020E75EB030E22BFB61A754640EA9C005B084FEA3202B6EB020E75EB030E22BFF1
:20098000B61A754640EADC0055EA060E18D04FEA051545EA16754FEA06164FEAC30343EAFD
:2009A00052734FEAC2025FEA1C1CC0D111F4801F0BD141EA00014FF000004FF0004CB6E750
:2009C00011F4801F04BF01430020B4F1FD0C88BFBCF5E06F3FF6AFAEB5EB030C04BFB6EBB2
:2009E000020C5FEA500C50F1000041EB045170BD0EF0004E4EEA113114EB5C04C2BFD4EBF0
:200A00000C0541EA045170BD41F480114FF0000E013C90E645EA060E8DE60CEA135594EAC0
:200A20000C0F08BF95EA0C0F3FF43BAF94EA0C0F0AD150EA01347FF434AF95EA0C0F7FF4D7
:200A400025AF104619462CE795EA0C0F06D152EA03353FF4FDAE1046194622E750EA4106F8
:200A600018BF52EA43067FF4C5AE50EA41047FF40DAF52EA43057FF4EBAE12E74FF0FF3C83
:200A800006E000BF4FF0010C02E000BF4FF0010C4DF804CD4FEA410C7FEA6C5C4FEA430C23
:200AA00018BF7FEA6C5C1BD001B050EA410C0CBF52EA430C91EA030F02BF90EA020F0020BC
:200AC000704710F1000F91EA030F58BF994208BF90422CBFD8176FEAE37040F001007047C9
:200AE0004FEA410C7FEA6C5C02D150EA013C07D14FEA430C7FEA6C5CD6D152EA033CD3D09F
:200B00005DF8040B704700BF8446104662468C461946634600E000BF01B5FFF7B7FF002830
:200B200048BF10F1000F01BD4DF808EDFFF7F4FF0CBF012000205DF808FB00BF4DF808ED60
:200B4000FFF7EAFF34BF012000205DF808FB00BF4DF808EDFFF7E0FF94BF012000205DF873
:200B600008FB00BF4DF808EDFFF7CEFF94BF012000205DF808FB00BF4DF808EDFFF7C4FF18
:200B800034BF012000205DF808FB00BF4FEA410212F5001215D211D56FF47873B3EB625208
:200BA00012D94FEAC12343F0004343EA505311F0004F23FA02F018BF404270474FF0000039
:200BC000704750EA013005D111F0004008BF6FF0004070474FF00000704700BF4A0011D2DD
:200BE00012F5001211D20DD56FF47873B3EB62520ED44FEAC12343F0004343EA505323FA15
:200C000002F070474FF00000704750EA013002D14FF0FF3070474FF0000070474FEA410260
:200C2000B2F1E04324BFB3F5001CDCF1FE5C0DD901F0004C4FEAC0024CEA5070B2F1004F1A
:200C400040EB830008BF20F00100704711F0804F21D113F13872BCBF01F00040704741F44F
:200C600080114FEA5252C2F11802C2F1200C10FA0CF320FA02F018BF40F001004FEAC12320
:200C80004FEAD32303FA0CFC40EA0C0023FA02F34FEA4303CCE77FEA625307D150EA013342
:200CA0001EBF4FF0FE4040F44000704701F0004040F0FE4040F40000704700BF53B94AB957
:200CC000002908BF00281CBF4FF0FF314FF0FF3000F06AB9ADF1080C6DE904CE00F006F869
:200CE000DDF804E0DDE9022304B070472DE9F047089D0C46002B4ED194468C458646B2FA34
:200D000082F262D94AB1C2F12003914020FA03F30CFA02FC194300FA02FE4FEA1C471FFA63
:200D20008CF6B1FBF7F44FEA1E4307FB141143EA014304FB06F199420AD91CEB030304F1B2
:200D4000FF3080F01281994240F20F81023C6344591A1FFA8EF3B1FBF7F007FB101143EAEF
:200D6000014300FB06F69E420AD91CEB030300F1FF3180F0FC809E4240F2F98063440238EF
:200D80009B1B40EA044000211DB1D3400022C5E90032BDE8F0878B4205D90DB1C5E90001F7
:200DA00000210846F5E7B3FA83F1002946D1A34202D39042C0F0F080861A64EB03030120C5
:200DC000002DE6D0C5E90063E3E7002A40F09080A1EB0C044FEA1C481FFA8CF70121B4FB45
:200DE000F8F64FEA1E4308FB164443EA044307FB06F0984208D91CEB030306F1FF3402D2DC
:200E0000984200F2CD8026461C1A1FFA8EF3B4FBF8F008FB104443EA044300FB07F79F4241
:200E200008D91CEB030300F1FF3402D29F4200F2B0802046DB1B40EA0640A5E7C1F1200699
:200E40008B4022FA06F71F4320FA06FC04FA01F343EA0C03F44000FA01F8380C4FEA134902
:200E6000B4FBF0FE1FFA87FC00FB1E4449EA04440EFB0CF9A14502FA01F20AD93C190EF147
:200E8000FF3A80F08480A14540F28180AEF1020E3C44A4EB09041FFA83F9B4FBF0F300FB9F
:200EA000134449EA044403FB0CFCA44507D93C1903F1FF3067D2A44565D9023B3C4443EACF
:200EC0000E40A0FB0293A4EB0C049C42CE469C4651D34ED055B1B8EB0E0364EB0C0404FAC8
:200EE00006F6CB401E43CC40C5E90064002150E7C2F1200320FA03F10CFA02FC24FA03F318
:200F000094400C434FEA1C4800FA02FE1FFA8CF7B3FBF8F008FB1031230C43EA014300FB06
:200F200007F1994208D91CEB030300F1FF362CD299422AD9023863445B1AA4B2B3FBF8F1AB
:200F400008FB113344EA034401FB07F3A34208D91CEB040401F1FF3613D2A34211D90239F4
:200F60006444E41A41EA004139E70446F0E6084606E7C845AED2B9EB020E63EB070C013809
:200F8000A8E73146EDE7034699E73046D4E7D6467FE7634402384DE70646234608460FE7ED
:200FA000023E634430E700BF704700BF80B400AF094BD3F88830084A43F47003C2F88830D6
:200FC000054B1B69044A43F01003136100BFBD465DF8047B704700BF00ED00E080B485B0F3
:200FE00000AFF860B9607A60FB68074A1A60BB68064A1A607B6880221A6000BF1437BD46D0
:201000005DF8047B704700BF4C040010F8040010254B93ED007AF3EE087A67EE276ADFED9B
:20102000237A86EE806ADFED226AB4EEE66AF1EE10FA66EE277A0ED5B2EE086AF0EE676AE9
:20104000F4EEC66AF1EE10FA37EE077A77EEA77AF4D483ED007ADFED176AF4EEE67AF1EE49
:2010600010FA10DDDFED145AF6EE006AB0EE676AB4EEE56AF1EE10FA27EE267A67EEA67A7E
:20108000F4DC83ED007AF3EE087A27EE277AFDEEC77A17EE900A0328B8BF0320B0F5C07F09
:2010A000A8BF4FF4C0707047D003001000007A44A69BC43C0000C0420000404380B588B0CB
:2010C00004AF03463960FB71FB799B01FB60FB689AB24FF47A730293402301933B68009303
:2010E0000223AE21044812F033FE05200DF050FD00BF1037BD4680BDD407001080B588B070
:2011000004AF0346FB710B46BB7113467B717B793B72FB799B01FB60BB799AB2FB689BB269
:2011200013449AB24FF47A7302930123019307F1080300930223AE21044812F009FE05208B
:201140000DF026FD00BF1037BD4680BDD407001080B588B004AF03463960FB71FB799B01C0
:20116000FB60FB689AB24FF47A730293402301933B6800930223AE21044812F0FDFE052011
:201180000DF006FD00BF1037BD4680BDD407001080B586B000AF9A4B1B78002B00F0688188
:2011A000974B00221A70974B93F8403083F00103DBB2002B5CD0934B012283F83820914BB9
:2011C00034221A60904B1B7883F00103DBB2002B11D08E4B1B68092B04DC8C4B1B68894A24
:2011E000536041E08A4B1B781A468A4B9B5C1A46844B5A6038E0884B1B78002B31D1834B25
:201200001B68092B09DC844BD3F828317F4A13607E4B1B687B4A53601CE07B4B00221A70D1
:201220007B4B1B78002B14BF01230023DBB283F00103DBB203F00103DAB2754B1A70774BF0
:2012400001221A70724B1B781A46724B9B5C1A466C4B5A606C4B00221A70704B01221A70E1
:2012600002E06F4B01221A70664B012283F84020694BDA786B4B1A70674B1A79694B5A706D
:20128000654B5A79674B9A70634B9A79654BDA70614BDA79634B1A71634B1B781A46614BCF
:2012A0005A715D4B93F80C311A465E4B9A7100237B6123E000233B611AE057497A69134648
:2012C0005B0013445B003A69134406339B000B445B6898103B69D91D7A6913465B001344F1
:2012E0005B000B44C1B24F4AD1543B6901333B613B69052BE1DD7B6901337B617B69052B05
:20130000D8DD454B1A7A474B83F82B20424B5A7A444B83F82C20404B9A7A424B83F82D20F1
:201320003D4BDA7A3F4B83F82E203B4B1A7B3D4B83F82F20384B5A7B3A4B83F83020364BE8
:201340009A7B384B83F83120334BDA7B354B83F83220314B1A7C334B83F833202E4B5A7C5C
:20136000304B83F834202C4B93F818212D4B83F83520294B93F819212A4B83F83620264BB0
:2013800093F81A311A46274B83F83720274B7B607B681A78234B83F838207B685A78214BAF
:2013A00083F839207B689A781E4B83F83A207B68DA781C4B83F83B20174B93F810311A4626
:2013C000184B83F83C20144B5B79002B07D1124B93F80D311A46134B83F83D2003E0114BA2
:2013E000002283F83D200C4B93F86E210D4B83F83E200C4B012283F83F200023FB601FE080
:201400000C280010882000101528001070200010172800102C0300105C2400101628001077
:2014200078200010CC270010E820001070250010114AFB68134400221A70FB680133FB6091
:20144000FB68042BF4DD0023BB6007E00B4ABB68134400221A70BB680133BB60BB68012BC8
:20146000F4DD074B1B68DBB206491846FFF726FE00BF1837BD4680BDE0200010EC200010F8
:2014800070200010CC27001090B593B000AF6A4B07F118040FCB84E80F00684B07F108049D
:2014A0000FCB84E80F0000233B6300237B640023FB620023BB6200233B64614B1B68FB6305
:2014C000604B1B78002B09D05F4B1B7883F00103DBB2002B02D05D4B1B68FB635C4B1B78C9
:2014E000002B00F038825B4B93F80F31002B0DD0594B1B7883F00103DBB2002B06D0574BC0
:2015000000221A60544B01221A700AE0514B93F80F3183F00103DBB2002B02D04E4B0022D6
:201520001A704E4B1B6813F1640F02DB4A4B00221A704B4B93F8403083F00103DBB2002BB0
:2015400000F00982444B1B7883F00103DBB2002B00F00182434B1B68002B20D1424B1B680F
:20156000092B04DC404B1B683D4AD36333E03F4B1B78002B14BF01230023DBB283F0010313
:20158000DBB203F00103DAB2384B1A70374B1B781A46374B9B5C1A46314BDA631BE02D4BB4
:2015A00093F81C31002B0AD02E4B1B68013B9B00403307F10802134453F8403C09E0294B8B
:2015C0001B68013B9B00403307F10802134453F8303C234AD363274B00221A601D4B1B7882
:2015E000002B0CD1244B1B78002B04D0194B012283F80F2103E0174B002283F80F21154B3E
:2016000093F80F3183F00103DBB2002B09D1114B1B78002B00F0DB800E4B1B78022B00F088
:20162000D6800F4B022283F83820144B06221A600023BB63C6E000BF7CDE11088CDE110866
:20164000E01E0010DD1E0010DC1E0010E81E0010182800105C2400108C290010C81E0010B6
:2016600088200010B823001070200010172800102C0300107C200010DE1E0010842000102D
:201680009E4B1B68032B03D09C4B1B68042B35D17B6C9A1C9A4913465B0013445B00BA6B33
:2016A000134406339B000B445B68B3F5007F25DA924B1A687B6C1A449149BB6B06339B004F
:2016C0000B4459688E4813465B0013445B00BA6B134406339B0003445960884B1A68884948
:2016E000BB6B06339B000B445968864813465B0013445B00BA6B134440F823107F4B1B6878
:20170000002B01D100237B647C4B1B68022B2FD17D4B1B78002B2BD0BB6B042B28D1BB6B5E
:20172000042B09D1764B93F818311A4613469B0013441B019B1A3B643B6C012BB8BF012382
:201740001A467249BB6B41F82320704ABB6B52F823206F4B1B6813446D4A13606B4ABB6BC6
:2017600052F823206B49BB6B063341F8232026E0624B1A68624913465B0013445B00BA6BE2
:20178000134406339B000B445B68012BB8BF01231A465E49BB6B41F823205C4ABB6B52F886
:2017A00023205B4B1B681344594A1360574ABB6B52F823205749BB6B063341F82320BB6B5B
:2017C0000133BB63BB6B052B7FF75AAFB1E04F4B052283F838204D4B00225A634E4B062285
:2017E0001A604E4B00221A6000237B636CE0444A7B6B18339B0013445A6844497B6B41F8CE
:2018000023207B6B9A1D3E497B6B1E339B000B445B683E4941F82230394A7B6B12339B0022
:2018200013445B68B3F5007F2BDD354A7B6B18339B0013445B68012BB8BF01231A46334957
:201840007B6B41F823202E4A7B6B1E339B0013445A687B6B0633012AB8BF01222B4941F832
:2018600023202A4B5A6B01217B6B01FA03F31344264A5363274A7B6B0633002142F8231057
:201880001FE01F4A7B6B06339B0013445B68012BB8BF01231A461D497B6B41F823207B6B37
:2018A00006331A497A6B51F82220184941F82320164A7B6B52F8232016497B6B063341F8B5
:2018C00023207B6B01337B637B6B052B8FDDD7ED0F7A9FED137A67EE877AFCEEE77AC7ED90
:2018E000017A3B79DBB21A46084B1A63074B1B6B092B17DC054B0A221A631AE0B82300101F
:201900005C240010FC22001019280010882000107C200010BC23001084200010C81E0010BB
:2019200000007F430E4B1B6BFA2B02DD0C4BFA221A630B4B012283F840200A4B00221A70BD
:20194000094B00221A60094B01221A700DF014F90346074A136000BF4C37BD4690BD00BF2E
:2019600088200010182800101C280010242800102028001080B487B000AF00237B6122E03C
:20198000894A7B6913441978884A7B69134403330A461A70844A7B69134405331978834AEC
:2019A0007B69134408330A461A707F4A7B6913440A3319787D4A7B6913440D330A461A70E9
:2019C0007B6901337B617B69042BD9DD00233B6194E03B69C3F10503734A1344DB7B9A00B3
:2019E00072493B6906339B000B445A606F4A3B6906339B0013445A686D493B6941F823208B
:201A00003B69C3F10503684A13445B7D9A0067493B690C339B000B445A60644A3B690C3323
:201A20009B0013445A6862493B69063341F823203B69C3F105035C4A1344DB7E9A005B49FA
:201A40003B6912339B000B445A60584A3B6912339B0013445A6856493B690C3341F82320BC
:201A60003B69C3F10503504A134493F821309A004E493B6918339B000B445A604B4A3B693C
:201A800018339B0013445A6849493B69123341F823203B69C3F10503434A134493F827302A
:201AA0009A0042493B691E339B000B445A603F4A3B691E339B0013445A683D493B691833C1
:201AC00041F823203B69C3F10503374A134493F82D309A0035493B6924339B000B445A60B3
:201AE000324A3B6924339B0013445A6830493B691E3341F823203B6901333B613B69052B89
:201B00007FF767AF0023FB601BE00023BB600DE02849FA6813465B0013445B00CA18BB6857
:201B2000134401221A70BB680133BB60BB68052BEEDD214AFB68134400221A70FB680133A9
:201B4000FB60FB68052BE0DD00237B600CE01B4A7B68134401221A70194A7B6813440022E5
:201B60001A707B6801337B607B68042BEFDD00233B600CE0134A3B68134401221A70124A01
:201B80003B68134400221A703B6801333B603B68012BEFDD0D4B01221A7000BF1C37BD4678
:201BA0005DF8047B704700BFF00000105C240010FC2200108C230010B0230010D00000109B
:201BC000E0200010F4200010EC2000101828001080B588B000AFA84B1B78002B00F0BF8168
:201BE000A54B00221A70A54B1B68DBB2A4491846FFF7AEFAA24B93F83F30012B40F0AD81EF
:201C00009F4B1A789F4BDA709D4B5A789D4B1A719B4B9A789B4B5A71994BDA78994B9A7119
:201C2000974B1A79974BDA71954B93F82B20954B1A72934B93F82C20924B5A72904B93F81C
:201C40002D20904B9A728E4B93F82E208D4BDA728B4B93F82F208B4B1A73894B93F83020B8
:201C6000884B5A73864B93F83120864B9A73844B93F83220834BDA73814B93F83320814BFC
:201C80001A747F4B93F834207E4B5A747C4B5B79002B14BF01230023DAB27B4B1A70784BF7
:201CA0009B79002B14BF01230023DAB2764B5A70734B9B79002B14BF01230023DAB2714B55
:201CC00083F80C21714B01221A70704B01225A706F4B012283F82A206A4B5B79032B04D11D
:201CE000684B042283F81D2107E0664B0022C3F82021644B002283F81D210023FB6137E07C
:201D00000023BB612EE0BB69D91DFA6913465B0013445B000B445A4AD35C99005948FA69D4
:201D200013465B0013445B00BA69134406339B0003445960BB69D91DFA6913465B00134467
:201D40005B000B444E4AD35C99005248FA6913465B0013445B00BA69134440F82310BB690D
:201D60000133BB61BB69052BCDDDFB690133FB61FB69042BC4DD424B93F83520414B83F879
:201D800018213F4B93F836203E4B83F819213C4B93F83730002B14BF01230023DAB2394B93
:201DA00083F81A213B467B60354B93F838207B681A707B680133324A92F839201A707B685E
:201DC00002332F4A92F83A201A707B6803332C4A92F83B201A703B682A4AC2F81431284B60
:201DE00093F83C30002B08D1264B93F81031002B03D0294B01221A702AE0214B93F83C301F
:201E0000002B15D01F4B93F8103183F00103DBB2002B0DD01A4B93F83C30002B14BF0123F2
:201E20000023DAB21D4B1A701D4B01221A700FE0134B93F83C30002B0AD0124B93F810317A
:201E4000002B05D0144B01221A70164B01221A700C4B002283F810210A4B5B79002B23D1FB
:201E6000074B93F83D30002B14BF01230023DAB2044B83F80D211BE078200010702000100C
:201E80008C2700105C240010E8200010F4200010F0230010FC220010CC1E0010132800101D
:201EA00014280010CD1E00102F4B002283F80D212E4B93F83E202C4B83F86E212A4B01221B
:201EC000DA7500237B611BE000233B610DE028497A6913465B0013445B00CA183B69134476
:201EE00001221A703B6901333B613B69052BEEDD204A7B69134400221A707B6901337B61DD
:201F00007B69052BE0DD0023FB600CE01A4AFB68134401221A70194AFB68134400221A70F2
:201F2000FB680133FB60FB68042BEFDD0023BB600CE0134ABB68134401221A70114ABB6825
:201F4000134400221A70BB680133BB60BB68012BEFDD0D4B01221A7001E0FFF70BFD00BF4E
:201F60002037BD4680BD00BF5C2400108C2700108C230010B0230010D0000010E020001026
:201F8000F4200010EC2000101828001080B592B000AF00237B6007F108033C2200211846AD
:201FA0001BF04AFC00237B641EE07B6CDB02124A82FB03125210DB17D31A99B20F4A7B6C52
:201FC0009C3322F813107B6CDB020B4A82FB03125210DB17D31A99B2084A7B6CA83322F890
:201FE00013107B6C01337B647B6C0B2BDDDD00BF00BF4837BD4680BDABAAAA2A5C240010F7
:2020000080B596B004AF00237B6007F108033C22002118461BF010FC00233B604FF47A73AF
:202020000293402301933B1D009302234FF47D52AE21304811F0A0FF05200CF0A9FD97F8B5
:202040004330012B52D13B467B643A797B6C1A707B6C01337A791A70B7F900301A46264BF1
:202060009A603B4602337B643A7A7B6C1A707B6C01337A7A1A70B7F902301A461E4BDA602E
:202080001E4B7B643A7B7B6C1A707B6C01337A7B1A707B6C0233BA7B1A707B6C0333FA7BCB
:2020A0001A70174B7B643A7C7B6C1A707B6C01337A7C1A707B6C0233BA7C1A707B6C03339A
:2020C000FA7C1A703B7D1B020B4A13630A4B1B6B7A7D1344084A1363BB7D1B02064A536314
:2020E000054B5B6BFA7D1344034A536300BF4837BD4680BDD407001048270010602700107A
:2021000064270010B0B59AB000AF78606B4B07F10C041D460FCD0FC40FCD0FC495E80300EF
:2021200084E803007B68092B07DC7B689B0068333B4453F85C3C7B6601E0FB687B66604B0A
:2021400001229A710023BB652B237B6530233B6500233B661FE03A6EBB6D1344796E3A6E74
:202160000A441178564AD1543A6E7B6D1344796E3A6E0A4405321178514AD1543A6E3B6D2F
:202180001344796E3A6E0A440A3211784C4AD1543B6E01333B663B6E042BDCDD0723FB64F3
:2021A0000D23BB6413237B6419233B641F23FB632523BB630023FB6547E0FB6DC3F105020D
:2021C000F96DFB6C0B44796E0A44D17B3C4AD154FB6DC3F10502F96DBB6C0B44796E0A4483
:2021E000517D374AD154FB6DC3F10502F96D7B6C0B44796E0A44D17E314AD154FB6DC3F16C
:202200000502F96D3B6C0B44796E0A4492F821102B4AD154FB6DC3F10502F96DFB6B0B4493
:20222000796E0A4492F82710254AD154FB6DC3F10502F96DBB6B0B44796E0A4492F82D101A
:202240001F4AD154FB6D0133FB65FB6D052BB4DD1B4B062283F83520194B032283F8362013
:20226000174B002283F837200023BB6007F108037B637B6B1A78124B83F838207B6B5A7889
:202280000F4B83F839207B6B9A780D4B83F83A207B6BDA780A4B83F83B200A4B01221A7086
:2022A000074B012283F83F207B68DBB204491846FEF704FF00BF6837BD46B0BD9CDE11085B
:2022C000CC270010CC1E001080B582B000AF00237B601EE07B68DBB212491846FEF738FF9A
:2022E000104B93F83F30012B10D000233B6007E00D4A3B68134400221A703B6801333B6069
:202300003B683F2BF4DD7868FFF7FCFE7B6801337B607B68092BDDDD00BF00BF0837BD468C
:2023200080BD00BF8C270010CC27001080B584B000AF0346FB71FB79012B14D00023FB600C
:2023400009E0FB68DBB2FF223F211846FEF7D6FEFB680133FB60FB68092BF2DD012201215F
:20236000FE20FEF7CBFE00BF1037BD4680BD00BF80B592B000AF00237B6407E03A467B6C06
:202380001344FF221A707B6C01337B647B6C3F2BF4DD00233B6409E03B6CDBB23A46114669
:2023A0001846FEF78BFE3B6C01333B643B6C7F2BF2DD3B461946FC20FEF780FE3B46194658
:2023C000FD20FEF77BFE3B461946FE20FEF776FE00BF4837BD4680BDB0B588B000AF0346F8
:2023E0003960FB80C44A3B6832F81330FA889A4204D9C1493B68FA8821F81320BF4A3B6849
:2024000032F81330FA889A4204D8BC493B68FA8821F81320B94A3B6832F8133007EE903ACD
:20242000F8EE677AC7ED057AB34A3B6832F81330013307EE903AF8EEE77AC7ED047AFB88A6
:2024400007EE903AB8EE677AD7ED057A37EE677AAB4BD3ED007A67EE276A97ED047AD7ED11
:20246000057A37EE677AC6EE877AC7ED077AA54BD3ED007A97ED077AB4EEE77AF1EE10FAD2
:202480000BD5D7ED077A37EEA77A9E4BD3ED007A77EE677AC7ED077A21E0FB8807EE903AF0
:2024A000B8EEE77A964BD3ED006A964BD3ED007A76EEE77AB4EEE77AF1EE10FA0FDDD7ED8E
:2024C000077A37EEA77A8E4BD3ED007A37EE677A8C4BD3ED007A77EE277AC7ED077A8A4AFC
:2024E0003B689B0013441B681846FEF75DF804460D46864A3B689B001344D3ED007A97ED5C
:20250000077A37EE677A804A3B689B001344D3ED007A77EE677A17EE900AFEF745F874A36D
:20252000D3E90023FEF798F802460B4620462946FDF7DCFE02460B4610461946FEF76EFB4F
:20254000024671493B689B000B441A606E4A3B689B001344D3ED007AFDEEE77A17EE903AD0
:20256000002BB8BF5B4207EE903AB8EEE77A654BD3ED007AB4EEE77AF1EE10FA0BD5634AF3
:202580003B689B00134493ED007A614BD3ED007A67EE277AA7E05D4A3B689B001344D3ED4D
:2025A000007A97ED077A77EE677AFDEEE77A17EE903A002BB8BF5B4207EE903AB8EEE77A36
:2025C000544BD3ED007A67EE277AC7ED037AF868FDF7EAFF4FF000024F4BFDF787FE024622
:2025E0000B464FF000004C49FEF760F902460B4610461946FEF712FB0346BB60B868FDF7A0
:20260000D3FF02460B464FF000004349FDF76CFE02460B461046194602460B46FDF766FEE7
:2026200002460B4610461946FEF7F8FA0346BB61D7ED067AB7EE007AF4EEC77AF1EE10FA91
:2026400002DD4FF07E53BB61304A3B689B00134493ED007A2D4A3B689B001344D3ED007A20
:20266000D7ED076A76EEE76AD7ED067A66EEA77A77EE277A254A3B689B001344C3ED007A83
:20268000224A3B689B001344D3ED007AF5EEC07AF1EE10FA07D81D4A3B689B0013444FF0DF
:2026A00000021A6014E0194A3B689B00134493ED007A134BD3ED007AB4EEE77AF1EE10FA34
:2026C00006DB0F4B1A6811493B689B000B441A600E4A3B689B00134493ED007A0C4BD3EDDE
:2026E000007A67EE277AB0EE670A2037BD46B0BD9A9999999999D93FBC000010C000001049
:20270000C400001030030010F81E0010F01E0010C8000010340300100000F03F80B483B0A9
:2027200000AF00237B601BE000233B600DE011497A6813465B0013445B00CA183B681344C8
:2027400001221A703B6801333B603B68052BEEDD094A7B68134400221A707B6801337B6091
:202760007B68052BE0DD00BF00BF0C37BD465DF8047B70478C230010B023001080B483B031
:2027800000AF00237B6020E02A4A7B681344023300221A70274A7B6813440C3300221A7067
:2027A000244A7B681344113300221A70214A7B681344163300221A701E4A7B6813441B33F7
:2027C00000221A707B6801337B607B68042BDBDD184B002283F82020164B002283F826200D
:2027E000144B002283F82120124B002283F82720104B002283F822200E4B002283F82320E8
:202800000C4B002283F828200A4B002283F82920084B002283F82B20064B002283F82C20CC
:20282000044B00225A7000BF0C37BD465DF8047B704700BFF023001080B582B000AF884B02
:202840001B68884A12881146184611F041F80346002B27D1824B5B68824A52881146184643
:2028600011F036F80346002B1CD17F4B012283F874217E4B01225A707C4B5A787B4B1A702C
:202880007B4B002283F82720794B93F82720784B83F82620774B00225A70764B5A78754B73
:2028A0001A7006E0714B00225A70704B5A786F4B1A707149FE20FEF74BFCFFF767FBFFF7CD
:2028C0009FFB6D4B1B78FF2B02D06B4B1B7800E000236A4A1360694B1B68634AC2F82831AD
:2028E000654B1B78FF2B04D0634B9B780133DBB200E00123624A13705F4BDB78FF2B05D0E6
:202900005D4BDB78002B01D0012200E00022564B83F81B21584B1B79FF2B02D0564B1B79DB
:2029200000E00023504A82F87131534B5B790F2B04D8514B5B790133DBB200E002234A4A8C
:2029400082F86F31484B93F81B3183F00103DBB21A464FF400614B4810F0D2FF464B9B79E2
:20296000FF2B02D0444B9B7900E000233E4A82F87231424B1B68444A13603F4B5B78184644
:20298000FFF7D4FCFFF7A0FC3B49FC20FEF7E0FB06237B6022E000233B6019E07A68134677
:2029A0005B0013445B001A463B681344324AD35C99002D487A6813465B0013445B003A680D
:2029C000134406339B00034459603B6801333B603B68052BE2DD7B6801337B607B68082BC0
:2029E000D9DD2A4B01221A70294B01221A7001222849294817F0F6F80C222849284817F0CE
:202A0000F1F81F4B1B78012B04D9174B012283F8702103E0144B002283F87021124B93F8DE
:202A20007031012B0BD1012208211E4810F068FF00224FF400511C4810F062FF0AE000224D
:202A40000821184810F05CFF01224FF40051164810F056FFFFF792FE00BF0837BD4680BD64
:202A6000A4000010AC0000105C240010DC000010F0230010D80000108C27001070200010FC
:202A80002C28001000180258742000107820001079200010150E0010D40B00100C2100100C
:202AA000680C001000100258000802582DE9B04F8CB000AFF8604FF000024FF00003C7E93B
:202AC00004234FF0FF324FF0FF33C7E906230CF053F8F8620023BB628F4AFB6852F823206B
:202AE0008E49FB6831F813301946104610F0F0FE0346002B14BF0123002387F82730884A57
:202B0000FB68DB001344D3E9002302F00104002544EA0503002B14BF0123002387F82630D5
:202B20007F4AFB68DB001344D3E90023911839605B417B60D7E9002397F827100020884608
:202B4000814612EB080A43EB090B754AFB68DB001344C3E900AB97F8272097F826309A421B
:202B60002FD0704AFB6813441B78002B29D06D4AFB68134400221A706B4AFB68134419780E
:202B80006A4AFB6813440A461A70674AFB68134497F827201A70644AFB6813441B78002BFC
:202BA00014BF01230023DBB283F00103DBB203F00103D9B25E4AFB68134407330A461A7072
:202BC0006BE0584AFB6813441B7883F00103DBB2002B62D0524AFB68DB001344D3E900016C
:202BE000514AFB6813441B78DB00283307F108021344203BD3E90023994208BF904205D1DA
:202C0000484AFB68134401221A7046E0444AFB68DB001344D3E90001434AFB6813441B78DB
:202C200083F00103DBB2DB00283307F108021344203BD3E90023994208BF90422DD1394AD2
:202C4000FB68134401221A70374AFB6813441B78002B14BF01230023DBB283F00103DBB269
:202C600003F00103D9B2304AFB6813440A461A702D4AFB6813441B78002B14BF01230023BB
:202C8000DBB283F00103DBB203F00103D9B2284AFB68134407330A461A70234AFB681344BA
:202CA0001A782249FB680B441B789A4255D01E4AFB68134419781D4AFB6813440A461A7023
:202CC000194AFB6813441B7883F00103DBB2002B05D01849FB68FA6A41F8232004E0164959
:202CE000FB68FA6A41F82320134AFB6852F823201049FB6851F82330D31ABB62BB6AB3F515
:202D0000FA7F1BD20A4AFB681344023301221A70074B01225A7020E05C0000107000001032
:202D200048030010700300107803001080030010F023001090290010A4290010534AFB68CE
:202D400052F82330012B08DD514AFB6813441B3301221A704E4B01225A704E4AFB6813449D
:202D60001B7883F00103DBB2002B00F083804A4AFB6852F82330FA6AD31ABB62BB6AB3F5CF
:202D8000FA7F24D9414AFB6852F82330002B1ED1424AFB68DB001344D3E90001D7E9042353
:202DA000994208BF904212D1384AFB6852F823305A1C3649FB6841F82320354AFB6813442D
:202DC0000C3301221A70324B01225A7058E0BB6AB3F5FA6F24D92D4AFB6852F82330012B8F
:202DE0001ED12E4AFB68DB001344D3E90001D7E90423994208BF904212D1244AFB6852F8C1
:202E000023305A1C2149FB6841F82320204AFB681344113301221A701D4B01225A702FE027
:202E2000BB6A41F2883293422AD9184AFB6852F82330022B24D1194AFB68DB001344D3E970
:202E40000001D7E90423994208BF904218D10F4AFB6852F823305A1C0C49FB6841F823202A
:202E60000B4AFB681344163301221A70084B01225A7005E0054AFB68002142F82310FFE702
:202E800000BF3037BD46BDE8B08F00BFB8290010F0230010780300109029001048030010A3
:202EA0002DE9B04F8CB000AFF8604FF000024FF00003C7E904234FF0FF324FF0FF33C7E9CF
:202EC00006230BF059FEF8620023BB629E4AFB6852F823209D49FB6831F81330194610469B
:202EE00010F0F6FC0346002B14BF0123002387F82730974AFB68DB001344D3E9002302F035
:202F00000104002544EA0503002B14BF0123002387F826308E4AFB68DB001344D3E90023EB
:202F2000911839605B417B60D7E9002397F8271000208846814612EB080A43EB090B844A5B
:202F4000FB68DB001344C3E900AB97F8272097F826309A4241D07F4AFB6813441B78002B9C
:202F60003BD07C4AFB68134400221A707A4AFB6813441978794AFB6813440A461A70764AF4
:202F8000FB68134497F827201A70734AFB6813441B78002B14BF01230023DBB283F00103C4
:202FA000DBB203F00103D9B26D4AFB68134424330A461A70684AFB6813441B7883F00103EA
:202FC000DBB2002B75D0664AFB681344223301221A70634B01225A706BE05E4AFB68134440
:202FE0001B7883F00103DBB2002B62D0584AFB68DB001344D3E90001574AFB6813441B78FB
:20300000DB00283307F108021344203BD3E90023994208BF904205D14E4AFB681344012228
:203020001A7046E04A4AFB68DB001344D3E90001494AFB6813441B7883F00103DBB2DB003B
:20304000283307F108021344203BD3E90023994208BF90422DD13F4AFB68134401221A7020
:203060003D4AFB6813441B78002B14BF01230023DBB283F00103DBB203F00103D9B2364AA4
:20308000FB6813440A461A70334AFB6813441B78002B14BF01230023DBB283F00103DBB2FC
:2030A00003F00103D9B22E4AFB68134424330A461A70294AFB6813441A782849FB680B4449
:2030C0001B789A426BD0244AFB6813441978234AFB6813440A461A701F4AFB6813441B78D6
:2030E00083F00103DBB2002B0CD01E49FB68FA6A41F82320FB6A03F2F5121B49FB6841F8BA
:20310000232004E01849FB68FA6A41F82320164AFB6852F823201349FB6851F82330D31A4C
:20312000BB62BB6AB3F5FA7F39D2104B1B78002B1ED00B4B012283F82820094B01225A709D
:203140000A4B00221A7025E0A4000010AC00001088030010980300109C030010A003001051
:20316000F0230010CC290010D4290010DC290010554AFB6813441B7883F00103DBB2002BEA
:2031800008D0524AFB681344203301221A704F4B01225A704C4AFB68134400221A704C4AE8
:2031A000FB6813441B7883F00103DBB2002B2FD0484AFB6852F82330FA6AD31ABB62BB6A6F
:2031C000B3F5FA7F29D9444AFB6852F82330002B23D1424AFB68DB001344D3E90001D7E981
:2031E0000423994208BF904217D13B4AFB6852F823305A1C3849FB6841F82320334AFB6811
:203200001344263301221A70304B01225A7004E0314AFB68002142F823102D4AFB68134468
:203220001B7883F00103DBB2002B48D0FB68002B0CBF01230023DBB21A46254B9B5C83F04D
:203240000103DBB2002B3AD01F4AFB6813441B7883F00103DBB2002B31D0FB68002B0CBF69
:2032600001230023DBB21A46174B9B5C83F00103DBB2002B23D01A4B01221A70FB68002BFF
:203280000CBF01230023DBB2134A012142F82310114A52F823201049FB6841F82320FB6820
:2032A000002B0CBF01230023DBB2074A0121D154054AD15C044AFB6813440A461A7000BF8F
:2032C0003037BD46BDE8B08FDC000010F02300109C030010CC290010E02900108803001029
:2032E000DC29001080B483B000AF786039607B6864337B603B6864333B603B681C3B7A682C
:203300009A4204DB3B681C337A689A4201DD012300E0002318460C37BD465DF8047B70470E
:2033200080B582B000AF786039602B4B1B68002B12D12A4A7B6852F8232029497B6851F87D
:20334000233019461046FFF7CDFF03461946254A7B6813440A461A70204A7B6852F823209E
:203360001F497B6841F823201E4A7B6813441B78002B0FD01B4A7B68134400221A701A4999
:203380003A6813465B0013445B00CA187B68134400221A7014493A6813465B0013445B00F8
:2033A000CA187B6813441B7883F00103DBB2002B0DD00A4A7B6852F823100C483A6813464F
:2033C0005B0013445B007A68134440F8231000BF0837BD4680BD00BFB00000101821001036
:2033E00030210010B02300108C230010FC22001080B500AF144B1B8807EE903AF8EEE77AB0
:20340000DFED126A87EEA67ADFED110AB0EE470A1AF026FBF0EE407A0E4BC3ED007A0E4B5A
:203420001B680E4A12881146184610F051FA0346012B03D10A4B01221A7002E0084B002275
:203440001A7000BF80BD00BFD81E00100000FA46A4707D3FE01E00100C00001024000010B3
:20346000DC1E0010000000002DE9B04F8CB000AF4FF000024FF00003C7E904234FF0FF3278
:203480004FF0FF33C7E906230BF076FBB8629A4B1A789A4B1A709A4B5B689A4A52881146B9
:2034A000184610F015FA0346002B14BF01230023DAB2914B1A70904B1B78002B11D08F4BCB
:2034C0001B7883F00103DBB2002B17D08E4B1B7883F00103DBB2002B10D08C4ABB6A13605A
:2034E0000CE0894B00225A70874B5A78864B1A70864B00221A60864B00221A60824B1B78E7
:2035000083F00103DBB2002B24D0804B1B68BA6AD31AB3F57A7F0BD210217E4810F0D8F9E3
:2035200003461A467A4B1B681344794A136011E0714B1B78002B0DD0734B01221A70744B9B
:203540001B68F92B03DD704B01225A7002E06E4B00225A7000237B620023BB816A4B1B780E
:20356000002B28D06C4B5B8801211846FEF734FFF0EE407A694BC3ED017A684B93ED017AC1
:20358000664BD3ED017A67EE277A644BC3ED017A624B5B681846FDF707F855A3D3E90023D7
:2035A000FDF7D6FA0346002B02D000233B7304E001233B7301E001233B73534B5B78002B2B
:2035C0000BD01021534810F083F90346002B14BF01230023DBB27B7301E001237B734A4B37
:2035E0001B78002B00F0E4810023FB62DCE14C4AFB6ADB001344D3E9002302F00104002553
:2036000044EA0503002B14BF0123002387F82330434AFB6ADB001344D3E900239118396018
:203620005B417B60D7E9002307F10C00F96A01440978C9B200208846814612EB080A43EB96
:20364000090B374AFB6ADB001344C3E900AB07F10C02FB6A13441B7897F823209A4269D0AB
:20366000304AFB6A13441B78002B63D02D4AFB6A134400221A702C4AFB6A134419782B4A0C
:20368000FB6A13440A461A7007F10C02FB6A13441978254AFB6A13440A461A70224AFB6A6B
:2036A00013441B78002B14BF01230023DBB283F00103DBB203F00103D9B21D4AFB6A1344A5
:2036C00033330A461A70184AFB6A13441B7883F00103DBB2002B00F0ED80154AFB6A134452
:2036E000373301221A70124B01225A70E2E000BF9A9999999999B93FE8290010E929001016
:203700000C00001024000010EC290010F0290010F429001000080258D81E0010E01E001068
:20372000A8030010B8030010BC030010C0030010F0230010A14AFB6A13441B7883F001038D
:20374000DBB2002B00F0B680FB6A002B63D19C4AFB6ADB001344D3E900019A4AFB6A1344ED
:203760001B78DB00283307F108021344203BD3E90023994208BF904205D1904AFB6A13440D
:2037800001221A7096E08E4AFB6ADB001344D3E900018C4AFB6A13441B7883F00103DBB2B1
:2037A000DB00283307F108021344203BD3E90023994208BF90427DD1804AFB6A13440122D5
:2037C0001A70804AFB6A13441B78002B14BF01230023DBB283F00103DBB203F00103D9B2EE
:2037E000784AFB6A13440A461A70764AFB6A13441B78002B14BF01230023DBB283F0010319
:20380000DBB203F00103D9B26F4AFB6A134433330A461A704EE06A4AFB6ADB001344D3E9AF
:203820000001684B1B78DB00283307F108021344203BD3E90023994208BF904205D1634B80
:203840001B680133614A136002E0604B00221A605E4B1B68092B2DDD584AFB6A134401227F
:203860001A70584AFB6A13441B78002B14BF01230023DBB283F00103DBB203F00103D9B275
:20388000504AFB6A13440A461A704E4AFB6A13441B78002B14BF01230023DBB283F00103C8
:2038A000DBB203F00103D9B2474AFB6A134433330A461A70464BDB681B0A03F00303454AEB
:2038C0001360404AFB6A13441A784349FB6A0B441B789A4233D03B4AFB6A134419783E4A91
:2038E000FB6A13440A461A70364AFB6A13441B7883F00103DBB2002B05D03849FB6ABA6A55
:2039000041F8232004E03649FB6ABA6A41F82320334AFB6A52F823203049FB6A51F82330DA
:20392000D31A7B627B6AB3F5FA7F08D2264AFB6A13442B3301221A70234B01225A70214AE0
:20394000FB6A13441B7883F00103DBB2002B23D0224AFB6A52F82330BA6AD31A7B627B6AB5
:20396000B3F5FA7F1DD91F4AFB6A52F82330002B17D11C4AFB6A52F823305A1C1949FB6A0D
:2039800041F82320104AFB6A13442F3301221A700D4B01225A7004E0124AFB6A002142F841
:2039A0002310FB6A0133FB62FB6A012B7FF71FAE00BF3037BD46BDE8B08F00BFB803001073
:2039C000A8030010BC030010F0230010F82900100008025830280010C0030010FC29001037
:2039E000042A00100C2A001080B586B000AF00237B610BF0C1F87860A04B93F83030002B9D
:203A000000F0838000233B611DE09C4A3B6952F82330002B03DD7B6901337B6110E0984AFF
:203A20003B6912339B0013445B68B3F5007F07DD934B93F80F31002B02D07B6901337B6143
:203A40003B6901333B613B69052BDEDD8D4B1B68002B0AD18C4B1B687A68D31A40F2E24283
:203A6000934202D9874B01221A60864B1B68012B1BD17B69052B18DD804B5B69834A5361A2
:203A80007E4B1B69814A13617C4BDB687F4AD3607A4B9B687D4A9360784B5B687B4A536014
:203AA000764B1B68794A13602BE0794B1B7883F00103DBB2002B24D0764B00221A60002387
:203AC000FB6012E06D4AFB6852F823206B49FB68063351F823309A4204D16E4B1B680133E5
:203AE0006C4A1360FB680133FB60FB68052BE9DD684B1A68684B1B689A4202DB614B01225F
:203B00001A605E4B002283F830200023BB6035E0624ABB6852F82320614B1B686148B968ED
:203B200009010B4450F82330D21A5C49BB6841F823205B4B1B685549BA6851F8222059484C
:203B4000B96809010B4440F82320544ABB6852F823204E49BB6851F823301A444F49BB68B3
:203B600041F823204D4ABB6852F823301A114E49BB6841F82320BB680133BB60BB68052B4C
:203B8000C6DD474B1B6801335A4203F00F0302F00F0258BF5342424A13600020FEF786FF50
:203BA0000120FEF783FF0220FEF780FF0320FEF77DFF0420FEF77AFF0020FFF771F9012010
:203BC000FFF76EF9394B1B68394A1360374B1B6819460020FFF7A4FB344B1B6819460120F0
:203BE000FFF79EFB314B1B6819460220FFF798FB2E4B1B6819460320FFF792FB2B4B1B6833
:203C000019460420FFF78CFB284B1B6819460520FFF786FB274B1B68012B06D1254B002229
:203C20001A60FFF7E5FBFFF71FFC234B1B68591C224B83FB01239A10CB17D21A13465B0082
:203C400013449B001344CA1A1B4B1A601A4B1B68002B0FD11A4B1B68012B01D1FEF7ECFDA0
:203C6000174B00221A60174B1B68174A1360154B00221A6000BF1837BD4680BDBC23001054
:203C80005C2400101C2800102028001018210010242800108020001084200010C8220010E5
:203CA000E022001048210010E4220010B823001034280010EC1E0010282800104FECC44E45
:203CC000B0000010080E00100C0E001080B483B000AF03460A46FB711346BB71094B93F855
:203CE0006F31FA799A4206D1074B012283F82020BB79054A936200BF0C37BD465DF8047B7D
:203D0000704700BF5C240010D425001080B584B000AF0346FB710B46BB7113467B710023E2
:203D2000FB600023FB72BB790D2B06D9BB79132B03D89E4B01225A705CE0BB79152B06D99B
:203D4000BB791A2B03D8994B03225A7052E0BB791A2B06D9BB791C2B03D8944B07225A708A
:203D600048E0BB791F2B06D9BB79252B03D88F4B02225A703EE0BB79252B06D9BB792A2B8D
:203D800003D88A4B04225A7034E0BB792A2B06D9BB79302B03D8854B05225A702AE0BB799E
:203DA000352B06D9BB79362B03D8804B05225A7020E0BB79652B06D9BB796B2B03D87B4B8A
:203DC00006225A7016E0BB79632B06D9BB79652B03D8764B09225A700CE0BB796D2B06D96E
:203DE000BB79702B03D8714B08225A7002E06F4B00225A706E4B93F86F31FA799A4240F07E
:203E000060826A4B5B78092B00F25B8201A252F823F000BFA54210083D3E1008AD3E1008E1
:203E2000213F10083F3F1008C3411008C53F1008DF4010083141100871421008BB790E3B33
:203E40005C4AD35CFB607B79DB0003F47E725A49FB6841F823207B79DB0003F47E725449A7
:203E6000FB6806339B000B445A60544AFB68134401221A704E4B1B78002B40F015824B4B49
:203E800001221A70494AFB681344023301221A707B79002B03D07B7903F07F0300E00123E7
:203EA0004249FA68023241F82230FDE1BB79203B404AD35CFB607B79DB0003F47E723E4998
:203EC000FB68063341F823207B79DB0003F47E723749FB680C339B000B445A60374AFB686A
:203EE0001344063301221A70314B1B78012B40F0DD812E4B01221A702C4AFB681344023331
:203F000001221A707B79002B03D07B7903F07F0300E001232549FA68023241F82230C5E160
:203F2000BB79163BFB607B79032B28BF0323D9B21F4AFB68134403330A461A70C1E1BB79DE
:203F40002A2B1FD0BB79253BFB60FB68012B0DD07B79002B14BF01230023DBB21946144A3F
:203F6000FB68134408330A461A70AAE17B79022B28BF0223D9B20E4AFB68134408330A4692
:203F80001A709EE10A4B1B78012B09D07B79002B14BF01230023DAB2054B83F81A2190E1EF
:203FA000074B012283F820208BE100BFD42500105C2400103C030010FC2200108C230010D1
:203FC000F02300109D4B1B78002B40F07181BB79662B21D1994BD3F82031002B17D17B7938
:203FE000002B14BF01230023DBB21A46934B93F80C319A4204D1924B93F82130002B01D083
:20400000012200E000228E4B83F8212065E08C4B012283F8232060E0BB79672B16D1874B2A
:20402000D3F82031002B0CD1844B5B79002B04D1834B012283F820204FE0824B01221A7064
:204040004BE07F4B012283F8222046E0BB79682B08D17A4BD3F82031012B3ED1784B0122C3
:204060001A663AE0BB79692B08D1744BD3F82031012B32D1724B02221A662EE0BB796B2BC2
:2040800008D16E4BD3F82031012B26D16C4B03221A6622E0BB796A2B1FD1684B5B79032B83
:2040A00017D07B79002B14BF01230023DBB21A46624B93F80D319A4204D1614B93F827303E
:2040C000002B01D0012200E000225D4B83F8272003E05B4B012283F8272000BFE8E0BB792C
:2040E0001B2B16D1554B002283F82C21564B02225A627B79514AC2F82831504BD3F8283127
:20410000524A1360524B01221A70524B01221A70D0E0BB791C2B40F0CD80484B002283F824
:204120002C21494B02225A624A4B01221A70C1E0BB796E2B35D17B79012B14BF01230023CE
:20414000DBB21A463D4B83F87121434B01221A707B79012B0FD8394B002283F870210022C7
:2041600008213E480FF0CCFB01224FF400513C480FF0C6FB11E07B79012B0ED92F4B01223A
:2041800083F870210122082134480FF0B9FB00224FF4005132480FF0B3FB324B01221A7091
:2041A0008AE0BB79702B40F087807B79022B28BF0223DAB2214B83F872212B4B01221A7039
:2041C0007AE0BB792F2B10D8BB792B3BFB607B79002B14BF01230023DBB21946174AFB6831
:2041E00013440D330A461A7068E0BB79302B15D17B79002B14BF01230023DAB20F4B83F8F7
:204200001B210E4B93F81B3183F00103DBB21A464FF4006115480FF073FB4FE0BB79362B9C
:204220004CD17B790A2B04D87B79C3F10C03DBB200E00123014A82F818313FE05C24001057
:20424000F0230010D11E0010D425001070200010152800100C2800100F2800100010025851
:20426000000802580D2800101228001000180258BB79642B0FD1154B01221A707B7907EE42
:20428000903AB8EE677ADFED126AC7EE267A114BC3ED007A14E0BB79652B11D10B4B002298
:2042A0001A700DE000BF0CE000BF0AE000BF08E000BF06E000BF04E000BF02E000BF00E004
:2042C00000BF00BF1037BD4680BD00BFDD1E00100000FE42E81E001080B489B000AF034654
:2042E000FB710B46BB7113467B71FB79002B68D00023FB6126E05C4AFB6932F913301A465C
:20430000BB799A421BD1FB69BB610BE0BB690133554A32F91310544ABB6922F81310BB69CE
:204320000133BB61514B1B78013BBA699A42EDDB4E4B1B78013BDAB24C4B1A7008E0FB699A
:204340000133FB61494B1B781A46FB699342D2DB464B1B780F2B0CD8444B1B785A1CD1B203
:20436000424A11701A46BB7919B23F4B23F8121018E000237B610BE07B6901333A4A32F961
:204380001310394A7B6922F813107B6901337B617B690E2BF0DDBB791AB2334BDA83334B1F
:2043A00010221A70324B01221A70304B1B78013B2D4A32F913202F4B1A802F4A7B791370F4
:2043C0004CE00023FB740023FB602EE0264AFB6832F913301A46BB799A4223D1234B1B78ED
:2043E000013BFA689A4201D10123FB74FB68BB600BE0BB6801331C4A32F913101A4ABB68E3
:2044000022F81310BB680133BB60184B1B78013BBA689A42EDDB154B1B78013BDAB2134BDC
:204420001A7008E0FB680133FB60104B1B781A46FB689342CADB0D4B1B78002B03D10C4BAC
:2044400000221A700AE0FB7C002B07D0074B1B78013B054A32F91320064B1A8000BF24377A
:20446000BD465DF8047B70474C2900106C2900106D2900106E2900107029001080B584B025
:2044800000AF0123FB73734B1B78002B00F04D81714B1B68714AD25C714B1A706E4B1B68F7
:2044A0000133DBB26C4A13606E4B1B68002B12D16D4B93F87031012B0DD1694B1B78F82B70
:2044C00009D0674B1B78FA2B05D0012301226449664815F065FA624B1B78DB09DAB2644B5F
:2044E0001A70634B1B78012B15D15D4B1B781B11DBB203F00703DAB25E4B1A705D4B1B78F4
:20450000072B05D05C4B00221A700123FB7304E00023FB7301E00123FB73FB7B002B00F036
:20452000FB80554B1B78002B3DD1514B1B78012B15D14B4B1A78514B1A70504B1B78F62BB6
:2045400009D94D4B00221A704D4B00221A704D4B00221A70E0E0484B01221A70DCE0444B62
:204560001B78002B40F0D8803D4B1A78444B1A70424B1B78CF2B12D8404B1B78BF2B0ED9CF
:204580003D4B00221A70404B1B783D4A127811461846FFF79BFB3B4B00221A70BCE0364B28
:2045A00002221A70B8E0344B1B78012B38D1334B1B7803F00F03DBB20133DAB2324B1A7004
:2045C000294B93F87431002B0BD0274B002283F874212D4B1A78244B83F86F212B4B012270
:2045E0001A701F4B1A78264B1A70244B1B78CF2B12D8224B1B78BF2B0ED91F4B00221A706D
:20460000214B1B781E4A127811461846FFF75EFB1C4B00221A707FE0174B02221A707BE0C8
:20462000154B1B78022B77D10D4B1A78154B1A70124B1B78AF2B2BD9104B1B78BF2B27D899
:20464000114B1B780E4A11780E4A12781846FFF75DFB5EE0402900103C2900103828001060
:2046600046290010B00000105C240010D40B001047290010380300104129001042290010BC
:2046800043290010442900104529001010280010284B1B785BB2002B3BDA264B1B789F2B3A
:2046A00037D8254B93F87231012B06D1224B93F86F21224B1B789A4204D01F4B93F872317A
:2046C000012B26D91B4B1B781B09DBB203F00103BB601B4B1B787B601A4B1B783B603B68E9
:2046E000002B01D10023BB60BB68DBB27A68D1B23A68D2B21846FFF7EFFD134B01221A70F9
:20470000124B00221A60BB687F2B02DD0E4B00221A700F4B00221A700E4B1A680E4B1B6832
:204720009A4202D10D4B00221A7000BF1037BD4680BD00BF422900105C2400104529001038
:2047400043290010442900104829001074290010412900103C290010382900104029001059
:2047600080B586B000AF786087ED000A97ED007ADFED3D6AC7EE267AC7ED057AD7ED057A8D
:20478000B2EE067A67EE877AC7ED047A3869FBF70BFF02460B4643EC102B19F09DF953ECF3
:2047A000102B10461946FCF7F1F90346FB60FB6807EE903AF8EEE77A97ED047A77EE677AD7
:2047C000C7ED027A294AFB689C3332F8133007EE903AB8EEE77AFB680133244A9C3332F8D3
:2047E00013301946214AFB689C3332F81330CB1A07EE903AF8EEE76AD7ED027A66EEA77A7D
:2048000077EE277AFDEEE77A17EE902A7B681A60164AFB68A83332F8133007EE903AB8EEBA
:20482000E77AFB680133114AA83332F8133019460E4AFB68A83332F81330CB1A07EE903AD7
:20484000F8EEE76AD7ED027A66EEA77A77EE277A7B680433FDEEE77A17EE902A1A6000BF08
:204860001837BD4680BD00BF000000455C24001080B58AB000AF786039606423BB610423BC
:204880007B616D4B3B614FF07A53FB600AF074F9B8606A4B1B68022B62D0022B00F3B28019
:2048A000002B02D0012B1ED0ACE0644B01221A6000237B6213E07B6A9B003A6813444FF05E
:2048C00000021A605E497B6ABA6841F823205D4A7B6A134400221A707B6A01337B627B6AC8
:2048E000012BE8DD8EE000233B6224E0564A3B6A4C339B00134493ED007A3B6A9B003A6803
:204900001344D3ED007AB4EEE77AF1EE10FA0FDD3B6A9B003A6813444B493A6A4C329200AD
:204920000A4412681A6046493B6ABA6841F823203B6A01333B623B6A012BD7DD404B1B685A
:20494000BA68D21ABB699A425BD93D4B5B68BA68D21ABB699A4254D9384B02221A6050E03E
:204960000023FB6149E0FB699B003A68134493ED007AD7ED036AD7ED047A76EEE77AB4EEC3
:20498000E77AF1EE10FA0FD5FB699B007A6813441968FB699B007A6813447A698A1A1A60F7
:2049A000264B00221A6025E0FB699B003A68134493ED007AD7ED036AD7ED047A76EEA77AFB
:2049C000B4EEE77AF1EE10FA0FDDFB699B007A6813441968FB699B007A6813447A690A44DD
:2049E0001A60164B00221A6004E0164AFB69134401221A70FB690133FB61FB69012BB2DD81
:204A000000E000BF0F4B1B78002B0FD00D4B5B78002B0BD00B4B00225A700A4B5A78094B12
:204A20001A70064B00221A60012300E0002318462837BD4680BD00BF6F12033BD82A00104B
:204A4000DC2A0010E42A00105C2400100000000080B588B000AF786039606423FB600423FC
:204A6000FB610AF089F8B860914B1B68022B00F08480022B00F3E180002B02D0012B28D025
:204A8000DBE08B4B01221A600023BB611DE0BB699B003A6813441A688649BB699B000B4495
:204AA0001A60BB699B003A6813444FF000021A608149BB69BA6841F82320804ABB69134438
:204AC00000221A70BB690133BB61BB69012BDEDDB3E000237B6124E0794A7B694C339B0054
:204AE000134493ED007A7B699B003A681344D3ED007AB4EEE77AF1EE10FA0FDD7B699B005C
:204B00003A6813446E497A694C3292000A4412681A6069497B69BA6841F823207B69013364
:204B20007B617B69012BD7DD634B1B68BA68D21AFB689A427ED9604B5B68BA68D21AFB6821
:204B40009A4277D95A4B02221A603B68D3ED006A584B93ED007AC6EE877A5A4BC3ED0E7AEA
:204B60003B680433D3ED006A524B93ED017AC6EE877A544BC3ED0F7A5CE000233B6144E0ED
:204B80007B6804331B6813F1FB0F02DB1023FB6101E00423FB613B699B007A6813441B689F
:204BA000002B0CD13B699B007A68134419683B699B007A681344FA698A1A1A6022E0414A6E
:204BC0003B690E339B0013441B681846FBF7ECFC35A3D3E90023FBF7CFFF0346002B0CD07C
:204BE0003B699B007A68134419683B699B007A681344FA698A1A1A6004E0304A3B6913446A
:204C000001221A703B6901333B613B69012BB7DD2A4B1B7883F00103DBB2002B06D1274B8F
:204C20005B7883F00103DBB2002B05D0204B00221A6001E000BF00E000BF204B1B78002B2E
:204C40002DD01E4B5B78002B29D01C4B00225A701A4B5A78194B1A70154B00221A607B68A0
:204C60001A687B6804331B689A420BDA154BDA687B68043319687B681B68CB1A1344114A1A
:204C8000D3600AE00F4B9A687B6819687B6804331B68CB1A13440B4A9360012300E00023EF
:204CA00018462037BD4680BD14AE47E17A14F03FA02A0010A42A0010AC2A0010B42A0010CC
:204CC0005C2400104827001080B58CB000AFF860B9607A6064237B625B4B3B625B4BFB61B1
:204CE0004FF07A53BB6109F047FF7861584B1B68022B62D0022B00F39080002B02D0012B96
:204D00001ED08AE0524B01221A600023FB6213E0FB6A9B00BA6813444FF000021A604D49C4
:204D2000FB6A7A6941F823204B4AFB6A134400221A70FB6A0133FB62FB6A012BE8DD6CE01A
:204D40000023BB6224E0454ABB6A4C339B00134493ED007ABB6A9B00BA681344D3ED007A7D
:204D6000B4EEE77AF1EE10FA0FDDBB6A9B00BA6813443A49BA6A4C3292000A4412681A6029
:204D80003449BB6A7A6941F82320BB6A0133BB62BB6A012BD7DD2F4B1B687A69D21A7B6AE6
:204DA0009A4239D92B4B5B687A69D21A7B6A9A4232D9274B02221A602EE07B689B00BA6873
:204DC000134493ED007A7B68002B01D1042300E00023BA681344D3ED007AB4EEE77AF1EEE3
:204DE00010FA13D57B689B00FA68134493ED007A7B689B00FA681344D7ED087A77EE277A0D
:204E0000C3ED007A124B00221A6006E0124A7B68134401221A7000E000BF0F4A7B68134414
:204E20001B78002B0BD00C4B00225A700A4B5A78094B1A70064B00221A60012300E000237D
:204E400018463037BD4680BD6F12833A6F12033BB82A0010BC2A0010C42A00105C240010DA
:204E600080B58AB000AF7860396064237B6109F083FE3861614BFB604FF07A53BB600423D8
:204E80007B625F4B1B68022B62D0022B00F39D80002B02D0012B1ED097E0594B01221A609D
:204EA00000233B6213E03B6A9B003A6813444FF000021A6053493B6A3A6941F82320524A4F
:204EC0003B6A134400221A703B6A01333B623B6A012BE8DD79E00023FB6124E04B4AFB6949
:204EE0004C339B00134493ED007AFB699B003A681344D3ED007AB4EEE77AF1EE10FA0FDD3D
:204F0000FB699B003A6813444049FA694C3292000A4412681A603B49FB693A6941F8232054
:204F2000FB690133FB61FB69012BD7DD354B1B683A69D21A7B699A4246D9324B5B683A69E5
:204F4000D21A7B699A423FD92D4B02221A603BE00023BB6134E0BB699B007A6813441B688E
:204F6000932B02DC10237B6201E004237B62BB699B003A68134493ED007AD7ED026AD7EDFA
:204F8000037A76EEE77AB4EEE77AF1EE10FA0FDDBB699B007A6813441968BB699B007A68DD
:204FA00013447A6A0A441A60154B00221A6004E0154ABB69134401221A70BB690133BB6113
:204FC000BB69012BC7DD00E000BF0F4B1B78002B0FD00D4B5B78002B0BD00B4B00225A70D4
:204FE000094B5A78084B1A70054B00221A60012300E0002318462837BD4680BD0AD7A33CDE
:20500000C82A0010CC2A0010D42A00105C24001080B596B004AF00237B6007F108033C225D
:205020000021184618F008FC00233B602F4B9B681BB23B803B467B647B6C1B783B717B6CB5
:205040005B787B71294BDB681BB27B803B4602337B647B6C1B783B727B6C5B787B72244B40
:205060007B647B6C1B783B737B6C5B787B737B6C9B78BB737B6CDB78FB731E4B7B647B6C82
:205080001B783B747B6C5B787B747B6C9B78BB747B6CDB78FB74154B1B6B1B12DBB23B7503
:2050A000124B1B6BDBB27B75104B5B6B1B12DBB2BB750E4B5B6BDBB2FB75012387F8433053
:2050C0004FF47A730293402301933B1D009302234FF47D52AE2108480EF03AFE052009F07F
:2050E00057FD00BF4837BD4680BD00BF482700106027001064270010D40700100000000083
:2051000080B588B000AF0023FB7709F035FD78609E4B93F84030082B00F2308301A252F832
:2051200023F000BF49511008CF51100875521008BD531008655410084D551008B7551008FD
:205140008156100801571008904B072283F841200023BB611CE08D4ABB690233002142F84A
:2051600023108A4ABB690433002142F82310874ABB6906339B0013444FF07E521A60834AC9
:20518000BB690C33002142F82310BB690133BB61BB69012BDFDD7E4B93F8403083F0010363
:2051A000DBB2002B00F0D982794B012283F83820774B36221A60764B4E225A60734B0122D2
:2051C00083F84020724B012283F84020C5E26F4B9B689BB203F5F6739AB26E4B1A806B4BD2
:2051E000DB689BB203F5F6739AB26A4B5A806A4B40F6FF721A80684B40F6FF725A80674B07
:20520000674A1A60654B664A5A6000237B6119E05E4A7B69023352F82330642B07DC5B4ADC
:205220007B69023352F8233013F1640F07DA574B012283F84120554B072283F840207B6937
:2052400001337B617B69012BE2DD50495548FFF70FFB0346002B00F082824C4B022283F89B
:2052600040204A4B9B68504A1360484BDB684E4A536074E2454B9B689AB2444B1B699BB273
:2052800013449BB203F5F6739AB2424B1A803F4BDB689AB23D4B5B699BB213449BB203F548
:2052A000F6739AB23B4B5A803B4B40F6FF721A80394B40F6FF725A80384B394A1A60374B0B
:2052C000374A5A60394B4FF07E521A6000233B6118E02E4A3B69043352F823202B493B69D7
:2052E000023351F82330134413F5F67F07DA274B022283F84120254B072283F840203B699E
:2053000001333B613B69012BE3DD204B1A691F4B5B69D31A002BB8BF5B42642B07DD1B4B0C
:20532000022283F84120194B072283F8402017491F48FFF78DFB0346002B00F012821A4B63
:205340001A68124B9B689A420AD01A4B00221A600E4B082283F84020174A7B68136000E2BD
:20536000114B5A68094BDB689A420AD0114B01221A60064B082283F840200F4A7B681360C4
:20538000EFE1024B042283F84020EAE148270010882000108C1E0010781E0010801E0010DF
:2053A00000F07F4550270010882A00103426001058270010902A0010942A0010A04B9B6871
:2053C0009BB203F5F6739AB29E4B1A809C4BDB689BB203F5F6739AB29A4B5A809A4B40F652
:2053E000FF721A80984B40F6FF725A80974B984A1A60964B964A5A60964B4FF07E521A601B
:205400000023FB601BE08E4AFB6806339B0013441B681846FBF7C8F887A3D3E90023FBF71F
:20542000ABFB0346002B07D0854B032283F84120834B072283F84020FB680133FB60FB6883
:20544000012BE0DD844B1B681A467D498348FFF73BFC0346002B00F08681794B042283F823
:20546000402080E1764B9B689BB203F5F6739AB2744B1A80724BDB689BB203F5F6739AB25A
:20548000704B5A80704B40F6FF721A806E4B40F6FF725A806D4B6E4A1A606C4B6C4A5A6030
:2054A000674B1B6B9BB203F596739AB26C4B1A80634B5B6B9BB203F596739AB2684B5A802E
:2054C0000023BB6012E05E4ABB680C3352F82330B3F5167F07DD5A4B042283F84120584B8A
:2054E000072283F84020BB680133BB60BB68012BE9DD53495B48FFF7B3FC0346002B00F0D9
:2055000034814F4B1A6B4E4B5B6B9A420ADD4C4B1A6B4B4B5B6BD31A494A1363484B002272
:205520005A6309E0464B5A6B454B1B6BD31A444A5363434B00221A63FFF76AFD404B0622EB
:2055400083F84020484A7B6813600EE1474B40F6FF721A80464B40F6FF721A803A4B00224D
:205560001A80394B00225A80354B9B6A03F5F67307EE903AF8EEE77A344BC3ED007A304B01
:20558000DB6A03F5F67307EE903AF8EEE77A2F4BC3ED017A374B00221A80364B00225A80FF
:2055A00027493548FFF764F90346002B00F0DF800123FB77DBE0234B40F6FF721A80214B7C
:2055C00040F6FF725A80204B40F6FF721A801E4B40F6FF725A801D4B1D4A1A601B4B1C4A9F
:2055E0005A601F4B00221A801D4B00225A801E4B1B687A68D31AB3F5FA7FC0F0BA801F4B37
:2056000093F8403083F00103DBB2002B00F0B1801A4B012283F83820184B36221A60174B4D
:205620004D225A600123FB77144B012283F840209FE000BFAFF300809A9999999999F13F27
:20564000482700108C1E0010781E0010801E001000F07F4534260010902A0010602700103E
:20566000881E001078270010982A0010701E0010721E00107C1E00107027001088200010AC
:20568000414B40F6FF721A803F4B40F6FF725A803E4B40F6FF721A803C4B40F6FF725A8060
:2056A0003B4B3C4A1A603A4B3A4A5A603A4B00221A80394B00225A80384B1B7883F0010353
:2056C000DBB2002B57D0364B93F8403083F00103DBB2002B4FD0314B01221A70304B01225A
:2056E00083F838202E4B36221A602E4B93F841301A462B4B5A602A4B012283F840203AE0FA
:20570000284B9B689BB203F5F6739AB21E4B1A80244BDB689BB203F5F6739AB21A4B5A802B
:205720001A4B40F6FF721A80184B40F6FF725A80174B184A1A60164B164A5A601A4B4FF082
:205740007E521A60194B1B687A68D31AFA2B14D9144B032283F840200FE000BF0EE000BF7D
:205760000CE000BF0AE000BF08E000BF06E000BF04E000BF02E000BF00E000BFFB7F1846CE
:205780002037BD4680BD00BF8C1E0010781E0010801E001000F07F45881E00109C2A001065
:2057A000882000104827001034260010942A001080B400AFA64B1B68012B40F04481A44B13
:2057C00000221A60A34B1B8807EE903AB8EEE77AA14BD3ED006A9F4B1B8807EE903AF8EE8E
:2057E000E77A76EEE76A9D4BD3ED007A66EEA77A77EE277AFCEEE77A17EE903A9AB2954BB0
:205800001A80944B5B8807EE903AB8EEE77A924BD3ED016A8F4B5B8807EE903AF8EEE77A9B
:2058200076EEE76A8D4BD3ED007A66EEA77A77EE277AFCEEE77A17EE903A9AB2854B5A8016
:20584000874B1B8807EE903AB8EEE77A854BD3ED006A834B1B8807EE903AF8EEE77A76EE38
:20586000E76A7E4BD3ED007A66EEA77A77EE277AFCEEE77A17EE903A9AB2794B1A80784BD2
:205880005B8807EE903AB8EEE77A764BD3ED016A734B5B8807EE903AF8EEE77A76EEE76A17
:2058A0006E4BD3ED007A66EEA77A77EE277AFCEEE77A17EE903A9AB2694B5A806A4B1B882E
:2058C00007EE903AB8EEE77A684BD3ED006A664B1B8807EE903AF8EEE77A76EEE76A5F4B6C
:2058E000D3ED007A66EEA77A77EE277AFCEEE77A17EE903A9AB25C4B1A805B4B5B8807EECE
:20590000903AB8EEE77A594BD3ED016A564B5B8807EE903AF8EEE77A76EEE76A4F4BD3ED4E
:20592000007A66EEA77A77EE277AFCEEE77A17EE903A9AB24C4B5A804D4B1B8807EE903AA1
:20594000B8EEE77A4B4BD3ED006A494B1B8807EE903AF8EEE77A76EEE76A404BD3ED007AC9
:2059600066EEA77A77EE277AFCEEE77A17EE903A9AB23F4B1A803E4B5B8807EE903AB8EE51
:20598000E77A3C4BD3ED016A394B5B8807EE903AF8EEE77A76EEE76A304BD3ED007A66EEC9
:2059A000A77A77EE277AFCEEE77A17EE903A9AB22F4B5A80304B93ED007A304BD3ED006AEC
:2059C0002D4BD3ED007A76EEE76A244BD3ED007A66EEA77A77EE277A274BC3ED007A264B2F
:2059E00093ED017A254BD3ED016A234BD3ED017A76EEE76A194BD3ED007A66EEA77A77EE3B
:205A0000277A1D4BC3ED017A1D4B1B8807EE903AB8EEE77A1B4BD3ED006A194B1B8807EEF5
:205A2000903AF8EEE77A76EEE76A0C4BD3ED007A66EEA77A77EE277AFCEEE77A17EE903A7A
:205A40009AB20F4B1A8000BFBD465DF8047B704778290010781E0010481E00104403001095
:205A6000941E0010681E00108C1E0010601E00107C1E0010501E0010801E0010581E00102A
:205A8000741E0010281E001080B400AF414B93F82130002B0AD0404B5B79032B06D03F4BD1
:205AA00001221A703B4B002283F821203B4B1B78002B04D1374B93F82A30002B65D0384B72
:205AC00093F8403083F00103DBB2002B5DD0334B00221A702F4B93F82A3083F00103DBB2E2
:205AE000002B14D02C4B93F80C31002B14BF01230023DBB283F00103DBB203F00103DAB2FF
:205B0000254B83F80C21244B002283F80D21214B002283F82A20224B012283F84020204B0A
:205B2000012283F838201E4B38221A601A4B5B79032B1BD0184B93F80C3183F00103DBB2B1
:205B4000002B03D0164B00225A601EE0124B93F80D3183F00103DBB2002B03D0104B012266
:205B60005A6012E00E4B02225A600EE00A4B93F80C3183F00103DBB2002B03D0084B0322BD
:205B80005A6002E0064B01225A6000BFBD465DF8047B7047F02300105C240010502A0010B1
:205BA0008820001080B500AF864B93F86E31022B00F08380022B00F30381002B02D0012B61
:205BC00059D0FDE0804B93F82B30002B25D07E4B002283F82B207B4BD3F82831591C7B4B18
:205BE00083FB01239A10CB17D21A13469B0013445B00CA1A734BC3F82821724BD3F828315E
:205C0000734A1360724B1B68DBB21A460021FE20FBF774FA6F4B01221A706B4B93F82C3084
:205C2000002B00F0C880684B002283F82C20654BD3F8283103F10901644B83FB01239A1098
:205C4000CB17D21A13469B0013445B00CA1A5D4BC3F828215B4BD3F828315D4A13605C4BB5
:205C60001B68DBB21A460021FE20FBF747FA594B01221A709FE0544B93F82B30002B0ED0E4
:205C8000514B002283F82B204E4B9B7A0133002B03F00103B8BF5B42DAB24A4B9A724A4BA6
:205CA00093F82C30002B00F08880474B002283F82C20494B01221A707FE0434B93F837303F
:205CC000002B0CD0404B002283F837203D4B5B79032B1DD13C4B012283F8222018E03A4BE2
:205CE00093F82B30002B13D0374B002283F82B20344B5B79032B07D0324B5B79002B03D09F
:205D0000364B01221A7003E02F4B012283F820202D4B93F83830002B0CD02B4B002283F895
:205D20003820284B5B79032B37D1274B012283F8232032E0244B93F82C30002B2DD0224B3E
:205D4000002283F82C201F4B5B79032B21D01D4B93F80C31002B14BF01230023DBB283F088
:205D60000103DBB203F00103DAB2164B83F80C21154B012283F82A20124B93F80C3183F026
:205D80000103DBB2002B08D00E4B002283F80D2103E00D4B012283F821200B4B93F83030F0
:205DA000002B0CD0084B002283F83020064B012283F8272003E000BF02E000BF00E000BF84
:205DC00000BF80BD5C240010F0230010676666667020001078200010CE1E0010D11E001038
:205DE00080B500AF0F4B93F82030002B17D00D4B002283F820200B4B9B6A0B4A13600A4BCB
:205E00001B680A4AC2F82831074B1B68DBB21A460021FE20FBF772F9054B01221A7000BF7E
:205E200080BD00BFD4250010702000105C2400107820001080B500AFFFF726FE294B93F888
:205E40002730002B4CD0284B93F80C3183F00103DBB2002B08D0234B002283F82720224BA3
:205E6000002283F80D213BE0204B93F8403083F00103DBB2002B33D01A4B002283F827205B
:205E8000194B93F80D31002B14BF01230023DBB283F00103DBB203F00103DAB2124B83F8A4
:205EA0000D21114B93F80D31002B02D0104B00221A700E4B012283F840200C4B012283F83F
:205EC00038200A4B38221A60074B93F80D31002B03D0064B02225A6002E0044B01225A60EB
:205EE00000BF80BDF02300105C24001088200010D01E001080B483B000AFA64B012283F898
:205F00000C210123FB710023BB71A34B1B68022B0DD10023FB71A14B1A78A14B1B789A4291
:205F200005D09E4B1A789E4B1A700123FB719D4B1B6E032B69D801A252F823F00B601008AB
:205F40004D5F1008AD5F1008E55F1008914B93F81D31032B1DD1944B93F8403083F00103DB
:205F6000DBB2002B50D08B4B012283F81D21894B002283F80D218C4B38221A608A4B012255
:205F80005A60894B012283F84020864B00221A663AE0804B93F81D31012B35D0814B012224
:205FA00083F822207F4B00221A662DE0794B93F81D31032B04D17B4B012283F823200DE077
:205FC000744B93F81D31022B08D0724B93F81D31042B03D0734B012283F82220714B002210
:205FE0001A6612E06B4B93F81D31032B08D0694B93F81D31042B03D06A4B012283F8232075
:20600000684B00221A6600E000BF664B93F82330002B02D0FB79002B04D1624B93F82A30FA
:20602000002B6FD0604B93F8403083F00103DBB2002B67D05B4B002283F82320594B93F835
:206040002A3083F00103DBB2002B2ED0514B93F81D31012B04D04F4B93F81D31022B07D1CC
:206060004C4B032283F81D214F4B04225A603EE0484B93F81D31032B13D1464B93F8253123
:20608000002B06D0494B4FF0FF321A60484B01221A70404B022283F81D21434B02225A606D
:2060A00025E0414B03225A6021E03E4B002283F82A20384B93F81D31012B03D13A4B0122FB
:2060C0005A6014E0334B93F81D31022B03D1364B02225A600BE02F4B93F81D31032B03D11B
:2060E000314B04225A6002E02F4B03225A602E4B012283F838202C4B38221A602A4B0122B7
:2061000083F84020274B93F82730002B30D0264B93F8403083F00103DBB2002B28D0214B26
:20612000002283F827201B4B93F81D31032B08D0184B042283F81D21164B012283F82421B0
:2061400002E01C4B01221A701B4B00221A60174B00221A60144B012283F83820124B38223D
:206160001A60114B03225A600F4B012283F840200C4B93F82230002B00F08680054B93F8E2
:20618000243183F00103DBB2002B17D00123BB7119E000BF5C240010BC1E00104427001097
:2061A000512A0010F02300108820001080290010522A0010D21E00107C290010FB79002BE0
:2061C00001D00123BB71884B93F8403083F00103DBB2002B58D0BB79002B55D0834B002205
:2061E00083F82220804B012283F838207E4B38221A607F4B93F81D31022B04D07C4B93F88E
:206200001D31042B0BD17A4B012283F81D21784B002283F80D21744B01225A6030E0744B8B
:2062200093F81D31012B04D0714B93F81D31032B26D16F4B93F81A3183F00103DBB2002B0C
:2062400007D16B4B93F8243183F00103DBB2002B07D0674B022283F81D21634B02225A60AF
:206260000AE0634B052283F81D215F4B01225A605F4B002283F824215D4B002283F8242109
:20628000594B012283F84020594B93F81D31042B04D1574B002283F825210DE0544B93F83F
:2062A0001D31022B04D0524B93F81D31052B03D14F4B012283F825214E4B1B68022B4BD132
:2062C0004B4B93F82531002B28D04B4B1B68002B24DDFB79002B04D0484B1B680133474A91
:2062E0001360464B1A68444B1B689A4233DB444B1B78002B06D0424B00221A703F4B002214
:206300001A6028E03D4B00221A60394B93F81D31032B20D03B4B01221A701CE0344B93F823
:20632000253183F00103DBB2002B15D0304B93F81D31012B10D1FB79002B0DD02E4B1B681A
:2063400001332D4A13602C4B1B682C4A13602C4B01221A7000E000BF2B4B1B78002B17D05E
:20636000294B00221A70224B022283F81D21204B93F81A31002B07D01D4B052283F81D2128
:206380001B4B002283F82421204B01221A7025E01E4B1B78002B21D0134B93F8403083F0B4
:2063A0000103DBB2002B19D0184B00221A700E4B012283F838200C4B38221A600C4B93F8CD
:2063C0001D31022B03D1084B02225A6002E0064B01225A60044B012283F8402000BF0C37DE
:2063E000BD465DF8047B704788200010F02300105C240010BC1E00107C290010802900104C
:20640000522A001084290010D51E0010532A001080B489B000AF0346FB7100233B610023F0
:20642000FB600023BB604D4B1B68FB614C4B1B78002B09D04B4B1B7883F00103DBB2002BC6
:2064400002D0494B1B68FB61FB7983F00103DBB2002B16D00023BB610CE0444ABB6952F847
:2064600023204349BB6906339B000B445A60BB690133BB61BB69052BEFDD3E4B00221A6093
:2064800065E000237B615FE0BB689A1C384913465B0013445B007A69134406339B000B445C
:2064A0005B68B3F5007F14DA304A7B6952F823202F497B6924339B000B445A602B4A7B6969
:2064C00052F823202A497B6906339B000B445A6037E0BB68DA1C264913465B0013445B00F6
:2064E0007A69134406339B000B445B683B61BB681A1D1F4913465B0013445B007A6913447E
:2065000006339B000B445B68FB603B6907EE903AB8EEE77AFA683B69D31A07EE903AF8EE38
:20652000E76AD7ED077A66EEA77A77EE277AFDEEE77A17EE901A0E4A7B6924339B001344CA
:2065400059607B6901337B617B69052B9CDD00BF2437BD465DF8047B704700BFE01E00108C
:20656000DD1E0010DC1E0010E81E0010FC2200105C2400104C2A0010B0B598B000AF714B94
:2065800007F124041D460FCD0FC495E80F0084E80F006D4B3C1D1D460FCD0FC495E80F0013
:2065A00084E80F00002387F85F300023BB656BE1664ABB6D134402331B78002B71D0BB6D15
:2065C000022B0CD1624B93F81031002B07D0614B01221A705D4B002283F820205BE0BB6DF5
:2065E000002B07D15C4B1B78002B03D05A4B00221A7050E0BB6D022B1AD1554B1B78022B3F
:2066000016D1534ABB6D134403331B785A1C534B83FB0231D317C91A0B465B000B44D11A36
:20662000C9B24B4ABB6D134403330A461A7013E0474ABB6D134403331B7801335A4203F02C
:20664000030302F0030258BF5342D9B2404ABB6D134403330A461A70BB6D022B06D13C4B3A
:206660005B79032B02D1012387F85F30BB6D012B11D1374B1B78022B0DD0354ABB6D1344C0
:2066800003331B78002B03D0314B0122DA7502E02F4B0022DA752D4ABB6D1344023300222B
:2066A0001A70BB6D012B29D1284B93F82030002B24D0274B5B79002B20D1244B002283F827
:2066C0002020234BDB7D002B14BF01230023DBB283F00103DBB203F00103DAB21C4BDA75A5
:2066E0001B4B1B79002B09D1194BDB7D002B05D0174B1B790133DAB2154B1A71144ABB6DB8
:20670000134403331B787B6500233B65BB6D022B06D10F4B93F81031002B01D001233B65A4
:20672000BB6D012B2CD10A4BDB7D83F00103DBB2002B15D0064B1B78022B11D001233B6591
:206740001EE000BFC4DE1108E4DE1108F02300105C240010CC1E0010482900105655555563
:20676000524B9B7B012B0BD1504B5B79012B03D04E4B5B79022B03D101233B6501237B65BA
:206780004B4B93F82030002B0BD0484B5B79002B07D0464B5B79032B03D0454B002283F886
:2067A0002020BB6D002B4ED1424B1B78002B4AD008F0E2F9F864404B1B68FA6CD31ABB6413
:2067C000BB6CB3F5FA7F0ED93B4AFB6C13603B4B1B6801335A4203F0030302F0030258BF4B
:2067E0005342364A1360314ABB6D134403331B781A46324B1B6813445A4203F0030302F010
:20680000030258BF53427B643B6D9A007B6C13449B0060333B4453F83C1C294ABB6D52F833
:2068200023300A461A603B6D9A007B6C13449B0060333B4453F85C1C224ABB6D52F823301A
:206840000A461A601DE03B6D9A007B6D13449B0060333B4453F83C1C194ABB6D52F8233078
:206860000A461A603B6D9A007B6D13449B0060333B4453F85C1C134ABB6D52F823300A46EB
:206880001A60BB6D0133BB65BB6D042B7FF790AE064B93F86E31002B01D1FFF783F997F87E
:2068A0005F3018466037BD46B0BD00BF5C240010F023001048290010442A0010482A0010F1
:2068C0007C0000109000001080B582B000AF0023FB71FFF751FE0346FB718B4B5B79002B18
:2068E00003D0894B0122DA7506E0874B1B79002B02D1854B0022DA75834B5B791A46834B24
:206900001B689A4226D0814B1B68002B22D1804B93F8403083F00103DBB2002B1FD07A4B0C
:20692000002283F80D217A4B012283F83820784B38221A60744B93F80C311A46744B5A60DA
:20694000714B5B791A46714B1A60714B012283F8402004E06C4B5B791A466C4B1A606D4B9F
:206960001B78002B09D06C4B1B7883F00103DBB2002B02D0694B01221A70634BD3F820310A
:20698000012B0AD1604B93F8253183F00103DBB2002B02D0614B00221A705B4B93F8103199
:2069A000002B3AD05E4B1B7883F00103DBB2002B33D0554B93F80F3183F00103DBB2002B9A
:2069C00004D1514BDB6DB3F5007F26DA554B1B78002B08D0534B00221A704B4B93F8102105
:2069E0004F4B1A7025E04A4B93F8403083F00103DBB2002B1DD0464B7F225A60444B012224
:206A000083F83820424BDB221A60454B01221A703F4B012283F840200BE03B4B93F810319D
:206A200083F00103DBB2002B04D03D4B00221A7000E000BF344B93F81D31042B25D1324B86
:206A400093F81D21304B93F81E319A421DD02E4B93F80F3183F00103DBB2002B15D02C4B80
:206A600093F8403083F00103DBB2002B0DD0284B7F225A60264B012283F83820244BDB226E
:206A80001A60234B012283F840201F4B93F81D211D4B83F81E211C4B93F80F3183F0010312
:206AA000DBB2002B0BD0204B1B78002B03D11F4B1B78002B14D01E4B01221A7010E01A4BCF
:206AC0001B7883F00103DBB2002B09D0174B1B7883F00103DBB2002B02D0154B00221A7019
:206AE000134B1A78134B1B789A4229D0124B00221A60FBF713FE114B01221A700C4B1A78F2
:206B00000C4B1A7022E000BF5C240010382A001088200010AC1E00103C2A0010C41E0010D7
:206B20003D2A001014280010DC1E0010DD1E0010DE1E00103E2A0010B823001018280010BE
:206B4000A44B93F80F311846FFF762FCA24B9B7C002B25D0A14B93F8403083F00103DBB2BA
:206B6000002B1DD09C4B00229A749A4BD2225A64984B7B221A649A4BD2229A62984B7B22FC
:206B80005A62964B012283F83820944B34221A60944B1B68914A5360904B012283F84020EA
:206BA0008D4BDB7C002B04D08B4B0022DA74FAF7E1FE8D4B1B78002B2DD0884B93F8403030
:206BC00083F00103DBB2002B25D0874B00221A70844B1B687F4AC2F828317E4BD3F82831F8
:206BE000092B05DC7B4BD3F828317C4A536007E07E4B1B781A467E4B9B5C1A46774B5A60DE
:206C0000764B012283F83820744B36221A60734B012283F84020FEF7C5FFFFF7E1F86D4B30
:206C2000D3F82031002B02D0012B55D0ADE0694B5B79032B4DD1694B93F8403083F0010363
:206C4000DBB2002B00F0A080624B0122C3F82021FBF794FD5F4B93F80C31002B12D0FB792A
:206C6000002B0FD05B4B022283F81D215B4B02225A60584B002283F82421564B012283F83F
:206C800025210EE0534B042283F81D21534B03225A60504B012283F824214E4B002283F812
:206CA00025214C4B1B791A46524B1A60494B9B7B012B02D1474B00221A71484B012283F8D3
:206CC0003820464B38221A60444B012283F840205AE0FFF7AFF858E03E4B5B79032B50D0B0
:206CE0003E4B93F8403083F00103DBB2002B48D0384B0022C3F82021FBF740FD354B93F8EE
:206D00001D31032B04D0334B93F81D31042B0AD1304B002283F80C21374B01221A702F4BD4
:206D200000225A6010E02B4B93F81D31022B04D0284B93F81D31012B06D1264B012283F8D9
:206D40000C21264B01225A60224B002283F81D21204B002283F80D211E4B9B7B012B04D1BA
:206D6000244B1B68DAB21B4B1A711C4B012283F838201A4B38221A60184B012283F84020AD
:206D800003E0FFF7B7F800E000BF124B5B79002B08D0104B5B79032B04D00E4B012283F870
:206DA000732112E00B4B5B79032B09D1094B93F82531002B04D0074B012283F8732104E07F
:206DC000044B002283F8732100BF00BF0837BD4680BD00BF5C240010F0230010882000100C
:206DE000FC2200107020001016280010172800102C030010402A0010D31E0010B0B596B0C3
:206E000000AF6423FB6200233B6300237B630023BB63884B07F11C040FCB84E80F00864BCB
:206E20003C1D1D460FCD0FC495E8030084E8030000237B6500233B65804B5B79032B01D094
:206E4000FEF7F8FFFEF7AEFE7D4B9B7E002B00F085807B4B00229A760023FB642CE0774A5D
:206E6000FB6C0C339B0013445B68B3F5617F02DD01237B650DE0714AFB6C0C339B0013440C
:206E80005B68632B03DC4FF0FF337B6501E000237B65FB6C9B0058333B4453F8543C7A6DBF
:206EA0009A420CBF01230023DBB21A463B6D13443B65FB6C0133FB64FB6C052BCFDD3B6D73
:206EC000062B49D15D4B93F82D31002B14BF01230023DBB283F00103DBB203F00103DAB27D
:206EE000564B83F82D21554B93F82D31002B2ED00023BB6427E0534ABB6C9B0013444FF038
:206F000000021A604F4ABB6C0233002142F823104C4ABB6C0833002142F82310494ABB6C32
:206F20000433002142F82310464ABB6C0E339B0013444FF000021A60424B002283F840205D
:206F4000BB6C0133BB64BB6C012BD4DD06E03D4B002283F8402001E0FBF710FC384B5B7E0D
:206F6000002B3AD0FBF70AFC00237B642CE0334A7B6C0C339B0013445B68B3F5617F02DD17
:206F800001237B650DE02D4A7B6C0C339B0013445B68632B03DC4FF0FF337B6501E00023EC
:206FA0007B657B6C9B0058333B4453F8543C7A6D9A420CBF01230023DBB21A463B6D1344C9
:206FC0003B657B6C01337B647B6C052BCFDD3B6D062B02D11C4B03221A601B4B1B68002B8E
:206FE00053DD194B1B68032B19D1184B93F8403083F00103DBB2002B11D0134B02221A60F8
:20700000124B012283F83820104B36221A600F4BD0225A600D4B012283F8402035E00A4B2A
:207020001B68022B14D1FBF7A3F9074B01221A602BE000BF04DF110814DF11085C240010DC
:20704000F0230010482700108829001088200010654B1B68012B18D1644B93F8403083F0B0
:207060000103DBB2002B10D05F4B00221A605F4B012283F838205D4B36221A605B4B4D22FF
:207080005A605A4B012283F84020594B93F82030002B2DD0554B93F8403083F00103DBB24D
:2070A000002B25D0524B002283F82020514B93F81A3183F00103DBB2002B07D04D4B012203
:2070C00083F81A21494B01225A6006E0494B002283F81A21454B02225A60444B012283F89C
:2070E0004020424B012283F83820404B35221A6000233B645BE03E4A3B6C134402331B7806
:20710000002B31D03A4A3B6C1344023300221A703B6C012B12D0374A3B6C134408331B78DE
:207120000133002B03F00103B8BF5B42D9B2314A3B6C134408330A461A7015E02D4A3B6CB9
:20714000134408331B785A1C2B4B83FB0231D317C91A0B465B000B44D11AC9B2254A3B6C29
:20716000134408330A461A70224A3B6C134408331B789B0058333B4453F82C1C1F4A3B6C23
:2071800052F823300A461A601A4A3B6C134408331B789B0058333B4453F83C1C184A3B6C07
:2071A00052F823300A461A603B6C01333B643B6C042BA0DD0023FB630DE0124AFB6B063332
:2071C00052F823200B49FB6B0C339B000B445A60FB6B0133FB63FB6B052BEEDD00BF00BFAE
:2071E0005837BD46B0BD00BF8829001088200010F02300105C240010565555557C000010C4
:2072000090000010FC22001080B584B000AF64233B6000237B600023BB600023FB60A04BC1
:20722000DA79A04B83F82C219E4BD3F828219E4B1B689A4214BF01230023DAB29B4B1A70ED
:20724000974B9B7C002B1DD0954B1B7D002B19D0FBF794FA934BD3F828311846FAF752FF6F
:20726000904BD3F82831904A13608E4B93F80C218F4B1A708B4B93F80D218E4B1A708E4B02
:2072800001221A70864B93F82030002B3DD0844B002283F82020834BD3F8283103F10901C1
:2072A000864B83FB01239A10CB17D21A13469B0013445B00CA1A7B4BC3F82821794B93F840
:2072C0002C3183F00103DBB2002B1AD0754BD3F82831754A1360744B1B68DBB21A460021D2
:2072E000FE20F9F70BFF6F4B93F80C21704B1A706C4B93F80D216F4B1A706F4B01221A70A4
:2073000044E06F4B01221A7040E0654B93F82130002B3BD0624B002283F82120614BD3F8FE
:207320002831591C654B83FB01239A10CB17D21A13469B0013445B00CA1A5A4BC3F8282182
:20734000584B93F82C3183F00103DBB2002B1AD0544BD3F82831544A1360534B1B68DBB207
:207360001A460021FE20F9F7C9FE4E4B93F80C214F4B1A704B4B93F80D214E4B1A704E4B37
:2073800001221A7002E04E4B01221A704D4B1B78002B18D04C4B93F8403083F00103DBB244
:2073A000002B10D0474B00221A70474B012283F83820454B35221A60434B02225A60424BA2
:2073C000012283F840203E4B1B78002B1AD03E4B93F8403083F00103DBB2002B12D0384B66
:2073E00000221A70384B012283F83820364B36221A602C4BD3F82831334A5360324B0122AA
:2074000083F84020274B93F80D212A4B1B789A4206D1244B93F80C21254B1B789A4232D0A3
:20742000294B93F8403083F00103DBB2002B2AD01C4B93F80D211F4B1A701A4B93F80C2183
:207440001B4B1A70204B012283F838201E4B38221A60144B93F80C3183F00103DBB2002B48
:2074600007D0104B002283F80D21174B00225A6005E00C4B93F80D310133134A5360124B2B
:20748000012283F84020FFF777F8064B93F80F311846FEF7BDFF00BF1037BD4680BD00BF59
:2074A000F02300105C2400107020001016280010542A0010552A00107820001067666666CD
:2074C000562A00103227001088200010B0B5CEB000AF07F59C73A3F59A73186007F04CFB03
:2074E000C7F82401A54B07F1F4041D460FCD0FC495E80F0084E80F00A14B07F1D4041D4690
:207500000FCD0FC495E80F0084E80F009D4B07F1A0041D460FCD0FC40FCD0FC40FCD0FC4C1
:207520002B6823600023C7F82031974A07F19C031268114619800233120C1A70934B07F16D
:207540006C041D460FCD0FC40FCD0FC495E80F0084E80F008E4B07F13C041D460FCD0FC4D0
:207560000FCD0FC495E80F0084E80F0007F59C73A3F59673874A1C4615460FCD0FC40FCD90
:207580000FC495E80F0084E80F000023C7F81C31814B9B78022B5BD0022B00F38880002B58
:2075A00002D0012B2AD082E07C4B93F82030002B0FD07A4B002283F82020774B01229A7034
:2075C000774B03221A60FBF7A9F8764B01221A706DE0724B93F82130002B63D06F4B002229
:2075E00083F821206C4B02229A706D4B04221A60FBF794F86B4B01221A7058E0674B93F83C
:207600002030002B0FD0654B002283F82020624B00229A70624B02221A60FBF77FF8614B4A
:2076200001221A7043E05D4B93F82130002B3BD05A4B002283F82120574B02229A70584BCA
:2076400004221A60FBF76AF8564B01221A702EE0524B93F82030002B0FD0504B002283F820
:2076600020204D4B01229A704D4B03221A60FBF755F84C4B01221A7019E0484B93F82130E3
:20768000002B13D0454B002283F82120424B00229A70434B02221A60FBF740F8414B0122B0
:2076A0001A7004E000BF02E000BF00E000BF0023C7F83431C1E03C4B1B78002B78D1384B64
:2076C0001B68022B1AD0364B1968354B1A6837480B465B000B445B00D7F834110B4450F88C
:2076E00023102D4813465B0013445B00D7F83421134406339B000344596099E0284B1A68BF
:207700002A4913465B0013445B00D7F83421134451F82330B3F5AF7F0FDA214B1A681E4965
:2077200013465B0013445B00D7F83421134406339B000B4401225A607AE0194B1A681B49C4
:2077400013465B0013445B00D7F83421134451F8233040F28A2293426ADD114B1A680E497D
:2077600013465B0013445B00D7F83421134406339B000B4440F2FF325A6059E0C4DE1108F4
:20778000E4DE11082CDF110808EB110860DF110890DF1108C0DF11085C240010F023001093
:2077A000B82300101828001019280010FC220010D7F83431012B33D1A04B1A68D7F834310A
:2077C000C3F105019E4813465B0013445B000B4450F82330012B2BDD984B1A68D7F83431EC
:2077E000C3F10501964813465B0013445B000B4450F8233007EE903AB8EEE77ADFED916A14
:20780000C7EE267AB2EE0A7A67EE877AFCEEE77AC7ED007A3B78DAB28B4B83F8182107E070
:20782000D7F83431022B03D1874B062283F81921D7F834310133C7F83431D7F83431052B74
:207840007FF739AF804B93F81831C7F818317F4B1B7B002B20D07E4B01221A707A4B93F8E2
:207860001831C3F10C039B0003F59C733B4453F8FC3C784A1360744B93F81831C3F10C02CE
:2078800007F59C73A3F5967353F82230724A13606E4B00221A7309E06C4BDB7983F001039D
:2078A000DBB2002B02D06A4B00221A70684B1B7883F00103DBB2002B56D00023C7F83031FF
:2078C0004DE0624AD7F83031134402331B78002B1AD05E4AD7F830311344023300221A705B
:2078E000594AD7F8303113440D331B780133002B03F00103B8BF5B42D9B2534AD7F83031C9
:2079000013440D330A461A704F4AD7F8303113440D331B789B0003F59C733B4453F8441C37
:207920004E4AD7F8303152F823300A461A60464AD7F8303113440D331B789B0003F59C738C
:207940003B4453F8641C464AD7F8303152F823300A461A60D7F830310133C7F83031D7F863
:207960003031042BADDDD4E00023C7F82C3145E0364AD7F82C31134402331B78002B38D0D7
:20798000384B1B68D7F82421D31AFA2B2AD9314B1B68D7F82C219A4207D02E4AD7F82C3146
:2079A00013602D4B00221A601CE0D7F82C31042B0ED0294B1B68591C2B4B83FB0132CB1796
:2079C000D21A13465B001344CA1A234B1A6009E0214B1B680133002B03F00103B8BF5B42A2
:2079E0001D4A1360194AD7F82C311344023300221A70D7F82C310133C7F82C31D7F82C313E
:207A0000042BB5DD0023C7F8283164E0D7F82831002B03D1154B00221A6031E00D4B1B6817
:207A2000D7F828219A4225D1114B00221A600A4B1B6801330D4A136022E000BFB8230010E2
:207A4000FC220010000080445C240010F0230010572A0010C4030010582A00107C000010FB
:207A6000900000105C2A001056555555602A0010C8030010B64B01221A60B64B01221A60CA
:207A8000B34B1A68B34B1B68920013449B0003F59C733B4453F8441CAF4AD7F8283152F8C5
:207AA00023300A461A60AA4B1A68AA4B1B68920013449B0003F59C733B4453F8641CA74AF4
:207AC000D7F8283152F823300A461A60D7F828310133C7F82831D7F82831042B96DDA04BEE
:207AE0001B685A1E13465B001A449E4B1B681344C7F81C31D7F81C319B0003F59C733B446D
:207B000053F8CC3CDBB2C3F10C03DAB2964B83F81821954B93F81031002B41D0924B93F851
:207B200018311A46D7F81831934239D08F4AD7F8243113608E4B01221A708E4B01221A702A
:207B40008D4B01221A70884BD3F8143107EE903AB8EEE77A844B93F81831C3F10C039B00F6
:207B600003F59C733B44983BD3ED007A67EE276AD7F81831C3F10C039B0003F59C733B4490
:207B8000983B93ED007AC6EE877AFDEEE77A17EE902A754BC3F81421734B002283F810211C
:207BA000764B93F82B30002B04D1744B93F82C30002B3ED0724B93F8403083F00103DBB283
:207BC000002B36D06D4B002283F82B206B4B002283F82C206B4B01221A7006F0CDFF0346C7
:207BE000694A1360604B93F86E315A1C674B83FB0231D317C91A0B465B000B44D11ACAB282
:207C0000594B83F86E215E4B012283F838205C4B34221A60544B93F86E3103F59C733B4451
:207C200013F89C3C1A46564B5A60554B012283F84020544B1B78002B24D006F09DFFC7F866
:207C400014014F4B93F8403083F00103DBB2002B18D04D4B1B68D7F81421D31AB3F5617FCF
:207C600010D9484B00221A70454B012283F83820434B36221A60424B45225A60404B01229A
:207C800083F84020384B93F81B21414B1B789A4207D0404B01221A70334B93F81B213C4BE9
:207CA0001A70364B93F82730002B03D1394B1B78002B48D0324B93F8403083F00103DBB202
:207CC000002B40D02D4B002283F82720314B1B78002B03D02F4B00221A7010E0224B93F8F2
:207CE0001B31002B14BF01230023DBB283F00103DBB203F00103DAB21B4B83F81B211A4B5D
:207D000093F81B3183F00103DBB21A464FF4006121480BF0F5FD214B01221A70174B012290
:207D200083F82A20164B012283F83820144B38221A600D4B93F81B310133114A5360104B28
:207D4000012283F8402000BF07F59C77BD46B0BDC8030010602A00107C0000109000001046
:207D6000C4030010582A00105C2400105C2A0010CC1E0010CD1E001014280010F023001010
:207D800088200010642A0010682A0010565555556C2A001031270010001802580E280010D0
:207DA00080B588B000AF64233B6000237B600023BB600023FB60864B93F81C319B007B61AB
:207DC00006F0DAFE3861834B1B68002B02D1814A3B691360804B1B78002B09D07D4B1B685E
:207DE0003A69D31AF92B40F231827B4B00221A70774B1B78032B00F22A8201A252F823F057
:207E0000117E1008957F100877811008F3811008724B1B7B002B47D0714B01221A70714B39
:207E200093F8403083F00103DBB2002B3CD0FAF7A5FC674B93F81A3183F00103DBB2002BC3
:207E400003D0684B02225A6002E0664B01225A60644B012283F83820624B35221A60614B7F
:207E6000012283F840205A4B01221A70584B002283F80F215C4A3B6913605C4B00221A7032
:207E800006F07AFE0346584A1360594B01221A70584B01221A60584B01221A70FAF73EFC0A
:207EA000564B01221A70D2E14C4B93F82630002B38D04B4B01221A704A4B93F8403083F0D0
:207EC0000103DBB2002B2DD0FAF758FC4C4B1B68092B16DC4A4B1B683D4AC2F828313C4B2B
:207EE00002221A703F4B012283F838203D4B35221A603C4B02225A603A4B012283F8402013
:207F0000A5E1334B02221A703E4B01221A703C4B00221A602E4B0022C3F828213A4B01220F
:207F20001A7094E12D4B93F82830002B2FD02C4B01221A70FAF722FC0023FB610EE0244AAF
:207F4000FB6906339B0013445A682149FB693C339B000B445A60FB690133FB61FB69052B67
:207F6000EDDD1B4B03221A70194B00225A70184B002283F80F211F4B02221A60FAF7CEFBE0
:207F80001E4B01221A70214B01221A705FE1FEF79BFC5CE1144B1B683A69D31AC82B48D923
:207FA000154B1B78002B44D00E4B93F8403083F00103DBB2002B3CD0054B93F81A3183F067
:207FC0000103DBB2002B23D0064B02225A6022E05C240010142A0010C2030010F0230010EB
:207FE000D41E001088200010182A00101C2A00101D2A0010B8230010302700101828001026
:2080000070200010322700107820001031270010904B01225A60904B00221A708D4B01220D
:2080200083F838208B4B35221A608A4B012283F840208A4B1B683A69D31AB3F57A7F02D98F
:20804000874B00221A70874BDB7983F00103DBB2002B02D0844B01221A70824B9B78002BF4
:208060000BD1804BDB7E002B07D17F4B1B78002B33D07C4B1B7B002B2FD0794B1B7883F021
:208080000103DBB2002B26D0784B00221A70714B93F8403083F00103DBB2002B1DD0FAF7FB
:2080A0006DFB6C4B00225A606A4B012283F83820684B35221A60674B012283F840206C4B2F
:2080C00000221A706B4B00221A60FAF727FB6A4B01221A70BBE0FAF751FB624B93F82830C5
:2080E000002B45D0614B01221A705A4B93F8403083F00103DBB2002B3AD0FAF73FFB0023C0
:20810000BB610EE05A4ABB6906339B0013445A685749BB693C339B000B445A60BB69013371
:20812000BB61BB69052BEDDD514B03221A70504B01225A704E4B002283F80F214D4B022210
:208140001A60FAF7EBFA4C4B01221A704B4B01221A70404B012283F838203E4B36221A606C
:208160003C4B45225A603B4B012283F840206EE0FEF744FE6BE03B4B93F82630002B1ED083
:208180003A4B00221A70334B93F8403083F00103DBB2002B13D0FAF7F1FA354B00221A701B
:2081A0002C4B012283F838202A4B35221A60294B00225A60274B012283F8402047E0294BB1
:2081C00093F82730002B11D0FAF7D8FA284B00221A70274B002283F82C21254BD3F82831DF
:2081E000274A1360274B01221A7030E0FFF70CF82DE01C4B93F82830002B23D01B4B002275
:208200001A70144B93F8403083F00103DBB2002B18D0FAF7B3FA164B5A78154B1A70144B49
:2082200093F81C31002B02D0174B01221A70104B5B781A460F4B1A60FAF770FA0E4B012221
:208240001A7004E01148FFF741F900E000BF2037BD4680BD8820001030270010182A001080
:208260001D2A0010F02300101C2A0010D41E00105C240010B82300101828001031270010F9
:20828000702000100C28001011280010202A001080B489B000AF786039600023FB777E4B6C
:2082A0001B78032B00F2F28001A252F823F000BFC18210081F8310087B831008D98310083B
:2082C0000023FB77744B93F80F31002B01D00523FB770023BB611EE0FA7FBB699B00796893
:2082E00019446D4813465B0013445B00BA69134406339B0003445B680B60BB699B003A68E2
:208300001A446549BB690C339B000B445B681360BB690133BB61BB69052BDDDDB6E0002393
:20832000FB775E4B1B78002B01D00523FB7700237B611EE0FA7F7B699B0079681944564828
:2083400013465B0013445B007A69134406339B0003445B680B607B699B003A681A444E491E
:208360007B690C339B000B445B6813607B6901337B617B69052BDDDD88E00023FB77464B6A
:2083800093F80F31002B01D00523FB7700233B611EE0FA7F3B699B00796819443E481346EA
:2083A0005B0013445B003A69134406339B0003445B680B603B699B003A681A4436493B690B
:2083C0000C339B000B445B6813603B6901333B613B69052BDDDD59E00023FB77304B1B6870
:2083E000022B25D10023FB601EE0FA7FFB689B0079681944284813465B0013445B00FA68F1
:20840000134406339B0003445B680B60FB689B003A681A442049FB680C339B000B445B6806
:208420001360FB680133FB60FB68052BDDDD2CE0194B93F80F3183F00103DBB2002B24D02C
:208440000023BB601EE0FA7FBB689B0079681944114813465B0013445B00BA6813440633FA
:208460009B0003445B680B60BB689B003A681A440949BB680C339B000B445B681360BB6837
:208480000133BB60BB68052BDDDD00BF00BF2437BD465DF8047B70475C240010DC1E00107F
:2084A000B8230010000000002DE9B04392B000AF87ED030AC7ED020A03460A46FB71134638
:2084C000BB71032387F837304FF000037B64C84B3B634FF000033B64C64BFB634FF0000300
:2084E000BB63C54BFB62FB79002B01D0C34BFB63BB68BB6397ED0E7AD7ED0B7AB4EEE77A7C
:20850000F1EE10FA01DDFB6ABB6397F83730032B00F2F18101A252F823F000BF89851008A4
:208520002D8510083F8610087F871008BB6B3B6497ED107AD7ED0F7AB4EEE77AF1EE10FA6A
:2085400001DDFB6B3B64B7EE007AD7ED037A37EE677AD7ED0C7A67EE276A97ED0C7AD7EDD4
:20856000037A37EE277AC6EE877A9FEDA57A67EE877AC7ED117A97ED117AD7ED107A77EE01
:20858000277AC7ED117AB6E14FF07A537B61B7EE007AD7ED037A37EE677AD7ED0C7A67EE77
:2085A000276A97ED0C7AD7ED037A37EE277AC6EE877A9FED937A67EE877AC7ED117A786C52
:2085C000F7F7F2FF04460D46B868F7F7EDFF4FF000028C4BF8F740F802460B469046994698
:2085E0007869F7F7E1FF02460B4640464946F8F733F802460B4620462946F7F777FE0246EB
:208600000B4610461946F8F709FB03467B64D7ED117AF5EEC07AF1EE10FA03D84FF00003C7
:208620007B6468E1D7ED117A9FED777AF4EEC77AF1EE10FA00DA5EE1744B7B645BE1744B88
:208640003B624FF00003FB614FF00003BB61386AF7F7AAFF04460D46386AF7F7A5FF02462F
:208660000B464FF000006B49F7F73EFE02460B4690469946B7EE007AD7ED037A37EE677AD8
:20868000D7ED0C7A27EE277AD7ED0C6AD7ED037A76EEA77AC7EE276A16EE900AF7F784FF85
:2086A00002460B4640464946F7F7D6FF02460B4620462946F7F71AFE02460B461046194687
:2086C000F8F7ACFA0346FB61F869F7F76DFF04460D46B868F7F768FF41A3D3E90023F7F7E2
:2086E000BBFF02460B4620462946F7F7FFFD02460B4610461946F8F791FA03463B64D7EDF4
:20870000107AF5EEC07AF1EE10FA1BD54FF000037B64D7ED107AF1EE677AB1EE047A67EE38
:20872000877A97ED027A77EE277AC7ED027AD7ED107AF1EE677AB1EE007A67EE877AC7EDD1
:20874000067A04E03B6C7B644FF00003BB61D7ED117AF5EEC07AF1EE10FA03D84FF000035F
:208760007B64C8E0D7ED117A9FED277AF4EEC77AF1EE10FA00DABEE0244B7B64BBE0F86829
:20878000F7F712FF18A3D3E90023F8F78FF802460B4610461946F8F741FA0346BB62FB6B86
:2087A0007B62BB7983F00103DBB2002B34D0B7EE007AD7ED037A37EE677AD7ED0C7A67EE70
:2087C000276A97ED0C7AD7ED037A37EE277AC6EE877A9FED0B7A67EE877AC7ED117A89E033
:2087E0009A9999999999C93F9A9999999999E93FCDCCCC3D00002043CDCC4C430000C842E4
:20880000000080440000E03F00C07F4400C07F44000078C200009040F868F7F7C5FE52A35F
:20882000D3E90023F8F794F90346002B2DD0BB6B3B6497ED107AD7ED0F7AB4EEE77AF1EE6A
:2088400010FA01DDFB6B3B64B7EE007AD7ED0A7A37EE677AD7ED0C7A67EE276A97ED0C7A84
:20886000D7ED0A7A37EE277AC6EE877A9FED387A67EE877AC7ED117A97ED117AD7ED107A05
:2088800077EE277AC7ED117A34E0BB6B3B64F86BF7F78AFE04460D46B86AF7F785FE024669
:2088A0000B464FF000002B49F7F71EFD02460B46104619464FF00002274BF7F7CDFE0246A9
:2088C0000B4620462946F7F7C7FE02460B4610461946F8F7A3F903467B6297ED107AD7EDEE
:2088E000097AB4EEE77AF1EE10FA01DD7B6A3B643B6C7B6400BFFB79002B0AD0BB79002B8A
:2089000007D0D7ED117A9FED157A77EE877AC7ED117AD7ED117AF5EEC07AF1EE10FA03D841
:208920004FF000037B640AE0D7ED117A9FED0C7AF4EEC77AF1EE10FA01DB0A4B7B647B6CC8
:2089400007EE903AB0EE670A4837BD46BDE8B083000080440000F43F000010400000C8429E
:2089600000C07F4400C07F449A9999999999E93FB0B58CB000AF87ED030AC7ED020A034658
:208980003960FB71012387F823304FF00003FB628F4BFB618F4BBB62FB79002B01D08E4BC7
:2089A000BB6297F82330002B02D0012B61D0ECE0D7ED027AB6EE007A67EE877AC7ED097AA7
:2089C000D7ED097AF5EEC07AF1EE10FA03D84FF000037B620AE097ED097AD7ED0A7AB4EE75
:2089E000E77AF1EE10FA01DBBB6A7B62B7EE007AD7ED037A37EE677AD7ED077A67EE276ABE
:208A000097ED077AD7ED037A37EE277AC6EE877A9FED727A67EE877AC7ED0B7A97ED0B7A85
:208A2000D7ED097A77EE277AC7ED0B7AFB79002B07D0D7ED0B7A9FED6A7A77EE877AC7ED67
:208A40000B7AD7ED0B7AF5EEC07AF1EE10FA03D84FF00003FB6298E0D7ED0B7A9FED617AA0
:208A6000F4EEC77AF1EE10FA00DA8EE05E4BFB628BE0F868F7F798FD53A3D3E90023F7F78B
:208A800015FF02460B4610461946F8F7C7F80346BB61BB6A7B61F868F7F786FD4AA3D3E9E6
:208AA0000023F8F755F80346002B38D0BB687B62D7ED097AF5EEC07AF1EE10FA03D84FF074
:208AC00000037B620AE097ED097AD7ED0A7AB4EEE77AF1EE10FA01DBBB6A7B62B7EE007A94
:208AE000D7ED067A37EE677AD7ED077A67EE276A97ED077AD7ED067A37EE277AC6EE877A3D
:208B00009FED367A67EE877AC7ED0B7A97ED0B7AD7ED097A77EE277AC7ED0B7A34E0BB68C4
:208B20007B62B86AF7F740FD04460D46B869F7F73BFD02460B464FF000002C49F7F7D4FB1D
:208B400002460B46104619464FF00002284BF7F783FD02460B4620462946F7F77DFD024687
:208B60000B4610461946F8F759F803467B6197ED097AD7ED057AB4EEE77AF1EE10FA01DD76
:208B80007B697B627B6AFB6200BFFB79002B0FD0D7ED097A9FED177A77EE877AC7ED097A94
:208BA000D7ED0B7A9FED137A77EE877AC7ED0B7A3B687A6A1A60FB6A07EE903AB0EE670A80
:208BC0003037BD46B0BD00BF9A9999999999E93FCDCCCC3D0000074300008C4200008044C2
:208BE0000000B44200C07F4400C07F440000F43F00001040000082422DE9B043B4B000AF16
:208C000005F0BAFFC7F8A8000023C7F8A43007F1240300221A605A609A60DA601A615A61AA
:208C200007F10C0300221A605A609A60DA601A615A61002387F8CF30FFF7B2F807F10C0226
:208C400007F1240311461846FFF722FBBC4B93F80F31002B03D00523C7F8A4300BE0B94BB3
:208C60001B68022B07D0B74B1B68012B03D0B54B1B68C7F8A430BB6B07EE903AF8EEE77AA7
:208C800017EE900AF7F790FCABA3D3E90023F7F7E3FC02460B4610461946F7F7BFFF03467E
:208CA000C7F8C8307B6B07EE903AF8EEE77A17EE900AF7F779FCA0A3D3E90023F7F7CCFC37
:208CC00002460B4610461946F7F7A8FF0346C7F8A0303B6B07EE903AF8EEE77A17EE900A8E
:208CE000F7F762FC94A3D3E90023F7F7B5FC02460B4610461946F7F791FF0346C7F89C30D3
:208D0000FB6A07EE903AF8EEE77A17EE900AF7F74BFC89A3D3E90023F7F79EFC02460B46E8
:208D200010461946F7F77AFF0346C7F89830BB6A07EE903AF8EEE77A17EE900AF7F734FC5F
:208D40007DA3D3E90023F7F787FC02460B4610461946F7F763FF0346C7F8C4307B6A07EE2F
:208D6000903AF8EEE77A17EE900AF7F71DFC72A3D3E90023F7F770FC02460B4610461946A0
:208D8000F7F74CFF0346C7F894303B6A07EE903AF8EEE77A17EE900AF7F706FC66A3D3E9CF
:208DA0000023F7F759FC02460B4610461946F7F735FF0346C7F89030FB6907EE903AF8EE0C
:208DC000E77A17EE900AF7F7EFFB5BA3D3E90023F7F742FC02460B4610461946F7F71EFF59
:208DE0000346C7F88C30BB6907EE903AF8EEE77A17EE900AF7F7D8FB4FA3D3E90023F7F766
:208E00002BFC02460B4610461946F7F707FF0346C7F888307B6907EE903AF8EEE77A17EE3A
:208E2000900AF7F7C1FB44A3D3E90023F7F714FC02460B4610461946F7F7F0FE0346C7F8F8
:208E400084303B6907EE903AF8EEE77A17EE900AF7F7AAFB38A3D3E90023F7F7FDFB02469A
:208E60000B4610461946F7F7D9FE0346C7F88030FB6807EE903AF8EEE77A17EE900AF7F779
:208E800093FB2DA3D3E90023F7F7E6FB02460B4610461946F7F7C2FE0346FB67284B1B7B16
:208EA000002B14BF0123002387F87B30002387F87A30234B1B7C002B14BF0123002387F82E
:208EC00079301F4BDB7B002B14BF0123002387F878301B4B5B7C002B0CBF0123002387F8C4
:208EE00077304FF4007118480AF0F2FC0346002B0CBF0123002387F87630114B5B7A5B0890
:208F0000DBB2002B14BF0123002387F8C3300C4B5B79002B02D1002387F8C330084B93F871
:208F20000D31002B12D0064B5B79002B0ED101230DE000BFAFF30080D48C981B0404503F1B
:208F40005C240010B823001000140258002387F8753097F8753003F0010387F8753097F803
:208F60007530002B03D1B04B1B78002B05D0AF4B01221A70AE4B01221A7097F87530002B13
:208F800003D1A94B1B78002B06D0AA4BC7F8C830002387F8CF3004E0A74B93F80D3187F80A
:208FA000CF30A64B1A68A64B1B689A4215D0A44B1B68022B05D1D7F8A8300133A14A13605C
:208FC00006E09E4B1B68022B02D19E4B00221A609A4B1B689A4A136015E0984B1B68022B73
:208FE00011D0984B1B68002B0DD0964B1B68D7F8A820D31AB3F57A7F05D9924B00221A6042
:20900000914B00221A60D7F894303B67FB6FFB6697F87530002B13D08C4BD3ED007A9FEDF9
:209020008C7A77EE677A9FED8B7A27EE877A874BD3ED007A77EE277A844BC3ED007A2EE024
:209040007A4B1B78002B23D0804B93ED007AD7ED327A77EE677AF0EEE77A9FED7F7AF4EE79
:20906000C77AF1EE10FA13DD784BD3ED007A97ED327A77EE677A9FED777A27EE877A734B12
:20908000D3ED007A77EE277A704BC3ED007A06E0664B00221A706D4AD7F8C8301360D7EDB3
:2090A0001C7A9FED6E7A67EE877AFCEEE77A17EE903A9AB26A4B1A80D7ED1B7A9FED677AD5
:2090C00067EE877AFCEEE77A17EE903A9AB2654B1A805E4BD3ED007A9FED607A67EE877AEB
:2090E000FCEEE77A17EE903A9AB25F4B1A804FF07A53BB66554B93ED007AD7ED1A7A67EE52
:20910000277A17EE900AF7F74FFA4FF00002574BF7F7A2FA02460B4614461D464B4BD3EDBF
:20912000007AB7EE007A37EE677AD7ED1A7A77EE277A17EE900AF7F737FA02460B46204675
:209140002946F7F7B3FB02460B4610461946F7F745FD03469AB2444B1A803C4BD3ED007A07
:209160009FED437A67EE877AFDEEE77A17EE902A404B53F8223007EE903AF8EEE77AC7ED63
:20918000197A324BD3ED007A9FED397A67EE877AFDEEE77A17EE903A374A9B0013441B68DF
:2091A000364A13604FF00003BB6007F1080297F87B3011461846D7ED190A97ED1C0AFFF7E7
:2091C000D7FBF0EE407AFCEEE77A17EE903A9AB2234B1A80D7ED027AFDEEE77A17EE903A5C
:2091E000274A9B0013441B68244A1360124BDB79012B4CD1D7ED327A9FED227A67EE877AC0
:20920000FDEEE77A17EE903A3B66154B1B881A463B6E934238DC124B1A883B6E9BB2D31ABB
:209220009AB20F4B1A8032E0D01E00106D2A00106E2A00106666663F5C240010BC1E0010A4
:20924000C01E0010702A001040270010742A00106666663FA69B443B0AD7A33C000080449C
:20926000981E00109A1E00109E1E00100000904000007F43E8E01108E8E41108B800001074
:20928000E8E8110800007842CB4B00221A804FF00003FB6597F8772097F87B3011461846A2
:2092A000D7ED190A97ED1B0AFFF7FEF8F0EE407AFCEEE77A17EE903A9AB2C04B1A8097F800
:2092C0007930002B03D0BD4B40F2FF321A80BC4BDB79032B00F2E08001A252F823F000BF48
:2092E000F1921008C5931008A393100875941008B7EE007AF7EE006AD7ED247A76EEE77A5F
:2093000027EE277ADFEDAF6AD7ED247A66EEA77A77EE277AAC4BC3ED007A9FEDAC7AF7EE1D
:20932000006AD7ED247A76EEE77A27EE277ADFEDA86AD7ED247A66EEA77A77EE277AA54B3B
:20934000C3ED007A9FEDA47AF7EE006AD7ED247A76EEE77A27EE277ADFEDA06AD7ED247AD5
:2093600066EEA77A77EE277A9D4BC3ED007AB6EE007AF7EE006AD7ED247A76EEE77A27EEB7
:20938000277AF7EE006AD7ED247A66EEA77A77EE277A944BC3ED007A4FF07E52924B1A6091
:2093A0007AE0924A884B1A60914A8A4B1A60914A8B4B1A604FF07C528A4B1A608E4A8A4BCC
:2093C0001A6069E09FED7F7AF7EE006AD7ED247A76EEE77A27EE277ADFED7A6AD7ED247A07
:2093E00066EEA77A77EE277A774BC3ED007A9FED787AF7EE006AD7ED247A76EEE77A27EEFD
:20940000277ADFED7E6AD7ED247A66EEA77A77EE277A704BC3ED007A9FED707AF7EE006A70
:20942000D7ED247A76EEE77A27EE277ADFED6B6AD7ED247A66EEA77A77EE277A684BC3ED6E
:20944000007AB7EE007AF7EE006AD7ED247A76EEE77A27EE277AF0EE086AD7ED247A66EE41
:20946000A77A77EE277A5F4BC3ED007A644A5E4B1A6011E0544B4FF07C521A60554B614ABE
:209480001A60574B5A4A1A60564B5F4A1A604FF07E52554B1A6000BF97F87530002B04D1B2
:2094A0005A4B1B78002B00F0B780D7ED317A9FED587AF4EEC77AF1EE10FA2BD5554B1B6826
:2094C0001846F7F771F804460D46524B1B681846F7F76AF802460B462FA1D1E90001F6F75B
:2094E00003FF02460B46104619462DA3D3E90023F7F7B2F802460B4620462946F6F7F6FE86
:2095000002460B4610461946F7F788FB0346414A1360C6E03F4B1B681846F7F745F80446BF
:209520000D46D7F8C400F7F73FF81FA3D3E90023F7F792F802460B46104619461CA3D3E93E
:209540000023F6F7D1FE02460B4690469946314B1B681846F7F728F802460B4640464946C5
:20956000F6F7C2FE02460B46104619460CA3D3E90023F7F771F802460B4620462946F6F7B0
:20958000B5FE02460B4610461946F7F747FB0346204A136085E000BF333333333333D33F0C
:2095A000000000C07493683FCDCCCCCCCCCCEC3FCDCCCCCCCCCCDC3F981E00109A1E0010D7
:2095C0005C240010CDCC4C3E242600103333733F0AD7233B28260010ACC527376F12033A3C
:2095E0002C26001030260010342600106666263F0AD7233B6F12033ACDCC4C3FE5D0A23D53
:209600009A99993E0AD7233C00004040D01E00107D3F553F782A0010B34B1B78002B2BD0C9
:20962000B24B93ED007AD7ED317ADFEDB16A67EEA67A77EE677AF0EEE77A9FEDAE7AF4EE4D
:20964000C77AF1EE10FA17DDD7ED317A9FEDA87A27EE877AA54BD3ED007A77EE677A9FEDBD
:20966000A67A27EE877AA14BD3ED007A77EE277A9E4BC3ED007A14E09B4B00221A70D7F820
:20968000C400F6F791FF8EA3D3E90023F6F7E4FF02460B4610461946F7F7C0FA0346934A8D
:2096A0001360924B1B681846F6F77EFF86A3D3E90023F7F757FA0346002B24D08B4B1B6807
:2096C0001846F6F771FF80A3D3E90023F6F70CFE02460B46104619467DA3D3E90023F6F79C
:2096E000BBFF02460B46104619467BA3D3E90023F6F7FCFD02460B4610461946F7F78EFABB
:2097000003467A4A13607D4BDB79002B03D1774B4FF000021A60754B1B681846F6F744FF60
:209720006FA3D3E90023F6F7E1FD02460B4610461946F7F773FA0346714A136097F8C330CB
:2097400007EE903AF8EE677AC7ED167AD7F89030C7F8BC306B4B1B78002B02D06A4BC7F84B
:20976000BC306A4B7B653B4600221A605A6040F2FE333B65614BDB79032B00F25D8101A2ED
:2097800052F823F09597100861981008F3971008319910085E4B1B8807EE903AB8EEE77A81
:2097A0005B4B1B8807EE903AF8EEE77AF1EE677ADFED516A67EEA67A77EE277AFCEEE77A4D
:2097C00017EE903A9AB2524B1A80514B1B8807EE903AF8EE677A4F4BC3ED007A4E4B4FF0D6
:2097E00000021A604D4B4E4A1A604E4B4E4A1A6022E1D7ED2F7A9FED4D7A27EE877AD7EDFB
:20980000327A67EE277AFCEEE77A17EE903A9AB23F4B1A803E4B1B88002B03D13C4B002248
:209820001A8009E03A4B1B8840F2FD32934203D9374B40F2FE321A80354B1B8807EE903A0B
:20984000F8EE677A334BC3ED007A334B4FF000021A60324B324A1A60324B334A1A60EBE0AE
:209860002B4B1B8807EE903AB8EEE77A284B1B8807EE903AF8EEE77AF1EE677ADFED1E6AD9
:2098800067EEA67A77EE277AFCEEE77A17EE903A9AB21F4B1A801E4B1B8807EE903AF8EE32
:2098A000677A1C4BC3ED007A1B4B4FF000021A601A4B1B4A1A601B4B1B4A1A60BCE000BF31
:2098C000333333333333D33F9A9999999999E93FCDCCCCCCCCCCF43FB81E85EB51B8CE3F2D
:2098E0002D431CEBE2361A3F6E2A0010782A00109A99993E0AD7A33CA69B443B5C2400100C
:2099000020260010CF1E0010A4707D3F0AD7A33BA01E0010281E0010441E0010E8000010D7
:20992000CDCCCC3DEC0000106F12833B00807F445D4B5E4A1A60D7F8BC00F6F735FE50A39F
:20994000D3E90023F6F788FE02460B46104619464BA3D3E90023F6F7C9FC02460B461046F9
:209960001946F7F75BF90346514A1360514B524A1A600023FB64D7F8BC00F6F715FE42A34B
:20998000D3E90023F6F768FE02460B46104619463FA3D3E90023F6F7A9FC02460B46144601
:2099A0001D46464BD3ED007AB7EE007A77EE677A17EE900AF6F7F8FD02460B462046294625
:2099C000F6F74AFE02460B461046194632A3D3E90023F6F741FE02460B4610461946F7F7E8
:2099E000FDF803469AB2364B1A80364B4FF000021A60FB6C9AB2324B1B8813449AB2304B95
:209A00001A802F4B1B88002B03D12D4B00221A8008E02B4B1B88B3F5006F03D3284B4FF4B8
:209A200000621A80264B1B8807EE903AF8EE677A254BC3ED007A00BF97F87B30002B4BD0B7
:209A4000224B1B681846F6F7AFFD15A3D3E90023F6F702FE02460B46104619464FF000020C
:209A60001B4BF6F7F9FD02460B4610461946F7F7B5F803469AB2174B1A804AE0AFF30080D7
:209A80009A9999999999B93F333333333333EB3F333333333333C33F000000000088A3403C
:209AA000295C8FC2F528DC3F34270010CDCCCC3EE8000010EC0000106F12833B38270010E8
:209AC000A01E0010441E0010281E00101026001000009040A21E0010B54B1B681846F6F73C
:209AE00063FD4FF00002B34BF6F7B6FD02460B46104619464FF00002AF4BF6F7ADFD0246BF
:209B00000B4610461946F7F769F803469AB2AB4B1A8097F87A30002B02D0A84B00221A80E6
:209B2000A74B1B8807EE903AF8EE677A3B46B0EE670A1846FAF714FE3B689AB2A14B1B6BB8
:209B40009BB213449AB2A04B1A807B689AB29D4B5B6B9BB213449AB29B4B5A809B4B1B887A
:209B60009B0007EE903AF8EEE77A994BC3ED007A944B1B6A07EE903AB8EEE77A944BD3ED6D
:209B8000007A77EE277A934BC3ED007A8D4B5B6A07EE903AB8EEE77A8D4BD3ED007A77EE63
:209BA000277A8C4BC3ED017A8B4B1B889B0007EE903AF8EEE77A894BC3ED007A874B1B6895
:209BC000874A1360854B1B68854A5360854B1B889B0007EE903AF8EEE77A834BC3ED007A60
:209BE000814B1B68814A13607F4B1B687F4A5360724B1B887E4A9B00134493ED007AD7ED37
:209C0000177A77EE277A7B4BC3ED007A6D4B9B6A07EE903AB8EEE77A764BD3ED007A77EEDA
:209C2000277A754BC3ED007A664BDB6A07EE903AB8EEE77A6F4BD3ED007A77EE277A6E4B2A
:209C4000C3ED017A6D4B1B88694A9B0013441B686B4A13606B4B1B88654A9B0013441B68B1
:209C6000694A1360694B1B88614A9B0013441B68674A1360674B1B885D4A9B0013441B68B2
:209C8000654A1360654B93ED007A494BD3ED007A67EE277AC7ED127A604BD3ED007A9FED83
:209CA000607A67EE877AC7ED117A5E4B93ED007AD7ED117A27EE277AF7EE006AD7ED167AEA
:209CC00076EEE77A67EE277AFCEEE77A17EE903A9AB2554B1A80534B93ED017AD7ED117A41
:209CE00027EE277AF7EE006AD7ED167A76EEE77A67EE277AFCEEE77A17EE903A9AB24A4B55
:209D00005A8097ED117AD7ED167A27EE277A284BD3ED007A67EE277AFCEEE77A17EE903A93
:209D20009AB23C4B1A803B4B1A88384B1A803E4B1B882F4A9B0013441B683C4A13603A4BD9
:209D40005B882B4A9B0013441B68384A53601D4B9A681C4BDB68D31A002BB8BF5B4207EECC
:209D6000903AF8EEE77AC7ED107A314BD3ED007A9FED307A77EEC77AC7ED0F7AD7ED0F7A78
:209D8000F5EEC07AF1EE10FA56DD97ED0F7AD7ED107AB4EEE77AF1EE10FA4DD5D7ED107AD3
:209DA0009FED247A77EE877A214BC3ED007A43E0102600100000E03F00009040A21E001055
:209DC000741E001048270010881E0010981E0010181E0010481E00109A1E00101C1E001018
:209DE000681E00109E1E0010241E0010501E0010180E00102C1E0010581E0010A41E001049
:209E0000301E0010A61E0010341E0010A81E0010381E0010AA1E00103C1E0010782A00107E
:209E20000000804414260010901E0010601E0010201E00100000F643D7ED0F7AF5EEC07AD7
:209E4000F1EE10FA13D8D7ED107AF1EE677A97ED0F7AB4EEE77AF1EE10FA08DD1FED0B7AB1
:209E6000D7ED107A77EE677AAB4BC3ED007AAB4B93ED007AAA4B9B6807EE903AF8EEE77A40
:209E800077EE277AA54BC3ED007AA44B93ED017AA34BDB6807EE903AF8EEE76A9E4BD3EDE8
:209EA000007A76EEA77A77EE277A9C4BC3ED017A9C4B93F80C219C4B1B789A4238D09B4BA8
:209EC0009B4A1A609B4B1B8807EE903AB8EEE77A994BD3ED007A77EE677AF0EEE77AB3EE90
:209EE000047AF4EEC77AF1EE10FA24D58D4B93F80C218D4B1A708D4B904A1A60904B1B7853
:209F000083F00103DBB2002B0BD0864B93F80C3183F00103DBB2002B03D08A4B00221A701B
:209F200009E0874B00221A70864B01221A7002E07E4B824A1A607B4B93F80C3183F0010346
:209F4000DBB2002B00F088807F4B804A5A607E4B5B687D4A1360784B7C4A5A60764B5B6876
:209F6000754A13607A4B794A1A606C4BD3ED007A9FED787AF4EEC77AF1EE10FA03D5674BA8
:209F80004FF088421A60654BD3ED017A9FED717AF4EEC77AF1EE10FA03D5604B4FF0884244
:209FA0005A606D4B1B681846F6F7FEFA04460D46694B1B681846F6F7F7FA02460B464FF081
:209FC00000004FF00001F6F78FF902460B46104619464FA3D3E90023F6F73EFB02460B46EE
:209FE00020462946F6F782F902460B4610461946F6F714FE0346584A136097F8783083F0CF
:20A000000103DBB2002B1DD0544B504A1A60534B4E4A5A60414B4D4A5A60404B5B683F4A40
:20A0200013604FF00003C7F8C430464B1B7883F00103DBB2002B05D0494B01221A70414BC3
:20A0400001221A70474B9B68474A918897F87920184609F055FC0BE0424B9B68424A918824
:20A060000122184609F04CFC3B4AD7F89C30136097F87730002B08D03A4B1B693A4A11892B
:20A080000122184609F03CFC07E0364B1B69364A11890022184609F033FC97F87B30002BFB
:20A0A00010D0304B1B68304A11880022184609F027FC2C4B5B682C4A51880022184609F011
:20A0C0001FFC0FE0274B1B68274A11880122184609F016FC234B5B68234A518801221846F3
:20A0E00009F00EFC00224021204809F009FC97F87630002B3ED0002280211C4809F000FCEA
:20A1000097F8C330002B3AD0194B104A5A6036E0000000E04D62403F201E0010601E001010
:20A12000482700105C2400107C2A001044030010EC51B83D941E0010681E00108FC2F53CF7
:20A14000D31E00107D2A0010581E001000F07F451C1E001000000044802A0010481E00104F
:20A16000CE1E0010300000104C00001000040258801E001001228021874809F0C1FBFBF701
:20A1800017FB864AD7F8C430136097F87530002B07D0834BDB79002B03D1804B4FF07E5276
:20A1A0001A607F4B93F82D31002B0CD07B4B4FF000021A60FAF7A4FF0346002B03D0784B4C
:20A1C000002283F82D21774B93F8943083F00103DBB2002B00F06581734B1B88002B03D11E
:20A1E000714B00221A8009E06F4B1B8840F6FE72934203D96C4B40F6FF721A806A4B5B88BA
:20A20000002B03D1684B00225A8009E0664B5B8840F6FE72934203D9634B40F6FF725A808D
:20A22000614B1B881A465F4B1A605F4B5B881A465C4B5A615D4B1B88002B03D15B4B0022EA
:20A240001A8009E0594B1B8840F6FE72934203D9564B40F6FF721A80544B5B88002B03D17A
:20A26000524B00225A8009E0504B5B8840F6FE72934203D94D4B40F6FF725A804B4B1B8835
:20A280001A46484B5A60494B5B881A46454BDA61474B1B88002B03D1454B00221A8009E006
:20A2A000434B1B8840F6FE72934203D9404B40F6FF721A803E4B5B88002B03D13C4B002236
:20A2C0005A8009E03A4B5B8840F6FE72934203D9374B40F6FF725A80354B1B881A46314BFA
:20A2E0009A62334B5B881A462E4B9A63314B1B88002B03D12F4B00221A8009E02D4B1B88D3
:20A3000040F6FE72934203D92A4B40F6FF721A80284B5B88002B03D1264B00225A8009E085
:20A32000244B5B8840F6FE72934203D9214B40F6FF725A801F4B1B881A461A4B1A611D4BD2
:20A340005B881A46174B9A611B4BD3ED007AF5EEC07AF1EE10FA04D8174B4FF000021A60BE
:20A360000CE0154BD3ED007A9FED147AF4EEC77AF1EE10FA02DB104B114A1A600E4BD3ED0B
:20A38000017AF5EEC07AF1EE10FA1BD80A4B4FF000025A6023E000BF00040258842A00101B
:20A3A0005C24001088260010781E0010941E00108C1E00107C1E0010801E001000F07F4521
:20A3C00000F07F459B4BD3ED017A9FED9B7AF4EEC77AF1EE10FA02DB964B984A5A60954BC1
:20A3E000D3ED007AFCEEE77A17EE903A9BB21A46934B1A628F4BD3ED017AFCEEE77A17EE9D
:20A40000903A9BB21A468E4B5A638E4B1B88002B03D18C4B00221A8009E08A4B1B8840F68A
:20A42000FE72934203D9874B40F6FF721A80854B5B88002B03D1834B00225A8009E0814BB7
:20A440005B8840F6FE72934203D97E4B40F6FF725A807C4B1B881A46794BDA60794B5B8809
:20A460001A46774B9A60764B40F6FF72DA62744B40F6FF72DA63744BD3ED007AFCEEE77A35
:20A4800017EE902A6E4B5A62704BD3ED007AFCEEE77A17EE902A6A4B1A63694B012283F805
:20A4A00094206B4B93F81D3107EE903AB8EEE77AD7ED1B7A37EE277A654B93F82D3107EEE6
:20A4C000903AF8EEE77A37EE277A624BD3ED067A37EE277A5F4BD3ED077A37EE277A5E4B98
:20A4E0001B7807EE903AF8EEE77A37EE277A5B4BD3ED007A37EE277A554B1B7807EE903A65
:20A50000F8EEE77A37EE277A514BDB7D07EE903AF8EEE77A37EE277A514B1B781A46134686
:20A52000DB009B1A07EE903AF8EEE77A37EE277A4C4B1B7807EE903AF8EEE77A37EE277AC9
:20A54000494B1B781A4613469B00134407EE903AF8EEE77A37EE277A444B1B781A46134682
:20A560009B0013445B00134407EE903AF8EEE77A37EE277A3E4BD3ED007A37EE277A3D4B5A
:20A58000D3ED007ADFED3C6A67EEA66A304B93F80F3107EE903AF8EEE77A66EEA77AFDEEFE
:20A5A000E77AF8EEE77A77EE277AC7ED2E7A334B1B68334A1360324AD7F8A0305360314B56
:20A5C0001B682F4A93602E4AD7F89830D360284B1B682B4A13612A4AD7F894305361284A3E
:20A5E000D7F88C309361264AD7F88830D361244AD7F884301362224AD7F880305362204A41
:20A60000D7F8BC30936297F8763007EE903AF8EE677A1B4BC3ED0B7A1B4B1B7883F00103C4
:20A62000DBB2002B34D0194B1B7807EE903AF8EEE77A34E0801E001000F07F4500F07F4537
:20A6400088260010881E0010381E00103C1E00105C24001048270010CC1E0010B8000010E5
:20A66000CE1E0010D11E0010D21E001084290010842A0010E01E00100000C84234260010E2
:20A6800038260010802A001013280010D41E0010B24BD3F8143107EE903AF8EEE77AB04B37
:20A6A000C3ED0C7AAF4B1B7807EE903AF8EE677AAB4BC3ED0D7AAC4B1B8807EE903AB8EE25
:20A6C000677ADFEDAA6AC7EE267AA54BC3ED0E7AA54B5B8807EE903AB8EE677ADFEDA36A4A
:20A6E000C7EE267A9E4BC3ED0F7A97F8CF3007EE903AF8EE677A9A4BC3ED107A9C4B1B7836
:20A70000DA019C4BB3F900309BB203F07F03134307EE903AF8EEE77A914BC3ED117A8F4B8C
:20A7200093F80F3107EE903AF8EE677A8C4BC3ED127A8A4B93F818311A46884B93F8193104
:20A740001B01134407EE903AF8EEE77A844BC3ED137A824B93F81031002B02D0864B0022EB
:20A760001A707E4B93F8103183F00103DBB2002B09D0824B1B78002B05D0804B00221A70DB
:20A780007D4B01221A700023C7F8B43011E0744AD7F8B4309B001344D3ED007A97ED2E7AC4
:20A7A00077EE277AC7ED2E7AD7F8B4300133C7F8B430D7F8B430132BE9DD0023C7F8B03034
:20A7C00034E0664AD7F8B030134403331B7807EE903AF8EEE77A97ED2E7A77EE277AC7EDFA
:20A7E0002E7A5E4AD7F8B030134408331B7807EE903AF8EEE77A97ED2E7A77EE277AC7ED49
:20A800002E7A564AD7F8B03013440D331B7807EE903AF8EEE77A97ED2E7A77EE277AC7ED2B
:20A820002E7AD7F8B0300133C7F8B030D7F8B030042BC6DD524BD3ED007A97ED2E7AB4EEC8
:20A84000677AF1EE10FA02D04E4B01221A704C4AD7F8B83013604B4B1B78002B00F0C580CD
:20A86000494B93F8953083F00103DBB2002B00F0BC800023C7F8AC3011E0394AD7F8AC30BC
:20A880009B0013441A684049D7F8AC3010339B000B441A60D7F8AC300133C7F8AC30D7F820
:20A8A000AC30132BE9DD394B1B68374AC2F89030374B1B78002B14D0284BD3F82031012BD7
:20A8C0000FD1314B022283F8A020244B042283F81D21224B012283F824212D4B00221A70FB
:20A8E00019E01E4B93F81D31052B0BD1264B022283F8A020194B012283F81D21244B002270
:20A900001A7008E0154B93F81D211F4B83F8A0201F4B00221A70114B93F82D211A4B83F8CC
:20A9200096201C4B1A78184B83F897201A4B1B68002B39D1194B1B781A46164B1B785B0010
:20A940001A44174B1B789B001A44164B1B78DB0013440D4AC2F8A4302AE000BF5C24001047
:20A960003826001044270010901E001000008044482900106E29001013280010CD1E0010FE
:20A98000100E0010140E001088260010B8000010D21E0010CC1E0010B0000010CE1E00101B
:20A9A000D11E001084290010124B0022C3F8A420114B00221A70114B00221A70104B002250
:20A9C0001A70104B00221A700F4B9B69094AC2F898300D4BDB69074AC2F89C30054B0122CD
:20A9E00083F89520094B00221A7000BFD037BD46BDE8B08388260010CC1E0010CE1E0010D2
:20AA0000D11E00108429001048270010140E001080B58CB002AF78600B46FB70002387F871
:20AA20002330032387F8223097F8223063F0030387F82330002387F82130002387F82030DB
:20AA40000023FB7797F82020FB7F134387F821300023BB7730237B7706233B770123FB76E8
:20AA60007A7F3B7F1343DAB2FB7E1343BB770023BB7600237B767B7EBB7600233B760023B7
:20AA8000FB750023BB7500237B75FA7DBB7D1343DAB27B7D13433B7601233B7397F821309E
:20AAA0007B730223BB73BB7FFB7303233B74BB7E7B7440F201137B8200237B6213E0FB7807
:20AAC00099B207F10C027B6A5B001A444FF47A7300930223786809F023F8C82004F058F87F
:20AAE0007B6A01337B627B6A032BE8DD00BF00BF2837BD4680BD00BF80B592B002AF7860AC
:20AB00000B46FB70002387F83B30002387F83A300E2387F83930002387F8383097F83A2054
:20AB200097F839301343DAB297F83830134387F83B30002387F83730002387F836300023D0
:20AB400087F83530022387F83430002387F8333097F8362097F835301343DAB297F8343056
:20AB60001343DAB297F83330134387F83730002387F83230002387F83130002387F83030BC
:20AB8000002387F82F30002387F82E30002387F82D30002387F82C30012387F82B3097F82A
:20ABA000312097F830301343DAB297F82F301343DAB297F82E301343DAB297F82D30134392
:20ABC000DAB297F82C301343DAB297F82B30134387F83230002387F82A30002387F8293004
:20ABE000002387F82830002387F82730012387F8263097F8292097F828301343DAB297F839
:20AC000027301343DAB297F82630134387F82A30002387F82530012387F8243097F8243016
:20AC200043F0020387F82530002387F82330002387F82230002387F82130002387F820303A
:20AC400097F8222097F821301343DAB297F82030134387F823300023FB770023BB7700234D
:20AC60007B7704233B77BA7F7B7F1343DAB23B7F1343DBB243F00903FB770023FB760023EF
:20AC8000BB7600237B7600233B76BA7E7B7E1343DAB23B7E1343DBB243F00C03FB76002316
:20ACA000FB750023BB75BB7DFB7500233B7397F83B307B730123BB7397F83730FB73022395
:20ACC0003B7497F832307B740523BB7497F82A30FB744FF47063BB820023FB6313E0FB78FC
:20ACE00099B207F10C02FB6B5B001A444FF47A7300930223786808F013FFC82003F048FFF0
:20AD0000FB6B0133FB63FB6B042BE8DD00BF00BF4037BD4680BD00BF80B500AF00220121C5
:20AD20000C4808F0EDFD4FF4FA7003F031FF01224021094808F0E4FD4FF4FA7003F028FF98
:20AD400001220121034808F0DBFD0A2003F020FF00BF80BD001C02580000025880B400AFA8
:20AD6000164B4FF480621A80154B4FF480621A80144B4FF480721A80134B00221A80134BEE
:20AD80004FF400721A80124B00221A80104B1A88104B1A800F4B1A880F4B1A800E4B1A886E
:20ADA0000E4B1A800E4B00221A800E4B0E4A1A6000BFBD465DF8047B704700BF981E00108E
:20ADC0009A1E00109C1E00109E1E0010A21E0010AA1E0010A81E0010A61E0010A41E0010F1
:20ADE000A01E0010401E001077BE7F3F80B500AF01224FF480711C4808F082FD01224FF4A8
:20AE00000071194808F07CFD01224FF48051174808F076FD01224FF48061144808F070FDE6
:20AE200001224FF40061114808F06AFD01224FF400510E4808F064FD01224FF480410B48B3
:20AE400008F05EFD01220821094808F059FD01224FF40051074808F053FD01228021024858
:20AE600008F04EFD00BF80BD0004025800180258001002580008025880B582B000AF284B6E
:20AE8000284A1A6001237B6040E07B6807EE903AF8EEE77ADFED246A87EEA67AB0EE470AE0
:20AEA00012F0AAFDF0EE407A9FED207A67EE877A1B4A7B689B001344C3ED007A184A7B682C
:20AEC0009B001344D3ED007A9FED197AF4EEC77AF1EE10FA05DB124A7B689B001344114AAF
:20AEE0001A600F4A7B689B001344D3ED007AF5EEC07AF1EE10FA06D5094A7B689B00134467
:20AF00004FF000021A607B6801337B607B68B3F5806FBADB00BF00BF0837BD4680BD00BFB9
:20AF2000180E001000F07F4500C07F4400C04CC400F07F4580B500AF002210211E4808F08B
:20AF4000DFFC002220211C4808F0DAFC642003F01FFE01220821184808F0D2FC0122042133
:20AF6000154808F0CDFC01224FF48051134808F0C7FC642003F00CFE012210210E4808F043
:20AF8000BFFC0A2003F004FE22210D48FFF740FD642003F0FDFD01222021074808F0B0FC44
:20AFA0000A2003F0F5FD20210548FFF7A5FD642003F0EEFD00BF80BD000C02580008025836
:20AFC000D407001080B400AF144B00221A60134B00225A60114B00229A60104B0022DA603F
:20AFE0000E4B00221A610D4B00225A610B4B4FF47F729A61094B0022DA61084B00221A62FF
:20B00000064B00225A62054B00229A62034B0022DA6200BFBD465DF8047B7047FC2200106C
:20B0200080B48FB000AF00237B6307E0B14A7B6B002142F823107B6B01337B637B6B052B89
:20B04000F4DDAC4B002283F83820AA4B0022DA63A84B002283F84020A74B00221A70A64B60
:20B0600000225A7000233B6326E0A34A3B6B1344023300221A70A04A3B6B1344073300220F
:20B080001A709D4A3B6B13440C3300221A709A4A3B6B1344113300221A70974A3B6B1344A8
:20B0A000163300221A70944A3B6B13441B3300221A703B6B01333B633B6B042BD5DD8E4BEE
:20B0C000002283F820208C4B002283F821208A4B002283F82220884B002283F82320864BA6
:20B0E000002283F82420844B002283F82520824B002283F82620804B002283F827207E4B96
:20B10000002283F828207C4B002283F829207A4B002283F82A200023FB6214E0764AFB6A58
:20B1200013442B3300221A70734AFB6A13442F3300221A70704AFB6A1344333300221A709F
:20B14000FB6A0133FB62FB6A032BE7DD0023BB620FE0694ABB6A13443B3300221A70664A7A
:20B16000BB6A10339B00134400225A60BB6A0133BB62BB6A052BECDD5F4B0022DA655E4B51
:20B1800000221A665D4B00221A705C4B00225A705A4B00229A70594B0122DA7500237B623F
:20B1A0001AE0564A7B6A1344033300221A70534A7B6A1344083300221A70504A7B6A134441
:20B1C0000D3300221A704D4A7B6A1344123300221A707B6A01337B627B6A042BE1DD0023D4
:20B1E0003B621FE00023FB610FE044493A6A13465B0013445B00FA69134406339B000B44D1
:20B2000000225A60FB690133FB61FB69052BECDD3A4A3B6A3C339B00134400225A603B6AF6
:20B2200001333B623B6A052BDCDD344B012283F80C21324B002283F80D21304B002283F805
:20B240001D212E4B002283F81E212C4B0022C3F820212A4B012283F82421284B002283F85E
:20B260002521264B002283F80E21244B002283F80F21224B002283F81021204B062283F8C6
:20B2800018211E4B062283F819211C4B002283F81A211A4B002283F81B21184B002283F8B2
:20B2A0001C21164B0022C3F82821144B002283F82C21124B002283F82D21104B012283F840
:20B2C0006C210E4B012283F86D210C4B0022C3F868210A4B4FF00002C3F83021074B4FF06C
:20B2E0000002C3F834210023BB611EE000237B6115E000BF88200010F02300105C240010E1
:20B300007649BA6913465B0013449B007A6913449C33002221F813207B6901337B617B6956
:20B320000B2BEDDDBB690133BB61BB69012BDDDD6A4B002283F86E21684B022283F86F21CC
:20B34000664B012283F87021644B002283F87421624B002283F87321604B002283F8712174
:20B360005E4B012283F8722100233B6107E05C4A3B69002142F823103B6901333B613B695D
:20B380000F2BF4DD0023FB600AE0554AFB6810339B0013444FF000021A60FB680133FB6056
:20B3A000FB680B2BF1DD4E4B4FF00002C3F890204B4B002283F89420494B002283F8952014
:20B3C000474B002283F8A020454B002283F89620434B002283F89720414B0022C3F8A4208C
:20B3E0000023BB600DE03F49BA681346DB0013449B000B4420336FF05F221A60BB680133FF
:20B40000BB60BB68092BEEDD374B00221A70364B00225A70344B002283F82020324B002259
:20B420005A62314B00229A6200237B600EE02E4A7B681344023300221A702B4A7B680233AA
:20B44000002142F823107B6801337B607B68052BEDDD00233B6037E0244A3B689B001344B7
:20B460004FF000021A60214A3B680233002142F823101E4A3B680433002142F823101B4A0B
:20B480003B6806339B0013444FF07E521A60174A3B680833002142F82310144A3B680A334A
:20B4A000002142F82310114A3B680C33002142F823100E4A3B680E339B0013444FF00002C4
:20B4C0001A603B6801333B603B68012BC4DD00BF00BF3C37BD465DF8047B70475C24001001
:20B4E00088260010041F0010D42500104827001080B500AFFFF794FDFFF70EFCFFF72EFC48
:20B50000FFF774FCFFF7B8FCFFF75CFD00BF092008F010FA0346002BF9D14FF06053384A30
:20B520001A654FF06053364A5A654FF06053344A9A654FF06053324ADA654FF06053314AD2
:20B540001A604FF06053304A5A604FF060532F4A9A604FF060534FF00002DA604FF0605387
:20B560004FF000021A614FF060534FF000025A614FF060534FF000029A614FF060534FF0C2
:20B580000002DA614FF060534FF000021A624FF060534FF000025A624FF060534FF000029D
:20B5A0009A624FF060534FF07E52DA624FF06053002283F8B1204FF060530022C3F8CC2037
:20B5C0000021092008F0D0F9FFF7B4FC4FF4806008F0DEF900BF0E4B1B68012BFBD0022212
:20B5E0000C490D4803F0AEFE0C4B93ED007AF7EE006AC6EE877A0A4BC3ED007A00BF80BD32
:20B6000017B7D138CDCC4C3FCDCCCC3DC3F5283EB4000010D81E0010F8060010C4000010C3
:20B62000C800001080B584B000AF78607B681B683E4A934267D13E4B1B683E4A11783E4AA2
:20B64000D1543B4B1B680133DBB2394A13603B4B01221A703A4B93F87131002B0AD1384B97
:20B6600093F87031002B05D1354B5B79002B01D0012300E00023FB73FB7B03F00103FB73DD
:20B680002C4B1B78F82B1ED12E4B1B6801332D4A13602C4B1B68172B2EDD2A4B00221A601C
:20B6A000FB7B002B28D0284B1B78002B14BF01230023DBB283F00103DBB203F00103DAB292
:20B6C000214B1A7018E01B4B1B78FA2B14D11D4B00221A60FB7B002B0ED01B4B1B78002BD2
:20B6E00014BF01230023DBB283F00103DBB203F00103DAB2144B1A70144B1B6804211846CE
:20B7000010F08EFB0DE07B681B68114A934208D1104B01221A60104B1B680321184610F0EC
:20B720007FFB00BF1037BD4680BD00BF004C004038290010150E0010382800104029001071
:20B740005C2400104027001044270010FC0D001000440040FC200010F80D001080B582B022
:20B7600000AF78600122044904480EF03BFA00BF0837BD4680BD00BF150E0010D40B001034
:20B7800080B483B000AF7860044B01221A6000BF0C37BD465DF8047B704700BFEC1E001066
:20B7A00080B582B000AF78607B68B3F5806F10D10A4B01221A700A4B1B68012B06D1094B0F
:20B7C0001B680221184610F02BFB02E0064B00221A6000BF0837BD4680BD00BFCC00001097
:20B7E000040E0010F00D0010B400001080B487B000AF00237B6100233B610023FB71404B64
:20B8000093F8303083F00103DBB2002B71D00023FB600FE03B4AFB6813441B7823F07F03F9
:20B82000FB71FB79802B02D1FB683B6105E0FB680133FB60FB680B2BECDD0023BB6015E03F
:20B84000BA683B69D31A7B617B69002B02DA7B690C337B612B4ABB68134419782A4A7B6997
:20B8600013440A461A70BB680133BB60BB680B2BE6DD254B9B7ADB0103F46073224AD27A26
:20B8800013431F4A5361204B1B7ADB0103F460731D4A527A13431A4A13611B4B9B79DB01D8
:20B8A00003F46073184AD2791343154AD360164B1B79DB0103F46073134A52791343104AB6
:20B8C0009360114B9B78DB0103F460730E4AD27813430B4A53600C4B1B78DB0103F46073D0
:20B8E000094A52781343064A1360054B012283F8302000BF1C37BD465DF8047B704700BF75
:20B90000BC2300100C2100100021001080B582B000AF9B4B93F83830FB710023BB80FB799D
:20B92000052B00F2588101A252F823F0CDBB100843BA100845B91008D7BB1008CDBB1008F7
:20B9400069BA10088F4B1B68022B5BD0022B00F33F81002B02D0012B24D039E18A4B0022E9
:20B960001A60CC233B71864BDB6BDBB27B713B791A46854B1B681344834A13607B791A46D0
:20B98000814B1B681344804A13603B1D022219467E480EF093F87E4B00221A60794B01224E
:20B9A0001A604DE07A4B1B68754A52F823301B12DBB23B71764B1B68714A52F82330DBB2AD
:20B9C0007B713B791A46704B1B6813446E4A13607B791A466C4B1B6813446B4A13603B1D42
:20B9E0000222194669480EF069F8694B1B680133674A1360664B1B68052B20DD614B0222F4
:20BA00001A601CE0604B1B681B12DBB23B715E4B1B68DBB27B713B1D022219465B480EF0FB
:20BA20004DF8574B002283F840205A4B00221A70574B00221A60534B00221A6000E000BFBA
:20BA4000C6E04F4B1B68DBB23B714D4B5B68DBB27B713B1D022219464C480EF02FF8484BEF
:20BA6000002283F84020B6E0464B1B68032B00F2B18001A252F823F089BA1008D1BA1008D0
:20BA800031BB100899BB10083F4B00221A60CD233B713B4BDB6BDBB27B713B791A463A4B96
:20BAA0001B681344384A13607B791A46364B1B681344354A13603B1D0222194633480DF0C3
:20BAC000FDFF334B00221A602E4B01221A607CE02F4B1B682A4A52F823301B12DBB23B716A
:20BAE0002B4B1B68264A52F82330DBB27B713B791A46254B1B681344234A13607B791A4635
:20BB0000214B1B681344204A13603B1D022219461E480DF0D3FF1E4B1B6801331C4A1360F9
:20BB20001B4B1B680B2B4FDD164B02221A604BE0174B1B68124A52F82330DBB23B71144B1A
:20BB40001B6801330E4A52F82330DBB27B713B791A460D4B1B6813440B4A13607B791A465E
:20BB6000094B1B681344084A13603B1D0222194606480DF0A3FF034B03221A6025E000BF59
:20BB800088200010202B0010242B0010680C0010282B00102428001000233B7100237B7112
:20BBA0003B1D022219460E480DF088FF0D4B002283F840200C4B00221A700C4B00221A6085
:20BBC0000B4B00221A6000E000BF03E000BF02E000BF00E000BF00BF0837BD4680BD00BFF5
:20BBE000680C00108820001024280010282B0010202B001080B584B000AF00233B811E4B8F
:20BC00001B68FB601D4B1B78002B09D01C4B1B7883F00103DBB2002B02D01A4B1B68FB6009
:20BC2000194B1B7883F00103DBB2002B03D1174B1B78002B02D0CE233B7204E0E0233B72E6
:20BC4000114B00221A70D7ED037A9FED117A67EE877AFCEEE77AC7ED017A3B79DBB27B7286
:20BC600007F10803022219460A480DF027FF00BF1037BD4680BD00BFE01E0010DD1E0010AB
:20BC8000DC1E0010E81E0010C41E00105C24001000007F43680C001080B582B000AF002383
:20BCA000BB80E1233B7100237B713B1D0222194603480DF003FF00BF0837BD4680BD00BF68
:20BCC000680C001080B582B000AF092007F032FE0346002B40F050814FF060531B6DA84A99
:20BCE0001360A74B1B68A74AC2F830314FF060535B6DA54A1360A44B1B68A24AC2F83431B7
:20BD00004FF060539B6DA14A13604FF06053DB6D9F4A13604FF06053D3ED187AF5EE407A54
:20BD2000F1EE10FA14BF01230023DAB2994B1A704FF06053D3ED197AF5EE407AF1EE10FA3B
:20BD400014BF01230023DAB2934B1A704FF0605393ED307ADFED916AC7EE267A904BC3ED12
:20BD6000007A4FF06053D3F8C8308E4A13604FF06053D3F8C4308C4A1360824B93F8703156
:20BD8000012B29D17F4B93F87331002B24D0874B1B68002B20D1864B1B6807EE903AB8EE3B
:20BDA000E77A814BD3ED007A67EE277AFDEEE77A17EE902A7F4B1A607E4B1A687E4B1B6840
:20BDC0009A4205D07D4B1B680821184610F028F8784B1B68784A13604FF06053D3F8B430A4
:20BDE000002B16DD674B012283F81021744B1B7883F00103DBB2002B04D04FF06053D3F892
:20BE0000B43002E05F4BD3F814315E4AC2F8143119E06C4B1B7883F00103DBB2002B12D0A7
:20BE2000584B002283F81021654B1B7883F00103DBB2002B01D0002302E0524BD3F814319C
:20BE4000504AC2F81431604B93F89530002B00F08F8000237B600EE04FF060515A4A7B68C1
:20BE600010339B0013441A687B689B000B441A607B6801337B607B68132BEDDD4FF06052F6
:20BE8000514BD3F89030C2F8A4304FF060534E4A92F8A02083F8B0204FF06053394A92F8CF
:20BEA0002D2183F8B1204FF06053474A92F8972083F8B820334B1A784FF06053C3F8BC2038
:20BEC000414B002283F895204FF060523E4BD3F8A430C2F8CC304FF060523B4BD3F89830AB
:20BEE000C2F8A8304FF06052374BD3F89C30C2F8AC3000233B6038E0224BDB7D83F00103FE
:20BF0000DBB2002B0AD03B68012B07D14FF060523B681A33002142F823100BE0194A3B6888
:20BF2000134403331B784FF0605219463B681A3342F82310134A3B681344083319784FF0D2
:20BF400060523B6805331A3342F823100D4A3B6813440D3319784FF060523B680A331A335A
:20BF600042F823103B6801333B603B68042BC3DD0021092007F0F8FC00BF0837BD4680BDFD
:20BF8000002600105C24001004260010082600100C260010D51E0010AC1E0010295C1F435D
:20BFA000B41E0010BC1E0010B81E0010B000001008000010B01E0010E82A0010FC0D0010DE
:20BFC000CD1E001013280010882600102DE9704FACB0402200211CA811F02EFC964A92F850
:20BFE0009430002B00F02481944BD3F844011B90050C099502F120081546D3E954B2D3E980
:20C00000529A81B201911146D3F858210D921FFA89FED3F85C2115910C92CDF81CE01FFA2F
:20C020008BFE0C9ACDF814E0BDF854E0D3F86001CDF810E0BDF834E01A90CDF80CE01FFA11
:20C0400082FECDF808E0DDF868E015999C461FFA8AF306931FFA8EF3080C08934FEA1943F9
:20C0600018930E904FEA1A430D9816934FEA1B4371461193030C100C0B930A90080C199081
:20C08000B8E80F0024AE0FC698E80F0086E80F000FCD1CAC0FC495E80F0084E80F001D9B08
:20C0A000079A159C03F580539D1A259B069A0F9503F58053A3EB19491E9B03F500539D1A32
:20C0C000269B059A109503F50053A3EB1A4A1F9B03F540539D1A279B049A129503F5405390
:20C0E000A3EB1B4500F5804313959D1A289B039A149503F58043A3EB144501F5A04315950D
:20C100009D1A299B0D9C029A03F5A043A3EB1446229B0C9C03F5C0439B1A17932A9B089A76
:20C1200003F5C043A3EB1444239B03F5E0439B1A18462B9B1A9A03F5E043A3EB12481C9BFE
:20C1400001995A1A0C921B9B249AA2EB13434FF0000E0D936FF05F23CCF82030384B0D99D1
:20C16000A3FB0E23099A5B0801FB032B0C99019A01FB032202EB0B42CCF80020189A0F99E7
:20C1800009FB032B079A01FB032202EB0B42CCF80420169A10990AFB032B069A01FB03223C
:20C1A00002EB0B421399CCF80820119A01FB032B1299059A01FB032202EB0B421599CCF8C1
:20C1C0000C200E9A01FB032B1499049A01FB032202EB0B42CCF810200B9A179906FB032B43
:20C1E000039A05FB032202EB0B42CCF814200A9A04FB032B029A01FB032202EB0B42CCF8BF
:20C200001820199A089908FB03220EF1010E00FB031303EB0243BEF10A0FCCF81C300CF143
:20C22000240C97D1074A0449002381F8943013602CB0BDE8708F00BF88260010041F0010C5
:20C24000398EE3386C20001080B500AF0D4B1B6801330C4A13600B4B1B68082B02DD094B65
:20C2600009221A60074B1A681346DB0013449B00054A13440922194604480BF0F5FB00BFF9
:20C2800080BD00BF6C200010041F0010280800102DE938432DED028BD0ED018A90ED008A0C
:20C2A00018EE900AF4F780F9044618EE100A0D46F4F77AF9F4EEC88AF1EE10FA14D514A3A2
:20C2C000D3E900238046894620462946F4F7C4F942464B46F4F70AF8F4F7A0FCBDEC028BAA
:20C2E00000EE100ABDE8388309A3D3E90023F4F7B3F922462B46F3F7F9FFF4F78FFCBDECDA
:20C30000028B00EE100ABDE8388300BFAFF300806E3480B74082DA3F2DE9704FD84AD94B78
:20C32000D94CDA48DA492DED068B92ED009AD3ED009A94ED008AD74AD74B90ED00AAD1F837
:20C3400000A016681D6829EE297A84B077EE487AF5EEC07AF1EE10FA40F32182AAEE278A00
:20C3600018EE10BACD4BD4ED018A93ED008AC4F800B029EE887A77EE687AF5EEC07AF1EEB7
:20C3800010FA40F39B82EAEE278A18EE908ABE48C4F80480FFF77CFF304610EE106AF4F70A
:20C3A00003F902460B462846CDE90023F4F7FCF802460B46CDE90223ADA3D3E90023F4F734
:20C3C0004BF9044658460D46F4F7EEF8AAA3D3E90023F3F78BFF02460B4620462946F4F714
:20C3E00065FAF4F71BFC08EE900AF5EEC08AF1EE10FA40F25E82F7EE007AF4EEE78AF1EE93
:20C4000010FAC0F29181DFF8E8A2DFF8E892CAED007A4FF07E53C9F800304046F4F7C4F83D
:20C4200095A3D3E90023F3F761FF02460B4620462946F4F73BFAF4F7F1FB08EE900AF5EEC3
:20C44000C08AF1EE10FA40F20F82F7EE007AF4EEE78AF1EE10FAC0F26182CAED017A4FF045
:20C460007E53C9F804303046F4F79EF882A3D3E90023F3F73BFF02460B46DDE90201F4F78A
:20C4800015FAF4F7CBFB08EE900AF5EEC08AF1EE10FA40F2C381F7EE007AF4EEE78AF1EE2F
:20C4A00010FAC0F245827E4A7E4BC2ED007AF7EE007AF0EE678AC3ED007A7B4A7B4BD2ED9D
:20C4C000007AD3ED006A7A4B7A4A93ED007A92ED006A774867EEA66A67EE867AF4EEC76AC0
:20C4E000F1EE10FA36EEC76ACCBFDFED735ADFED735AA6EE257AF0EE476A93ED017AC3EDD4
:20C50000006AF4EEC77AF1EE10FA77EEC76ACCBFDFED697ADFED697AA6EEA77A83ED017A86
:20C52000FFF7B6FE664B186810EE106AF4F73CF8044630460D46F4F737F84FA3D3E900238B
:20C54000F3F7D4FE02460B4620462946F4F7AEF9F4F764FB07EE900AF5EEC07AF1EE10FA40
:20C5600040F25781B7EE006AF4EEC67AF1EE10FAC0F2DB81F0EE467A524A534BD2ED005A98
:20C5800093ED007A5149524A81ED006A79EE256A38EE258A66EEA96A28EE298A76EEC75A13
:20C5A000C2ED007AF5EEC05AF1EE10FA40F32A81DFED487AA5EEA77A4348D3ED017A83ED16
:20C5C000007AB4EEE78AF1EE10FACCBF9FED417A9FED417A38EE678AE8EE077AC3ED017A33
:20C5E000FFF756FE3D4B93ED008A18EE100A10EE106AF3F7D9FF044630460D46F3F7D4FF35
:20C600001DA3D3E90023F3F771FE02460B4620462946F4F74BF9F4F701FB07EE900AF5EE2C
:20C62000C07AF1EE10FA40F2E880B7EE007AF4EEC77AF1EE10FAC0F28481F0EE477A284B49
:20C64000284A1969284C294B82ED007A0329B4EEC89A18BFF0EE678AF1EE10FAD4ED007A1B
:20C66000C3ED008A40F3858046E000BFAFF300801B0DE02D90A0E63F2D431CEBE2361A3FCF
:20C6800000260010B8000010EC2A0010282600102C260010302600102426001004260010BC
:20C6A000FC2A001010260010E400001008260010042B00100C260010CDCC4C3D17B7D13852
:20C6C000E0000010441E0010142B00100C2B00101C260010CDCC4C3E17B7D13934270010AA
:20C6E000CC2000101C2B00103C27001038270010F42A001014260010B7EE007AF4EEC77A4B
:20C70000F1EE10FA0BD517EE900AF3F74DFF94A3D3E90023F3F7EAFDF4F780FA206004B0FB
:20C72000BDEC068BBDE8708FF3F73EFF904B0022F3F7DAFDDFF850A2DFF85092CAED008A73
:20C74000DDE90023F3F788FF894B0022F3F7CEFDF4F764FA07EE900AF5EEC07AF1EE10FAF6
:20C76000C9F800004FF0000300F2EE80C9F8003053E6F5EEC07AF1EE10FAD0DD17EE900ADA
:20C78000F3F712FF76A3D3E90023F3F7ADFDF4F745FA206004B0BDEC068BBDE8708F78EE70
:20C7A000477A17EE900AF3F7FFFE804618EE100A8946F3F7F9FE6CA3D3E90023CDE90001F7
:20C7C00040464946F3F748FFCDE902015046F3F7EBFE02460B46DDE90201F3F787FD424699
:20C7E0004B46F3F739FF02460B46DDE90001F3F77BFDF4F713FA8346B4E59FED5E7AF0EE28
:20C80000477A1CE776EEC76ADFED5B7AA6EEA77AD2E69FED586AF0EE467AADE6574BDFEDC4
:20C82000558A0022564CDDE90001C4ED008AF3F713FF4F4B0022F3F759FDF4F7EFF9DFEDBC
:20C840004D7A504B08EE900AF4EEE78AF1EE10FA18607FF62EAEF7EE007AF4EEE78AF1EE50
:20C8600010FAFFF62AAE22E6DFED428A43490020DDE90023CAED018AF3F7EEFE3C4B0022EB
:20C88000F3F734FDF4F7CAF907EE900AF5EEC07AF1EE10FAC9F804004FF000037FF6E1AD30
:20C8A000B7EE007AF4EEC77AF1EE10FAFFF6DBADD5E5DFED308A314900203BE778EEC77A2D
:20C8C00017EE900AF3F770FE804618EE900A8946F3F76AFE24A3D3E90023CDE902014046F5
:20C8E0004946CDE90089F3F7B7FE804650468946F3F75AFE02460B4640464946F3F7F6FCD4
:20C90000DDE90023F3F7A8FE02460B46DDE90201F3F7EAFCF4F782F9804638E5F3F744FEF7
:20C92000134B0022F3F7E0FCA2E7B0EE676A23E6F3F73AFE0E4B0022F3F7D6FC02460B46BE
:20C9400070E7B0EE677A7AE6B7EE007AF4EEC77AF1EE10FAFFF661AD5BE500BFAFF3008052
:20C960007B14AE47E17A843F2D431CEBE2360A3F0000F03F0000000017B7D1390000F0BF87
:20C98000FC2A001010260010F42A001014260010B0B5A4B000AF774BD3F8E030754A43F0AC
:20C9A0000073C2F8E030734BD3F8E03003F000733B603B68012006F0EBFF07F0CBFF012218
:20C9C0000221002007F04CFF6B4B1B681B0903F00F03072B08D1694BD3F80431674A43F0CD
:20C9E0000103C2F8043107E0644BD3F81431634A43F00103C2F8143102F04CF800F01EFE79
:20CA000000F0E4FD00F04AFD00F094FD00F0A8F900F066F900F0DAF800F094FA00F0F4FC8D
:20CA200000F0DEFA00F040FB00F0F2F900F0EEFB00F086FC00F09CFB00F008FDFEF758FD17
:20CA40004F480BF0DBFC4F480BF0D8FC00214E480BF0A4FD04214C480BF0A0FD00214B48AF
:20CA60000BF09CFD042149480BF098FD042148480BF094FD082146480BF090FD00214548AE
:20CA80000BF08CFD042143480BF088FD002142480BF084FD042140480BF080FD4FF4806073
:20CAA00006F076FF3D4B07F174041D460FCD0FC495E8070084E8070007F17403002118461C
:20CAC0000FF04DF90346364A1360364B07F158041D460FCD0FC495E8070084E8070007F1FF
:20CAE0005803002118460FF03AF903462E4A13602E4B07F13C041D460FCD0FC495E80700AF
:20CB000084E8070007F13C03002118460FF027F90346274A1360274B07F120041D460FCDD3
:20CB20000FC495E8070084E8070007F12003002118460FF014F903461F4A13601F4B3C1D9D
:20CB40001D460FCD0FC495E8070084E807003B1D002118460FF003F90346194A1360194B77
:20CB600000221A60184B01221A600FF0F1F800BFFDE700BF0044025800ED00E000640258A6
:20CB800074090010580A0010F00A00100C0A001028090010A40A0010C00900101CE0110879
:20CBA000EC0D001038E01108F00D001054E01108F40D001070E01108F80D00108CE01108CD
:20CBC000FC0D0010B4000010040E001080B58AB000AF07F11C0300221A605A609A603B4650
:20CBE00000221A605A609A60DA601A615A619A61374B384A1A60364B4FF4E0125A60344B0D
:20CC000000229A60324B0122DA60314B04221A612F4B00221A752E4B01225A752C4B0222D0
:20CC20009A612B4B00221A77294B00225A62284B00229A62264B0322DA62254B00221A630C
:20CC4000234B00225A63224B002283F83820204802F0D6F90346002B01D001F07DF800232E
:20CC6000FB6107F11C031946194803F065FC0346002B01D001F070F8174B3B6006237B608E
:20CC80000423BB6040F2FF73FB6004233B6100237B6100237B763B4619460D4802F06EFEEA
:20CCA0000346002B01D001F057F80C4B3B600C237B603B461946064802F060FE0346002B01
:20CCC00001D001F049F800BF2837BD4680BD00BFF8060010002002400004002A0008302E30
:20CCE00080B500AF1B4B1C4A1A601A4B1B4A5A60184B00229A60174B0122DA60154B0022C6
:20CD00001A61144B00225A61124B00229A61114B0022DA610F4B00221A620E4806F064FE83
:20CD20000346002B01D001F017F80021094807F0FFFC0346002B01D001F00EF800210548A0
:20CD400007F041FD0346002B01D001F005F800BF80BD00BFD4070010005C0040B175703063
:20CD600080B500AF284B294A1A60274B4FF480025A60254B4FF400329A60234B1F22DA60B6
:20CD8000214B00221A61204B4FF080725A611E4B4FF000529A611C4B4FF04052DA611A4B66
:20CDA00000221A62184B00225A62174B00229A62154B0022DA62144B4FF080425A63124BDC
:20CDC00000229A63104B0022DA630F4B00221A640D4B00225A640C4B00229A640A4B8022DA
:20CDE000DA64094B00221A65074B00225A65064B00229A6504480AF013FD0346002B01D0C0
:20CE000000F0AAFF00BF80BD28080010003C004080B596B000AF07F14C0300221A605A60FA
:20CE20009A6007F1300300221A605A609A60DA601A615A619A613B1D2C220021184610F0ED
:20CE4000FBFC3E4B3E4A1A603C4B63225A603B4B00229A60394B6322DA60384B00221A6185
:20CE6000364B00225A61354B00229A6133480BF03DFB0346002B01D000F06EFF0023FB64E5
:20CE800000233B6500237B6507F14C0319462B480CF00CFC0346002B01D000F05DFF60239B
:20CEA0003B6300237B630023BB630023FB6300233B6400237B640023BB6407F130030422BA
:20CEC00019461E480BF080FD0346002B01D000F043FF07F130030822194618480BF074FD1E
:20CEE0000346002B01D000F037FF00237B600023BB600023FB6000233B6100237B614FF40C
:20CF00000053BB610023FB6100233B624FF000737B620023BB620023FB623B1D194607480E
:20CF20000CF052FC0346002B01D000F015FF034801F066FA00BF5837BD4680BD28090010F3
:20CF40000000014080B588B000AF07F1100300221A605A609A60DA603B1D00221A605A6031
:20CF60009A601E4B4FF080421A601C4BEF225A601A4B00229A60194B40F2E732DA60174BD5
:20CF800000221A61154B00229A6114480BF0DFF90346002B01D000F0DFFE4FF480533B6184
:20CFA00007F1100319460D480BF022FE0346002B01D000F0D1FE00237B600023FB603B1DBF
:20CFC000194606480CF072FB0346002B01D000F0C3FE00BF2037BD4680BD00BF74090010A3
:20CFE00080B58AB000AF07F11C0300221A605A609A603B4600221A605A609A60DA601A6126
:20D000005A619A61264B274A1A60254B63225A60234B00229A60224B6322DA60204B00220C
:20D020001A611F4B00229A611D480BF05FFA0346002B01D000F090FE0023FB6100237B62F3
:20D0400007F11C03194616480CF030FB0346002B01D000F081FE60233B6000237B600023E2
:20D06000BB6000233B613B46002219460C480BF0ABFC0346002B01D000F06EFE3B46042296
:20D08000194607480BF0A0FC0346002B01D000F063FE034801F0B4F900BF2837BD4680BD6E
:20D0A000C00900100004004080B58AB000AF07F11C0300221A605A609A603B4600221A60B1
:20D0C0005A609A60DA601A615A619A61264B274A1A60254B63225A60234B00229A60224B2F
:20D0E0006322DA60204B00221A611F4B00229A611D480BF0FBF90346002B01D000F02CFE2F
:20D100000023FB6100237B6207F11C03194616480CF0CCFA0346002B01D000F01DFE602327
:20D120003B6000237B600023BB6000233B613B46002219460C480BF047FC0346002B01D080
:20D1400000F00AFE3B460422194607480BF03CFC0346002B01D000F0FFFD034801F050F999
:20D1600000BF2837BD4680BD0C0A00100008004080B588B000AF07F1100300221A605A6066
:20D180009A60DA603B1D00221A605A609A601D4B1D4A1A601B4B63225A601A4B00229A6044
:20D1A000184B6322DA60174B00221A61154B00229A6114480BF0CBF80346002B01D000F082
:20D1C000CBFD4FF480533B6107F1100319460D480BF00EFD0346002B01D000F0BDFD0023FE
:20D1E0007B600023FB603B1D194606480CF05EFA0346002B01D000F0AFFD00BF2037BD4683
:20D2000080BD00BF580A0010000C004080B596B000AF07F14C0300221A605A609A6007F19B
:20D22000300300221A605A609A60DA601A615A619A613B1D2C220021184610F0FDFA3E4B5B
:20D240003E4A1A603C4B63225A603B4B00229A60394B6322DA60384B00221A61364B00225E
:20D260005A61354B00229A6133480BF03FF90346002B01D000F070FD0023FB6400233B65C1
:20D2800000237B6507F14C0319462B480CF00EFA0346002B01D000F05FFD60233B63002399
:20D2A0007B630023BB630023FB6300233B6400237B640023BB6407F13003002219461E48B6
:20D2C0000BF082FB0346002B01D000F045FD07F130030422194618480BF076FB0346002B6F
:20D2E00001D000F039FD00237B600023BB600023FB6000233B6100237B614FF40053BB610D
:20D300000023FB6100233B624FF000737B620023BB620023FB623B1D194607480CF054FA2F
:20D320000346002B01D000F017FD034801F068F800BF5837BD4680BDA40A00100004014077
:20D3400080B58AB000AF07F11C0300221A605A609A603B4600221A605A609A60DA601A61C2
:20D360005A619A61264B274A1A60254B63225A60234B00229A60224B6322DA60204B0022A9
:20D380001A611F4B00229A611D480BF0AFF80346002B01D000F0E0FC0023FB6100237B62F4
:20D3A00007F11C03194616480CF080F90346002B01D000F0D1FC60233B6000237B600023E3
:20D3C000BB6000233B613B46002219460C480BF0FBFA0346002B01D000F0BEFC3B46042297
:20D3E000194607480BF0F0FA0346002B01D000F0B3FC034801F004F800BF2837BD4680BD20
:20D40000F00A00100018004080B500AF0D4B0E4A1A600C4B77225A600A4B00229A60094B2D
:20D420000A22DA60074B00221A61064B00229A6104480AF08CFF0346002B01D000F08CFC9B
:20D4400000BF80BD3C0B0010001C004080B500AF104B114A1A600F4B40F2CF725A600D4B2A
:20D4600000229A600B4B40F6C312DA60094B00221A61084B00225A61064B00229A61054819
:20D480000AF065FF0346002B01D000F065FC00BF80BD00BF880B00100044014080B500AFD1
:20D4A000224B234A1A60214B47F612225A601F4B00229A601D4B0022DA601C4B00221A6133
:20D4C0001A4B0C225A61194B00229A61174B0022DA61164B00221A62144B00225A62134B24
:20D4E00000229A6211480CF00BFA0346002B01D000F032FC00210D480EF036FB0346002B38
:20D5000001D000F029FC002108480EF06BFB0346002B01D000F020FC04480EF0ECFA034686
:20D52000002B01D000F018FC00BF80BDD40B0010004C004080B500AF224B234A1A60214BD0
:20D540004FF4E1325A601F4B00229A601D4B0022DA601C4B00221A611A4B0C225A61194BBB
:20D5600000229A61174B0022DA61164B00221A62144B00225A62134B00229A6211480CF0C2
:20D58000BFF90346002B01D000F0E6FB00210D480EF0EAFA0346002B01D000F0DDFB002137
:20D5A00008480EF01FFB0346002B01D000F0D4FB04480EF0A0FA0346002B01D000F0CCFB1F
:20D5C00000BF80BD680C00100044004080B582B000AF194BD3F8D830174A43F00103C2F8A8
:20D5E000D830154BD3F8D83003F001037B607B68002205210B2003F039F90B2003F050F93C
:20D60000002205210E2003F031F90E2003F048F9002205210F2003F029F90F2003F040F92E
:20D6200000220521102003F021F9102003F038F900BF0837BD4680BD0044025880B58EB0C2
:20D6400000AF07F1240300221A605A609A60DA601A61AF4BD3F8E030AD4A43F01003C2F82B
:20D66000E030AB4BD3F8E03003F010033B623B6AA74BD3F8E030A64A43F00403C2F8E030C0
:20D68000A34BD3F8E03003F00403FB61FB69A04BD3F8E0309E4A43F02003C2F8E0309C4B52
:20D6A000D3F8E03003F02003BB61BB69984BD3F8E030974A43F08003C2F8E030944BD3F870
:20D6C000E03003F080037B617B69914BD3F8E0308F4A43F00103C2F8E0308D4BD3F8E030C0
:20D6E00003F001033B613B69894BD3F8E030884A43F00203C2F8E030854BD3F8E03003F0D2
:20D700000203FB60FB68824BD3F8E030804A43F00803C2F8E0307E4BD3F8E03003F008032A
:20D72000BB60BB687A4BD3F8E030794A43F04003C2F8E030764BD3F8E03003F040037B605B
:20D740007B6800220821734806F0DAF800224FF44051714806F0D4F8002201216F4806F0B6
:20D76000CFF8002240216E4806F0CAF800223C216C4806F0C5F800224FF4F8416A4806F0C5
:20D78000BFF800224FF47071684806F0B9F808237B620123BB620023FB6200233B6307F1B3
:20D7A000240319465B4805F0E3FE4FF440537B620123BB620023FB6200233B6307F1240316
:20D7C0001946554805F0D4FE4FF400737B620023BB620123FB6207F124031946544805F023
:20D7E000C7FE01237B620123BB620023FB6200233B6307F124031946484805F0B9FE3023D4
:20D800007B620023BB620123FB6207F124031946434805F0ADFE40237B620123BB6200231D
:20D82000FB6200233B6307F1240319463C4805F09FFE10237B620023BB620023FB6207F16E
:20D8400024031946344805F093FE4FF450537B620023BB620123FB6207F1240319463348C3
:20D8600005F086FEC0237B620023BB620123FB6207F1240319462C4805F07AFE4FF4A06309
:20D880007B620023BB620123FB6207F124031946214805F06DFE3C237B620123BB62002303
:20D8A000FB6200233B6307F1240319461D4805F05FFE4FF4F8437B620123BB620023FB62F9
:20D8C00000233B6307F124031946174805F050FE4FF470737B620123BB620023FB62002380
:20D8E0003B6307F124031946104805F041FE10237B620023BB620123FB6207F12403194631
:20D90000054805F035FE00BF3837BD4680BD00BF004402580010025800080258001C025885
:20D9200000000258000C025800180258000402580014025880B500AF02480AF05FFD00BFA6
:20D9400080BD00BF3C0B001080B400AF034B1B681846BD465DF8047B704700BF000E0010F7
:20D9600080B584B000AF7860F6F73EF8FBF744F9484B1B78002B0BD0464B00221A70464B6B
:20D9800093F870311A460221FE20F3F7B7FB76E0424B1B78002B0BD0404B00221A703E4BE2
:20D9A00093F81B311A460321FE20F3F7A7FB66E03B4B1B78002B0BD0394B00221A70364B4C
:20D9C00093F871311A460421FE20F3F797FB56E0344B1B78002B0DD0324B00221A702E4B09
:20D9E00093F86F31013BDBB21A460521FE20F3F785FB44E02C4B1B78002B0BD02A4B00225A
:20DA00001A70254B93F872311A460621FE20F3F775FB34E0254B1B78002B30D0234B00220D
:20DA20001A700623FB6023E00023BB601AE01A49FA6813465B0013445B00BA6813440633C0
:20DA40009B000B445B689910FA6813465B0013445B001A46BB681344C9B2154AD154BB68AC
:20DA60000133BB60BB68052BE1DDFB680133FB60FB68082BD8DD0E49FC20F3F71FFBF3F7A8
:20DA800087FBF4F7A5F8F3F7FFFC01200EF0B3F96AE700BF0D2800105C2400100E280010A1
:20DAA0000F280010102800101228001011280010CC27001080B586B000AF78613B464FF08E
:20DAC000FF32022118460EF0EBF9FEF7FBF8FEF77DFA4FF4806005F05BFFFEF71DFC024B91
:20DAE00000221A7000BFE9E7001F001080B584B000AF78600523FB6042F210700EF07BF923
:20DB0000FAE700BF80B586B000AF786007F10C030122032118460EF0C3F9FB68082B02D1A4
:20DB2000FDF764FE27E01A4B93F84030002B05D0FDF7ECFE174B00221A601CE0164B93F864
:20DB40000F31002B0ED0134B1B680133114A1360104B1B68092B0EDDFEF74CF80D4B0022E9
:20DB60001A6008E00D4B1B78002B04D0FEF794F80A4B00221A70084B93F80F3183F0010342
:20DB8000DBB2002BC2D0034B00221A60BEE700BF88200010C81E00105C240010C41E0010BD
:20DBA00080B58EB000AF7860FF237B6300233B63F823FB734FF000037B620023FB62414BF6
:20DBC0001B681A4607F11003042118460EF068F900F0D2FF38623A6AFB6AD31AFB613B6A23
:20DBE000FB627B69082B18D1374BD3ED007AB0EE670AF3F70DFA0346344A1360344B93F8C8
:20DC00007331002B09D0FB69092B06D907F10F01012301222F480BF0C3FEF6F72FFC2E4BD2
:20DC20001B78002B40D0FF237B630023BB620FE0294ABB6A134402331B78002B05D0BB6A0B
:20DC4000C3F113037B63BB6A3B63BB6A0133BB62BB6A052BECDD7B6B7F2B03DD1E4B0022CA
:20DC60001A7021E01D4B93F8403083F00103DBB2002B19D0184A3B6B1344023300221A705E
:20DC8000164B012283F838207B6BCC33134A1360114A3B6B023352F823305B000F4A53603E
:20DCA0000E4B012283F840200D4B1B78002B03D0044B0A221A6082E7024B4FF0FF321A608F
:20DCC0007DE700BFCC030010B41E0010080000105C240010D40B0010D42500108820001008
:20DCE0004029001080B582B000AF78607B681B68B3F1804F07D1124B01221A60114B1B6833
:20DD00000133104A13607B681B680F4A934201D1FEF79AFA7B681B680C4A934201D100F0C0
:20DD200017FF7B681B680A4A934204D1094B1B680133084A136000BF0837BD4680BD00BF9C
:20DD400078290010080E0010000C004000100040001C0040000E001080B400AF72B600BF0C
:20DD600000BFFDE780B582B000AF104BD3F8F4300E4A43F00203C2F8F4300C4BD3F8F430EC
:20DD800003F002037B607B6800220F216FF0010002F06CFD002205217E2002F067FD7E20E6
:20DDA00002F07EFD00BF0837BD4680BD0044025880B5BCB000AF786007F1DC0300221A607F
:20DDC0005A609A60DA601A6107F11003C822002118460FF031FD7B681B68404A934278D12B
:20DDE0004FF400224FF00003C7E904234FF40033C7F8B83007F11003184606F0D3FF03460E
:20DE0000002B01D0FFF7A8FF354BD3F8D830344A43F02003C2F8D830314BD3F8D83003F03E
:20DE20002003FB60FB682E4BD3F8E0302C4A43F00403C2F8E0302A4BD3F8E03003F00403E9
:20DE4000BB60BB680323C7F8DC300323C7F8E0300023C7F8E43007F1DC031946214805F014
:20DE600087FB214B214A1A601F4B09225A601E4B00229A601C4B0022DA601B4B4FF48062AD
:20DE80001A61194B4FF400625A61174B4FF400529A61154B4FF48072DA61134B00221A6285
:20DEA000114B00225A62104802F01CFD0346002B01D0FFF751FF7B680B4ADA640A4A7B688D
:20DEC000936300220521122002F0D0FC122002F0E7FC00BFF037BD4680BD00BF00200240C6
:20DEE00000440258000802585C0700105800024080B5BEB000AF786007F1E40300221A6070
:20DF00005A609A60DA601A6107F11803C822002118460FF091FC7B681B68394A93426BD196
:20DF20004FF008024FF00003C7E906230023C7F8A03007F11803184606F034FF0346002BBD
:20DF400001D0FFF709FF2F4BD3F8E0302D4A43F00403C2F8E0302B4BD3F8E03003F00403D7
:20DF60007B617B69274BD3F8E030264A43F00103C2F8E030234BD3F8E03003F001033B6147
:20DF80003B694FF40073C7F8E4301223C7F8E8300023C7F8EC300023C7F8F0300423C7F862
:20DFA000F43007F1E4031946174805F0E1FA4FF48073C7F8E4301223C7F8E8300023C7F8D9
:20DFC000EC300023C7F8F0300423C7F8F43007F1E40319460D4805F0CBFA0A4BD3F8E83094
:20DFE000084A43F40003C2F8E830064BD3F8E83003F40003FB60FB6800BFF837BD4680BDA9
:20E00000005C004000440258000802580000025880B5BEB000AF786007F1E40300221A6065
:20E020005A609A60DA601A6107F11803C822002118460FF001FC7B681B68664A934240F0E4
:20E04000C5804FF480524FF00003C7E906230023FB6707F11803184606F0A4FE0346002B49
:20E0600001D0FFF779FE5C4BD3F8E8305A4A43F40043C2F8E830584BD3F8E83003F4004328
:20E080007B617B69544BD3F8E030534A43F00103C2F8E030504BD3F8E03003F001033B619F
:20E0A0003B694D4BD3F8E0304B4A43F00803C2F8E030494BD3F8E03003F00803FB60FB6881
:20E0C000454BD3F8E030444A43F00203C2F8E030414BD3F8E03003F00203BB60BB684FF465
:20E0E0000043C7F8E4300223C7F8E8300023C7F8EC300023C7F8F0300623C7F8F43007F10A
:20E10000E4031946354805F033FA4023C7F8E4300223C7F8E8300023C7F8EC300023C7F808
:20E12000F0300523C7F8F43007F1E40319462C4805F01EFA0823C7F8E4300223C7F8E830FB
:20E140000023C7F8EC300023C7F8F0300623C7F8F43007F1E4031946224805F009FA224BA6
:20E16000224A1A60204B3E225A601F4B40229A601D4B0022DA601C4B4FF480621A611A4B3E
:20E180004FF480525A61184B4FF480429A61164B0022DA61144B00221A62134B00225A6255
:20E1A000114802F09FFB0346002B01D0FFF7D4FD7B680D4A9A670C4A7B68936300220521BC
:20E1C000332002F053FB332002F06AFB00BFF837BD4680BD003C0040004402580000025860
:20E1E000000C025800040258B00800108800024080B588B000AF78607B681B68384A934218
:20E200000FD1384BD3F8F030364A43F00103C2F8F030344BD3F8F03003F00103FB61FB69FE
:20E220005AE07B681B68304A93420FD12D4BD3F8E8302C4A43F00203C2F8E830294BD3F8F5
:20E24000E83003F00203BB61BB6945E07B681B68264A93420FD1234BD3F8E830214A43F0CF
:20E260000403C2F8E8301F4BD3F8E83003F004037B617B6930E07B681B681D4A934217D124
:20E28000184BD3F8F030174A43F00203C2F8F030144BD3F8F03003F002033B613B69002219
:20E2A00005212C2002F0E2FA2C2002F0F9FA13E07B681B680F4A93420ED10A4BD3F8E8304F
:20E2C000084A43F04003C2F8E830064BD3F8E83003F04003FB60FB6800BF2037BD4680BD26
:20E2E00000000140004402580004004000080040000401400018004080B586B000AF786024
:20E300007B681B68B3F1804F17D1394BD3F8E830374A43F00103C2F8E830354BD3F8E830E8
:20E3200003F001037B617B69002205211C2002F09DFA1C2002F0B4FA55E07B681B682D4A2B
:20E34000934217D12A4BD3F8E830294A43F00803C2F8E830264BD3F8E83003F008033B6137
:20E360003B6900220521322002F080FA322002F097FA38E07B681B681F4A934217D11C4B13
:20E38000D3F8E8301A4A43F08003C2F8E830184BD3F8E83003F08003FB60FB6800220521EC
:20E3A0002C2002F063FA2C2002F07AFA1BE07B681B68124A934216D10D4BD3F8F0300C4AFE
:20E3C00043F40033C2F8F030094BD3F8F03003F40033BB60BB6800220521752002F046FA43
:20E3E000752002F05DFA00BF1837BD4680BD00BF00440258000C0040001C00400044014067
:20E4000080B58CB000AF786007F11C0300221A605A609A60DA601A617B681B685E4A934205
:20E4200020D15E4BD3F8E0305C4A43F00103C2F8E0305A4BD3F8E03003F00103BB61BB6909
:20E440004FF4C063FB6102233B6200237B620023BB620123FB6207F11C031946504805F074
:20E4600087F894E07B681B684E4A93421FD14B4BD3F8E030494A43F00203C2F8E030474B4E
:20E48000D3F8E03003F002037B617B693023FB6102233B6200237B620023BB620223FB62B6
:20E4A00007F11C031946404805F062F86FE07B681B683E4A934220D1384BD3F8E030374A2D
:20E4C00043F00803C2F8E030344BD3F8E03003F008033B613B694FF44053FB6102233B62A8
:20E4E00000237B620023BB620223FB6207F11C0319462F4805F03CF849E07B681B682D4A3E
:20E5000093421FD1254BD3F8E030244A43F00403C2F8E030214BD3F8E03003F00403FB60DD
:20E52000FB68C023FB6102233B6200237B620023BB620323FB6207F11C0319461E4805F0E3
:20E5400017F824E07B681B681C4A93421FD1134BD3F8E030114A43F00203C2F8E0300F4B27
:20E56000D3F8E03003F00203BB60BB684FF44043FB6102233B6200237B620023BB62022341
:20E58000FB6207F11C031946074804F0F1FF00BF3037BD4680BD00BF000001400044025871
:20E5A00000000258000400400004025800080040000C0258000401400008025800180040B2
:20E5C00080B5BEB000AF786007F1E40300221A605A609A60DA601A6107F11803C82200210F
:20E5E00018460FF029F97B681B68834A93427DD14FF002024FF00003C7E906230023C7F806
:20E60000943007F11803184606F0CCFB0346002B01D0FFF7A1FB794BD3F8E830774A43F492
:20E620000023C2F8E830754BD3F8E83003F400237B617B69714BD3F8E030704A43F00103E0
:20E64000C2F8E0306D4BD3F8E03003F001033B613B690323C7F8E4300223C7F8E83000230E
:20E66000C7F8EC300023C7F8F0300823C7F8F43007F1E4031946624804F07AFF614B624A02
:20E680001A60604B3F225A605E4B00229A605D4B0022DA605B4B4FF480621A61594B002265
:20E6A0005A61584B00229A61564B4FF48072DA61544B00221A62534B00225A62514802F08A
:20E6C00011F90346002B01D0FFF746FB7B684D4AC3F880204B4A7B689363002205213420D5
:20E6E00002F0C4F8342002F0DBF881E07B681B68464A93427CD14FF002024FF00003C7E9A5
:20E7000006230023C7F8943007F11803184606F049FB0346002B01D0FFF71EFB374BD3F8DE
:20E72000E830364A43F40033C2F8E830334BD3F8E83003F40033FB60FB68304BD3F8E03066
:20E740002E4A43F00103C2F8E0302C4BD3F8E03003F00103BB60BB680C23C7F8E430022392
:20E76000C7F8E8300023C7F8EC300023C7F8F0300723C7F8F43007F1E4031946204804F01B
:20E78000F7FE234B234A1A60214B2B225A60204B00229A601E4B0022DA601D4B4FF48062E3
:20E7A0001A611B4B00225A61194B00229A61184B4FF48072DA61164B00221A62144B0022C7
:20E7C0005A62134802F08EF80346002B01D0FFF7C3FA7B680E4AC3F880200D4A7B689363EC
:20E7E00000220521262002F041F8262002F058F800BFF837BD4680BD004C00400044025880
:20E8000000000258FC0C00101000024000440040740D00107000024080B590B000AF786071
:20E820007B680F2B27D800227968362002F01EF8362002F035F8294A7B681360284BD3F8DF
:20E84000E830274A43F01003C2F8E830244BD3F8E83003F01003FB60FB6807F1100207F1FF
:20E8600014031146184606F05BFABB6ABB63BB6B002B06D101E001232BE006F025FAF86396
:20E8800004E006F021FA03465B00FB63FB6B154AA2FB03239B0C013B7B63134B134A1A6003
:20E8A000114B40F2E732DA600F4A7B6B53600E4B00221A610C4B00229A600B4809F047FD8C
:20E8C0000346002B04D1084809F098FD034600E0012318464037BD4680BD00BFD403001009
:20E8E0000044025883DE1B432C2B00100010004080B400AF00BFFDE780B400AF00BFFDE7F8
:20E9000080B400AF00BFFDE780B400AF00BFFDE780B400AF00BFFDE780B400AF00BFBD46C0
:20E920005DF8047B7047000080B500AF024803F001FB00BF80BD00BFFC0C001080B500AF78
:20E94000024803F0F7FA00BF80BD00BF5C07001080B500AF024803F0EDFA00BF80BD00BF98
:20E96000740D001080B500AF024803F0E3FA00BF80BD00BFB008001080B500AF024800F067
:20E98000A5FD00BF80BD00BFF806001080B500AF024809F011FF00BF80BD00BF740900108D
:20E9A00080B500AF02480BF069F900BF80BD00BF680C001080B500AF034809F0FDFE03481F
:20E9C00009F0FAFE00BF80BDA40A00103C0B001080B500AF024809F0EFFE00BF80BD00BF66
:20E9E000580A001080B500AF024809F07DF900BF80BD00BF2808001080B500AF02480BF0E4
:20EA00003DF900BF80BD00BFD40B001080B500AF024809F0D1FE00BF80BD00BF2C2B0010FE
:20EA200080B500AF024809F0C7FE00BF80BD00BF880B001080B500AF04F0BCFF00BF80BDFD
:20EA4000DFF834D0F2F7B2FA0C480D490D4A002302E0D458C4500433C4188C42F9D30A4AFF
:20EA60000A4C002301E013600432A242FBD30EF047FFFDF78DFF70470080041000000010C2
:20EA80003004001098EB110830040010186A0010FEE7000080B582B000AF284BD3F8D8307F
:20EAA000264A43F48043C2F8D830244BD3F8D83003F480433B603B68214B1B6823F47F2348
:20EAC00023F470631E4A43F4014313601C4B1B681B4A43F001031360032001F0BCFE05F03A
:20EAE00047FF0246154B9B691B0A03F00F031549CB5C03F01F0322FA03F37B600F4B9B6915
:20EB000003F00F030F4AD35C03F01F037A6822FA03F30D4A13600C4B1B680C4A13600F20C3
:20EB2000FFF77AFE0346002B01D0012302E0FFF719F9002318460837BD4680BD0044025876
:20EB400000440240D8E01108040000100000001080B400AF064B1B781A46064B1B681344E8
:20EB6000044A136000BFBD465DF8047B704700BFD8030010782B001080B400AF034B1B6876
:20EB80001846BD465DF8047B704700BF782B001080B584B000AF7860FFF7EEFFB8607B6849
:20EBA000FB60FB68B3F1FF3F05D00A4B1B781A46FB681344FB6000BFFFF7DEFF0246BB6886
:20EBC000D31AFA689A42F7D800BF00BF1037BD4680BD00BFD803001080B400AF034B1B68D8
:20EBE0001B0C1846BD465DF8047B70470010005C80B483B000AF786039607B689B6823F412
:20EC00007C123B681A437B689A6000BF0C37BD465DF8047B704780B483B000AF7860396072
:20EC20007B689B6823F0E0723B681A437B689A6000BF0C37BD465DF8047B704780B483B0B5
:20EC400000AF78607B689B6803F0E07318460C37BD465DF8047B704780B487B000AFF86060
:20EC6000B9607A603B60FB6860331A46BB689B0013447B617B691B6803F000427B6803F04D
:20EC8000F8413B680B431A437B691A6000BF1C37BD465DF8047B704780B485B000AFF8607F
:20ECA000B9607A60FB681B6923F4F042BB6803F01F03796801FA03F31A43FB681A6100BF2D
:20ECC0001437BD465DF8047B704780B487B000AFF860B9607A60FB6860331A46BB689B00E2
:20ECE00013447B617B691B6823F000427B681A437B691A6000BF1C37BD465DF8047B7047E7
:20ED000080B483B000AF78607B68DB6803F44063002B01D1012300E0002318460C37BD467D
:20ED20005DF8047B704780B487B000AFF860B9607A60FB6830331A46BB681B0A9B0003F0E7
:20ED40000C0313447B617B691A68BB6803F01F031F2101FA03F3DB431A407B689B0E03F0AB
:20ED60001F01BB6803F01F0301FA03F31A437B691A6000BF1C37BD465DF8047B704780B4BB
:20ED800083B000AF786039607B68DB6823F003023B681A437B68DA6000BF0C37BD465DF86B
:20EDA000047B704780B483B000AF78607B68DB6C03F4C073002B01D1012300E00023184659
:20EDC0000C37BD465DF8047B704780B487B000AFF860B9607A60FB6814331A46BB685B0E67
:20EDE0009B0003F0040313447B617B691A68BB681B0D03F01F03072101FA03F3DB431A40F4
:20EE0000BB681B0D03F01F03796801FA03F31A437B691A6000BF1C37BD465DF8047B704765
:20EE200080B485B000AFF860B9607A60FB68D3F8C020BB68C3F31303DB431A407B6803F024
:20EE400018030849D940BB680B40C3F313031A43FB68C3F8C02000BF1437BD465DF8047BB7
:20EE6000704700BFFFFF0F0080B483B000AF78607B689B6803F01F0318460C37BD465DF82D
:20EE8000047B704780B483B000AF78607B689B6803F4404318460C37BD465DF8047B7047BF
:20EEA00080B483B000AF78607B689B6823F0204323F03F037A68936000BF0C37BD465DF884
:20EEC000047B704780B483B000AF78607B689B6803F00053B3F1005F01D1012300E00023E6
:20EEE00018460C37BD465DF8047B704780B483B000AF78607B689B6823F0104323F03F0354
:20EF000043F080527B689A6000BF0C37BD465DF8047B704780B483B000AF78607B689B68AB
:20EF200003F08053B3F1805F01D1012300E0002318460C37BD465DF8047B704780B483B0F9
:20EF400000AF78607B689B6823F0004323F03F0343F001027B689A6000BF0C37BD465DF82C
:20EF6000047B704780B483B000AF78607B689B6803F00103012B01D1012300E0002318460D
:20EF80000C37BD465DF8047B704780B483B000AF78607B689B6823F0004323F03F0343F0EE
:20EFA00004027B689A6000BF0C37BD465DF8047B704780B483B000AF78607B689B6803F017
:20EFC0000403042B01D1012300E0002318460C37BD465DF8047B704780B483B000AF7860E5
:20EFE0007B689B6803F00803082B01D1012300E0002318460C37BD465DF8047B70470000D2
:20F0000090B589B000AF78600023FB770023BB607B68002B01D101238FE17B68DB68002B53
:20F020007B685B6D002B09D17868FEF7C1FE7B6800229A657B68002283F850207B681B6832
:20F040001846FFF73FFF0346002B04D07B681B681846FFF725FF7B681B681846FFF75AFFE5
:20F060000346002B14D17B681B681846FFF73EFF884B1B689B09884AA2FB03239B090133D9
:20F08000BB6002E0BB68013BBB60BB68002BF9D17B681B681846FFF73DFF0346002B0DD199
:20F0A0007B685B6D43F010027B685A657B689B6D43F001027B689A650123FB777B681B68BF
:20F0C0001846FFF776FF78617B685B6D03F01003002B40F029817B69002B40F025817B6810
:20F0E0005B6D23F4817343F002027B685A657B681B681846FFF736FF0346002B36D17B6817
:20F100001B68664A934204D07B681B68644A93420ED16248FFF726FF04466148FFF722FF7C
:20F1200003462343002B0CBF01230023DBB208E05C48FFF717FF0346002B0CBF0123002338
:20F14000DBB2002B12D07B681B68544A934204D07B681B68524A934201D1534A00E0534AA5
:20F160007B685B6819461046FFF742FDFFF734FD034641F20302934214D97B689B68102B74
:20F1800010D17B685B7D5A037B681B6B1A437B689B681A437B681B7F1B04134343F00C0339
:20F1A000BB610DE07B685B7D5A037B681B6B1A437B689B681A437B681B7F1B041343BB6117
:20F1C0007B681B7F012B06D17B681B6A013B5B04BA691343BB617B685B6A002B09D07B6888
:20F1E0005B6A03F478727B689B6A1343BA691343BB617B681B68DA682D4B13407A681268C7
:20F20000B9690B43D3607B681B681846FFF7D1FE38617B681B681846FFF7DEFEF8603B6997
:20F22000002B5FD1FB68002B5CD17B681B7D9A037B68DB6A1343BB617B681B68DB6823F446
:20F24000804323F003037A681268B9690B43D3607B6893F83830012B2ED17B685B6A002BFF
:20F260007B681B681A69134B13407A68D26B013A11047A68126C11437A68526C11437A68FB
:20F28000926C0A431A437B681B6842F001021A611AE000BF00000010632D3E0500200240B2
:20F2A0000021024000600258002302400063025803C0F0FF1EF800FC7B681B681A697B687F
:20F2C0001B6822F001021A617B681B681B6923F070417B685A6B7B681B680A431A617868B7
:20F2E00000F0C6FF7B68DB68012B0CD17B681B681B6B23F00F017B689B695A1E7B681B6856
:20F300000A431A6307E07B681B681A6B7B681B6822F00F021A637B685B6D23F0030343F054
:20F3200001027B685A6507E07B685B6D43F010027B685A650123FB77FB7F18462437BD46E3
:20F3400090BD00BF80B586B000AFF860B9607A60FB681B68564A934204D0FB681B68554A88
:20F36000934201D1544B00E0544B1846FFF77CFD3861FB681B681846FFF71BFE0346002B9B
:20F3800040F08E80FB6893F85030012B01D1022389E0FB68012283F850203B69002B05D020
:20F3A0003B69052B02D03B69092B72D1F86800F041FE0346FB75FB7D002B65D1FB685B6D40
:20F3C00023F4706323F0010343F48072FB685A65FB681B68374A934202D0FB681B6800E00D
:20F3E000334BFA681268934202D03B69002B05D1FB685B6D23F48012FB685A65FB685B6D46
:20F4000003F48053002B06D0FB689B6D23F00602FB689A6502E0FB6800229A65FB68DB6C29
:20F42000274ADA63FB68DB6C264A1A64FB68DB6C254ADA64FB681B681C221A60FB6800220C
:20F4400083F85020FB681B685A68FB681B6842F010025A60FB681A68FB68DB6A19461046F3
:20F46000FFF78DFCFB68D86CFB681B6840331946BA687B6801F090FD0346FB75FB681B688C
:20F480001846FFF782FD0DE0FB68002283F8502008E00123FB75FB68002283F8502001E06F
:20F4A0000223FB75FB7D18461837BD4680BD00BF00200240002102400023024000630258AC
:20F4C00049011108210211083D02110880B58AB000AF786000237B627B681B681B68FB61FA
:20F4E0007B681B685B68BB617B681B68874A934204D07B681B68864A934201D1854B00E05A
:20F50000854B1846FFF7B0FC7861FB6903F00203002B17D0BB6903F00203002B12D07B68C8
:20F520005B6D03F01003002B05D17B685B6D43F400627B685A65786800F0F4FF7B681B68ED
:20F5400002221A60FB6903F00403002B04D0BB6903F00403002B0AD1FB6903F00803002BFF
:20F5600000F08380BB6903F00803002B7DD07B685B6D03F01003002B05D17B685B6D43F46A
:20F5800000727B685A657B681B681846FFF7B8FB0346002B62D07B681B685D4A934202D090
:20F5A0007B681B6800E0594B7A681268934208D07B69002B05D07B69052B02D07B69092B76
:20F5C00004D17B681B68DB683B620CE07B681B684F4A934202D07B681B6800E04B4B3B6106
:20F5E0003B69DB683B623B6A03F40053002B35D17B681B681B6803F00803082B2ED17B686B
:20F600001B681846FFF7D5FC0346002B1AD17B681B685A687B681B6822F00C025A607B6898
:20F620005B6D23F480727B685A657B685B6D03F48053002B12D17B685B6D43F001027B6810
:20F640005A650BE07B685B6D43F010027B685A657B689B6D43F001027B689A657868FCF798
:20F660008FF87B681B680C221A60FB6903F02003002B04D0BB6903F02003002B0BD1FB69D7
:20F6800003F04003002B00F0A080BB6903F04003002B00F09A807B685B6D03F01003002B8E
:20F6A00005D17B685B6D43F400527B685A657B681B681846FFF776FBF8607B681B68184657
:20F6C000FFF71EFBB8607B681B68114A934202D07B681B6800E00D4B7A681268934208D0F4
:20F6E0007B69002B05D07B69062B02D07B69072B04D17B681B68DB683B6214E07B681B68B4
:20F70000034A93420AD07B681B6808E000200240002102400023024000630258844B3B614D
:20F720003B69DB683B62FB68002B47D03B6A03F00073002B07D0BB68002B3FD03B6A03F49A
:20F740000053002B3AD17B681B681B6803F04003402B33D13B6A03F40013002B2ED17B68D6
:20F760001B681846FFF738FC0346002B1AD17B681B685A687B681B6822F060025A607B6880
:20F780005B6D23F480527B685A657B685B6D03F48073002B12D17B685B6D43F001027B68AF
:20F7A0005A650BE07B685B6D43F010027B685A657B689B6D43F001027B689A65786800F03A
:20F7C00089FE7B681B6860221A60FB6903F08003002B11D0BB6903F08003002B0CD07B68D6
:20F7E0005B6D43F480327B685A65786800F0B2F87B681B6880221A60FB6903F48073002B41
:20F8000012D0BB6903F48073002B0DD07B685B6D43F400327B685A65786800F06FFE7B681A
:20F820001B684FF480721A60FB6903F40073002B12D0BB6903F40073002B0DD07B685B6D7A
:20F8400043F480227B685A65786800F061FE7B681B684FF400721A60FB6903F01003002BD4
:20F8600043D0BB6903F01003002B3ED07B681B6B002B02D101237B6221E07B69002B15D0B5
:20F880007B681B682A4A934204D07B681B68294A934201D1284B00E0284B1846FFF7F2FA5F
:20F8A0000346002B0BD001237B6208E07B681B68DB6803F00303002B01D001237B627B6A8C
:20F8C000012B0ED17B685B6D43F480627B685A657B689B6D43F002027B689A65786800F0E3
:20F8E00043F87B681B6810221A60FB6903F48063002B18D0BB6903F48063002B13D07B687B
:20F900005B6D43F480427B685A657B689B6D43F008027B689A657B681B684FF480621A6075
:20F92000786800F0E1FD00BF2837BD4680BD00BF0020024000210240002302400063025815
:20F9400080B483B000AF786000BF0C37BD465DF8047B704780B483B000AF786000BF0C3739
:20F96000BD465DF8047B704780B483B000AF786000BF0C37BD465DF8047B704790B5A1B0E5
:20F9800000AF78603960002387F87F300023BB603B68DB68654A93427B6893F85030012B34
:20F9A00001D102232EE37B68012283F850207B681B681846FFF7FDFA0346002B40F0138363
:20F9C0003B681B68002B2CDB3B681B68C3F31303002B08D13B681B689B0E03F01F030122D2
:20F9E00002FA03F316E03B681B687B667B6E93FAA3F33B663B6EBB66BB6E002B01D1202338
:20FA000003E0BB6EB3FA83F3DBB203F01F03012202FA03F37A681268D1697A6812680B43C0
:20FA2000D3617B6818683B6859683B681B681A46FFF779F97B681B681846FFF7BAFAB86750
:20FA40007B681B681846FFF7C7FA7867BB6F002B40F0B8807B6F002B40F0B4807B681868B3
:20FA60003B6819683B689B681A46FFF7AEF9304B1B6803F07043B3F1805F0BD13B685A6956
:20FA80007B681B68DB689B0803F007035B0002FA03F31DE07B681B68DB6803F01003002BF9
:20FAA0000BD13B685A697B681B68DB689B0803F007035B0002FA03F30AE03B685A697B683B
:20FAC0001B68DB689B0803F004035B0002FA03F33B673B681B69042B2CD07B6818683B687C
:20FAE00019693B681A683B6FFFF7B6F87B6818683B6819693B685B7E012B02D14FF000438C
:20FB000000E000231A46FFF7E0F87B6818683B6819693B681B7E012B02D14FF4006300E06B
:20FB200000231A46FFF7B8F84CE000BF0000FF470010005C7B681B681B6E03F0F8423B6840
:20FB40001B689B069A4207D17B681B681A6E7B681B6822F000421A667B681B685B6E03F083
:20FB6000F8423B681B689B069A4207D17B681B685A6E7B681B6822F000425A667B681B68C2
:20FB80009B6E03F0F8423B681B689B069A4207D17B681B689A6E7B681B6822F000429A668C
:20FBA0007B681B68DB6E03F0F8423B681B689B069A4207D17B681B68DA6E7B681B6822F0C8
:20FBC0000042DA667B681B681846FFF7CBF90346002B40F011827B6818683B6819683B68C4
:20FBE000DB681A46FFF71CF93B68DB68A14A934240F02E817B6818683B681B68C3F313037D
:20FC0000002B0BD13B681B689B0E013303F01F03092B94BF01230023DBB219E03B681B684B
:20FC2000BB65BB6D93FAA3F37B657B6DFB65FB6D002B01D1202303E0FB6DB3FA83F3DBB28E
:20FC4000013303F01F03092B94BF01230023DBB2002B79D03B681B68C3F31303002B07D197
:20FC60003B681B689B0E01339B0603F0F84215E03B681B68FB64FB6C93FAA3F3BB64BB6C69
:20FC80003B653B6D002B01D1202303E03B6DB3FA83F3DBB201339B0603F0F8423B681B6879
:20FCA000C3F31303002B09D13B681B689B0E013303F01F03012101FA03F317E03B681B682B
:20FCC0003B643B6C93FAA3F3FB63FB6B7B647B6C002B01D1202303E07B6CB3FA83F3DBB277
:20FCE000013303F01F03012101FA03F342EA03013B681B68C3F31303002B0AD13B681B685A
:20FD00009B0E013303F01F0213465B0013441B0518E03B681B687B637B6B93FAA3F33B6324
:20FD20003B6BBB63BB6B002B01D1202303E0BB6BB3FA83F3DBB2013303F01F0213465B00E4
:20FD400013441B050B437EE03B681B68C3F31303002B07D13B681B689B0E01339B0603F0F4
:20FD6000F84215E03B681B68BB62BB6A93FAA3F37B627B6AFB62FB6A002B01D1202303E022
:20FD8000FB6AB3FA83F3DBB201339B0603F0F8423B681B68C3F31303002B09D13B681B682F
:20FDA0009B0E013303F01F03012101FA03F317E03B681B68FB61FB6993FAA3F3BB61BB69FE
:20FDC0003B623B6A002B01D1202303E03B6AB3FA83F3DBB2013303F01F03012101FA03F30D
:20FDE00042EA03013B681B68C3F31303002B0DD13B681B689B0E013303F01F0213465B000D
:20FE000013441E3B1B0543F000731BE03B681B683B613B6993FAA3F3FB60FB687B617B696A
:20FE2000002B01D1202303E07B69B3FA83F3DBB2013303F01F0213465B0013441E3B1B053F
:20FE400043F000730B433A6892681946FEF7BDFF3B681B68002B80F2CF807B681B68064A3A
:20FE6000934204D07B681B68044A93420AD1044B09E000BF0000FF47002002400021024073
:20FE800000230240614B1846FEF7D8FEF8667B681B685F4A934204D07B681B685D4A934230
:20FEA0000ED15B48FFF75EF804465A48FFF75AF803462343002B0CBF01230023DBB208E0DF
:20FEC0005548FFF74FF80346002B0CBF01230023DBB2002B7DD03B681B68504A934230D127
:20FEE000FB6E03F40003002B2BD17B681B684A4A934240F081807B681B68454A934204D0DA
:20FF00007B681B68434A934201D1454A00E03F4AFB6E43F4000319461046FEF77CFE414BFC
:20FF20001B689B09404AA2FB03239B0901335B00BB6002E0BB68013BBB60BB68002BF9D18B
:20FF40005AE03B681B68394A93421ED1FB6E03F08073002B19D17B681B682F4A93424BD1C6
:20FF60007B681B682A4A934204D07B681B68294A934201D12A4A00E0244AFB6E43F080732D
:20FF800019461046FEF747FE36E03B681B68284A934231D1FB6E03F48003002B2CD17B68FF
:20FFA0001B681D4A934227D17B681B68184A934204D07B681B68174A934201D1184A00E069
:20FFC000124AFB6E43F4800319461046FEF723FE12E07B685B6D43F020027B685A6501231F
:20FFE00087F87F3008E07B685B6D43F020027B685A65012387F87F307B68002283F8502007
:020000040811E1
:2000000097F87F3018468437BD4690BD00630258002002400021024000600258000084CBAE
:200020000023024000000010632D3E05000052C70000B8CF80B584B000AF78607B681B6882
:200040001846FEF78FFF0346002B6ED17B681B689A68384B1340002B0DD07B685B6D43F0E8
:2000600010027B685A657B689B6D43F001027B689A6501235AE07B681B681846FEF75EFF55
:20008000FEF77AFDF8607B681B682B4A934204D07B681B68294A934201D1294B00E0294BD0
:2000A0001846FEF7E1FEB8607B681B68234A934202D07B681B6800E01F4B7A68126893429B
:2000C0002CD0BB68002B30D128E07B681B681846FEF748FF0346002B04D17B681B681846C0
:2000E000FEF72CFFFEF748FD0246FB68D31A022B14D97B681B681B6803F00103012B0DD00B
:200100007B685B6D43F010027B685A657B689B6D43F001027B689A65012307E07B681B68D9
:200120001B6803F00103012BCFD1002318461037BD4680BD3F0000800020024000210240ED
:20014000002302400063025880B584B000AF78607B689B6BFB60FB685B6D03F05003002BAD
:200160004BD1FB685B6D43F40072FB685A65FB681B681B6803F00803002B21D0FB681B6804
:200180001846FEF7BDFD0346002B32D0FB681B68DB6803F40053002B2BD1FB685B6D23F400
:2001A0008072FB685A65FB685B6D03F48053002B1FD1FB685B6D43F00102FB685A6518E0A0
:2001C000FB681B68DB6803F00303002B11D1FB685B6D23F48072FB685A65FB685B6D03F478
:2001E0008053002B05D1FB685B6D43F00102FB685A65F868FBF7C4FA0EE0FB685B6D03F08C
:200200001003002B03D0F868FFF7AEFB04E0FB68DB6CDB6C7868984700BF1037BD4680BDF4
:2002200080B584B000AF78607B689B6BFB60F868FFF786FB00BF1037BD4680BD80B584B004
:2002400000AF78607B689B6BFB60FB685B6D43F04002FB685A65FB689B6D43F00402FB680A
:200260009A65F868FFF780FB00BF1037BD4680BD80B584B000AF78607B681B687A4A934279
:2002800004D07B681B68794A934209D1784B9B6803F44033002B14BF01230023DBB208E0C8
:2002A000744B9B6803F44033002B14BF01230023DBB2002B1CD004F0D5FCF8607B685B6866
:2002C000B3F5403F10D0B3F5403F73D8B3F5803F02D0B3F5003F6DD17B685B681B0CFA6818
:2002E000B2FBF3F3FB6068E0FB689B08FB6064E04FF400204FF0000105F09EFFF8607B68B3
:200300005B68B3F5301F51D0B3F5301F54D8B3F5201F47D0B3F5201F4ED8B3F5101F3DD0F0
:20032000B3F5101F48D8B3F5001F33D0B3F5001F42D8B3F5E01F29D0B3F5E01F3CD8B3F518
:20034000C01F1AD0B3F5C01F36D8B3F5A01F14D0B3F5A01F30D8B3F5801F0ED0B3F5801F19
:200360002AD8B3F5402F08D0B3F5402F24D8B3F5802F02D0B3F5002F1ED17B685B689B0C3D
:200380005B00FA68B2FBF3F3FB6016E0FB681B09FB6012E0FB685B09FB600EE0FB689B09D1
:2003A000FB600AE0FB68DB09FB6006E0FB681B0AFB6002E000BF00E000BFFEF70DFC034606
:2003C00041F20302934215D8FB682B4A934208D97B681B689A687B681B6842F480729A60A5
:2003E0003EE07B681B689A687B681B6822F480729A6035E0FB685B08FB60FB681F4A934238
:2004000008D87B681B689A687B681B6822F440729A6025E0FB681A4A93420AD87B681B6883
:200420009B6823F440727B681B6842F480729A6016E0FB68134A93420AD87B681B689B6892
:2004400023F440727B681B6842F400729A6007E07B681B689A687B681B6842F440729A6034
:2004600000BF1037BD4680BD00200240002102400023024000630258002D3101105E5F0023
:2004800020BCBE0040787D0180B483B000AF78607B689B6803F00103012B01D1012300E0BF
:2004A000002318460C37BD465DF8047B704780B483B000AF78607B689B6803F00403042BED
:2004C00001D1012300E0002318460C37BD465DF8047B704780B483B000AF786000BF0C3704
:2004E000BD465DF8047B704780B483B000AF786000BF0C37BD465DF8047B704780B483B089
:2005000000AF786000BF0C37BD465DF8047B704780B483B000AF786000BF0C37BD465DF87C
:20052000047B704780B483B000AF786000BF0C37BD465DF8047B704790B59FB000AF7860EC
:200540003960002387F877307B6893F85030012B01D10223C4E07B68012283F850200023F0
:20056000FB6500233B667B681B685F4A934202D15E4BBB6001E00023BB60BB68002B0BD193
:200580007B685B6D43F020027B685A657B68002283F850200123A3E0BB681846FFF787FF25
:2005A00038677B681B681846FFF781FF0346002B40F085803B6F002B40F081807B681B684D
:2005C000494A934204D07B681B68484A934201D1474B00E0474BFB663B681B68002B3BD07F
:2005E000FB6E9B6823F440423B685B681A43FB6E9A607B681B683C4A934204D07B681B68D5
:200600003A4A93420ED13848FFF73EFF04463748FFF73AFF03462343002B0CBF012300230B
:20062000DBB208E03448FFF72FFF0346002B0CBF01230023DBB2002B4BD0FB6E9B6823F4C9
:20064000716323F00F033A6811683A6892680A431A43FB6E9A603CE0FB6E9B6823F44042BC
:20066000FB6E9A607B681B681F4A934204D07B681B681E4A93420ED11B48FFF705FF044676
:200680001A48FFF701FF03462343002B0CBF01230023DBB208E01848FFF7F6FE0346002BE3
:2006A0000CBF01230023DBB2002B12D0FB6E9B6823F4716323F00F03FA6E936009E07B68EB
:2006C0005B6D43F020027B685A65012387F8773000E000BF7B68002283F8502097F877304C
:2006E00018467C37BD4690BD002002400021024000230240006302580060025880B485B08F
:2007000000AF78607B6803F00703FB600C4BDB68BB60BA684FF6FF031340BB60FB681A020C
:20072000BB68134343F0BF6343F40033BB60044ABB68D36000BF1437BD465DF8047B70472A
:2007400000ED00E080B400AF044BDB681B0A03F007031846BD465DF8047B704700ED00E07C
:2007600080B483B000AF0346FB80B7F90630002B0BDBFB8803F01F020749B7F906305B0977
:20078000012000FA02F241F8232000BF0C37BD465DF8047B704700BF00E100E080B483B057
:2007A00000AF03463960FB80B7F90630002B0ADB3B68DAB20C49B7F906301201D2B20B44E7
:2007C00083F800230AE03B68DAB20849FB8803F00F03043B1201D2B20B441A7600BF0C37D2
:2007E000BD465DF8047B704700E100E000ED00E080B489B000AFF860B9607A60FB6803F020
:200800000703FB61FB69C3F10703042B28BF0423BB61FB690433062B02D9FB69033B00E0CE
:2008200000237B614FF0FF32BB6902FA03F3DA43BB681A407B699A404FF0FF317B6901FA8D
:2008400003F3D9437B680B40134318462437BD465DF8047B704780B582B000AF78607868ED
:20086000FFF74CFF00BF0837BD4680BD80B586B000AF0346B9607A60FB81FFF763FF7861F6
:200880007A68B9687869FFF7B3FF0246B7F90E3011461846FFF782FF00BF1837BD4680BD1C
:2008A00080B582B000AF0346FB80B7F906301846FFF756FF00BF0837BD4680BD80B400AFAE
:2008C000074B1B681B0903F00F03072B01D1032300E001231846BD465DF8047B704700BF41
:2008E00000ED00E080B586B000AF7860FEF744F938617B68002B01D1012314E37B681B680D
:20090000664A93424AD07B681B68654A934245D07B681B68634A934240D07B681B68624A2F
:2009200093423BD07B681B68604A934236D07B681B685F4A934231D07B681B685D4A934225
:200940002CD07B681B685C4A934227D07B681B685A4A934222D07B681B68594A93421DD027
:200960007B681B68574A934218D07B681B68564A934213D07B681B68544A93420ED07B685B
:200980001B68534A934209D07B681B68514A934204D07B681B68504A934201D1012300E034
:2009A0000023002B00F03B817B68022283F835207B68002283F834207B681B68374A9342D6
:2009C0004AD07B681B68364A934245D07B681B68344A934240D07B681B68334A93423BD0A1
:2009E0007B681B68314A934236D07B681B68304A934231D07B681B682E4A93422CD07B68F3
:200A00001B682D4A934227D07B681B682B4A934222D07B681B682A4A93421DD07B681B686C
:200A2000284A934218D07B681B68274A934213D07B681B68254A93420ED07B681B68244A9C
:200A4000934209D07B681B68224A934204D07B681B68214A934208D17B681B681A687B6823
:200A60001B6822F001021A6007E07B681B681A687B681B6822F001021A602FE0FEF77CF828
:200A800002463B69D31A052B28D97B6820225A657B68032283F83520012344E210000240F4
:200AA0002800024040000240580002407000024088000240A0000240B80002401004024002
:200AC0002804024040040240580402407004024088040240A0040240B80402407B681B68B6
:200AE0001B6803F00103002BC8D17B681B681B687B617A69844B13407B617B689A687B684A
:200B0000DB681A437B681B691A437B685B691A437B689B691A437B68DB691A437B681B6A3D
:200B200013437A6913437B617B685B6A042B07D17B68DA6A7B681B6B13437A6913437B61A0
:200B4000724B1B681B0C1B04B3F1005F28D37B685B68282B03D97B685B682E2B17D97B686A
:200B60005B683E2B03D97B685B68422B0FD97B685B68462B03D97B685B68482B07D97B68A3
:200B80005B684E2B05D97B685B68522B01D8012300E00023002B03D07B6943F480137B6190
:200BA0007B681B687A691A607B681B685B697B617B6923F007037B617B685B6A7A691343AE
:200BC0007B617B685B6A042B17D17B689B6A7A6913437B617B68DB6A002B0ED0786802F07A
:200BE0003DFB0346002B08D07B6840225A657B68012283F83520012395E17B681B687A69B4
:200C00005A61786802F078FA0346BB607B68DB6D03F01F033F229A40BB689A60CBE07B684B
:200C20001B683B4A934222D07B681B68394A93421DD07B681B68384A934218D07B681B682F
:200C4000364A934213D07B681B68354A93420ED07B681B68334A934209D07B681B68324A51
:200C6000934204D07B681B68304A934201D1012300E00023002B00F095807B681B68244A19
:200C8000934221D07B681B68224A93421CD07B681B68214A934217D07B681B681F4A9342CA
:200CA00012D07B681B681E4A93420DD07B681B681C4A934208D07B681B681B4A934203D0E6
:200CC0007B681B68194A93427B68022283F835207B68002283F834207B681B681B687B6106
:200CE0007B6923F4FF3323F4F8737B617B689B68402B1DD07B689B68802B02D14FF48043C1
:200D000017E0002315E000BF3F8010FE0010005C085402581C54025830540258445402587C
:200D2000585402586C540258805402589454025810237A68D268D2081A437B681B69DB0853
:200D40001A437B685B69DB081A437B689B69DB081A437B68DB69DB081A437B681B6A1B0935
:200D600013437A6913437B617B681B687A691A607B681B681A466E4B13446E4AA2FB0323F4
:200D80001B099A007B68DA65786802F0B5F90346FB607B68DB6D03F01F0301229A40FB68AF
:200DA0005A6008E07B6840225A657B68032283F835200123B7E07B681B685F4A934272D0D4
:200DC0007B681B685D4A93426DD07B681B685C4A934268D07B681B685A4A934263D07B68E6
:200DE0001B68594A93425ED07B681B68574A934259D07B681B68564A934254D07B681B6860
:200E0000544A93424FD07B681B68534A93424AD07B681B68514A934245D07B681B68504A63
:200E2000934240D07B681B684E4A93423BD07B681B684D4A934236D07B681B684B4A934247
:200E400031D07B681B684A4A93422CD07B681B68484A934227D07B681B68474A934222D044
:200E60007B681B68454A93421DD07B681B68444A934218D07B681B68424A934213D07B687D
:200E80001B68414A93420ED07B681B683F4A934209D07B681B683E4A934204D07B681B68F7
:200EA0003C4A934201D1012300E00023002B32D0786802F04FFA7B689B68802B02D17B684F
:200EC00000225A607B685A687B681B6ED2B21A607B685B6E7A68926E5A607B685B68002B0E
:200EE00010D07B685B68082B0CD8786802F0CCFA7B68DB6E00221A607B681B6F7A68526FE5
:200F00005A6008E07B680022DA667B6800221A677B6800225A677B6800225A657B680122D4
:200F200083F83520002318461837BD4680BD00BFF8ABFDA7CDCCCCCC1000024028000240DE
:200F400040000240580002407000024088000240A0000240B8000240100402402804024059
:200F600040040240580402407004024088040240A0040240B8040240085402581C54025865
:200F80003054025844540258585402586C540258805402589454025880B586B000AFF8607F
:200FA000B9607A603B600023FB75FB68002B01D1012326E2FB6893F83430012B01D102230F
:200FC0001FE2FB68012283F83420FB6893F83530DBB2012B40F00A82FB68022283F835209C
:200FE000FB6800225A65FB681B68684A93424AD0FB681B68664A934245D0FB681B68654A11
:20100000934240D0FB681B68634A93423BD0FB681B68624A934236D0FB681B68604A9342A6
:2010200031D0FB681B685F4A93422CD0FB681B685D4A934227D0FB681B685C4A934222D0A3
:20104000FB681B685A4A93421DD0FB681B68594A934218D0FB681B68574A934213D0FB685C
:201060001B68564A93420ED0FB681B68544A934209D0FB681B68534A934204D0FB681B6856
:20108000514A934208D1FB681B681A68FB681B6822F001021A6007E0FB681B681A68FB6878
:2010A0001B6822F001021A603B687A68B968F86801F076FEFB681B68344A93424AD0FB68FD
:2010C0001B68334A934245D0FB681B68314A934240D0FB681B68304A93423BD0FB681B68BA
:2010E0002E4A934236D0FB681B682D4A934231D0FB681B682B4A93422CD0FB681B682A4AE4
:20110000934227D0FB681B68284A934222D0FB681B68274A93421DD0FB681B68254A9342A1
:2011200018D0FB681B68244A934213D0FB681B68224A93420ED0FB681B68214A934209D0B7
:20114000FB681B681F4A934204D0FB681B681E4A934201D1012300E00023002B36D0FB68E7
:201160001B681B6823F01E02FB681B6842F016021A60FB681B6C002B3ED0FB681B681A6801
:20118000FB681B6842F008021A6035E0100002402800024040000240580002407000024014
:2011A00088000240A0000240B80002401004024028040240400402405804024070040240EB
:2011C00088040240A0040240B8040240FB681B681B6823F00E02FB681B6842F00A021A6033
:2011E000FB681B6C002B07D0FB681B681A68FB681B6842F004021A60FB681B68834A93427B
:2012000072D0FB681B68824A93426DD0FB681B68804A934268D0FB681B687F4A934263D054
:20122000FB681B687D4A93425ED0FB681B687C4A934259D0FB681B687A4A934254D0FB684E
:201240001B68794A93424FD0FB681B68774A93424AD0FB681B68764A934245D0FB681B6848
:20126000744A934240D0FB681B68734A93423BD0FB681B68714A934236D0FB681B68704A2C
:20128000934231D0FB681B686E4A93422CD0FB681B686D4A934227D0FB681B686B4A934230
:2012A00022D0FB681B686A4A93421DD0FB681B68684A934218D0FB681B68674A934213D03C
:2012C000FB681B68654A93420ED0FB681B68644A934209D0FB681B68624A934204D0FB68E6
:2012E0001B68614A934201D1012300E00023002B1AD0FB681B6E1B6803F48033002B07D0C2
:20130000FB681B6E1A68FB681B6E42F480721A60FB68DB6E002B07D0FB68DB6E1A68FB6892
:20132000DB6E42F480721A60FB681B68374A93424AD0FB681B68364A934245D0FB681B6836
:20134000344A934240D0FB681B68334A93423BD0FB681B68314A934236D0FB681B68304A4B
:20136000934231D0FB681B682E4A93422CD0FB681B682D4A934227D0FB681B682B4A93420F
:2013800022D0FB681B682A4A93421DD0FB681B68284A934218D0FB681B68274A934213D01B
:2013A000FB681B68254A93420ED0FB681B68244A934209D0FB681B68224A934204D0FB68C5
:2013C0001B68214A934208D1FB681B681A68FB681B6842F001021A6012E0FB681B681A681A
:2013E000FB681B6842F001021A6009E0FB684FF400625A65FB68002283F834200123FB75C0
:20140000FB7D18461837BD4680BD00BF10000240280002404000024058000240700002401E
:2014200088000240A0000240B8000240100402402804024040040240580402407004024068
:2014400088040240A0040240B8040240085402581C54025830540258445402585854025884
:201460006C540258805402589454025880B586B000AF7860FDF780FB38617B68002B01D108
:201480000123DCE27B6893F83530DBB2022B08D07B6880225A657B68002283F834200123C9
:2014A000CDE27B681B68764A93424AD07B681B68744A934245D07B681B68734A934240D052
:2014C0007B681B68714A93423BD07B681B68704A934236D07B681B686E4A934231D07B6839
:2014E0001B686D4A93422CD07B681B686B4A934227D07B681B686A4A934222D07B681B68B3
:20150000684A93421DD07B681B68674A934218D07B681B68654A934213D07B681B68644AA2
:2015200093420ED07B681B68624A934209D07B681B68614A934204D07B681B685F4A93429A
:2015400001D1012300E00023002B13D07B681B681A687B681B6822F01E021A607B681B6824
:201560005A697B681B6822F080025A617B681B687B610AE07B681B681A687B681B6822F067
:201580000E021A607B681B687B617B681B683C4A934272D07B681B683A4A93426DD07B689D
:2015A0001B68394A934268D07B681B68374A934263D07B681B68364A93425ED07B681B68DA
:2015C000344A934259D07B681B68334A934254D07B681B68314A93424FD07B681B68304AFE
:2015E00093424AD07B681B682E4A934245D07B681B682D4A934240D07B681B682B4A9342C2
:201600003BD07B681B682A4A934236D07B681B68284A934231D07B681B68274A93422CD0B4
:201620007B681B68254A934227D07B681B68244A934222D07B681B68224A93421DD07B68F7
:201640001B68214A934218D07B681B681F4A934213D07B681B681E4A93420ED07B681B6871
:201660001C4A934209D07B681B681B4A934204D07B681B68194A934232D1012331E000BF4D
:20168000100002402800024040000240580002407000024088000240A0000240B80002401A
:2016A000100402402804024040040240580402407004024088040240A0040240B8040240DA
:2016C000085402581C5402583054025844540258585402586C54025880540258945402582A
:2016E0000023002B07D07B681B6E1A687B681B6E22F480721A607B681B686D4A93424AD0DD
:201700007B681B686B4A934245D07B681B686A4A934240D07B681B68684A93423BD07B68EA
:201720001B68674A934236D07B681B68654A934231D07B681B68644A93422CD07B681B6864
:20174000624A934227D07B681B68614A934222D07B681B685F4A93421DD07B681B685E4A5A
:20176000934218D07B681B685C4A934213D07B681B685B4A93420ED07B681B68594A93424C
:2017800009D07B681B68584A934204D07B681B68564A934208D17B681B681A687B681B68BD
:2017A00022F001021A6007E07B681B681A687B681B6822F001021A6013E0FDF7DDF90246D1
:2017C0003B69D31A052B0CD97B6820225A657B68032283F835207B68002283F834200123AF
:2017E0002DE17B691B6803F00103002BE5D17B681B682F4A93424AD07B681B682D4A93421C
:2018000045D07B681B682C4A934240D07B681B682A4A93423BD07B681B68294A934236D084
:201820007B681B68274A934231D07B681B68264A93422CD07B681B68244A934227D07B68D1
:201840001B68234A934222D07B681B68214A93421DD07B681B68204A934218D07B681B684B
:201860001E4A934213D07B681B681D4A93420ED07B681B681B4A934209D07B681B681A4A85
:20188000934204D07B681B68184A934201D1012300E00023002B2BD07B689B6DBB607B68FA
:2018A000DB6D03F01F033F229A40BB689A602AE01000024028000240400002405800024091
:2018C0007000024088000240A0000240B800024010040240280402404004024058040240C8
:2018E0007004024088040240A0040240B80402407B689B6DFB607B68DB6D03F01F030122D7
:201900009A40FB685A607B681B684F4A934272D07B681B684D4A93426DD07B681B684C4AAF
:20192000934268D07B681B684A4A934263D07B681B68494A93425ED07B681B68474A9342D0
:2019400059D07B681B68464A934254D07B681B68444A93424FD07B681B68434A93424AD0A5
:201960007B681B68414A934245D07B681B68404A934240D07B681B683E4A93423BD07B6806
:201980001B683D4A934236D07B681B683B4A934231D07B681B683A4A93422CD07B681B6880
:2019A000384A934227D07B681B68374A934222D07B681B68354A93421DD07B681B68344AA0
:2019C000934218D07B681B68324A934213D07B681B68314A93420ED07B681B682F4A934268
:2019E00009D07B681B682E4A934204D07B681B682C4A934201D1012300E00023002B15D0CD
:201A00007B685B6E7A68926E5A607B68DB6E002B0CD07B68DB6E1A687B68DB6E22F4807269
:201A20001A607B681B6F7A68526F5A607B68012283F835207B68002283F834200023184637
:201A40001837BD4680BD00BF100002402800024040000240580002407000024088000240E4
:201A6000A0000240B80002401004024028040240400402405804024070040240880402401E
:201A8000A0040240B8040240085402581C5402583054025844540258585402586C540258F2
:201AA000805402589454025880B584B000AF78607B68002B01D1012337E27B6893F83530D6
:201AC000DBB2022B04D07B6880225A6501232CE27B681B685C4A93424AD07B681B685B4AFC
:201AE000934245D07B681B68594A934240D07B681B68584A93423BD07B681B68564A93424B
:201B000036D07B681B68554A934231D07B681B68534A93422CD07B681B68524A934227D042
:201B20007B681B68504A934222D07B681B684F4A93421DD07B681B684D4A934218D07B6880
:201B40001B684C4A934213D07B681B684A4A93420ED07B681B68494A934209D07B681B68FA
:201B6000474A934204D07B681B68464A934201D1012300E00023002B00F086807B6804223D
:201B800083F835207B681B682F4A93424AD07B681B682E4A934245D07B681B682C4A93422E
:201BA00040D07B681B682B4A93423BD07B681B68294A934236D07B681B68284A934231D0F8
:201BC0007B681B68264A93422CD07B681B68254A934227D07B681B68234A934222D07B6840
:201BE0001B68224A93421DD07B681B68204A934218D07B681B681F4A934213D07B681B68BA
:201C00001D4A93420ED07B681B681C4A934209D07B681B681A4A934204D07B681B68194AF4
:201C2000934208D17B681B681A687B681B6822F001021A6078E17B681B681A687B681B6872
:201C400022F001021A606FE110000240280002404000024058000240700002408800024051
:201C6000A0000240B80002401004024028040240400402405804024070040240880402401C
:201C8000A0040240B80402407B681B681A687B681B6822F00E021A607B681B686C4A934285
:201CA0004AD07B681B686B4A934245D07B681B68694A934240D07B681B68684A93423BD00F
:201CC0007B681B68664A934236D07B681B68654A934231D07B681B68634A93422CD07B6861
:201CE0001B68624A934227D07B681B68604A934222D07B681B685F4A93421DD07B681B68DB
:201D00005D4A934218D07B681B685C4A934213D07B681B685A4A93420ED07B681B68594AD5
:201D2000934209D07B681B68574A934204D07B681B68564A934208D17B681B681A687B68C6
:201D40001B6822F001021A6007E07B681B681A687B681B6822F001021A607B681B683C4AC1
:201D6000934272D07B681B683A4A93426DD07B681B68394A934268D07B681B68374A93429E
:201D800063D07B681B68364A93425ED07B681B68344A934259D07B681B68334A934254D069
:201DA0007B681B68314A93424FD07B681B68304A93424AD07B681B682E4A934245D07B68D4
:201DC0001B682D4A934240D07B681B682B4A93423BD07B681B682A4A934236D07B681B684E
:201DE000284A934231D07B681B68274A93422CD07B681B68254A934227D07B681B68244A7E
:201E0000934222D07B681B68224A93421DD07B681B68214A934218D07B681B681F4A934235
:201E200013D07B681B681E4A93420ED07B681B681C4A934209D07B681B681B4A934204D050
:201E40007B681B68194A934232D1012331E000BF1000024028000240400002405800024015
:201E60007000024088000240A0000240B80002401004024028040240400402405804024022
:201E80007004024088040240A0040240B8040240085402581C54025830540258445402588A
:201EA000585402586C54025880540258945402580023002B28D07B681B6E1A687B681B6EF2
:201EC00022F480721A607B689B6DFB607B68DB6D03F01F0301229A40FB685A607B685B6E34
:201EE0007A68926E5A607B68DB6E002B0CD07B68DB6E1A687B68DB6E22F480721A607B68D4
:201F00001B6F7A68526F5A607B68012283F835207B68002283F834207B681B6D002B03D0C7
:201F20007B681B6D78689847002318461037BD4680BD00BF80B58AB000AF78600023FB603C
:201F4000674B1B68674AA2FB03239B0A7B627B689B6D3B627B689B6DFB613B6A1B68BB6143
:201F6000FB691B687B617B681B685F4A93424AD07B681B685D4A934245D07B681B685C4A9D
:201F8000934240D07B681B685A4A93423BD07B681B68594A934236D07B681B68574A9342B2
:201FA00031D07B681B68564A93422CD07B681B68544A934227D07B681B68534A934222D0AF
:201FC0007B681B68514A93421DD07B681B68504A934218D07B681B684E4A934213D07B68E8
:201FE0001B684D4A93420ED07B681B684B4A934209D07B681B684A4A934204D07B681B6862
:20200000484A934201D1012300E00023002B00F02B847B68DB6D03F01F0308229A40BB692E
:202020001340002B00F0A2807B681B682E4A93424AD07B681B682D4A934245D07B681B6816
:202040002B4A934240D07B681B682A4A93423BD07B681B68284A934236D07B681B68274AE2
:20206000934231D07B681B68254A93422CD07B681B68244A934227D07B681B68224A93429D
:2020800022D07B681B68214A93421DD07B681B681F4A934218D07B681B681E4A934213D0A9
:2020A0007B681B681C4A93420ED07B681B681B4A934209D07B681B68194A934204D07B68D3
:2020C0001B68184A93422FD17B681B681B6803F00403002B14BF01230023DBB22EE000BFC4
:2020E00000000010B5814E1B100002402800024040000240580002407000024088000240DD
:20210000A0000240B800024010040240280402404004024058040240700402408804024077
:20212000A0040240B80402407B681B681B6803F00803002B14BF01230023DBB2002B15D0F2
:202140007B681B681A687B681B6822F004021A607B68DB6D03F01F0308229A403B6A9A60BC
:202160007B685B6D43F001027B685A657B68DB6D03F01F03BA6922FA03F303F00103002B45
:202180006ED07B681B68694A93424AD07B681B68674A934245D07B681B68664A934240D0FD
:2021A0007B681B68644A93423BD07B681B68634A934236D07B681B68614A934231D07B6873
:2021C0001B68604A93422CD07B681B685E4A934227D07B681B685D4A934222D07B681B68ED
:2021E0005B4A93421DD07B681B685A4A934218D07B681B68584A934213D07B681B68574AEA
:2022000093420ED07B681B68554A934209D07B681B68544A934204D07B681B68524A9342D4
:202220000AD17B681B685B6903F08003002B14BF01230023DBB203E07B681B681B68002362
:20224000002B0DD07B68DB6D03F01F0301229A403B6A9A607B685B6D43F002027B685A6516
:202260007B68DB6D03F01F0304229A40BB691340002B00F08F807B681B682C4A93424AD0B2
:202280007B681B682A4A934245D07B681B68294A934240D07B681B68274A93423BD07B6822
:2022A0001B68264A934236D07B681B68244A934231D07B681B68234A93422CD07B681B689C
:2022C000214A934227D07B681B68204A934222D07B681B681E4A93421DD07B681B681D4AD3
:2022E000934218D07B681B681B4A934213D07B681B681A4A93420ED07B681B68184A934284
:2023000009D07B681B68174A934204D07B681B68154A93422AD17B681B681B6803F00203FE
:20232000002B14BF01230023DBB223E010000240280002404000024058000240700002403E
:2023400088000240A0000240B8000240100402402804024040040240580402407004024039
:2023600088040240A0040240B80402407B681B681B680023002B0DD07B68DB6D03F01F0357
:2023800004229A403B6A9A607B685B6D43F004027B685A657B68DB6D03F01F0310229A40CC
:2023A000BB691340002B00F0A6807B681B68854A93424AD07B681B68834A934245D07B6841
:2023C0001B68824A934240D07B681B68804A93423BD07B681B687F4A934236D07B681B6849
:2023E0007D4A934231D07B681B687C4A93422CD07B681B687A4A934227D07B681B68794A24
:20240000934222D07B681B68774A93421DD07B681B68764A934218D07B681B68744A934230
:2024200013D07B681B68734A93420ED07B681B68714A934209D07B681B68704A934204D04B
:202440007B681B686E4A93420AD17B681B681B6803F00803002B14BF01230023DBB209E00C
:202460007B681B681B6803F00403002B14BF01230023DBB2002B3ED07B68DB6D03F01F032E
:2024800010229A403B6A9A607B681B681B6803F48023002B18D07B681B681B6803F40023F8
:2024A000002B08D17B681B6C002B24D07B681B6C786898471FE07B689B6C002B1BD07B6884
:2024C0009B6C7868984716E07B681B681B6803F48073002B07D17B681B681A687B681B681C
:2024E00022F008021A607B681B6C002B03D07B681B6C786898477B68DB6D03F01F03202233
:202500009A40BB691340002B00F010817B681B682C4A93424AD07B681B682B4A934245D02E
:202520007B681B68294A934240D07B681B68284A93423BD07B681B68264A934236D07B6891
:202540001B68254A934231D07B681B68234A93422CD07B681B68224A934227D07B681B680B
:20256000204A934222D07B681B681F4A93421DD07B681B681D4A934218D07B681B681C4A43
:20258000934213D07B681B681A4A93420ED07B681B68194A934209D07B681B68174A9342F3
:2025A00004D07B681B68164A93422BD17B681B681B6803F01003002B14BF01230023DBB2EF
:2025C0002AE000BF100002402800024040000240580002407000024088000240A0000240FC
:2025E000B8000240100402402804024040040240580402407004024088040240A00402408F
:20260000B80402407B681B681B6803F00203002B14BF01230023DBB2002B00F087807B6804
:20262000DB6D03F01F0320229A403B6A9A607B6893F83530DBB2042B39D17B681B681A6801
:202640007B681B6822F016021A607B681B685A697B681B6822F080025A617B681B6C002BFD
:2026600003D17B689B6C002B07D07B681B681A687B681B6822F008021A607B68DB6D03F098
:202680001F033F229A403B6A9A607B68012283F835207B68002283F834207B681B6D002BFE
:2026A00000F04A837B681B6D7868984744E37B681B681B6803F48023002B18D07B681B6810
:2026C0001B6803F40023002B08D17B685B6C002B2CD07B685B6C7868984727E07B68DB6BEF
:2026E000002B23D07B68DB6B786898471EE07B681B681B6803F48073002B0FD17B681B6892
:202700001A687B681B6822F010021A607B68012283F835207B68002283F834207B68DB6B60
:20272000002B03D07B68DB6B786898477B685B6D002B00F006837B685B6D03F00103002B97
:2027400000F088807B68042283F835207B681B687A4A93424AD07B681B68794A934245D07C
:202760007B681B68774A934240D07B681B68764A93423BD07B681B68744A934236D07B6865
:202780001B68734A934231D07B681B68714A93422CD07B681B68704A934227D07B681B68DF
:2027A0006E4A934222D07B681B686D4A93421DD07B681B686B4A934218D07B681B686A4AC9
:2027C000934213D07B681B68684A93420ED07B681B68674A934209D07B681B68654A9342C7
:2027E00004D07B681B68644A934208D17B681B681A687B681B6822F001021A6007E07B689C
:202800001B681A687B681B6822F001021A60FB680133FB607A6A9A4207D37B681B681B6849
:2028200003F00103002BF2D100E000BF7B681B681B6803F00103002B04D07B68032283F8B2
:20284000352003E07B68012283F835207B68002283F834207B68DB6C002B00F072827B687A
:20286000DB6C786898476CE27B681B68434A934222D07B681B68424A93421DD07B681B6830
:20288000404A934218D07B681B683F4A934213D07B681B683D4A93420ED07B681B683C4ABE
:2028A000934209D07B681B683A4A934204D07B681B68394A934201D1012300E00023002BF5
:2028C00000F03F827B681B681B683B617B68DB6D03F01F0304229A407B691340002B00F030
:2028E000CD803B6903F00403002B00F0C7807B68DB6D03F01F0304229A40FB695A603B6989
:2029000003F40043002B49D03B6903F48033002B09D17B689B6C002B00F010827B689B6C65
:20292000786898470AE27B681B6C002B00F006827B681B6C7868984700E200BF10000240C3
:202940002800024040000240580002407000024088000240A0000240B80002401004024043
:202960002804024040040240580402407004024088040240A0040240B804024008540258A7
:202980001C5402583054025844540258585402586C54025880540258945402583B6903F076
:2029A0002003002B60D17B681B687F4A93424AD07B681B687D4A934245D07B681B687C4A37
:2029C000934240D07B681B687A4A93423BD07B681B68794A934236D07B681B68774A934208
:2029E00031D07B681B68764A93422CD07B681B68744A934227D07B681B68734A934222D005
:202A00007B681B68714A93421DD07B681B68704A934218D07B681B686E4A934213D07B683D
:202A20001B686D4A93420ED07B681B686B4A934209D07B681B686A4A934204D07B681B68B7
:202A4000684A934208D17B681B681A687B681B6822F008021A6007E07B681B681A687B6880
:202A60001B6822F004021A607B681B6C002B00F065817B681B6C786898475FE17B68DB6D42
:202A800003F01F0302229A407B691340002B00F0C5803B6903F00203002B00F0BF807B68B3
:202AA000DB6D03F01F0302229A40FB695A603B6903F40043002B18D03B6903F48033002B33
:202AC00009D17B685B6C002B00F03A817B685B6C7868984734E17B68DB6B002B00F0308129
:202AE0007B68DB6B786898472AE13B6903F02003002B40F089807B681B682B4A93424AD0FB
:202B00007B681B68294A934245D07B681B68284A934240D07B681B68264A93423BD07B689C
:202B20001B68254A934236D07B681B68234A934231D07B681B68224A93422CD07B681B6816
:202B4000204A934227D07B681B681F4A934222D07B681B681D4A93421DD07B681B681C4A4E
:202B6000934218D07B681B681A4A934213D07B681B68194A93420ED07B681B68174A9342FE
:202B800009D07B681B68164A934204D07B681B68144A934228D17B681B681A687B681B680D
:202BA00022F014021A6027E010000240280002404000024058000240700002408800024018
:202BC000A0000240B8000240100402402804024040040240580402407004024088040240AD
:202BE000A0040240B80402407B681B681A687B681B6822F00A021A607B68012283F8352035
:202C00007B68002283F834207B68DB6B002B00F097807B68DB6B7868984791E07B68DB6D01
:202C200003F01F0308229A407B691340002B00F088803B6903F00803002B00F082807B687F
:202C40001B68414A93424AD07B681B683F4A934245D07B681B683E4A934240D07B681B6865
:202C60003C4A93423BD07B681B683B4A934236D07B681B68394A934231D07B681B68384A81
:202C800093422CD07B681B68364A934227D07B681B68354A934222D07B681B68334A93424D
:202CA0001DD07B681B68324A934218D07B681B68304A934213D07B681B682F4A93420ED05E
:202CC0007B681B682D4A934209D07B681B682C4A934204D07B681B682A4A934208D17B6879
:202CE0001B681A687B681B6822F01C021A6007E07B681B681A687B681B6822F00E021A60EE
:202D00007B68DB6D03F01F0301229A40FB695A607B6801225A657B68012283F835207B68DA
:202D2000002283F834207B68DB6C002B09D07B68DB6C7868984704E000BF02E000BF00E067
:202D400000BF2837BD4680BD100002402800024040000240580002407000024088000240C1
:202D6000A0000240B80002401004024028040240400402405804024070040240880402400B
:202D8000A0040240B804024080B483B000AF78607B685B6D18460C37BD465DF8047B704787
:202DA00080B487B000AFF860B9607A603B60FB689B6D7B61FB689B6D3B61FB681B687F4A16
:202DC000934272D0FB681B687D4A93426DD0FB681B687C4A934268D0FB681B687A4A9342E5
:202DE00063D0FB681B68794A93425ED0FB681B68774A934259D0FB681B68764A934254D0B0
:202E0000FB681B68744A93424FD0FB681B68734A93424AD0FB681B68714A934245D0FB689A
:202E20001B68704A934240D0FB681B686E4A93423BD0FB681B686D4A934236D0FB681B6894
:202E40006B4A934231D0FB681B686A4A93422CD0FB681B68684A934227D0FB681B68674A81
:202E6000934222D0FB681B68654A93421DD0FB681B68644A934218D0FB681B68624A93427C
:202E800013D0FB681B68614A93420ED0FB681B685F4A934209D0FB681B685E4A934204D097
:202EA000FB681B685C4A934201D1012300E00023002B0DD0FB685B6EFA68926E5A60FB6805
:202EC000DB6E002B04D0FB681B6FFA68526F5A60FB681B68394A93424AD0FB681B68384A20
:202EE000934245D0FB681B68364A934240D0FB681B68354A93423BD0FB681B68334A934220
:202F000036D0FB681B68324A934231D0FB681B68304A93422CD0FB681B682F4A934227D017
:202F2000FB681B682D4A934222D0FB681B682C4A93421DD0FB681B682A4A934218D0FB68D5
:202F40001B68294A934213D0FB681B68274A93420ED0FB681B68264A934209D0FB681B68CF
:202F6000244A934204D0FB681B68234A934201D1012300E00023002B59D0FB68DB6D03F027
:202F80001F033F229A407B699A60FB681B681A68FB681B6822F480221A60FB681B683A68EE
:202FA0005A60FB689B68402B38D1FB681B687A689A60FB681B68BA68DA6086E010000240C1
:202FC0002800024040000240580002407000024088000240A0000240B800024010040240BD
:202FE0002804024040040240580402407004024088040240A0040240B80402400854025821
:203000001C5402583054025844540258585402586C5402588054025894540258FB681B68A0
:20302000BA689A60FB681B687A68DA604DE0FB681B68294A934222D0FB681B68274A9342F9
:203040001DD0FB681B68264A934218D0FB681B68244A934213D0FB681B68234A93420ED05E
:20306000FB681B68214A934209D0FB681B68204A934204D0FB681B681E4A934201D101233F
:2030800000E00023002B20D0FB68DB6D03F01F0301229A403B695A60FB681B683A685A60B5
:2030A000FB689B68402B08D1FB681B687A689A60FB681B68BA68DA6007E0FB681B68BA6873
:2030C0009A60FB681B687A68DA6000BF1C37BD465DF8047B704700BF085402581C54025815
:2030E0003054025844540258585402586C540258805402589454025880B485B000AF786080
:203100007B681B68434A93424AD07B681B68424A934245D07B681B68404A934240D07B6839
:203120001B683F4A93423BD07B681B683D4A934236D07B681B683C4A934231D07B681B68B3
:203140003A4A93422CD07B681B68394A934227D07B681B68374A934222D07B681B68364AD1
:2031600093421DD07B681B68344A934218D07B681B68334A934213D07B681B68314A93429B
:203180000ED07B681B68304A934209D07B681B682E4A934204D07B681B682D4A934201D1B8
:2031A000012300E00023002B26D07B681B68DBB2103B284AA2FB03231B09FB60FB6803F07F
:2031C0000703254AD35C1A467B68DA65FB68032B09D97B681B6823F47F7323F003031A1D93
:2031E0007B689A650EE07B681B6823F47F7323F003037A68936505E07B681B6823F0FF023E
:203200007B689A657B689B6D18461437BD465DF8047B70471000024028000240400002406C
:20322000580002407000024088000240A0000240B800024010040240280402404004024052
:20324000580402407004024088040240A0040240B8040240ABAAAAAA54EB110880B485B0FE
:2032600000AF78600023FB737B689B69002B20D17B689B6A032B58D801A252F823F000BF2E
:2032800091321108A3321108913211082B3311087B68DB6A03F08073002B48D00123FB732E
:2032A00045E07B68DB6AB3F1C07F42D10123FB733FE07B689B69B3F5005F23D17B689B6A50
:2032C000032B38D801A252F823F000BFDD321108E3321108DD321108F53211080123FB73A1
:2032E00030E07B68DB6A03F08073002B25D00123FB7322E07B68DB6AB3F1C07F1FD10123DD
:20330000FB731CE07B689B6A022B02D9032B03D018E00123FB7315E07B68DB6A03F08073C5
:20332000002B0ED00123FB730BE000BF0AE000BF08E000BF06E000BF04E000BF02E000BF0F
:2033400000E000BFFB7B18461437BD465DF8047B704700BF80B485B000AF78607B681B680C
:20336000BB607B681B683A4A934222D07B681B68384A93421DD07B681B68374A934218D033
:203380007B681B68354A934213D07B681B68344A93420ED07B681B68324A934209D07B6886
:2033A0001B68314A934204D07B681B682F4A934201D1012300E00023002B1CD07B681B683C
:2033C000DBB2083B2A4AA2FB03231B09FB60FB6803F1B05303F516439B001A467B681A665E
:2033E0007B68244A5A66FB6803F01F0301229A407B689A6626E07B681B68DBB2103B1E4AB8
:20340000A2FB03231B09FB60BB681C4A934206D8BB681B4A934202D9FB680833FB60FB689A
:2034200003F1805303F502439B001A467B681A667B68144A5A66FB6803F01F0301229A40B4
:203440007B689A6600BF1437BD465DF8047B7047085402581C5402583054025844540258A1
:20346000585402586C5402588054025894540258CDCCCCCC80580258ABAAAAAAB8040240B2
:203480000F0402408008024080B485B000AF78607B685B68DBB2FB60FB68002B4AD0FB6884
:2034A000082B47D87B681B68254A934222D07B681B68244A93421DD07B681B68224A9342E1
:2034C00018D07B681B68214A934213D07B681B681F4A93420ED07B681B681E4A934209D07D
:2034E0007B681B681C4A934204D07B681B681B4A934201D1012300E00023002B0AD0FA6857
:20350000174B13449B001A467B68DA667B68154A1A6709E0FA68144B13449B001A467B6832
:20352000DA667B68114A1A67FB68013B01229A407B685A6700BF1437BD465DF8047B7047B4
:20354000085402581C5402583054025844540258585402586C54025880540258945402588B
:203560003F960016405902583F8200104009024080B489B000AF786039600023FB61894B31
:203580007B6194E13B681A680121FB6901FA03F313403B613B69002B00F086813B685B6823
:2035A00003F00303012B05D03B685B6803F00303022B30D17B689B68BB61FB695B0003229E
:2035C00002FA03F3DB43BA691340BB613B68DA68FB695B0002FA03F3BA691343BB617B683B
:2035E000BA699A607B685B68BB610122FB6902FA03F3DB43BA691340BB613B685B681B0939
:2036000003F00102FB6902FA03F3BA691343BB617B68BA695A603B685B6803F00303032B7C
:2036200017D07B68DB68BB61FB695B00032202FA03F3DB43BA691340BB613B689A68FB69D2
:203640005B0002FA03F3BA691343BB617B68BA69DA603B685B6803F00303022B23D1FB6964
:20366000DA087B68083253F82230BB61FB6903F007039B000F2202FA03F3DB43BA691340DF
:20368000BB613B681A69FB6903F007039B0002FA03F3BA691343BB61FB69DA087B68083202
:2036A000B96943F822107B681B68BB61FB695B00032202FA03F3DB43BA691340BB613B68D0
:2036C0005B6803F00302FB695B0002FA03F3BA691343BB617B68BA691A603B685B6803F40C
:2036E0004033002B00F0E0802F4BD3F8F4302E4A43F00203C2F8F4302B4BD3F8F43003F08D
:203700000203FB60FB68294AFB699B08023352F82330BB61FB6903F003039B000F2202FA59
:2037200003F3DB43BA691340BB617B68204A934252D07B681F4A934231D07B681E4A93425D
:203740002BD07B681D4A934225D07B681C4A93421FD07B681B4A934219D07B681A4A93422B
:2037600013D07B68194A93420DD07B68184A934207D07B68174A934201D109232DE00A232C
:203780002BE0082329E0072327E0062325E0052323E0042321E003231FE002231DE00123CD
:2037A0001BE000BFC00000580044025800040058000002580004025800080258000C0258BD
:2037C000001002580014025800180258001C025800200258002402580023FA6902F00302B4
:2037E00092009340BA691343BB613849FB699B080233BA6941F823204FF0B0431B68BB61A2
:203800003B69DB43BA691340BB613B685B6803F48013002B03D0BA693B691343BB614FF0EE
:20382000B042BB6913604FF0B0435B68BB613B69DB43BA691340BB613B685B6803F400132A
:20384000002B03D0BA693B691343BB614FF0B042BB6953607B695B68BB613B69DB43BA6981
:203860001340BB613B685B6803F40033002B03D0BA693B691343BB617B69BA695A607B696D
:203880001B68BB613B69DB43BA691340BB613B685B6803F48033002B03D0BA693B6913430A
:2038A000BB617B69BA691A60FB690133FB613B681A68FB6922FA03F3002B7FF463AE00BF6E
:2038C00000BF2437BD465DF8047B70470004005880B485B000AF78600B467B807B681A6942
:2038E0007B881340002B02D00123FB7301E00023FB73FB7B18461437BD465DF8047B7047C4
:2039000080B483B000AF78600B467B8013467B707B78002B03D07A887B689A6103E07B8872
:203920001A047B689A6100BF0C37BD465DF8047B7047000080B483B000AF7860084A7B68D8
:20394000203352F82330074A934201D1002300E0012318460C37BD465DF8047B704700BF6A
:20396000006402580001008080B483B000AF7860396006493B6843F480727B6841F8232007
:2039800000BF0C37BD465DF8047B70470064025880B483B000AF7860054B1A6804497B68E9
:2039A00013430B6000BF0C37BD465DF8047B70471065025880B582B000AF0A4BDB687B605E
:2039C000084B1A687B68DB43064913400B60054A7B6853607868F7F7E3FE00BF0837BD466F
:2039E00080BD00BF1065025880B582B000AF78607B68002B01D101238DE07B6893F84130BE
:203A0000DBB2002B06D17B68002283F840207868FAF76EFA7B68242283F841207B681B6893
:203A20001A687B681B6822F001021A607B685A687B681B6822F070621A617B681B689A683D
:203A40007B681B6822F400429A607B68DB68012B07D17B689A687B681B6842F400429A60C7
:203A600006E07B689A687B681B6842F404429A607B68DB68022B08D17B681B685A687B6868
:203A80001B6842F400625A6007E07B681B685A687B681B6822F400625A607B681B685B6881
:203AA0007A68126843F0007343F4004353607B681B68DA687B681B6822F40042DA607B6854
:203AC0001A697B685B6942EA03017B689B691A027B681B680A43DA607B68D9697B681A6A10
:203AE0007B681B680A431A607B681B681A687B681B6842F001021A607B6800225A647B68F6
:203B0000202283F841207B6800221A637B68002283F84220002318460837BD4680BD000023
:203B200080B588B002AFF8607A601A460B467B8113463B81FB6893F84130DBB2202B40F00C
:203B4000FD80FB6893F84030012B01D10223F6E0FB68012283F84020FBF70EF838613B69FB
:203B60000093192301224FF40041F86800F0EAFB0346002B01D00123E1E0FB68212283F84F
:203B80004120FB68102283F84220FB6800225A64FB687A685A62FB683A895A85FB68002284
:203BA0005A63FB685B8D9BB2FF2B06D9FB68FF221A854FF080737B6107E0FB685B8D9AB2F8
:203BC000FB681A854FF000737B61FB681B8D002B24D0FB685B6A1A78FB681B689A62FB682C
:203BE0005B6A5A1CFB685A62FB685B8D9BB2013B9AB2FB685A85FB681B8D013B9AB2FB6813
:203C00001A85FB681B8DDBB20133DAB279894E4B00937B69F86800F059FD66E0FB681B8DA4
:203C2000DAB27989484B00937B69F86800F04EFD5BE03A69396AF86800F0DDFB0346002B34
:203C400001D001237BE0FB685B6A1A78FB681B689A62FB685B6A5A1CFB685A62FB685B8D70
:203C60009BB2013B9AB2FB685A85FB681B8D013B9AB2FB681A85FB685B8D9BB2002B34D0D1
:203C8000FB681B8D002B30D13B6900933B6A00228021F86800F056FB0346002B01D0012344
:203CA0004DE0FB685B8D9BB2FF2B0ED9FB68FF221A85FB681B8DDAB27989002300934FF07D
:203CC0008073F86800F002FD0FE0FB685B8D9AB2FB681A85FB681B8DDAB2798900230093CB
:203CE0004FF00073F86800F0F1FCFB685B8D9BB2002B9ED13A69396AF86800F0C3FB034606
:203D0000002B01D001231AE0FB681B682022DA61FB681B685968FB681A680C4B0B40536045
:203D2000FB68202283F84120FB68002283F84220FB68002283F84020002300E002231846BA
:203D40001837BD4680BD00BF0020008000E800FE80B588B002AFF860084611461A460346CB
:203D60007B810B463B811346FB80FB6893F84130DBB2202B40F0F9803B6A002B02D0BB8C9D
:203D8000002B05D1FB684FF400725A640123EDE0FB6893F84030012B01D10223E6E0FB68B1
:203DA000012283F84020FAF7E7FE78617B690093192301224FF40041F86800F0C3FA0346A6
:203DC000002B01D00123D1E0FB68212283F84120FB68402283F84220FB6800225A64FB6848
:203DE0003A6A5A62FB68BA8C5A85FB6800225A63F8883A8979897B690193BB6A00930346DB
:203E0000F86800F0D3F90346002B05D0FB68002283F840200123A9E0FB685B8D9BB2FF2B6E
:203E20000ED9FB68FF221A85FB681B8DDAB27989002300934FF08073F86800F047FC0FE075
:203E4000FB685B8D9AB2FB681A85FB681B8DDAB27989002300934FF00073F86800F036FC46
:203E60007A69B96AF86800F0C6FA0346002B01D001237BE0FB685B6A1A78FB681B689A62CC
:203E8000FB685B6A5A1CFB685A62FB685B8D9BB2013B9AB2FB685A85FB681B8D013B9AB270
:203EA000FB681A85FB685B8D9BB2002B34D0FB681B8D002B30D17B690093BB6A00228021A3
:203EC000F86800F03FFA0346002B01D001234DE0FB685B8D9BB2FF2B0ED9FB68FF221A85F7
:203EE000FB681B8DDAB27989002300934FF08073F86800F0EBFB0FE0FB685B8D9AB2FB6822
:203F00001A85FB681B8DDAB27989002300934FF00073F86800F0DAFBFB685B8D9BB2002B19
:203F20009ED17A69B96AF86800F0ACFA0346002B01D001231AE0FB681B682022DA61FB68ED
:203F40001B685968FB681A680A4B0B405360FB68202283F84120FB68002283F84220FB689F
:203F6000002283F84020002300E0022318461837BD4680BD00E800FE80B588B002AFF860D3
:203F8000084611461A4603467B810B463B811346FB80FB6893F84130DBB2202B40F0FD8012
:203FA0003B6A002B02D0BB8C002B05D1FB684FF400725A640123F1E0FB6893F84030012BC2
:203FC00001D10223EAE0FB68012283F84020FAF7D3FD78617B690093192301224FF40041CB
:203FE000F86800F0AFF90346002B01D00123D5E0FB68222283F84120FB68402283F8422086
:20400000FB6800225A64FB683A6A5A62FB68BA8C5A85FB6800225A63F8883A8979897B69A7
:204020000193BB6A00930346F86800F013F90346002B05D0FB68002283F840200123ADE035
:20404000FB685B8D9BB2FF2B0ED9FB68FF221A85FB681B8DDAB27989524B00934FF0807399
:20406000F86800F033FB0FE0FB685B8D9AB2FB681A85FB681B8DDAB279894A4B00934FF03A
:204080000073F86800F022FB7B690093BB6A00220421F86800F056F90346002B01D0012355
:2040A0007CE0FB681B685A6AFB685B6AD2B21A70FB685B6A5A1CFB685A62FB681B8D013BC0
:2040C0009AB2FB681A85FB685B8D9BB2013B9AB2FB685A85FB685B8D9BB2002B34D0FB6806
:2040E0001B8D002B30D17B690093BB6A00228021F86800F027F90346002B01D001234DE087
:20410000FB685B8D9BB2FF2B0ED9FB68FF221A85FB681B8DDAB27989002300934FF0807352
:20412000F86800F0D3FA0FE0FB685B8D9AB2FB681A85FB681B8DDAB27989002300934FF04C
:204140000073F86800F0C2FAFB685B8D9BB2002B9AD17A69B96AF86800F094F90346002B5B
:2041600001D001231AE0FB681B682022DA61FB681B685968FB681A680B4B0B405360FB68AA
:20418000202283F84120FB68002283F84220FB68002283F84020002300E00223184618376A
:2041A000BD4680BD0024008000E800FE80B586B002AFF860084611461A4603467B810B4626
:2041C0003B811346FB80FB88DAB27989204B00934FF08073F86800F079FAFA69B969F86866
:2041E00000F009F90346002B01D001232CE0FB88012B05D13B89DAB2FB681B689A6215E0AC
:204200003B891B0A9BB2DAB2FB681B689A62FA69B969F86800F0EFF80346002B01D00123D5
:2042200012E03B89DAB2FB681B689A62FB690093BB6900228021F86800F084F80346002B3C
:2042400001D0012300E0002318461037BD4680BD0020008080B586B002AFF86008461146C8
:204260001A4603467B810B463B811346FB80FB88DAB27989204B00930023F86800F026FA16
:20428000FA69B969F86800F0B6F80346002B01D001232CE0FB88012B05D13B89DAB2FB68EE
:2042A0001B689A6215E03B891B0A9BB2DAB2FB681B689A62FA69B969F86800F09CF8034634
:2042C000002B01D0012312E03B89DAB2FB681B689A62FB690093BB6900224021F86800F0AC
:2042E00031F80346002B01D0012300E0002318461037BD4680BD00BF0020008080B483B07E
:2043000000AF78607B681B689B6903F00203022B03D17B681B6800229A627B681B689B69C5
:2043200003F00103012B07D07B681B689A697B681B6842F001029A6100BF0C37BD465DF82A
:20434000047B704780B584B000AFF860B9603B601346FB713BE0BA693968F86800F0D6F841
:204360000346002B01D0012341E03B68B3F1FF3F2DD0FAF701FC0246BB69D31A3A689A426C
:2043800002D33B68002B22D1FB681B689A69BB681340BA689A420CBF01230023DBB21A462B
:2043A000FB799A4213D1FB685B6C43F02002FB685A64FB68202283F84120FB68002283F8A8
:2043C0004220FB68002283F8402001230FE0FB681B689A69BB681340BA689A420CBF0123BC
:2043E0000023DBB21A46FB799A42B4D0002318461037BD4680BD80B584B000AFF860B96048
:204400007A6033E07A68B968F86800F07FF80346002B01D0012331E0BB68B3F1FF3F25D071
:20442000FAF7AAFB02467B68D31ABA689A4202D3BB68002B1AD1FB681B689B6903F00203E0
:20444000022B13D0FB685B6C43F02002FB685A64FB68202283F84120FB68002283F84220C9
:20446000FB68002283F84020012307E0FB681B689B6903F00203022BC4D100231846103765
:20448000BD4680BD80B584B000AFF860B9607A602FE07A68B968F86800F038F80346002B73
:2044A00001D001232DE0FAF767FB02467B68D31ABA689A4202D3BB68002B1AD1FB681B689D
:2044C0009B6903F02003202B13D0FB685B6C43F02002FB685A64FB68202283F84120FB6810
:2044E000002283F84220FB68002283F84020012307E0FB681B689B6903F02003202BC8D16E
:20450000002318461037BD4680BD000080B58AB000AFF860B9607A60002387F82730FB68CE
:204520001B689B69BB6100233B627B68FB61BB6903F01003002B68D0FB681B681022DA61F9
:2045400049E0BB68B3F1FF3F45D0FAF715FB0246FB69D31ABA689A4202D3BB68002B3AD152
:20456000FB681B685B6803F480437B61FB6893F84230FB74FB681B689B6903F40043B3F561
:20458000004F21D17B69B3F5804F1DD0FB7C202B1AD0FB681B685A68FB681B6842F4804260
:2045A0005A60FAF7E9FAF8610EE0FAF7E5FA0246FB69D31A192B07D93B6A43F020033B6201
:2045C000012387F8273006E0FB681B689B6903F02003202BE9D1FB681B689B6903F02003F6
:2045E000202B03D097F82730002BAAD097F82730002B03D1FB681B682022DA613B6A43F0F2
:2046000004033B62012387F82730FB681B689B69BB61BB6903F48073002B0BD03B6A43F00A
:2046200001033B62FB681B684FF48072DA61012387F82730BB6903F48063002B0BD03B6AE0
:2046400043F008033B62FB681B684FF48062DA61012387F82730BB6903F40073002B0BD0AB
:204660003B6A43F002033B62FB681B684FF40072DA61012387F8273097F82730002B1CD0F3
:20468000F868FFF73BFEFB681B685968FB681A680D4B0B405360FB685A6C3B6A1A43FB681B
:2046A0005A64FB68202283F84120FB68002283F84220FB68002283F8402097F827301846B5
:2046C0002837BD4680BD00BF00E800FE80B487B000AFF8607B600B467B8113467B727B89B2
:2046E000C3F309027B7A1B0403F47F031A437B681A433B6A134323F000437B61FB681B68BC
:204700005A683B6A5B0D03F48061084B0B43DB4302EA0301FB681B687A690A435A6000BFB4
:204720001C37BD465DF8047B704700BFFF63FF0380B483B000AF786039607B6893F841300F
:20474000DBB2202B38D17B6893F84030012B01D1022332E07B68012283F840207B6824225B
:2047600083F841207B681B681A687B681B6822F001021A607B681B681A687B681B6822F41C
:2047800080521A607B681B6819687B681B683A680A431A607B681B681A687B681B6842F097
:2047A00001021A607B68202283F841207B68002283F84020002300E0022318460C37BD46CF
:2047C0005DF8047B704780B485B000AF786039607B6893F84130DBB2202B39D17B6893F896
:2047E0004030012B01D1022333E07B68012283F840207B68242283F841207B681B681A6845
:204800007B681B6822F001021A607B681B681B68FB60FB6823F47063FB603B681B02FA6895
:204820001343FB607B681B68FA681A607B681B681A687B681B6842F001021A607B68202263
:2048400083F841207B68002283F84020002300E0022318461437BD465DF8047B704700003D
:2048600080B584B000AFF8600B467A60FB72374B1B6823F001023549FB6813430B607B6890
:20488000002B23D1FCF71AF80346032B58D12F4B1B692E4A23F0010313612D4B1B692C4AE1
:2048A00043F004031361BFF34F8F00BFBFF36F8F00BFFB7A012B01D130BF00E020BF244BFC
:2048C0001B69234A23F0040313613CE07B68012B23D1FBF7F3FF0346012B33D11B4B5B69B3
:2048E0001A4A23F002035361194B1B69184A43F004031361BFF34F8F00BFBFF36F8F00BFD2
:20490000FB7A012B01D130BF00E020BF104B1B690F4A23F00403136115E0FBF7CFFF0346B2
:20492000032B06D1094B1B69084A23F00403136109E0064B5B69054A23F00403536102E0BD
:2049400000BF00E000BF1037BD4680BD0048025800ED00E080B500AFFBF7B0FF0346032B07
:2049600001D120BF01E040BF20BF00BF80BD000080B489B000AFB34B1B6903F03803182BBC
:2049800000F2558101A252F823F000BFF14911082F4C11082F4C11082F4C11082F4C1108ED
:2049A0002F4C11082F4C11082F4C1108174A11082F4C11082F4C11082F4C11082F4C110871
:2049C0002F4C11082F4C11082F4C11081D4A11082F4C11082F4C11082F4C11082F4C11084B
:2049E0002F4C11082F4C11082F4C1108234A1108944B1B6803F02003002B09D0914B1B689A
:204A0000DB0803F00303904A22FA03F3BB6111E18D4BBB610EE18D4BBB610BE18C4BBB610A
:204A200008E1884B9B6A03F003037B61854B9B6A1B0903F03F033B61824BDB6A03F001030D
:204A4000FB60804B5B6BDB08C3F30C03FA6802FB03F307EE903AF8EE677AC7ED027A3B6913
:204A6000002B00F0E1807B69022B00F083807B69022B00F2A1807B69002B03D07B69012BA0
:204A800056D099E06F4B1B6803F02003002B2DD06C4B1B68DB0803F003036B4A22FA03F31F
:204AA0007B607B6807EE903AF8EE676A3B6907EE903AF8EE677A86EEA77A624B1B6BC3F31A
:204AC000080307EE903AF8EE676A97ED026ADFED615AC6EE257A76EEA77AF7EE006A77EE52
:204AE000A67A67EE277AC7ED077A87E03B6907EE903AF8EE677ADFED586A86EEA77A514B1B
:204B00001B6BC3F3080307EE903AF8EE676A97ED026ADFED505AC6EE257A76EEA77AF7EEB5
:204B2000006A77EEA67A67EE277AC7ED077A65E03B6907EE903AF8EE677ADFED486A86EEFA
:204B4000A77A404B1B6BC3F3080307EE903AF8EE676A97ED026ADFED3F5AC6EE257A76EEE0
:204B6000A77AF7EE006A77EEA67A67EE277AC7ED077A43E03B6907EE903AF8EE677ADFEDFC
:204B8000386A86EEA77A2F4B1B6BC3F3080307EE903AF8EE676A97ED026ADFED2E5AC6EEAF
:204BA000257A76EEA77AF7EE006A77EEA67A67EE277AC7ED077A21E03B6907EE903AF8EE88
:204BC000677ADFED266A86EEA77A1E4B1B6BC3F3080307EE903AF8EE676A97ED026ADFED21
:204BE0001D5AC6EE257A76EEA77AF7EE006A77EEA67A67EE277AC7ED077A00BF114B1B6BC6
:204C00005B0A03F07F0301333B603B6807EE903AB8EE677AD7ED076AC6EE877AFCEEE77ACD
:204C200017EE903ABB6105E00023BB6102E0074BBB6100BFBB6918462437BD465DF8047BA2
:204C4000704700BF004402580090D00300093D0040787D01000000460024744C0024744A55
:204C600020BCBE4B80B582B000AFFFF781FE0246114B9B691B0A03F00F031049CB5C03F07F
:204C80001F0322FA03F37B600B4B9B6903F00F030A4AD35C03F01F037A6822FA03F3084AC8
:204CA0001360074B1B68074A1360054B1B6818460837BD4680BD00BF00440258D8E011080A
:204CC000040000100000001080B500AFFFF7CAFF0246064BDB691B0903F007030449CB5C9B
:204CE00003F01F0322FA03F3184680BD00440258D8E0110880B500AFFFF7B4FF0246064B5D
:204D0000DB691B0A03F007030449CB5C03F01F0322FA03F3184680BD00440258D8E0110888
:204D200080B483B000AF786039607B683F221A601A4B1B6903F007027B685A60174B9B6946
:204D400003F470627B689A60144B9B6903F00F027B68DA60114B9B6903F070027B681A6106
:204D60000E4BDB6903F070027B685A610B4BDB6903F4E0627B689A61084B1B6A03F07002A5
:204D80007B68DA61064B1B6803F00F023B681A6000BF0C37BD465DF8047B704700440258D2
:204DA000002000522DE9B04FCCB000AFC7F81C01002387F82F31002387F82E31D7F81C3146
:204DC000D3E9002302F00064002554EA050349D0D7F81C31DB6EB3F5401F2FD0B3F5401FA8
:204DE00028D8B3F5001F1AD0B3F5001F22D8002B03D0B3F5801F07D01CE0B84BDB6AB74AE0
:204E000043F40033D3621AE0D7F81C3108330221184602F0A1FB034687F82F310FE0D7F8AD
:204E20001C3128330221184602F048FC034687F82F3104E0012387F82F3100E000BF97F8D6
:204E40002F31002B0AD1A54B1B6D23F44011D7F81C31DB6EA14A0B43136503E097F82F3124
:204E600087F82E31D7F81C31D3E9002302F480784FF0000958EA090347D0D7F81C31DB6D5A
:204E8000042B2AD801A252F823F000BFA14E1108AF4E1108C54E1108E34E1108E34E110844
:204EA0008E4BDB6A8D4A43F40033D3621AE0D7F81C3108330021184602F04EFB034687F88B
:204EC0002F310FE0D7F81C3128330021184602F0F5FB034687F82F3104E0012387F82F319C
:204EE00000E000BF97F82F31002B0AD17B4B1B6D23F00701D7F81C31DB6D784A0B431365C9
:204F000003E097F82F3187F82E31D7F81C31D3E9002302F4007A4FF0000B5AEA0B034CD0BE
:204F2000D7F81C311B6EB3F5807F30D0B3F5807F29D8C02B2DD0C02B25D8802B18D0802B6F
:204F400021D8002B02D0402B07D01CE0634BDB6A624A43F40033D3621CE0D7F81C3108338C
:204F60000021184602F0F8FA034687F82F3111E0D7F81C3128330021184602F09FFB0346EA
:204F800087F82F3106E0012387F82F3102E000BF00E000BF97F82F31002B0AD14F4B1B6DF2
:204FA00023F4E071D7F81C311B6E4C4A0B43136503E097F82F3187F82E31D7F81C31D3E900
:204FC000002302F48063C7F810310023C7F81431D7E944120B46134353D0D7F81C31D3F8E7
:204FE000AC30B3F5000F35D0B3F5000F2ED8B3F5C00F31D0B3F5C00F28D8B3F5800F1AD04C
:20500000B3F5800F22D8002B03D0B3F5001F07D01CE0324BDB6A314A43F40033D3621CE0EF
:20502000D7F81C3108330021184602F095FA034687F82F3111E0D7F81C312833002118460A
:2050400002F03CFB034687F82F3106E0012387F82F3102E000BF00E000BF97F82F31002BBC
:205060000BD11E4B9B6D23F46001D7F81C31D3F8AC301A4A0B43936503E097F82F3187F8AD
:205080002E31D7F81C31D3E9002302F40063C7F808310023C7F80C31D7E942120B4613438B
:2050A00056D0D7F81C31D3F8B030B3F1806F38D0B3F1806F31D8B3F1407F34D0B3F1407F02
:2050C0002BD8B3F1007F1DD0B3F1007F25D8002B06D0B3F1807F0AD01FE000BF00440258C3
:2050E000A24BDB6AA14A43F40033D3621CE0D7F81C3108330021184602F02EFA034687F840
:205100002F3111E0D7F81C3128330021184602F0D5FA034687F82F3106E0012387F82F3176
:2051200002E000BF00E000BF97F82F31002B0BD18E4B9B6D23F0E061D7F81C31D3F8B0303D
:205140008A4A0B43936503E097F82F3187F82E31D7F81C31D3E9002302F00073C7F8003135
:205160000023C7F80431D7E940120B4613433AD0D7F81C31DB6C302B1FD0302B19D8202B11
:205180000CD0202B15D8002B19D0102B11D1774BDB6A764A43F40033D36211E0D7F81C3157
:2051A00008330221184602F0D7F9034687F82F3106E0012387F82F3102E000BF00E000BF20
:2051C00097F82F31002B0AD1684BDB6C23F03001D7F81C31DB6C654A0B43D36403E097F893
:2051E0002F3187F82E31D7F81C31D3E9002302F48053C7F8F8300023C7F8FC30D7E93E12A8
:205200000B46134351D0D7F81C315B6EB3F5804F35D0B3F5804F2ED8B3F5405F31D0B3F5F8
:20522000405F28D8B3F5005F1AD0B3F5005F22D8002B03D0B3F5805F07D01CE04B4BDB6AAA
:205240004A4A43F40033D3621CE0D7F81C3108330021184602F080F9034687F82F3111E0C5
:20526000D7F81C3128330021184602F027FA034687F82F3106E0012387F82F3102E000BF73
:2052800000E000BF97F82F31002B0AD1374B1B6D23F4E041D7F81C315B6E344A0B4313650F
:2052A00003E097F82F3187F82E31D7F81C31D3E9002302F40053C7F8F0300023C7F8F43015
:2052C000D7E93C120B46134356D0D7F81C319B6EB3F5A02F33D0B3F5A02F2CD8B3F5802F82
:2052E0002FD0B3F5802F26D8B3F5403F2BD0B3F5403F20D8B3F5003F12D0B3F5003F1AD877
:20530000002B22D0B3F5803F15D1D7F81C3108330121184602F020F9034687F82F3115E024
:20532000D7F81C3128330121184602F0C7F9034687F82F310AE0012387F82F3106E000BF0A
:2053400004E000BF02E000BF00E000BF97F82F31002B0DD1054B1B6D23F4E021D7F81C3166
:205360009B6E024A0B43136506E000BF0044025897F82F3187F82E31D7F81C31D3E9002307
:2053800002F48043C7F8E8300023C7F8EC30D7E93A120B46134355D0D7F81C31D3F8B430DC
:2053A000B3F1A04F33D0B3F1A04F2CD8B3F1804F2FD0B3F1804F26D8B3F1405F2BD0B3F1FB
:2053C000405F20D8B3F1005F12D0B3F1005F1AD8002B22D0B3F1805F15D1D7F81C3108337F
:2053E0000121184602F0B8F8034687F82F3115E0D7F81C3128330121184602F05FF90346E4
:2054000087F82F310AE0012387F82F3106E000BF04E000BF02E000BF00E000BF97F82F3149
:20542000002B0BD1B74B9B6D23F0E041D7F81C31D3F8B430B34A0B43936503E097F82F3147
:2054400087F82E31D7F81C31D3E9002302F08063C7F8E0300023C7F8E430D7E938120B467E
:2054600013432AD0D7F81C311B6D002B11D0B3F5807F0AD1D7F81C3108330121184602F0E1
:205480006BF8034687F82F3104E0012387F82F3100E000BF97F82F31002B0AD1994BDB6CDB
:2054A00023F48071D7F81C311B6D964A0B43D36403E097F82F3187F82E31D7F81C31D3E953
:2054C000002302F40043C7F8D8300023C7F8DC30D7E936120B46134337D0D7F81C315B6F1F
:2054E000B3F1005F0ED0B3F1005F16D8002B18D0B3F1805F11D1834BDB6A824A43F4003319
:20550000D3620FE0D7F81C3108330121184602F023F8034687F82F3104E0012387F82F3174
:2055200000E000BF97F82F31002B0AD1754B1B6D23F04051D7F81C315B6F724A0B43136583
:2055400003E097F82F3187F82E31D7F81C31D3E9002302F08073C7F8D0300023C7F8D43016
:20556000D7E934120B4613433AD0D7F81C319B6C032B1DD801A252F823F000BFB955110848
:205580008D5511089B551108B95511085D4BDB6A5C4A43F40033D3620FE0D7F81C31083368
:2055A0000221184601F0D8FF034687F82F3104E0012387F82F3100E000BF97F82F31002BDA
:2055C0000AD1504BDB6C23F00301D7F81C319B6C4C4A0B43D36403E097F82F3187F82E3109
:2055E000D7F81C31D3E9002302F48003C7F8C8300023C7F8CC30D7E932120B46134300F007
:20560000A080414B1B68404A43F480731360F9F7B3FAC7F828010BE0F9F7AEFA0246D7F815
:205620002831D31A642B03D9032387F82F3105E0354B1B6803F48073002BEDD097F82F310B
:20564000002B7AD12F4B1A6FD7F81C31D3F8B830534003F44073002B15D02A4B1B6F23F49F
:205660004073C7F82431274B1B6F264A43F480331367244B1B6F234A23F480331367214A7E
:20568000D7F824311367D7F81C31D3F8B830B3F5807F18D1F9F770FAC7F828010DE0F9F7EE
:2056A0006BFA0246D7F82831D21A41F288339A4203D9032387F82F3105E0124B1B6F03F0BF
:2056C0000203002BEBD097F82F31002B30D1D7F81C31D3F8B83003F44073B3F5407F15D1FE
:2056E000084B1B6923F47C51D7F81C31D3F8B8301B0923F07F4323F03003024A0B431361D3
:205700000AE000BF0044025800480258D44B1B69D34A23F47C531361D14B196FD7F81C31C6
:20572000D3F8B830C3F30B03CD4A0B43136708E097F82F3187F82E3103E097F82F3187F80D
:205740002E31D7F81C31D3E9002302F00103C7F8C0300023C7F8C430D7E930120B461343CB
:2057600000F08B80D7F81C31D3F88030282B6BD801A252F823F000BF5158110849581108C6
:205780004958110849581108495811084958110849581108495811081D5811084958110865
:2057A00049581108495811084958110849581108495811084958110833581108495811082F
:2057C0004958110849581108495811084958110849581108495811085158110849581108F1
:2057E0004958110849581108495811084958110849581108495811085158110849581108D1
:2058000049581108495811084958110849581108495811084958110851581108D7F81C314E
:2058200008330121184601F097FE034687F82F310FE0D7F81C3128330121184601F03EFFEB
:20584000034687F82F3104E0012387F82F3100E000BF97F82F31002B0BD1814B5B6D23F0FD
:205860003801D7F81C31D3F880307D4A0B43536503E097F82F3187F82E31D7F81C31D3E903
:20588000002302F00203C7F8B8300023C7F8BC30D7E92E120B46134342D0D7F81C31DB6F5A
:2058A000052B25D801A252F823F000BFF9581108C5581108DB581108F9581108F95811083C
:2058C000F9581108D7F81C3108330121184601F043FE034687F82F310FE0D7F81C312833C7
:2058E0000121184601F0EAFE034687F82F3104E0012387F82F3100E000BF97F82F31002B87
:205900000AD1574B5B6D23F00701D7F81C31DB6F534A0B43536503E097F82F3187F82E316E
:20592000D7F81C31D3E9002302F00403C7F8B0300023C7F8B430D7E92C120B46134344D055
:20594000D7F81C31D3F89830052B25D801A252F823F000BFA15911086D59110883591108C5
:20596000A1591108A1591108A1591108D7F81C3108330121184601F0EFFD034687F82F3112
:205980000FE0D7F81C3128330121184601F096FE034687F82F3104E0012387F82F3100E0AD
:2059A00000BF97F82F31002B0BD12D4B9B6D23F00701D7F81C31D3F89830294A0B4393652F
:2059C00003E097F82F3187F82E31D7F81C31D3E9002302F02003C7F8A8300023C7F8AC30B2
:2059E000D7E92A120B46134357D0D7F81C31D3F89430B3F1A04F35D0B3F1A04F2CD8B3F15F
:205A0000804F31D0B3F1804F26D8B3F1405F2DD0B3F1405F20D8B3F1005F12D0B3F1005FE2
:205A20001AD8002B24D0B3F1805F15D1D7F81C3108330021184601F08FFD034687F82F3171
:205A400017E0D7F81C3128330221184601F036FE034687F82F310CE0012387F82F3108E033
:205A60000044025800BF04E000BF02E000BF00E000BF97F82F31002B0BD1C24B5B6D23F008
:205A8000E041D7F81C31D3F89430BE4A0B43536503E097F82F3187F82E31D7F81C31D3E9A4
:205AA000002302F04003C7F8A0300023C7F8A430D7E928120B46134355D0D7F81C31D3F89C
:205AC000A030B3F5A05F33D0B3F5A05F2CD8B3F5805F2FD0B3F5805F26D8B3F5406F2BD044
:205AE000B3F5406F20D8B3F5006F12D0B3F5006F1AD8002B22D0B3F5806F15D1D7F81C319F
:205B000008330021184601F027FD034687F82F3115E0D7F81C3128330221184601F0CEFDE5
:205B2000034687F82F310AE0012387F82F3106E000BF04E000BF02E000BF00E000BF97F839
:205B40002F31002B0BD18F4B9B6D23F4E051D7F81C31D3F8A0308B4A0B43936503E097F870
:205B60002F3187F82E31D7F81C31D3E9002302F08003C7F898300023C7F89C30D7E926124A
:205B80000B46134355D0D7F81C31D3F8A430B3F5204F33D0B3F5204F2CD8B3F5004F2FD053
:205BA000B3F5004F26D8B3F5C04F2BD0B3F5C04F20D8B3F5804F12D0B3F5804F1AD8002BA2
:205BC00022D0B3F5005F15D1D7F81C3108330021184601F0C1FC034687F82F3115E0D7F876
:205BE0001C3128330221184601F068FD034687F82F310AE0012387F82F3106E000BF04E088
:205C000000BF02E000BF00E000BF97F82F31002B0BD15C4B9B6D23F46041D7F81C31D3F841
:205C2000A430584A0B43936503E097F82F3187F82E31D7F81C31D3E9002302F00803C7F841
:205C400090300023C7F89430D7E924120B4613431ED0D7F81C31D3F88830B3F5805F0CD150
:205C6000D7F81C3128330221184601F027FD0346002B02D0012387F82E31424B5B6D23F463
:205C80004051D7F81C31D3F888303E4A0B435365D7F81C31D3E9002302F01003C7F88830CF
:205CA0000023C7F88C30D7E922120B4613431ED0D7F81C31D3F89C30B3F5807F0CD1D7F8B7
:205CC0001C3128330221184601F0F8FC0346002B02D0012387F82E312A4B9B6D23F4407129
:205CE000D7F81C31D3F89C30264A0B439365D7F81C31D3E9002302F40023C7F88030002395
:205D0000C7F88430D7E920120B46134340D0D7F81C31D3F8A830B3F5003F22D0B3F5003FE8
:205D20001BD8002B03D0B3F5803F0BD015E0D7F81C3108330021184601F00EFC034687F8A2
:205D40002F310FE0D7F81C3128330221184601F0B5FC034687F82F3104E0012387F82F314B
:205D600000E000BF97F82F31002B0DD1054B9B6D23F44031D7F81C31D3F8A830014A0B4354
:205D8000936505E00044025897F82F3187F82E31D7F81C31D3E9002302F48023BB670023E2
:205DA000FB67D7E91E120B4613433BD0D7F81C31D3F88C30B3F5401F1FD0B3F5401F18D84F
:205DC000B3F5801F03D0B3F5001F07D011E0644BDB6A634A43F40033D3620FE0D7F81C31CF
:205DE00028330121184601F069FC034687F82F3104E0012387F82F3100E000BF97F82F31D5
:205E0000002B0BD1564B5B6D23F44011D7F81C31D3F88C30524A0B43536503E097F82F3193
:205E200087F82E31D7F81C31D3E9002302F480333B6700237B67D7E91C120B46134331D0A3
:205E4000D7F81C315B6D002B03D0B3F5803F07D011E0434BDB6A424A43F40033D3620EE045
:205E6000D7F81C3108330221184601F075FB034687F82F3103E0012387F82F3100BF97F88D
:205E80002F31002B0AD1364BDB6C23F48031D7F81C315B6D324A0B43D36403E097F82F3155
:205EA00087F82E31D7F81C31D3E9002302F00053BB660023FB66D7E91A120B4613430CD0B0
:205EC000D7F81C3128330221184601F0F7FB0346002B02D0012387F82E31D7F81C31D3E9C7
:205EE000002302F400333B6600237B66D7E918120B4613433AD0D7F81C31D3F88430B3F5D3
:205F0000407F18D0B3F5407F11D8B3F5007F14D0B3F5007F0BD8002B11D0B3F5807F06D1EB
:205F20000F4BDB6A0E4A43F40033D36208E0012387F82F3104E000BF02E000BF00E000BFFD
:205F400097F82F31002B0DD1054B5B6D23F44071D7F81C31D3F88430014A0B43536505E098
:205F60000044025897F82F3187F82E31D7F81C31D3E9002302F48013BB650023FB65D7E9CF
:205F800016120B46134309D0AA4B1B6D23F00041D7F81C319B6FA74A0B431365D7F81C318F
:205FA000D3E9002302F080533B6500237B65D7E914120B4613430AD09E4B1B6923F48041EE
:205FC000D7F81C31D3F8BC309A4A0B431361D7F81C31D3E9002302F40013BB640023FB64A3
:205FE000D7E912120B46134309D0924B1B6D23F08071D7F81C311B6F8E4A0B431365D7F8C1
:206000001C31D3E9002302F080433B6400237B64D7E910120B4613430ED0864B1B69854A73
:2060200023F400431361834B1969D7F81C31D3F8C030804A0B431361D7F81C31D3E90023E4
:2060400002F00043BB630023FB63D7E90E120B46134309D0774BDB6C23F04051D7F81C3143
:206060009B6D744A0B43D364D7F81C31D3E9002302F400033B6300237B63D7E90C120B4613
:2060800013430AD06B4B5B6D23F44001D7F81C31D3F89030674A0B435365D7F81C31D3E9C4
:2060A00000230021B96203F00103FB62D7E90A120B46134311D0D7F81C31083300211846F3
:2060C00001F04AFA034687F82F3197F82F31002B03D097F82F3187F82E31D7F81C31D3E9D1
:2060E00000230021396203F002037B62D7E908120B46134311D0D7F81C31083301211846B3
:2061000001F02AFA034687F82F3197F82F31002B03D097F82F3187F82E31D7F81C31D3E9B0
:2061200000230021B96103F00403FB61D7E906120B46134311D0D7F81C3108330221184673
:2061400001F00AFA034687F82F3197F82F31002B03D097F82F3187F82E31D7F81C31D3E990
:2061600000230021396103F008037B61D7E904120B46134311D0D7F81C3128330021184613
:2061800001F09CFA034687F82F3197F82F31002B03D097F82F3187F82E31D7F81C31D3E9BE
:2061A00000230021B96003F01003FB60D7E902120B46134311D0D7F81C31283301211846CE
:2061C00001F07CFA034687F82F3197F82F31002B03D097F82F3187F82E31D7F81C31D3E99E
:2061E00000230021396003F020037B60D7E900120B46134311D0D7F81C312833022118467F
:2062000001F05CFA034687F82F3197F82F31002B03D097F82F3187F82E3197F82E31002B3C
:2062200001D1002300E00123184607F59877BD46BDE8B08F0044025880B590B000AFC7E9A3
:206240000001D7E90023A2F580710B4340F094809E4B1B6D03F007033B633B6B042B00F26D
:20626000878001A252F823F07D621108A5621108CD62110869631108F5621108934B1B6801
:2062800003F00073B3F1007F08D107F12403184601F010F8BB6AFB6300F045BD0023FB6330
:2062A00000F041BD894B1B6803F00063B3F1006F08D107F11803184600F054FDBB69FB6323
:2062C00000F031BD0023FB6300F02DBD7F4B1B6803F00053B3F1005F08D107F10C031846B1
:2062E00000F094FEFB68FB6300F01DBD0023FB6300F019BD754BDB6C03F040537B63734B21
:206300001B6803F00403042B0CD17B6B002B09D16E4B1B68DB0803F003036D4A22FA03F328
:20632000FB631FE0694B1B6803F48073B3F5807F06D17B6BB3F1805F02D1664BFB6311E025
:20634000624B1B6803F40033B3F5003F06D17B6BB3F1005F02D1604BFB6303E00023FB63FC
:2063600000F0E1BC00F0DFBC5C4BFB6300F0DBBC0023FB6300F0D7BCD7E90023A2F500718A
:206380000B4340F0AD80514B1B6D03F4E0733B633B6BB3F5807F56D03B6BB3F5807F00F294
:2063A00090803B6BC02B00F088803B6BC02B00F288803B6B802B32D03B6B802B00F2818022
:2063C0003B6B002B03D03B6B402B14D079E03F4B1B6803F00073B3F1007F08D107F124033D
:2063E000184600F067FFBB6AFB6300F09CBC0023FB6300F098BC354B1B6803F00063B3F15C
:20640000006F08D107F11803184600F0ABFCBB69FB6300F088BC0023FB6300F084BC2B4B4F
:206420001B6803F00053B3F1005F08D107F10C03184600F0EBFDFB68FB6300F074BC002376
:20644000FB6300F070BC214BDB6C03F040537B631E4B1B6803F00403042B0CD17B6B002BA8
:2064600009D11A4B1B68DB0803F00303184A22FA03F3FB631FE0154B1B6803F48073B3F538
:20648000807F06D17B6BB3F1805F02D1114BFB6311E00E4B1B6803F40033B3F5003F06D17B
:2064A0007B6BB3F1005F02D10B4BFB6303E00023FB6300F038BC00F036BC084BFB6300F0A1
:2064C00032BC0023FB6300F02EBC00BF004402580090D00300093D0040787D010080BB00FC
:2064E000D7E90023A2F580610B4340F09C809E4B9B6D03F460033B633B6BB3F5000F54D03D
:206500003B6BB3F5000F00F28B803B6BB3F5C00F00F083803B6BB3F5C00F00F281803B6B5B
:20652000B3F5800F2FD03B6BB3F5800F78D83B6B002B04D03B6BB3F5001F12D070E08A4BDF
:206540001B6803F00073B3F1007F07D107F12403184600F0AFFEBB6AFB63E4E30023FB6372
:20656000E1E3814B1B6803F00063B3F1006F07D107F11803184600F0F5FBBB69FB63D2E33F
:206580000023FB63CFE3784B1B6803F00053B3F1005F07D107F10C03184600F037FDFB6875
:2065A000FB63C0E30023FB63BDE36F4BDB6C03F040537B636C4B1B6803F00403042B0CD114
:2065C0007B6B002B09D1684B1B68DB0803F00303664A22FA03F3FB631EE0634B1B6803F478
:2065E0008073B3F5807F06D17B6BB3F1805F02D15F4BFB6310E05C4B1B6803F40033B3F5FA
:20660000003F06D17B6BB3F1005F02D1594BFB6302E00023FB6386E385E3574BFB6382E30D
:206620000023FB637FE3D7E90023A2F500610B4340F0A7804C4B9B6D03F0E0633B633B6BDE
:20664000B3F1806F55D03B6BB3F1806F00F296803B6BB3F1407F00F084803B6BB3F1407F3B
:2066600000F28C803B6BB3F1007F30D03B6BB3F1007F00F283803B6B002B04D03B6BB3F1A6
:20668000807F12D07AE0384B1B6803F00073B3F1007F07D107F12403184600F00BFEBB6ABD
:2066A000FB6340E30023FB633DE32F4B1B6803F00063B3F1006F07D107F11803184600F019
:2066C00051FBBB69FB632EE30023FB632BE3264B1B6803F00053B3F1005F07D107F10C0330
:2066E000184600F093FCFB68FB631CE30023FB6319E31D4BDB6C03F040537B631A4B1B6885
:2067000003F00403042B0CD17B6B002B09D1164B1B68DB0803F00303144A22FA03F3FB63FA
:206720001EE0114B1B6803F48073B3F5807F06D17B6BB3F1805F02D10D4BFB6310E00A4BDD
:206740001B6803F40033B3F5003F06D17B6BB3F1005F02D1074BFB6302E00023FB63E2E23B
:20676000E1E2054BFB63DEE2004402580090D00300093D0040787D010080BB000023FB63AF
:20678000D1E2D7E90023A2F580510B4340F09C80934B1B6D03F4E043BB63BB6BB3F5804F26
:2067A00054D0BB6BB3F5804F00F28B80BB6BB3F5405F00F08380BB6BB3F5405F00F281805B
:2067C000BB6BB3F5005F2FD0BB6BB3F5005F78D8BB6B002B04D0BB6BB3F5805F12D070E00C
:2067E0007F4B1B6803F00073B3F1007F07D107F12403184600F05EFDBB6AFB6393E2002308
:20680000FB6390E2764B1B6803F00063B3F1006F07D107F11803184600F0A4FABB69FB63A2
:2068200081E20023FB637EE26D4B1B6803F00053B3F1005F07D107F10C03184600F0E6FB82
:20684000FB68FB636FE20023FB636CE2644BDB6C03F040537B63624B1B6803F00403042BA4
:206860000CD17B6B002B09D15D4B1B68DB0803F003035C4A22FA03F3FB631EE0584B1B680F
:2068800003F48073B3F5807F06D17B6BB3F1805F02D1554BFB6310E0514B1B6803F400331D
:2068A000B3F5003F06D17B6BB3F1005F02D14F4BFB6302E00023FB6335E234E24C4BFB63E1
:2068C00031E20023FB632EE2D7E90023A2F500510B4340F08F80424B1B6D03F4E023BB638F
:2068E000BB6BB3F5A02F6BD0BB6BB3F5A02F74D8BB6BB3F5802F56D0BB6BB3F5802F6CD873
:20690000BB6BB3F5403F3BD0BB6BB3F5403F64D8BB6BB3F5003F21D0BB6BB3F5003F5CD857
:20692000BB6B002B04D0BB6BB3F5803F04D054E0FEF7CAF9F863F6E1294B1B6803F0006366
:20694000B3F1006F07D107F11803184600F00AFAFB69FB63E7E10023FB63E4E1204B1B6829
:2069600003F00053B3F1005F07D107F10C03184600F04CFB3B69FB63D5E10023FB63D2E16E
:20698000174B1B6803F00403042B09D1144B1B68DB0803F00303134A22FA03F3FB63C2E1E1
:2069A0000023FB63BFE10E4B1B6803F48073B3F5807F02D10C4BFB63B5E10023FB63B2E117
:2069C000074B1B6803F40033B3F5003F02D1074BFB63A8E10023FB63A5E10023FB63A2E1BA
:2069E000004402580090D00300093D0040787D010080BB00D7E90023A2F500210B4373D1B2
:206A00009C4B9B6D03F44033BB63BB6BB3F5003F2FD0BB6BB3F5003F63D8BB6B002B04D086
:206A2000BB6BB3F5803F12D05BE0924B1B6803F00063B3F1006F07D107F11803184600F0AA
:206A400091F9BB69FB636EE10023FB636BE1894B1B6803F00053B3F1005F07D107F10C038F
:206A6000184600F0D3FA7B69FB635CE10023FB6359E1804BDB6C03F040537B637D4B1B6800
:206A800003F00403042B0CD17B6B002B09D1794B1B68DB0803F00303774A22FA03F3FB63B1
:206AA0001EE0744B1B6803F48073B3F5807F06D17B6BB3F1805F02D1704BFB6310E06D4B31
:206AC0001B6803F40033B3F5003F06D17B6BB3F1005F02D16A4BFB6302E00023FB6322E116
:206AE00021E10023FB631EE1D7E90023A2F580310B4333D15F4BDB6C03F48033BB63BB6BB8
:206B0000002B04D0BB6BB3F5803F12D023E0594B1B6803F00073B3F1007F07D107F124035D
:206B2000184600F0C7FBBB6AFB63FCE00023FB63F9E0504B1B6803F00063B3F1006F07D12D
:206B400007F11803184600F00DF93B6AFB63EAE00023FB63E7E00023FB63E4E0D7E9002391
:206B6000A2F580410B4340F08D80424B9B6D03F0E043BB63BB6BB3F1A04F6BD0BB6BB3F1AB
:206B8000A04F74D8BB6BB3F1804F56D0BB6BB3F1804F6CD8BB6BB3F1405F3BD0BB6BB3F1E0
:206BA000405F64D8BB6BB3F1005F21D0BB6BB3F1005F5CD8BB6B002B04D0BB6BB3F1805FB5
:206BC00004D054E000F0B8F8F863ACE0294B1B6803F00063B3F1006F07D107F1180318467D
:206BE00000F0C0F8FB69FB639DE00023FB639AE0204B1B6803F00053B3F1005F07D107F1AC
:206C00000C03184600F002FA3B69FB638BE00023FB6388E0174B1B6803F00403042B09D1DD
:206C2000144B1B68DB0803F00303134A22FA03F3FB6378E00023FB6375E00E4B1B6803F4C8
:206C40008073B3F5807F02D10C4BFB636BE00023FB6368E0074B1B6803F40033B3F5003F18
:206C600002D1074BFB635EE00023FB635BE00023FB6358E0004402580090D00300093D0097
:206C800040787D01D7E90023A2F500410B4348D1274B1B6D03F04053BB63BB6BB3F1005FD5
:206CA0002AD0BB6BB3F1005F38D8BB6B002B04D0BB6BB3F1805F0DD030E01D4B1B6803F404
:206CC0000033B3F5003F02D11A4BFB632BE00023FB6328E0164B1B6803F00073B3F1007F03
:206CE00007D107F12403184600F0E4FABB6AFB6319E00023FB6316E00D4B1B6803F000634D
:206D0000B3F1006F07D107F11803184600F02AF8FB69FB6307E00023FB6304E00023FB6376
:206D200001E00023FB63FB6B18464037BD4680BD0044025840787D0180B500AFFDF792FF39
:206D40000246064B1B6A1B0903F007030449CB5C03F01F0322FA03F3184680BD0044025820
:206D6000D8E0110880B489B000AF7860A14B9B6A03F00303BB619F4B9B6A1B0B03F03F03FE
:206D80007B619C4BDB6A1B0903F001033B61994BDB6BDB08C3F30C033A6902FB03F307EED7
:206DA000903AF8EE677AC7ED037A7B69002B00F01181BB69022B00F08380BB69022B00F2F9
:206DC000A180BB69002B03D0BB69012B56D099E0884B1B6803F02003002B2DD0854B1B689A
:206DE000DB0803F00303844A22FA03F3BB60BB6807EE903AF8EE676A7B6907EE903AF8EE9A
:206E0000677A86EEA77A7B4B9B6BC3F3080307EE903AF8EE676A97ED036ADFED785AC6EEB6
:206E2000257A76EEA77AF7EE006A77EEA67A67EE277AC7ED077A87E07B6907EE903AF8EE3F
:206E4000677ADFED6F6A86EEA77A6A4B9B6BC3F3080307EE903AF8EE676A97ED036ADFED68
:206E6000675AC6EE257A76EEA77AF7EE006A77EEA67A67EE277AC7ED077A65E07B6907EE5C
:206E8000903AF8EE677ADFED5F6A86EEA77A594B9B6BC3F3080307EE903AF8EE676A97EDD2
:206EA000036ADFED565AC6EE257A76EEA77AF7EE006A77EEA67A67EE277AC7ED077A43E0EF
:206EC0007B6907EE903AF8EE677ADFED4F6A86EEA77A484B9B6BC3F3080307EE903AF8EE2F
:206EE000676A97ED036ADFED455AC6EE257A76EEA77AF7EE006A77EEA67A67EE277AC7ED0F
:206F0000077A21E07B6907EE903AF8EE677ADFED3D6A86EEA77A374B9B6BC3F3080307EE3F
:206F2000903AF8EE676A97ED036ADFED345AC6EE257A76EEA77AF7EE006A77EEA67A67EE84
:206F4000277AC7ED077A00BF2A4B9B6B5B0A03F07F0307EE903AF8EE677AB7EE007A37EE7D
:206F6000877AD7ED076AC6EE877AFCEEE77A17EE902A7B681A601F4B9B6B1B0C03F07F03B3
:206F800007EE903AF8EE677AB7EE007A37EE877AD7ED076AC6EE877AFCEEE77A17EE902A32
:206FA0007B685A60134B9B6B1B0E03F07F0307EE903AF8EE677AB7EE007A37EE877AD7EDA3
:206FC000076AC6EE877AFCEEE77A17EE902A7B689A6008E07B6800221A607B6800225A607E
:206FE0007B6800229A6000BF2437BD465DF8047B704700BF004402580090D00300000046E4
:207000000024744C0024744A20BCBE4B80B489B000AF7860A14B9B6A03F00303BB619F4BE1
:207020009B6A1B0D03F03F037B619C4BDB6A1B0A03F001033B61994B5B6CDB08C3F30C03DB
:207040003A6902FB03F307EE903AF8EE677AC7ED037A7B69002B00F01181BB69022B00F011
:207060008380BB69022B00F2A180BB69002B03D0BB69012B56D099E0884B1B6803F020032C
:20708000002B2DD0854B1B68DB0803F00303844A22FA03F3BB60BB6807EE903AF8EE676A05
:2070A0007B6907EE903AF8EE677A86EEA77A7B4B1B6CC3F3080307EE903AF8EE676A97EDC9
:2070C000036ADFED785AC6EE257A76EEA77AF7EE006A77EEA67A67EE277AC7ED077A87E067
:2070E0007B6907EE903AF8EE677ADFED6F6A86EEA77A6A4B1B6CC3F3080307EE903AF8EE4A
:20710000676A97ED036ADFED675AC6EE257A76EEA77AF7EE006A77EEA67A67EE277AC7EDCA
:20712000077A65E07B6907EE903AF8EE677ADFED5F6A86EEA77A594B1B6CC3F3080307EE14
:20714000903AF8EE676A97ED036ADFED565AC6EE257A76EEA77AF7EE006A77EEA67A67EE40
:20716000277AC7ED077A43E07B6907EE903AF8EE677ADFED4F6A86EEA77A484B1B6CC3F3C2
:20718000080307EE903AF8EE676A97ED036ADFED455AC6EE257A76EEA77AF7EE006A77EE86
:2071A000A67A67EE277AC7ED077A21E07B6907EE903AF8EE677ADFED3D6A86EEA77A374B8F
:2071C0001B6CC3F3080307EE903AF8EE676A97ED036ADFED345AC6EE257A76EEA77AF7EEE9
:2071E000006A77EEA67A67EE277AC7ED077A00BF2A4B1B6C5B0A03F07F0307EE903AF8EE3B
:20720000677AB7EE007A37EE877AD7ED076AC6EE877AFCEEE77A17EE902A7B681A601F4B8D
:207220001B6C1B0C03F07F0307EE903AF8EE677AB7EE007A37EE877AD7ED076AC6EE877A76
:20724000FCEEE77A17EE902A7B685A60134B1B6C1B0E03F07F0307EE903AF8EE677AB7EED9
:20726000007A37EE877AD7ED076AC6EE877AFCEEE77A17EE902A7B689A6008E07B680022B0
:207280001A607B6800225A607B6800229A6000BF2437BD465DF8047B704700BF00440258B1
:2072A0000090D003000000460024744C0024744A20BCBE4B80B489B000AF7860A04B9B6A96
:2072C00003F00303BB619E4B9B6A1B0903F03F037B619B4BDB6A03F001033B61984B5B6B0F
:2072E000DB08C3F30C033A6902FB03F307EE903AF8EE677AC7ED037A7B69002B00F0118108
:20730000BB69022B00F08380BB69022B00F2A180BB69002B03D0BB69012B56D099E0884BE1
:207320001B6803F02003002B2DD0854B1B68DB0803F00303834A22FA03F3BB60BB6807EE4B
:20734000903AF8EE676A7B6907EE903AF8EE677A86EEA77A7A4B1B6BC3F3080307EE903AE2
:20736000F8EE676A97ED036ADFED775AC6EE257A76EEA77AF7EE006A77EEA67A67EE277A26
:20738000C7ED077A87E07B6907EE903AF8EE677ADFED6E6A86EEA77A694B1B6BC3F30803B3
:2073A00007EE903AF8EE676A97ED036ADFED665AC6EE257A76EEA77AF7EE006A77EEA67A2E
:2073C00067EE277AC7ED077A65E07B6907EE903AF8EE677ADFED5E6A86EEA77A584B1B6B81
:2073E000C3F3080307EE903AF8EE676A97ED036ADFED555AC6EE257A76EEA77AF7EE006AC3
:2074000077EEA67A67EE277AC7ED077A43E07B6907EE903AF8EE677ADFED4E6A86EEA77A16
:20742000474B1B6BC3F3080307EE903AF8EE676A97ED036ADFED445AC6EE257A76EEA77ACA
:20744000F7EE006A77EEA67A67EE277AC7ED077A21E07B6907EE903AF8EE677ADFED3B6A51
:2074600086EEA77A364B1B6BC3F3080307EE903AF8EE676A97ED036ADFED335AC6EE257A9C
:2074800076EEA77AF7EE006A77EEA67A67EE277AC7ED077A00BF2A4B1B6B5B0A03F07F03D4
:2074A00007EE903AF8EE677AB7EE007A37EE877AD7ED076AC6EE877AFCEEE77A17EE902A0D
:2074C0007B681A601E4B1B6B1B0C03F07F0307EE903AF8EE677AB7EE007A37EE877AD7ED35
:2074E000076AC6EE877AFCEEE77A17EE902A7B685A60134B1B6B1B0E03F07F0307EE903A7E
:20750000F8EE677AB7EE007A37EE877AD7ED076AC6EE877AFCEEE77A17EE902A7B689A608E
:2075200008E07B6800221A607B6800225A607B6800229A6000BF2437BD465DF8047B70477E
:20754000004402580090D003000000460024744C0024744A20BCBE4B80B584B000AF786049
:2075600039600023FB73544B9B6A03F00303032B01D101239BE0504B1B684F4A23F08063F8
:207580001360F7F7F9FAB86008E0F7F7F5FA0246BB68D31A022B01D9032388E0464B1B68B9
:2075A00003F00063002BF0D1434B9B6A23F47C327B681B681B03404913438B627B685B683B
:2075C000013BC3F308027B689B68013B5B029BB21A437B68DB68013B1B0403F4FE031A43B0
:2075E0007B681B69013B1B0603F0FE43324913438B63314BDB6A23F0C0027B685B692E4920
:207600001343CB622C4BDB6A23F020027B689B6929491343CB62284BDB6A274A23F01003CB
:20762000D362254BDB6B23F47F4323F0F8037A68D269D20020491343CB631F4BDB6A1E4A85
:2076400043F01003D3623B68002B06D11A4BDB6A194A43F40023D3620FE03B68012B06D1D9
:20766000154BDB6A144A43F48013D36205E0124BDB6A114A43F40013D3620F4B1B680E4A72
:2076800043F080631360F7F777FAB86008E0F7F773FA0246BB68D31A022B01D9032306E03C
:2076A000054B1B6803F00063002BF0D0FB7B18461037BD4680BD00BF0044025880B584B095
:2076C00000AF786039600023FB73544B9B6A03F00303032B01D101239BE0504B1B684F4A06
:2076E00023F080531360F7F747FAB86008E0F7F743FA0246BB68D31A022B01D9032388E0EA
:20770000464B1B6803F00053002BF0D1434B9B6A23F07C727B681B681B05404913438B623D
:207720007B685B68013BC3F308027B689B68013B5B029BB21A437B68DB68013B1B0403F406
:20774000FE031A437B681B69013B1B0603F0FE43324913430B64314BDB6A23F440627B6836
:207760005B692E491343CB622C4BDB6A23F400727B689B6929491343CB62284BDB6A274A01
:2077800023F48073D362254B5B6C23F47F4323F0F8037A68D269D200204913434B641F4BC5
:2077A000DB6A1E4A43F48073D3623B68002B06D11A4BDB6A194A43F48003D3620FE03B688A
:2077C000012B06D1154BDB6A144A43F40003D36205E0124BDB6A114A43F08073D3620F4B9D
:2077E0001B680E4A43F080531360F7F7C5F9B86008E0F7F7C1F90246BB68D31A022B01D982
:20780000032306E0054B1B6803F00053002BF0D0FB7B18461037BD4680BD00BF00440258A0
:2078200080B584B000AF78607B68002B01D101230FE17B6800229A627B681B68874A934257
:207840000FD07B681B68864A93420AD07B681B68844A934205D07B68DB680F2B01D9012328
:20786000F7E0786800F058FDF8607B681B687B4A93420CD07B681B68794A934207D07B6820
:207880001B68784A934202D0FB68082B11D87B681B68724A934209D07B681B68704A9342B8
:2078A00004D07B681B686F4A934204D1FB68102B01D90123CDE07B6893F88130DBB2002B0B
:2078C00006D17B68002283F880207868F6F7A0FB7B68022283F881207B681B681A687B685B
:2078E0001B6822F001021A607B681B689B6803F4F813BB607B689B69B3F1806F19D17B68A9
:207900005B68B3F5800F03D17B689B6B002B08D07B685B68002B0CD17B689B6BB3F1805F93
:2079200007D17B681B681A687B681B6842F480521A607B685B6803F48003002B0FD07B6892
:20794000DB68062B0BD97B681B681B6823F480717B681A6D7B681B680A431A6007E07B687D
:207960001B681A687B681B6822F480721A607B68DA697B689B6A1A43BB681A437B68DB6B06
:2079800042EA03017B68DA687B681B680A439A607B685A6B7B685B6A1A437B689B6B1A43F2
:2079A0007B689B691A437B681B691A437B685B691A437B681B6A1A437B685B681A437B6810
:2079C000DB6C1A437B689B681A437B689B6C42EA03017B689A6D7B681B680A43DA607B68EC
:2079E0005B68002B13D17B681B689B6823F4C0527B681B6842F400629A607B681B689B68C2
:207A000023F4C0627B681B6842F480629A607B681B681A6D7B681B6822F001021A657B68EB
:207A20005B6803F48003002B0AD07B681B68DB6823F000417B685A6D7B681B680A43DA6070
:207A40007B680022C3F884207B68012283F88120002318461037BD4680BD00BF0030014068
:207A600000380040003C004080B584B000AFF860B9601346FB80FB6893F88130DBB2012B5D
:207A800001D0022326E1BB68002B02D0FB88002B01D101231EE1FB6893F88030012B01D18A
:207AA000022317E1FB68012283F88020FB68032283F88120FB680022C3F88420FB68BA68FB
:207AC000DA65FB68FA88A3F86020FB68FA88A3F86220FB6800225A66FB6800225A67FB6877
:207AE00000221A67FB680022A3F86820FB680022A3F86A20FB689B68B3F5C02F08D1FB6858
:207B00001B681A68FB681B6842F400621A6009E0FB681B68DB6823F4C022FB681B6842F441
:207B20000032DA60FB68DB680F2B05D9FB689B6F9B69B3F5804F0FD1FB68DB68072B11D991
:207B4000FB689B6F9B69B3F5005F0BD0FB689B6F9B69B3F5804F05D0FB68002283F8802075
:207B60000123B7E0FB68DB68072B20D8FB689B6F9B69B3F5005F09D1FB68B3F862309BB23B
:207B800001335B109AB2FB68A3F86220FB689B6F9B69B3F5804F1ED1FB68B3F862309BB2B6
:207BA00003339B109AB2FB68A3F8622013E0FB68DB680F2B0FD8FB689B6F9B69B3F5804F76
:207BC00009D1FB68B3F862309BB201335B109AB2FB68A3F86220FB689B6F404A1A64FB689B
:207BE0009B6F3F4ADA63FB689B6F3E4ADA64FB689B6F00221A65FB681B689A68FB681B68A6
:207C000022F400429A60FB68986FFB68DB6D1946FB681B6820331A46FB68B3F862309BB218
:207C2000F9F7BAF90346002B11D0FB68D3F8843043F01002FB68C3F88420FB68012283F862
:207C40008120FB68002283F88020012342E0FB689B6FDB69B3F5807F08D1FB681B685B68C3
:207C6000FA6812681B0C1B04536009E0FB681B685B681B0C1B04F988FA6812680B435360F9
:207C8000FB681B689A68FB681B6842F400429A60FB681B681A69FB681B6842F448721A61EA
:207CA000FB681B681A68FB681B6842F001021A60FB685B68B3F5800F07D1FB681B681A682A
:207CC000FB681B6842F400721A60FB68002283F88020002318461037BD4680BD4381110817
:207CE000FD8011085F81110880B58AB000AF78607B681B681B693B627B681B685B69FB61F2
:207D00003A6AFB691340BB617B681B689B687B6100237B627B6893F88130FB747B681B68B3
:207D20003033FB60FB6903F40063002B10D03B6A03F00803002B0BD07B681B689A697B68C7
:207D40001B6842F400629A61786800F0CDF994E1BB6903F04003002B13D1BB6903F020035F
:207D6000002B0ED1BB6903F00403002B09D07B685B6F786898477B681B6F7868984701231B
:207D80007B62BB6903F04003002B0FD1BB6903F00103002B0AD0BB6903F00403002B05D162
:207DA0007B681B6F7868984701237B62BB6903F02003002B0FD1BB6903F00203002B0AD030
:207DC000BB6903F00403002B05D17B685B6F7868984701237B627B6A002B40F04981BB69E9
:207DE00003F00803002B00F08B807B681B689A697B681B6842F008029A617B681B689A69F0
:207E00007B681B6842F010029A617B681B689A697B681B6842F400629A617B681B681A6972
:207E20007B681B6822F008021A617B681B689B6803F44043002B3DD136E07B68DB680F2BB3
:207E40000BD97B681A687B685B6E126B1A607B685B6E1A1D7B685A661DE07B68DB68072B5B
:207E60000BD97B685B6EFA68128892B21A807B685B6E9A1C7B685A660DE07B681B6803F14C
:207E800030027B685B6E1278D2B21A707B685B6E5A1C7B685A667B68B3F86A309BB2013BF6
:207EA0009AB27B68A3F86A207B68B3F86A309BB2002BC2D1786800F08FF97B68012283F862
:207EC00081207B68D3F88430002B03D0786800F001F9D2E0FB7C052B03D1786800F0E6F8FC
:207EE000C8E0FB7C042B03D1786800F0D5F8C1E0FB7C032B40F0BE80786800F0C3F8B9E0EB
:207F0000BB6903F45873002B00F0B780BB6903F04003002B0FD07B68D3F8843043F004022A
:207F20007B68C3F884207B681B689A697B681B6842F040029A61BB6903F40073002B0FD029
:207F40007B68D3F8843043F001027B68C3F884207B681B689A697B681B6842F400729A61D5
:207F6000BB6903F48073002B0FD07B68D3F8843043F008027B68C3F884207B681B689A699F
:207F80007B681B6842F480729A61BB6903F02003002B0FD07B68D3F8843043F080027B681A
:207FA000C3F884207B681B689A697B681B6842F020029A617B68D3F88430002B5CD07B68A8
:207FC0001B681A687B681B6822F001021A607B681B681B697A68126823F45A7323F0030364
:207FE00013617B6903F44043B3F5404F38D17B681B689A687B681B6822F440429A607B682C
:20800000DB6F002B13D07B68DB6F1D4A1A657B68DB6F1846F9F748FD0346002B07D07B6807
:20802000D3F8843043F040027B68C3F884207B689B6F002B20D07B689B6F114A1A657B6858
:208040009B6F1846F9F730FD0346002B14D07B68D3F8843043F040027B68C3F884200BE03F
:208060007B68012283F88120786800F033F803E000BF02E000BF00E000BF2837BD4680BD62
:20808000A581110880B483B000AF786000BF0C37BD465DF8047B704780B483B000AF786035
:2080A00000BF0C37BD465DF8047B704780B483B000AF786000BF0C37BD465DF8047B7047B2
:2080C00080B483B000AF786000BF0C37BD465DF8047B704780B483B000AF786000BF0C3732
:2080E000BD465DF8047B704780B483B000AF786000BF0C37BD465DF8047B704780B584B00B
:2081000000AF78607B689B6BFB60FB6893F88130DBB2072B11D0FB689B6FDB69B3F5807FFD
:2081200003D1F868FFF7AEFF07E0FB681B681A69FB681B6842F008021A6100BF1037BD4672
:2081400080BD80B584B000AF78607B689B6BFB60F868FFF7B5FF00BF1037BD4680BD80B529
:2081600084B000AF78607B689B6BFB607868FAF70BFE0346022B11D0F86800F02DF8FB68F7
:20818000D3F8843043F01002FB68C3F88420FB68012283F88120F868FFF79CFF00BF1037C0
:2081A000BD4680BD80B584B000AF78607B689B6BFB60FB680022A3F86A20FB680022A3F881
:2081C0006220FB68012283F88120F868FFF782FF00BF1037BD4680BD80B485B000AF78606E
:2081E0007B681B685B69FB607B681B689A697B681B6842F008029A617B681B689A697B68A8
:208200001B6842F010029A617B681B681A687B681B6822F001021A607B681B681B697A68F3
:20822000126823F45B7323F0030313617B681B689A687B681B6822F440429A607B6893F884
:208240008130DBB2042B14D0FB6803F02003002B0FD07B68D3F8843043F080027B68C3F895
:2082600084207B681B689A697B681B6842F020029A617B6893F88130DBB2032B14D0FB681B
:2082800003F04003002B0FD07B68D3F8843043F004027B68C3F884207B681B689A697B6875
:2082A0001B6842F040029A61FB6803F40073002B0FD07B68D3F8843043F001027B68C3F8BF
:2082C00084207B681B689A697B681B6842F400729A61FB6803F48073002B0FD07B68D3F883
:2082E000843043F008027B68C3F884207B681B689A697B681B6842F480729A617B68002254
:20830000A3F862207B680022A3F86A2000BF1437BD465DF8047B704780B485B000AF78608E
:208320007B68DB6B5B090133FB607B68DB680133BB60BB680733DB08BB60BB68FA6802FBCF
:2083400003F318461437BD465DF8047B704780B582B000AF78607B68002B01D1012349E0D5
:208360007B6893F83D30DBB2002B06D17B68002283F83C207868F5F7BFFF7B68022283F8AB
:208380003D207B681A687B6804331946104600F04FFD7B68012283F848207B68012283F8A6
:2083A0003E207B68012283F83F207B68012283F840207B68012283F841207B68012283F83B
:2083C00042207B68012283F843207B68012283F844207B68012283F845207B68012283F80B
:2083E00046207B68012283F847207B68012283F83D20002318460837BD4680BD80B485B0E8
:2084000000AF78607B6893F83D30DBB2012B01D0012354E07B68022283F83D207B681B68D3
:20842000DA687B681B6842F00102DA607B681B68264A934222D07B681B68B3F1804F1DD0C2
:208440007B681B68224A934218D07B681B68214A934213D07B681B681F4A93420ED07B689F
:208460001B681E4A934209D07B681B681C4A934204D07B681B681B4A934215D17B681B6802
:208480009A68194B1340FB60FB68062B15D0FB68B3F5803F11D07B681B681A687B681B6856
:2084A00042F001021A6008E07B681B681A687B681B6842F001021A6000E000BF0023184608
:2084C0001437BD465DF8047B704700BF000001400004004000080040000C004000040140A6
:2084E00000180040004001400700010080B582B000AF78607B68002B01D1012349E07B689D
:2085000093F83D30DBB2002B06D17B68002283F83C207868F5F76CFE7B68022283F83D20E3
:208520007B681A687B6804331946104600F080FC7B68012283F848207B68012283F83E20D3
:208540007B68012283F83F207B68012283F840207B68012283F841207B68012283F8422095
:208560007B68012283F843207B68012283F844207B68012283F845207B68012283F8462065
:208580007B68012283F847207B68012283F83D20002318460837BD4680BD000080B584B0AC
:2085A00000AF786039603B68002B09D17B6893F83E30DBB2012B14BF01230023DBB23CE09B
:2085C0003B68042B09D17B6893F83F30DBB2012B14BF01230023DBB22FE03B68082B09D1F3
:2085E0007B6893F84030DBB2012B14BF01230023DBB222E03B680C2B09D17B6893F84130A8
:20860000DBB2012B14BF01230023DBB215E03B68102B09D17B6893F84230DBB2012B14BFE1
:2086200001230023DBB208E07B6893F84330DBB2012B14BF01230023DBB2002B01D001231D
:20864000A1E03B68002B04D17B68022283F83E2023E03B68042B04D17B68022283F83F208B
:208660001BE03B68082B04D17B68022283F8402013E03B680C2B04D17B68022283F84120ED
:208680000BE03B68102B04D17B68022283F8422003E07B68022283F843207B681B68012207
:2086A0003968184600F0DCFF7B681B68384A934213D07B681B68374A93420ED07B681B6850
:2086C000354A934209D07B681B68344A934204D07B681B68324A934201D1012300E0002330
:2086E000002B07D07B681B685A6C7B681B6842F400425A647B681B68254A934222D07B6831
:208700001B68B3F1804F1DD07B681B68254A934218D07B681B68244A934213D07B681B68F2
:20872000224A93420ED07B681B681A4A934209D07B681B681E4A934204D07B681B68164A65
:20874000934215D17B681B689A681A4B1340FB60FB68062B15D0FB68B3F5803F11D07B68DC
:208760001B681A687B681B6842F001021A6008E07B681B681A687B681B6842F001021A60FA
:2087800000E000BF002318461037BD4680BD00BF00000140000401400040014000440140E7
:2087A000004801400004004000080040000C0040001800400700010080B584B000AF786008
:2087C0007B681B68DB68FB607B681B681B69BB60BB6803F00203002B20D0FB6803F00203FF
:2087E000002B1BD07B681B686FF002021A617B6801221A777B681B689B6903F00303002BFA
:2088000003D0786800F0F6FA05E0786800F0E8FA786800F0F9FA7B6800221A77BB6803F0BF
:208820000403002B20D0FB6803F00403002B1BD07B681B686FF004021A617B6802221A77C5
:208840007B681B689B6903F44073002B03D0786800F0D0FA05E0786800F0C2FA786800F02B
:20886000D3FA7B6800221A77BB6803F00803002B20D0FB6803F00803002B1BD07B681B687C
:208880006FF008021A617B6804221A777B681B68DB6903F00303002B03D0786800F0AAFA45
:2088A00005E0786800F09CFA786800F0ADFA7B6800221A77BB6803F01003002B20D0FB68B9
:2088C00003F01003002B1BD07B681B686FF010021A617B6808221A777B681B68DB6903F4EB
:2088E0004073002B03D0786800F084FA05E0786800F076FA786800F087FA7B6800221A776D
:20890000BB6803F00103002B0CD0FB6803F00103002B07D07B681B686FF001021A617868B7
:20892000F5F7E0F9BB6803F08003002B04D1BB6803F40053002B0CD0FB6803F08003002B61
:2089400007D07B681B686FF402521A61786800F0C3FFBB6803F48073002B0CD0FB6803F0AC
:208960008003002B07D07B681B686FF480721A61786800F0BBFFBB6803F04003002B0CD052
:20898000FB6803F04003002B07D07B681B686FF040021A61786800F041FABB6803F0200376
:2089A000002B0CD0FB6803F02003002B07D07B681B686FF020021A61786800F083FF00BFC2
:2089C0001037BD4680BD000080B586B000AFF860B9607A600023FB75FB6893F83C30012B92
:2089E00001D10223FFE0FB68012283F83C207B68142B00F2F08001A252F823F0518A1108CC
:208A0000D78B1108D78B1108D78B1108918A1108D78B1108D78B1108D78B1108D38A1108CA
:208A2000D78B1108D78B1108D78B1108138B1108D78B1108D78B1108D78B1108558B1108A4
:208A4000D78B1108D78B1108D78B1108958B1108FB681B68B968184600F090FAFB681B68A7
:208A60009A69FB681B6842F008029A61FB681B689A69FB681B6822F004029A61FB681B680E
:208A80009969BB681A69FB681B680A439A61A5E0FB681B68B968184600F000FBFB681B6845
:208AA0009A69FB681B6842F400629A61FB681B689A69FB681B6822F480629A61FB681B6892
:208AC0009969BB681B691A02FB681B680A439A6184E0FB681B68B968184600F069FBFB6823
:208AE0001B68DA69FB681B6842F00802DA61FB681B68DA69FB681B6822F00402DA61FB688E
:208B00001B68D969BB681A69FB681B680A43DA6164E0FB681B68B968184600F0D1FBFB68B4
:208B20001B68DA69FB681B6842F40062DA61FB681B68DA69FB681B6822F48062DA61FB6811
:208B40001B68D969BB681B691A02FB681B680A43DA6143E0FB681B68B968184600F01AFC91
:208B6000FB681B685A6DFB681B6842F008025A65FB681B685A6DFB681B6822F004025A65FD
:208B8000FB681B68596DBB681A69FB681B680A435A6523E0FB681B68B968184600F05EFCDF
:208BA000FB681B685A6DFB681B6842F400625A65FB681B685A6DFB681B6822F480625A6581
:208BC000FB681B68596DBB681B691A02FB681B680A435A6502E00123FB7500BFFB6800227A
:208BE00083F83C20FB7D18461837BD4680BD00BF80B584B000AF786039600023FB737B687D
:208C000093F83C30012B01D10223DEE07B68012283F83C207B68022283F83D207B681B685A
:208C20009B68BB60BB6823F4441323F07703BB60BB6823F47F43BB607B681B68BA689A6044
:208C40003B681B68634A934200F0A980614A934200F2AE80604A934200F0A1805E4A9342A6
:208C600000F2A6805D4A934200F099805B4A934200F29E80B3F1101F00F09180B3F1101F26
:208C800000F29680B3F5801F00F08980B3F5801F00F28E80B3F5005F3ED0B3F5005F00F237
:208CA0008780B3F5805F00F08680B3F5805F7FD8702B1AD0702B7BD8602B50D0602B77D85A
:208CC000502B3CD0502B73D8402B58D0402B6FD8302B64D0302B6BD8202B60D0202B67D8D0
:208CE000002B5CD0102B5AD062E07B6818683B6899683B685A683B68DB6800F091FC7B68C4
:208D00001B689B68BB60BB6843F07703BB607B681B68BA689A604FE07B6818683B6899680F
:208D20003B685A683B68DB6800F07AFC7B681B689A687B681B6842F480429A603CE07B68C3
:208D400018683B6859683B68DB681A4600F0ECFB7B681B685021184600F045FC2CE07B68BD
:208D600018683B6859683B68DB681A4600F00BFC7B681B686021184600F035FC1CE07B688D
:208D800018683B6859683B68DB681A4600F0CCFB7B681B684021184600F025FC0CE07B68ED
:208DA0001A683B681B681946104600F01CFC03E00123FB7300E000BF7B68012283F83D205C
:208DC0007B68002283F83C20FB7B18461037BD4680BD00BF400010003000100020001000DD
:208DE00080B483B000AF786000BF0C37BD465DF8047B704780B483B000AF786000BF0C3705
:208E0000BD465DF8047B704780B483B000AF786000BF0C37BD465DF8047B704780B483B0DF
:208E200000AF786000BF0C37BD465DF8047B704780B485B000AF786039607B681B68FB60D1
:208E40007B68464A934213D07B68B3F1804F0FD07B68434A93420BD07B68424A934207D077
:208E60007B68414A934203D07B68404A934208D1FB6823F07003FB603B685B68FA6813435F
:208E8000FB607B68354A93421FD07B68B3F1804F1BD07B68324A934217D07B68314A9342C2
:208EA00013D07B68304A93420FD07B682F4A93420BD07B682E4A934207D07B682D4A93427C
:208EC00003D07B682C4A934208D1FB6823F44073FB603B68DB68FA681343FB60FB6823F0C1
:208EE00080023B685B691343FB607B68FA681A603B689A687B68DA623B681A687B689A6251
:208F00007B68164A93420FD07B68184A93420BD07B68174A934207D07B68164A934203D08A
:208F20007B68154A934203D13B681A697B681A637B6801225A617B681B6903F00103012B75
:208F400005D17B681B6923F001027B681A6100BF1437BD465DF8047B704700BF00000140C8
:208F60000004004000080040000C00400004014000400140004401400048014080B487B0DA
:208F800000AF786039607B681B6A7B617B681B6A23F001027B681A627B685B683B617B686B
:208FA0009B69FB60FB6823F4803323F07003FB60FB6823F00303FB603B681B68FA6813438F
:208FC000FB607B6923F002037B613B689B687A6913437B617B682C4A93420FD07B682B4A3E
:208FE00093420BD07B682A4A934207D07B68294A934203D07B68284A93420CD17B6923F0C2
:2090000008037B613B68DB687A6913437B617B6923F004037B617B681B4A93420FD07B68B5
:209020001A4A93420BD07B68194A934207D07B68184A934203D07B68174A934211D13B699E
:2090400023F480733B613B6923F400733B613B685B693A6913433B613B689B693A69134304
:209060003B617B683A695A607B68FA689A613B685A687B685A637B687A691A6200BF1C377B
:20908000BD465DF8047B7047000001400004014000400140004401400048014080B487B0C2
:2090A00000AF786039607B681B6A7B617B681B6A23F010027B681A627B685B683B617B683B
:2090C0009B69FB60FB6823F0807323F4E043FB60FB6823F44073FB603B681B681B02FA6806
:2090E0001343FB607B6923F020037B613B689B681B017A6913437B617B68284A934203D0F5
:209100007B68274A93420DD17B6923F080037B613B68DB681B017A6913437B617B6923F0E4
:2091200040037B617B681D4A93420FD07B681C4A93420BD07B681B4A934207D07B681A4ADE
:20914000934203D07B68194A934213D13B6923F480633B613B6923F400633B613B685B690D
:209160009B003A6913433B613B689B699B003A6913433B617B683A695A607B68FA689A6168
:209180003B685A687B689A637B687A691A6200BF1C37BD465DF8047B704700BF00000140A8
:2091A0000004014000400140004401400048014080B487B000AF786039607B681B6A7B610C
:2091C0007B681B6A23F480727B681A627B685B683B617B68DB69FB60FB6823F4803323F0BB
:2091E0007003FB60FB6823F00303FB603B681B68FA681343FB607B6923F400737B613B68A4
:209200009B681B027A6913437B617B68274A934203D07B68264A93420DD17B6923F40063B9
:209220007B613B68DB681B027A6913437B617B6923F480637B617B681C4A93420FD07B68A0
:209240001B4A93420BD07B681A4A934207D07B68194A934203D07B68184A934213D13B6976
:2092600023F480533B613B6923F400533B613B685B691B013A6913433B613B689B691B01E3
:209280003A6913433B617B683A695A607B68FA68DA613B685A687B68DA637B687A691A62B2
:2092A00000BF1C37BD465DF8047B70470000014000040140004001400044014000480140F9
:2092C00080B487B000AF786039607B681B6A3B617B681B6A23F480527B681A627B685B68A9
:2092E0007B617B68DB69FB60FB6823F0807323F4E043FB60FB6823F44073FB603B681B6864
:209300001B02FA681343FB603B6923F400533B613B689B681B033A6913433B617B68184AD5
:2093200093420FD07B68174A93420BD07B68164A934207D07B68154A934203D07B68144A6B
:20934000934209D17B6923F480437B613B685B699B017A6913437B617B687A695A607B6849
:20936000FA68DA613B685A687B681A647B683A691A6200BF1C37BD465DF8047B704700BF29
:20938000000001400004014000400140004401400048014080B487B000AF786039607B684A
:2093A0001B6A3B617B681B6A23F480327B681A627B685B687B617B685B6DFB60FB6823F4FA
:2093C000803323F07003FB603B681B68FA681343FB603B6923F400333B613B689B681B0471
:2093E0003A6913433B617B68174A93420FD07B68164A93420BD07B68154A934207D07B681C
:20940000144A934203D07B68134A934209D17B6923F480337B613B685B691B027A69134310
:209420007B617B687A695A607B68FA685A653B685A687B689A657B683A691A6200BF1C3771
:20944000BD465DF8047B7047000001400004014000400140004401400048014080B487B0FE
:2094600000AF786039607B681B6A3B617B681B6A23F480127B681A627B685B687B617B68F3
:209480005B6DFB60FB6823F0807323F4E043FB603B681B681B02FA681343FB603B6923F49A
:2094A00000133B613B689B681B053A6913433B617B68184A93420FD07B68174A93420BD0B5
:2094C0007B68164A934207D07B68154A934203D07B68144A934209D17B6923F480237B6149
:2094E0003B685B699B027A6913437B617B687A695A607B68FA685A653B685A687B68DA6548
:209500007B683A691A6200BF1C37BD465DF8047B704700BF000001400004014000400140E3
:20952000004401400048014080B487B000AFF860B9607A60FB681B6A7B61FB681B6A23F0F9
:209540000102FB681A62FB689B693B613B6923F0F0033B617B681B013A6913433B617B6968
:2095600023F00A037B617A69BB6813437B61FB683A699A61FB687A691A6200BF1C37BD46DF
:209580005DF8047B704780B487B000AFF860B9607A60FB681B6A7B61FB681B6A23F010020A
:2095A000FB681A62FB689B693B613B6923F470433B617B681B033A6913433B617B6923F032
:2095C000A0037B61BB681B017A6913437B61FB683A699A61FB687A691A6200BF1C37BD46E0
:2095E0005DF8047B704780B485B000AF786039607B689B68FB60FB6823F4401323F07003C3
:20960000FB603A68FB68134343F00703FB607B68FA689A6000BF1437BD465DF8047B704725
:2096200080B487B000AFF860B9607A603B60FB689B687B617B6923F47F437B613B681A0290
:209640007B681A43BB6813437A6913437B61FB687A699A6000BF1C37BD465DF8047B70475C
:2096600080B487B000AFF860B9607A60BB6803F01F03012202FA03F37B61FB681A6A7B6991
:20968000DB431A40FB681A62FB681A6ABB6803F01F03796801FA03F31A43FB681A6200BF87
:2096A0001C37BD465DF8047B7047000080B485B000AF786039607B6893F83C30012B01D168
:2096C00002236DE07B68012283F83C207B68022283F83D207B681B685B68FB607B681B6872
:2096E0009B68BB607B681B68304A934204D07B681B682F4A934208D1FB6823F47003FB60EE
:209700003B685B68FA681343FB60FB6823F07003FB603B681B68FA681343FB607B681B68ED
:20972000FA685A607B681B68204A934222D07B681B68B3F1804F1DD07B681B681D4A93420E
:2097400018D07B681B681C4A934213D07B681B681A4A93420ED07B681B68154A934209D0AD
:209760007B681B68164A934204D07B681B68154A93420CD1BB6823F08003BB603B689B6889
:20978000BA681343BB607B681B68BA689A607B68012283F83D207B68002283F83C200023D7
:2097A00018461437BD465DF8047B704700000140000401400004004000080040000C004014
:2097C000001800400040014080B485B000AF786039600023FB607B6893F83C30012B01D1D1
:2097E000022365E07B68012283F83C20FB6823F0FF023B68DB681343FB60FB6823F44072E8
:209800003B689B681343FB60FB6823F480623B685B681343FB60FB6823F400623B681B687C
:209820001343FB60FB6823F480523B681B691343FB60FB6823F400523B685B691343FB606F
:20984000FB6823F480423B689B6A1343FB60FB6823F470223B689B691B041343FB607B680D
:209860001B68164A934204D07B681B68144A934215D1FB6823F470023B685B6A1B05134313
:20988000FB60FB6823F080723B68DB691343FB60FB6823F000723B681B6A1343FB607B68C9
:2098A0001B68FA685A647B68002283F83C20002318461437BD465DF8047B7047000001408E
:2098C0000004014080B483B000AF786000BF0C37BD465DF8047B704780B483B000AF7860D7
:2098E00000BF0C37BD465DF8047B704780B483B000AF786000BF0C37BD465DF8047B70475A
:2099000080B582B000AF78607B68002B01D1012342E07B68D3F88830002B06D17B680022C6
:2099200083F884207868F4F74BFE7B682422C3F888207B681B681A687B681B6822F0010205
:209940001A607B689B6A002B02D0786801F0D8FA786800F06DFD0346012B01D101231BE065
:209960007B681B685A687B681B6822F490425A607B681B689A687B681B6822F02A029A60B1
:209980007B681B681A687B681B6842F001021A60786801F057FB034618460837BD4680BD81
:2099A00080B58AB002AFF860B9603B601346FB80FB68D3F88830202B7BD1BB68002B02D00A
:2099C000FB88002B01D1012374E0FB680022C3F89020FB682122C3F88820F5F7CDF878610C
:2099E000FB68FA88A3F85420FB68FA88A3F85620FB689B68B3F5805F08D1FB681B69002BA5
:209A000004D10023FB61BB68BB6103E0BB68FB610023BB6130E03B6800937B690022802125
:209A2000F86801F0B9FB0346002B05D0FB682022C3F8882003233DE0FB69002B0BD1BB69FE
:209A40001B881A46FB681B68C2F308029A62BB690233BB6107E0FB691A78FB681B689A622E
:209A6000FB690133FB61FB68B3F856309BB2013B9AB2FB68A3F85620FB68B3F856309BB234
:209A8000002BC8D13B6800937B6900224021F86801F082FB0346002B05D0FB682022C3F8EE
:209AA0008820032306E0FB682022C3F88820002300E0022318462037BD4680BD80B491B058
:209AC00000AFF860B9601346FB80FB68D3F88830202B78D1BB68002B02D0FB88002B01D178
:209AE000012371E0FB68BA681A65FB68FA88A3F85420FB68FA88A3F85620FB6800229A677D
:209B0000FB680022C3F89020FB682122C3F88820FB685B6EB3F1005F2AD1FB689B68B3F514
:209B2000805F07D1FB681B69002B03D1FB68294A9A6702E0FB68284A9A67FB681B680833D8
:209B4000BB62BB6A53E8003F7B627B6A43F40003BB63FB681B680833BA6B7A633B63396BCA
:209B60007A6B41E80023FB62FB6A002BE5D128E0FB689B68B3F5805F07D1FB681B69002B32
:209B800003D1FB68154A9A6702E0FB68144A9A67FB681B687B617B6953E8003F3B613B692A
:209BA00043F08003FB63FB681B681A46FB6B3B62FA61F9693A6A41E80023BB61BB69002B30
:209BC000E6D1002300E0022318464437BD465DF8047B70477BB911089BB81108D9B71108DD
:209BE00021B7110880B58AB000AFF860B9601346FB80FB68D3F88C30202B37D1BB68002B86
:209C000002D0FB88002B01D1012330E0FB680022DA66FB681B68184A93421FD0FB681B6807
:209C20005B6803F40003002B18D0FB681B687B617B6953E8003F3B613B6943F080637B6201
:209C4000FB681B681A467B6A3B62FA61F9693A6A41E80023BB61BB69002BE6D1FB881A468A
:209C6000B968F86801F006FB034600E0022318462837BD4680BD00BF000C005880B5BAB064
:209C800000AF78607B681B68DB69C7F8E4307B681B681B68C7F8E0307B681B689B68C7F8E0
:209CA000DC30D7F8E42040F60F031340C7F8D830D7F8D830002B1BD1D7F8E43003F020037C
:209CC000002B15D0D7F8E03003F02003002B05D1D7F8DC3003F08053002B09D07B685B6F2C
:209CE000002B00F079837B685B6F7868984773E3D7F8D830002B00F02381D7F8DC208D4B52
:209D00001340002B06D1D7F8E0208B4B1340002B00F01681D7F8E43003F00103002B11D05E
:209D2000D7F8E03003F48073002B0BD07B681B6801221A627B68D3F8903043F001027B68C8
:209D4000C3F89020D7F8E43003F00203002B11D0D7F8DC3003F00103002B0BD07B681B6873
:209D600002221A627B68D3F8903043F004027B68C3F89020D7F8E43003F00403002B11D065
:209D8000D7F8DC3003F00103002B0BD07B681B6804221A627B68D3F8903043F002027B685B
:209DA000C3F89020D7F8E43003F00803002B17D0D7F8E03003F02003002B05D1D7F8DC2084
:209DC0005C4B1340002B0BD07B681B6808221A627B68D3F8903043F008027B68C3F890207E
:209DE000D7F8E43003F40063002B12D0D7F8E03003F08063002B0CD07B681B684FF4006252
:209E00001A627B68D3F8903043F020027B68C3F890207B68D3F89030002B00F0DF82D7F8FC
:209E2000E43003F02003002B13D0D7F8E03003F02003002B05D1D7F8DC3003F08053002B28
:209E400007D07B685B6F002B03D07B685B6F786898477B68D3F89030C7F8D4307B681B687D
:209E60009B6803F04003402B05D0D7F8D43003F02803002B54D0786801F0E3FA7B681B6815
:209E80009B6803F04003402B46D17B681B680833C7F89C30D7F89C3053E8003FC7F898303F
:209EA000D7F8983023F04003C7F8D0307B681B680833D7F8D020C7F8A820C7F8A430D7F8AD
:209EC000A410D7F8A82041E80023C7F8A030D7F8A030002BD9D17B68D3F88030002B17D078
:209EE0007B68D3F88030154A1A657B68D3F880301846F7F7D9FD0346002B19D07B68D3F89B
:209F000080301B6D7A68D2F88020104698470FE07868F1F723FC0BE07868F1F71FFC07E0FD
:209F20007868F1F71BFC7B680022C3F8902055E200BF53E20100001020010004F5B61108AD
:209F40007B68DB6E012B40F0E981D7F8E43003F01003002B00F0E281D7F8E03003F01003C3
:209F6000002B00F0DB817B681B6810221A627B681B689B6803F04003402B40F051817B6867
:209F8000D3F880301B68964A934268D07B68D3F880301B68934A934261D07B68D3F88030B4
:209FA0001B68914A93425AD07B68D3F880301B688E4A934253D07B68D3F880301B688C4ADC
:209FC00093424CD07B68D3F880301B68894A934245D07B68D3F880301B68874A93423ED05D
:209FE0007B68D3F880301B68844A934237D07B68D3F880301B68824A934230D07B68D3F8A6
:20A0000080301B687F4A934229D07B68D3F880301B687D4A934222D07B68D3F880301B6826
:20A020007A4A93421BD07B68D3F880301B68784A934214D07B68D3F880301B68754A9342CB
:20A040000DD07B68D3F880301B68734A934206D07B68D3F880301B68704A934206D17B68B0
:20A06000D3F880301B685B689BB205E07B68D3F880301B685B689BB2A7F8BE30B7F8BE30D2
:20A08000002B00F0AD817B68B3F85C30B7F8BE209A4280F0A5817B68B7F8BE20A3F85E20D5
:20A0A0007B68D3F88030DB69B3F5807F00F087807B681B68C7F88830D7F8883053E8003F82
:20A0C000C7F88430D7F8843023F48073C7F8B8307B681B681A46D7F8B830C7F89430C7F81A
:20A0E0009020D7F89010D7F8942041E80023C7F88C30D7F88C30002BDAD17B681B680833F5
:20A100007B677B6F53E8003F3B673B6F23F00103C7F8B4307B681B680833D7F8B420C7F8F0
:20A120008020FB67F96FD7F8802041E80023BB67BB6F002BE1D17B681B6808333B663B6EE6
:20A1400053E8003FFB65FB6D23F04003C7F8B0307B681B680833D7F8B020FA66BB66B96EE0
:20A16000FA6E41E800237B667B6E002BE3D17B682022C3F88C207B680022DA667B681B684B
:20A18000FB64FB6C53E8003FBB64BB6C23F01003C7F8AC307B681B681A46D7F8AC30BB65E7
:20A1A0007A65796DBA6D41E800233B653B6D002BE4D17B68D3F880301846F7F757F97B6862
:20A1C00002221A677B68B3F85C207B68B3F85E309BB2D31A9BB21946786800F01DF9FFE009
:20A1E000100002402800024040000240580002407000024088000240A0000240B80002402F
:20A20000100402402804024040040240580402407004024088040240A0040240B8040240EE
:20A220007B68B3F85C207B68B3F85E309BB2D31AA7F8CE307B68B3F85E309BB2002B00F09D
:20A24000D180B7F8CE30002B00F0CC807B681B68BB63BB6B53E8003F7B637B6B23F4907397
:20A26000C7F8C8307B681B681A46D7F8C8307B643A64396C7A6C41E80023FB63FB6B002B57
:20A28000E4D17B681B6808337B627B6A53E8003F3B623B6A23F0805323F00103C7F8C4303A
:20A2A0007B681B680833D7F8C4203A63FB62F96A3A6B41E80023BB62BB6A002BE1D17B68FA
:20A2C0002022C3F88C207B680022DA667B6800225A677B681B683B613B6953E8003FFB604F
:20A2E000FB6823F01003C7F8C0307B681B681A46D7F8C030FB61BA61B969FA6941E8002359
:20A300007B617B69002BE4D17B6802221A67B7F8CE301946786800F07FF863E0D7F8E4309C
:20A3200003F48013002B0ED0D7F8DC3003F48003002B08D07B681B684FF480121A6278689B
:20A3400001F0BBFB51E0D7F8E43003F08003002B14D0D7F8E03003F08003002B05D1D7F898
:20A36000DC3003F40003002B08D07B689B6F002B3AD07B689B6F7868984735E0D7F8E4300E
:20A3800003F04003002B09D0D7F8E03003F04003002B03D0786801F065FB26E0D7F8E43056
:20A3A00003F40003002B09D0D7F8E03003F08043002B03D0786801F094FB16E0D7F8E430D3
:20A3C00003F08073002B10D0D7F8E030002B0CDA786801F07CFB08E000BF06E000BF04E024
:20A3E00000BF02E000BF00E000BFE837BD4680BD80B483B000AF786000BF0C37BD465DF8B7
:20A40000047B704780B483B000AF786000BF0C37BD465DF8047B704780B483B000AF78609A
:20A420000B467B8000BF0C37BD465DF8047B70472DE9B04F92B000AF7861002387F842304D
:20A440007B699A687B691B691A437B695B691A437B69DB6913437B647B691B681A68BD4BFE
:20A4600013407A691268796C0B4313607B691B685B6823F440517B69DA687B691B680A43DA
:20A480005A607B699B697B647B691B68B24A934204D07B691B6A7A6C13437B647B691B6844
:20A4A0009B6823F06E4323F430637A691268796C0B4393607B691B68DB6A23F00F017B69F5
:20A4C0005A6A7B691B680A43DA627B691B68A34A934277D1A24B5B6D03F03803282B6DD8DC
:20A4E00001A252F823F000BF8DA51108BDA51108BDA51108BDA51108BDA51108BDA51108EB
:20A50000BDA51108BDA5110895A51108BDA51108BDA51108BDA51108BDA51108BDA511088B
:20A52000BDA51108BDA511089DA51108BDA51108BDA51108BDA51108BDA51108BDA5110863
:20A54000BDA51108BDA51108A5A51108BDA51108BDA51108BDA51108BDA51108BDA511083B
:20A56000BDA51108BDA51108ADA51108BDA51108BDA51108BDA51108BDA51108BDA5110813
:20A58000BDA51108BDA51108B5A51108012387F8433020E2042387F843301CE2082387F879
:20A5A000433018E2102387F8433014E2202387F8433010E2402387F843300CE2802387F887
:20A5C000433008E27B691B68664A934230D1644B5B6D03F00703052B26D801A252F823F08F
:20A5E000F9A5110801A6110809A6110811A6110819A6110821A61108002387F84330EAE1B4
:20A60000042387F84330E6E1082387F84330E2E1102387F84330DEE1202387F84330DAE1A6
:20A62000402387F84330D6E1802387F84330D2E17B691B684C4A934230D1494B5B6D03F0A4
:20A640000703052B26D801A252F823F065A611086DA6110875A611087DA6110885A61108BE
:20A660008DA61108002387F84330B4E1042387F84330B0E1082387F84330ACE1102387F8DE
:20A680004330A8E1202387F84330A4E1402387F84330A0E1802387F843309CE17B691B68B5
:20A6A000324A934230D12E4B5B6D03F00703052B26D801A252F823F0D1A61108D9A61108B4
:20A6C000E1A61108E9A61108F1A61108F9A61108002387F843307EE1042387F843307AE1E2
:20A6E000082387F8433076E1102387F8433072E1202387F843306EE1402387F843306AE14A
:20A70000802387F8433066E17B691B68184A934240D1134B5B6D03F00703052B36D801A2AA
:20A7200052F823F03DA7110845A711084DA7110875A711087DA7110885A71108002387F854
:20A74000433048E1042387F8433044E1082387F8433040E1F369FFCF000C00580010014002
:20A76000004402580044004000480040004C004000500040102387F843302CE1202387F81F
:20A78000433028E1402387F8433024E1802387F8433020E17B691B68CB4A934276D1CB4B9F
:20A7A0005B6D03F03803282B6CD801A252F823F055A8110885A8110885A8110885A8110824
:20A7C00085A8110885A8110885A8110885A811085DA8110885A8110885A8110885A8110871
:20A7E00085A8110885A8110885A8110885A8110865A8110885A8110885A8110885A8110849
:20A8000085A8110885A8110885A8110885A811086DA8110885A8110885A8110885A8110820
:20A8200085A8110885A8110885A8110885A8110875A8110885A8110885A8110885A81108F8
:20A8400085A8110885A8110885A8110885A811087DA81108012387F84330BCE0042387F84A
:20A860004330B8E0082387F84330B4E0102387F84330B0E0202387F84330ACE0402387F8C4
:20A880004330A8E0802387F84330A4E07B691B688F4A934230D18D4B5B6D03F00703052BC1
:20A8A00026D801A252F823F0C1A81108C9A81108D1A81108D9A81108E1A81108E9A8110816
:20A8C000002387F8433086E0042387F8433082E0082387F843307EE0102387F843307AE088
:20A8E000202387F8433076E0402387F8433072E0802387F843306EE07B691B68754A934248
:20A9000030D1724B5B6D03F00703052B26D801A252F823F02DA9110835A911083DA91108A1
:20A9200045A911084DA9110855A91108002387F8433050E0042387F843304CE0082387F8B6
:20A94000433048E0102387F8433044E0202387F8433040E0402387F843303CE0802387F82B
:20A96000433038E07B691B685B4A934230D1574B9B6D03F00703052B26D801A252F823F095
:20A9800099A91108A1A91108A9A91108B1A91108B9A91108C1A91108022387F843301AE00C
:20A9A000042387F8433016E0082387F8433012E0102387F843300EE0202387F843300AE047
:20A9C000402387F8433006E0802387F8433002E0802387F843307B691B683F4A934240F03B
:20A9E000F88097F84330202B46DC022BC0F28280023B1E2B7ED801A252F823F07FAA110871
:20AA0000F5AA110887AA1108F5AA1108F5AA1108F5AA110897AA1108F5AA1108F5AA110842
:20AA2000F5AA1108F5AA1108F5AA1108F5AA1108F5AA1108A7AA1108F5AA1108F5AA1108A4
:20AA4000F5AA1108F5AA1108F5AA1108F5AA1108F5AA1108F5AA1108F5AA1108F5AA110836
:20AA6000F5AA1108F5AA1108F5AA1108F5AA1108F5AA1108E7AA1108402B37D03AE0FCF715
:20AA80005BF9F8633CE007F124031846FCF76AF9BB6AFB6334E007F118031846FCF7B6FA6D
:20AAA000FB69FB632CE0094B1B6803F02003002B16D0064B1B68DB0803F00303074A22FAAD
:20AAC00003F3FB631CE000BF001401400044025800780040007C0040000C00580090D00339
:20AAE0009D4BFB630CE09D4BFB6309E04FF40043FB6305E00023FB63012387F8423000BFD7
:20AB0000FB6B002B00F0DE817B695B6A944A32F813301A46FB6BB3FBF2F33B637B695A68C4
:20AB200013465B0013443A6B9A4205D37B695B681B033A6B9A4203D9012387F84230C1E1D8
:20AB4000FB6B0022BB60FA607B695B6A844A32F813309BB200223B607A60D7E90023D7E98D
:20AB60000201E6F7ABF802460B46104619464FF000024FF000030B0243EA106302027969EE
:20AB80004968490800200C46054612EB040843EB05097B695B6800229A46934652465B46F6
:20ABA00040464946E6F78AF802460B461346BB63BB6BB3F5407F08D3BB6BB3F5801F04D266
:20ABC0007B691B68BA6BDA607CE1012387F8423078E17B69DB69B3F5004F40F0C58097F8C1
:20ABE0004330202B48DC002B7BDB202B79D801A252F823F07FAC110887AC1108E3AC11081E
:20AC0000E3AC11088FAC1108E3AC1108E3AC1108E3AC11089FAC1108E3AC1108E3AC11088C
:20AC2000E3AC1108E3AC1108E3AC1108E3AC1108E3AC1108AFAC1108E3AC1108E3AC110808
:20AC4000E3AC1108E3AC1108E3AC1108E3AC1108E3AC1108E3AC1108E3AC1108E3AC1108B4
:20AC6000E3AC1108E3AC1108E3AC1108E3AC1108E3AC1108D5AC1108402B2ED031E0FAF787
:20AC800023F8F86333E0FAF735F8F8632FE007F124031846FCF766F8BB6AFB6327E007F153
:20ACA00018031846FCF7B2F9FB69FB631FE02D4B1B6803F02003002B09D02A4B1B68DB08CC
:20ACC00003F00303244A22FA03F3FB630FE0224BFB630CE0214BFB6309E04FF40043FB6360
:20ACE00005E00023FB63012387F8423000BFFB6B002B00F0E7807B695B6A194A32F81330B9
:20AD00001A46FB6BB3FBF2F35A007B695B685B081A447B695B68B2FBF3F3BB63BB6B0F2B60
:20AD200016D9BB6BB3F5803F12D2BB6B9BB223F00F03FB86BB6B5B089BB203F007039AB27B
:20AD4000FB8E1343FB867B691B68FA8EDA60B9E0012387F84230B5E00090D00300093D007E
:20AD60005CEB11080044025897F84330202B49DC002B7CDB202B7AD801A252F823F000BF85
:20AD80000BAE110813AE11086FAE11086FAE11081BAE11086FAE11086FAE11086FAE110817
:20ADA0002BAE11086FAE11086FAE11086FAE11086FAE11086FAE11086FAE11086FAE110827
:20ADC0003BAE11086FAE11086FAE11086FAE11086FAE11086FAE11086FAE11086FAE1108F7
:20ADE0006FAE11086FAE11086FAE11086FAE11086FAE11086FAE11086FAE11086FAE1108A3
:20AE000061AE1108402B2ED031E0F9F75DFFF86333E0F9F76FFFF8632FE007F12403184691
:20AE2000FBF7A0FFBB6AFB6327E007F118031846FCF7ECF8FB69FB631FE02D4B1B6803F000
:20AE40002003002B09D02A4B1B68DB0803F00303284A22FA03F3FB630FE0264BFB630CE06B
:20AE6000254BFB6309E04FF40043FB6305E00023FB63012387F8423000BFFB6B002B21D07B
:20AE80007B695B6A1D4A32F813301A46FB6BB3FBF2F27B695B685B081A447B695B68B2FB21
:20AEA000F3F3BB63BB6B0F2B09D9BB6BB3F5803F05D2BB6B9AB27B691B68DA6002E00123CF
:20AEC00087F842307B690122A3F86A207B690122A3F868207B6900225A677B6900229A675D
:20AEE00097F8423018464837BD46BDE8B08F00BF004402580090D00300093D005CEB110827
:20AF000080B483B000AF78607B689B6A03F00803002B0AD07B681B685B6823F400417B68F4
:20AF20009A6B7B681B680A435A607B689B6A03F00103002B0AD07B681B685B6823F400314A
:20AF40007B68DA6A7B681B680A435A607B689B6A03F00203002B0AD07B681B685B6823F438
:20AF600080317B681A6B7B681B680A435A607B689B6A03F00403002B0AD07B681B685B683B
:20AF800023F480217B685A6B7B681B680A435A607B689B6A03F01003002B0AD07B681B688B
:20AFA0009B6823F480517B68DA6B7B681B680A439A607B689B6A03F02003002B0AD07B68EB
:20AFC0001B689B6823F400517B681A6C7B681B680A439A607B689B6A03F04003002B1AD03A
:20AFE0007B681B685B6823F480117B685A6C7B681B680A435A607B685B6CB3F5801F0AD19E
:20B000007B681B685B6823F4C0017B689A6C7B681B680A435A607B689B6A03F08003002B50
:20B020000AD07B681B685B6823F400217B68DA6C7B681B680A435A6000BF0C37BD465DF8E5
:20B04000047B704780B598B002AF78607B680022C3F89020F3F790FD78657B681B681B6807
:20B0600003F00803082B2FD16FF07E4300937B6D00224FF40011786800F08EF80346002BC4
:20B0800022D07B681B68BB63BB6B53E8003F7B637B6B23F080033B657B681B681A463B6D32
:20B0A0007B643A64396C7A6C41E80023FB63FB6B002BE6D17B682022C3F888207B68002209
:20B0C00083F88420032363E07B681B681B6803F00403042B49D16FF07E4300937B6D0022FF
:20B0E0004FF48001786800F057F80346002B3CD07B681B687B627B6A53E8003F3B623B6A09
:20B1000023F49073FB647B681B681A46FB6C3B63FA62F96A3A6B41E80023BB62BB6A002BCE
:20B12000E6D17B681B6808333B613B6953E8003FFB60FB6823F00103BB647B681B68083368
:20B14000BA6CFA61BB61B969FA6941E800237B617B69002BE5D17B682022C3F88C207B6871
:20B16000002283F88420032312E07B682022C3F888207B682022C3F88C207B680022DA661D
:20B180007B6800221A677B68002283F88420002318465837BD4680BD80B584B000AFF86045
:20B1A000B9603B601346FB714FE0BB69B3F1FF3F4BD0F3F7E1FC02463B68D31ABA699A4228
:20B1C00002D3BB69002B01D103234EE0FB681B681B6803F00403002B37D0BB68802B34D0BE
:20B1E000BB68402B31D0FB681B68DB6903F00803082B10D1FB681B6808221A62F86800F0A8
:20B2000020F9FB680822C3F89020FB68002283F88420012329E0FB681B68DB6903F40063C8
:20B22000B3F5006F11D1FB681B684FF400621A62F86800F006F9FB682022C3F89020FB684C
:20B24000002283F8842003230FE0FB681B68DA69BB681340BA689A420CBF01230023DBB25C
:20B260001A46FB799A42A0D0002318461037BD4680BD000080B596B000AFF860B9601346B2
:20B28000FB80FB68BA689A65FB68FA88A3F85C20FB680022C3F89020FB682222C3F88C20B5
:20B2A000FB68D3F88030002B2DD0FB68D3F88030404ADA63FB68D3F880303F4A1A64FB689B
:20B2C000D3F880303D4ADA64FB68D3F8803000221A65FB68D3F88000FB681B682433194665
:20B2E000FB689B6D1A46FB88F5F756FE0346002B09D0FB681022C3F89020FB682022C3F813
:20B300008C20012351E0FB681B69002B18D0FB681B68FB63FB6B53E8003FBB63BB6B43F493
:20B3200080737B65FB681B681A467B6DBB647A64796CBA6C41E800233B643B6C002BE6D190
:20B34000FB681B680833BB62BB6A53E8003F7B627B6A43F001033B65FB681B6808333A6DAF
:20B360007A633B63396B7A6B41E80023FB62FB6A002BE5D1FB681B6808337B617B6953E8BE
:20B38000003F3B613B6943F04003FB64FB681B680833FA6C3A62FB61F9693A6A41E8002388
:20B3A000BB61BB69002BE5D1002318465837BD4680BD00BF0FB5110837B6110875B6110836
:20B3C00080B48FB000AF78607B681B683B623B6A53E8003FFB61FB6923F0C0037B637B68FA
:20B3E0001B681A467B6BFB62BA62B96AFA6A41E800237B627B6A002BE6D17B681B680833F3
:20B40000FB60FB6853E8003FBB60BB6823F400033B637B681B6808333A6BBA617B617969DF
:20B42000BA6941E800233B613B69002BE5D17B682022C3F8882000BF3C37BD465DF8047BEB
:20B44000704780B495B000AF78607B681B687B637B6B53E8003F3B633B6B23F49073FB64D4
:20B460007B681B681A46FB6C3B64FA63F96B3A6C41E80023BB63BB6B002BE6D17B681B68C1
:20B4800008333B623B6A53E8003FFB61FB6923F0805323F00103BB647B681B680833BA6C12
:20B4A000FA62BB62B96AFA6A41E800237B627B6A002BE3D17B68DB6E012B18D17B681B68F8
:20B4C000FB60FB6853E8003FBB60BB6823F010037B647B681B681A467B6CBB617A6179696B
:20B4E000BA6941E800233B613B69002BE6D17B682022C3F88C207B680022DA667B680022E5
:20B500005A6700BF5437BD465DF8047B704780B59CB000AF78607B689B6BFB667B68DB6919
:20B52000B3F5807F71D0FB6E0022A3F85E20FB6E1B68FB64FB6C53E8003FBB64BB6C23F4F6
:20B540008073BB66FB6E1B681A46BB6EBB657A65796DBA6D41E800233B653B6D002BE6D1E0
:20B56000FB6E1B680833BB63BB6B53E8003F7B637B6B23F001037B66FB6E1B6808337A6E1B
:20B580007A643B64396C7A6C41E80023FB63FB6B002BE5D1FB6E1B6808337B627B6A53E88E
:20B5A000003F3B623B6A23F040033B66FB6E1B6808333A6E3A63FB62F96A3A6B41E80023F6
:20B5C000BB62BB6A002BE5D1FB6E2022C3F88C20FB6EDB6E012B18D1FB6E1B683B613B6943
:20B5E00053E8003FFB60FB6823F01003FB65FB6E1B681A46FB6DFB61BA61B969FA6941E8B4
:20B6000000237B617B69002BE6D1FB6E00221A67FB6EDB6E012B07D1FB6EB3F85C301946A4
:20B62000F86EFEF7F9FE02E0F86EEFF7FBFF00BF7037BD4680BD80B584B000AF78607B6817
:20B640009B6BFB60FB6801221A67FB68DB6E012B09D1FB68B3F85C305B089BB21946F868C7
:20B66000FEF7DAFE02E0F868FEF7CCFE00BF1037BD4680BD80B586B000AF78607B689B6BDB
:20B680007B617B69D3F888303B617B69D3F88C30FB607B691B689B6803F08003802B09D1A0
:20B6A0003B69212B06D17B690022A3F856207869FFF786FE7B691B689B6803F04003402B46
:20B6C00009D1FB68222B06D17B690022A3F85E207869FFF7B6FE7B69D3F8903043F01002AB
:20B6E0007B69C3F890207869F0F738F800BF1837BD4680BD80B584B000AF78607B689B6BDC
:20B70000FB60FB680022A3F85E20FB680022A3F85620F868F0F722F800BF1037BD4680BDF3
:20B7200080B48FB000AF78607B68D3F88830212B4CD17B68B3F856309BB2002B32D17B68CE
:20B740001B683B623B6A53E8003FFB61FB6923F080037B637B681B681A467B6BFB62BA6251
:20B76000B96AFA6A41E800237B627B6A002BE6D17B681B68FB60FB6853E8003FBB60BB6876
:20B7800043F040033B637B681B681A463B6BBB617A617969BA6941E800233B613B69002B76
:20B7A000E6D113E07B681B6D1A787B681B689A627B681B6D5A1C7B681A657B68B3F8563029
:20B7C0009BB2013B9AB27B68A3F8562000BF3C37BD465DF8047B704780B491B000AF7860E4
:20B7E0007B68D3F88830212B51D17B68B3F856309BB2002B32D17B681B687B627B6A53E883
:20B80000003F3B623B6A23F08003BB637B681B681A46BB6B3B63FA62F96A3A6B41E80023B9
:20B82000BB62BB6A002BE6D17B681B683B613B6953E8003FFB60FB6843F040037B637B68CF
:20B840001B681A467B6BFB61BA61B969FA6941E800237B617B69002BE6D118E07B681B6DD2
:20B86000FB63FB6B1B881A467B681B68C2F308029A627B681B6D9A1C7B681A657B68B3F8CF
:20B8800056309BB2013B9AB27B68A3F8562000BF4437BD465DF8047B704780B491B000AF6D
:20B8A00078607B68D3F88830212B60D17B68B3F86A30FB8757E07B68B3F856309BB2002B60
:20B8C00033D17B681B6808337B627B6A53E8003F3B623B6A23F40003BB637B681B6808336C
:20B8E000BA6B3A63FB62F96A3A6B41E80023BB62BB6A002BE5D17B681B683B613B6953E8D1
:20B90000003FFB60FB6843F040037B637B681B681A467B6BFB61BA61B969FA6941E80023E2
:20B920007B617B69002BE6D121E07B681B68DB6903F08003002B13D07B681B6D1A787B6856
:20B940001B689A627B681B6D5A1C7B681A657B68B3F856309BB2013B9AB27B68A3F8562048
:20B96000FB8F013BFB87FB8F002BA4D1FFE700BF4437BD465DF8047B704780B491B000AF83
:20B9800078607B68D3F88830212B65D17B68B3F86A30FB875CE07B68B3F856309BB2002B75
:20B9A00033D17B681B6808333B623B6A53E8003FFB61FB6923F400037B637B681B680833CD
:20B9C0007A6BFA62BB62B96AFA6A41E800237B627B6A002BE5D17B681B68FB60FB6853E834
:20B9E000003FBB60BB6843F040033B637B681B681A463B6BBB617A617969BA6941E8002302
:20BA00003B613B69002BE6D126E07B681B68DB6903F08003002B18D07B681B6DBB63BB6B1C
:20BA20001B881A467B681B68C2F308029A627B681B6D9A1C7B681A657B68B3F856309BB2FE
:20BA4000013B9AB27B68A3F85620FB8F013BFB87FB8F002B9FD1FFE700BF4437BD465DF885
:20BA6000047B704780B588B000AF78607B681B68FB60FB6853E8003FBB60BB6823F040036A
:20BA8000FB617B681B681A46FB69BB617A617969BA6941E800233B613B69002BE6D17B68D3
:20BAA0002022C3F888207B6800229A677868FEF79FFC00BF2037BD4680BD80B483B000AFFF
:20BAC000786000BF0C37BD465DF8047B704780B483B000AF786000BF0C37BD465DF8047B37
:20BAE000704780B483B000AF786000BF0C37BD465DF8047B704780B485B000AF78607B683E
:20BB000093F88430012B01D1022327E07B68012283F884207B682422C3F888207B681B68A5
:20BB20001B68FB607B681B681A687B681B6822F001021A60FB6823F00053FB607B68002221
:20BB40005A667B681B68FA681A607B682022C3F888207B68002283F884200023184614376B
:20BB6000BD465DF8047B704780B584B000AF786039607B6893F88430012B01D102232DE05C
:20BB80007B68012283F884207B682422C3F888207B681B681B68FB607B681B681A687B68E5
:20BBA0001B6822F001021A607B681B689B6823F060417B681B683A680A439A60786800F037
:20BBC0004FF87B681B68FA681A607B682022C3F888207B68002283F8842000231846103768
:20BBE000BD4680BD80B584B000AF786039607B6893F88430012B01D102232DE07B68012224
:20BC000083F884207B682422C3F888207B681B681B68FB607B681B681A687B681B6822F0D5
:20BC200001021A607B681B689B6823F060617B681B683A680A439A60786800F011F87B683F
:20BC40001B68FA681A607B682022C3F888207B68002283F88420002318461037BD4680BDD1
:20BC600080B485B000AF78607B685B6E002B08D17B680122A3F86A207B680122A3F86820D0
:20BC800031E01023FB731023BB737B681B689B685B0EDBB203F007037B737B681B689B68DE
:20BCA0005B0FDBB203F007033B73BB7B3A7B11498A5C02FB03F33A7B0F498A5C93FBF2F35E
:20BCC0009AB27B68A3F86A20FB7B7A7B09498A5C02FB03F37A7B08498A5C93FBF2F39AB28F
:20BCE0007B68A3F8682000BF1437BD465DF8047B704700BF74EB11087CEB110880B485B086
:20BD000000AF0346FB800023FB60B7F90630842B05D0B7F90620FB6813440333FB60FB6844
:20BD200018461437BD465DF8047B704780B483B000AFEFF305837B607B68002B14BF01236C
:20BD40000023DBB218460C37BD465DF8047B704780B500AF00F0D6FF0023184680BDF0B5F8
:20BD600089B004AF786039607B685B69002B20D07B689B69002B1CD07B685C687B681D6897
:20BD80007B681E697B68B3F908301846FFF7B6FF01467B685B697A689269029201930091E5
:20BDA0003B6832462946204600F0B8FD0346FB601CE07B685C687B681D687B681B699EB288
:20BDC0007B68B3F908301846FFF798FF024607F10C03019300923B6832462946204600F05C
:20BDE000FDFD0346012B01D0002300E0FB6818461437BD46F0BD80B584B000AF78607B6871
:20BE0000FB60FB68002B01D0FB6800E00123184600F042FF002318461037BD4680BD00006A
:20BE200080B586B002AF786039600023FB600023BB60FFF77BFF0346002B1CD0396807F150
:20BE4000080207F10C03009313460122786801F0A7FB0346012B02D04FF0004319E0FB682A
:20BE6000002B15D00D4B4FF080521A60BFF34F8FBFF36F8F0CE0396807F1080301227868FC
:20BE800001F0CCFA0346012B02D04FF0004300E0BB6818461037BD4680BD00BF04ED00E0AA
:20BEA00090B589B000AFF860B9607A6000237B610023FB617B68B3F1FF3F03D14FF0FF3382
:20BEC000FB6109E07B68002B06D07B68FB61FB69002B01D10123FB61FFF728FF0346002B88
:20BEE00002D082233B611BE0B96807F110031A1DFB69002001F032FA0346012B08D0FB697F
:20BF0000002B02D100233B610AE040233B6107E07B69002B02DA86233B6101E008233B61BC
:20BF2000FB681C4607F1100393E8070084E80700F8682437BD4690BD80B58AB000AF78603B
:20BF40000023FB6100F04AFF5C4B1B68002B01D100F024F95A4B1A687B681340002B40F03D
:20BF600095807B68002B1ED008227B6813447B607B6803F00703002B15D07B6823F0070381
:20BF800008337B607B6803F00703002B0BD04FF0500383F31188BFF36F8FBFF34F8F7B61E8
:20BFA00000BF00BFFDE77B68002B6FD0454B1B687A689A426AD8444B3B62434B1B687B62A5
:20BFC00004E07B6A3B627B6A1B687B627B6A5B687A689A4203D97B6A1B68002BF1D1374B9D
:20BFE0001B687A6A9A4251D03B6A1B6808221344FB617B6A1A683B6A1A607B6A5A687B68C8
:20C00000D21A08235B009A4220D97A6A7B681344BB61BB6903F00703002B0BD04FF05003E6
:20C0200083F31188BFF36F8FBFF34F8F3B6100BF00BFFDE77B6A5A687B68D21ABB695A605F
:20C040007B6A7A685A60B86900F00AF91D4B1A687B6A5B68D31A1B4A13601A4B1A681B4BA7
:20C060001B689A4203D2174B1B68184A13607B6A5A68134B1B681A437B6A5A607B6A002247
:20C080001A60134B1B680133114A136000F0B4FEFB6903F00703002B0BD04FF0500383F332
:20C0A0001188BFF36F8FBFF34F8FFB6000BF00BFFDE7FB6918462837BD4680BD846700108E
:20C0C00098670010886700107C6700108C6700109067001080B586B000AF78607B687B61A4
:20C0E0007B68002B4FD008235B427A6913447B617B693B613B695A68254B1B681340002BDE
:20C100000BD14FF0500383F31188BFF36F8FBFF34F8FFB6000BF00BFFDE73B691B68002B53
:20C120000BD04FF0500383F31188BFF36F8FBFF34F8FBB6000BF00BFFDE73B695A68144B01
:20C140001B681340002B1ED03B691B68002B1AD13B695A680E4B1B68DB431A403B695A609B
:20C1600000F03CFE3B695A680A4B1B681344094A1360386900F074F8074B1B680133064AE4
:20C18000136000F039FE00BF1837BD4680BD00BF98670010886700109467001080B485B076
:20C1A00000AF4FF47053BB60274BFB60FB6803F00703002B0CD0FB680733FB60FB6823F00D
:20C1C0000703FB60BA68FB68D31A1F4A1344BB60FB687B601D4A7B6813601C4B00225A606F
:20C1E0007B68BA681344FB600822FB689B1AFB60FB6823F00703FB60FB68154A1360144B7C
:20C200001B6800225A60124B1B6800221A607B683B603B68FA68D21A3B685A600C4B1A689E
:20C220003B681A603B685B680A4A13603B685B68094A1360094B4FF000421A6000BF14372F
:20C24000BD465DF8047B70477C2B00107C670010846700108C67001088670010986700109A
:20C2600080B485B000AF7860284BFB6002E0FB681B68FB60FB681B687A689A42F7D8FB6807
:20C28000BB60FB685B68BA6813447A689A4208D1FB685A687B685B681A44FB685A60FB68A4
:20C2A0007B607B68BB607B685B68BA681A44FB681B689A4218D1FB681A68154B1B689A4230
:20C2C0000DD07B685A68FB681B685B681A447B685A60FB681B681A687B681A6008E00C4B34
:20C2E0001A687B681A6003E0FB681A687B681A60FA687B689A4202D0FB687A681A6000BFC9
:20C300001437BD465DF8047B704700BF7C6700108467001080B483B000AF78607B6803F1D2
:20C3200008027B685A607B684FF0FF329A607B6803F108027B68DA607B6803F108027B6847
:20C340001A617B6800221A6000BF0C37BD465DF8047B704780B483B000AF78607B68002260
:20C360001A6100BF0C37BD465DF8047B704780B485B000AF786039607B685B68FB603B6885
:20C38000FA685A60FB689A683B689A60FB689B683A685A60FB683A689A603B687A681A61BE
:20C3A0007B681B685A1C7B681A6000BF1437BD465DF8047B704780B485B000AF7860396023
:20C3C0003B681B68BB60BB68B3F1FF3F03D17B681B69FB600CE07B680833FB6002E0FB68D7
:20C3E0005B68FB60FB685B681B68BA689A42F6D2FB685A683B685A603B685B683A689A602C
:20C400003B68FA689A60FB683A685A603B687A681A617B681B685A1C7B681A6000BF14371B
:20C42000BD465DF8047B704780B485B000AF78607B681B69FB607B685B687A6892689A6040
:20C440007B689B687A6852685A60FB685B687A689A4203D17B689A68FB685A607B680022E1
:20C460001A61FB681B685A1EFB681A60FB681B6818461437BD465DF8047B704780B485B080
:20C4800000AFF860B9607A60FB68043BFB60FB684FF080721A60FB68043BFB60BB6823F064
:20C4A0000102FB681A60FB68043BFB600C4AFB681A60FB68143BFB607A68FB681A60FB683D
:20C4C000043BFB60FB686FF002021A60FB68203BFB60FB6818461437BD465DF8047B7047CF
:20C4E000E5C4110880B485B000AF00237B60134B1B68B3F1FF3F0BD04FF0500383F3118825
:20C50000BFF36F8FBFF34F8FFB6000BF00BFFDE74FF0500383F31188BFF36F8FBFF34F8F3D
:20C52000BB6000BF00BF7B68002BFCD000BF00BF1437BD465DF8047B704700BFDC03001083
:20C54000074B19680868B0E8F04F80F30988BFF36F8F4FF0000080F311887047AFF30080E9
:20C56000A467001000BF00BF08480068006880F308884FF0000080F3148862B661B6BFF3D0
:20C580004F8FBFF36F8F00DF00BF00BF08ED00E080B586B000AF474B1B68474A93420BD16A
:20C5A0004FF0500383F31188BFF36F8FBFF34F8F3B6100BF00BFFDE73E4B1B683F4A934232
:20C5C0000BD14FF0500383F31188BFF36F8FBFF34F8FFB6000BF00BFFDE7394B7B617B699D
:20C5E0001B78DBB27B607B69FF221A707B691B78DBB2FB70FB78DBB203F05003DAB2314BF4
:20C600001A70314B07221A6009E02F4B1B68013B2D4A1360FB78DBB25B00DBB2FB70FB789F
:20C62000DBB203F08003802BEFD0274B1B68C3F10703042B0BD04FF0500383F31188BFF37D
:20C640006F8FBFF34F8FBB6000BF00BFFDE71E4B1B681B021C4A13601B4B1B6803F4E063CA
:20C66000194A13607B68DAB27B691A70174B1B68164A43F470031360144B1B68134A43F033
:20C680007043136000F0DAF8114B00221A6000F0F9F8104B1B680F4A43F040431360FFF783
:20C6A00063FF00F001FDFFF71DFF002318461837BD4680BD00ED00E071C20F4170C20F4136
:20C6C00000E400E09C670010A067001020ED00E0DC03001034EF00E080B483B000AF4FF038
:20C6E000500383F31188BFF36F8FBFF34F8F7B6000BF104B1B6801330E4A13600D4B1B6846
:20C70000012B10D10C4B1B68DBB2002B0BD04FF0500383F31188BFF36F8FBFF34F8F3B6023
:20C7200000BF00BFFDE700BF0C37BD465DF8047B704700BFDC03001004ED00E080B483B021
:20C7400000AF124B1B68002B0BD14FF0500383F31188BFF36F8FBFF34F8F7B6000BF00BF09
:20C76000FDE70A4B1B68013B084A1360074B1B68002B05D100233B603B6883F3118800BFF7
:20C7800000BF0C37BD465DF8047B7047DC030010EFF30980BFF36F8F154B1A681EF0100FF0
:20C7A00008BF20ED108A20E9F04F10602DE909004FF0500080F31188BFF34F8FBFF36F8F59
:20C7C00000F072FC4FF0000080F3118809BC19680868B0E8F04F1EF0100F08BFB0EC108AF9
:20C7E00080F30988BFF36F8F704700BFAFF30080A467001000BF00BF80B582B000AF4FF0FF
:20C80000500383F31188BFF36F8FBFF34F8F7B6000BF00F08FFB0346002B03D0064B4FF08B
:20C8200080521A6000233B603B6883F3118800BF00BF0837BD4680BD04ED00E080B400AF8B
:20C840000B4B00221A600B4B00221A600A4B1B680A4AA2FB03239B09094A013B1360044B10
:20C8600007221A6000BFBD465DF8047B704700BF10E000E018E000E004000010D34D6210BB
:20C8800014E000E0DFF80C00016841F470010160704700BF88ED00E080B485B000AFEFF3AC
:20C8A0000583FB60FB680F2B15D9184AFB6813441B78FB72164B1B78FA7A9A420BD24FF08E
:20C8C000500383F31188BFF36F8FBFF34F8F7B6000BF00BFFDE70F4B1B6803F4E0620E4B0A
:20C8E0001B689A420BD94FF0500383F31188BFF36F8FBFF34F8F3B6000BF00BFFDE700BF58
:20C900001437BD465DF8047B704700BFF0E300E09C6700100CED00E0A067001080B58EB056
:20C9200004AFF860B9607A603B607B6B002B0BD14FF0500383F31188BFF36F8FBFF34F8F90
:20C940003B6200BF00BFFDE7BB6B002B0BD14FF0500383F31188BFF36F8FBFF34F8FFB616E
:20C9600000BF00BFFDE7AC233B613B69AC2B0BD04FF0500383F31188BFF36F8FBFF34F8FB3
:20C98000BB6100BF00BFFDE73B69BB6B002B1ED07B6B002B1BD0BB6B7B627B6A7A6B1A63F0
:20C9A0007B6A022283F8A920002303937B6A029307F1140301933B6B00933B687A68B96875
:20C9C000F86800F051F8786A00F0F8F801E000237B617B6918462837BD4680BD80B58CB0CA
:20C9E00004AFF860B9603B601346FB80FB889B001846FFF7A1FA78617B69002B0ED0AC2005
:20CA0000FFF79AFAF861FB69002B03D0FB697A691A6305E07869FFF75DFB01E00023FB6199
:20CA2000FB69002B17D0FB69002283F8A920FA8800230393FB690293FB6A0193BB6A0093D1
:20CA40003B68B968F86800F00FF8F86900F0B6F80123BB6102E04FF0FF33BB61BB6918468B
:20CA60002037BD4680BD000080B588B000AFF860B9607A603B603B6B186B7B689B001A4616
:20CA8000A52100F0D9FE3B6B1A6B7B6803F18043013B9B001344BB61BB6923F00703BB619D
:20CAA000BB6903F00703002B0BD04FF0500383F31188BFF36F8FBFF34F8F7B6100BF00BF14
:20CAC000FDE7BB68002B1FD00023FB6112E0BA68FB69134419783A6BFB69134434330A463F
:20CAE0001A70BA68FB6913441B78002B06D0FB690133FB61FB690F2BE9D900E000BF3B6BA2
:20CB0000002283F8432003E03B6B002283F83420BB6A062B01D90623BB623B6BBA6ADA621F
:20CB20003B6BBA6ADA643B6B00221A653B6B04331846FFF70FFC3B6B18331846FFF70AFC1F
:20CB40003B6B3A6B1A61BB6AC3F107023B6B9A613B6B3A6B5A623B6B00225A653B6B002236
:20CB6000C3F8A4203B6B002283F8A8203B6B58334C220021184600F05FFE3B6B0C4ADA6585
:20CB80003B6B0C4A1A663B6B0B4A5A663A68F968B869FFF773FC02463B6B1A60FB6A002BDD
:20CBA00002D0FB6A3A6B1A6000BF2037BD4680BDD868001040690010A869001080B582B038
:20CBC00000AF7860FFF788FD2C4B1B6801332B4A13602B4B1B68002B09D1294A7B68136076
:20CBE000264B1B68012B10D100F0F4FA0DE0254B1B68002B09D1224B1B68DA6A7B68DB6A15
:20CC00009A4202D81E4A7B6813601F4B1B6801331D4A13601C4B1A687B685A647B68DB6AF3
:20CC200001229A40194B1B681343184A13607B68DA6A13469B0013449B00154A1A447B6838
:20CC4000043319461046FFF792FBFFF777FD0D4B1B68002B0ED00A4B1B68DA6A7B68DB6AD3
:20CC60009A4207D20B4B4FF080521A60BFF34F8FBFF36F8F00BF0837BD4680BDA468001084
:20CC8000A4670010B0680010C0680010AC680010A867001004ED00E080B584B000AF786015
:20CCA0000023FB607B68002B18D0144B1B68002B0BD04FF0500383F31188BFF36F8FBFF315
:20CCC0004F8FBB6000BF00BFFDE700F087F80021786800F04BFD00F08FF8F860FB68002BF4
:20CCE00007D1074B4FF080521A60BFF34F8FBFF36F8F00BF1037BD4680BD00BFCC680010F6
:20CD000004ED00E080B58AB004AF0023BB6000237B603A46391D07F108031846E4F75EF97B
:20CD200039687B68BA68029201930023009300230A4622492248FFF7F1FD0346214A13601C
:20CD4000204B1B68002B02D001237B6101E000237B617B69012B1DD14FF0500383F3118869
:20CD6000BFF36F8FBFF34F8F3B6100BF164B1B685833164A1360164B4FF0FF321A60154B2B
:20CD800001221A60144B00221A60F0F7D3FDFFF7FFFB0FE07B69B3F1FF3F0BD14FF0500331
:20CDA00083F31188BFF36F8FBFF34F8FFB6000BF00BFFDE700BF1837BD4680BDA8E0110878
:20CDC000A5D11108C8680010A4670010E0030010C4680010B0680010A868001080B400AF0F
:20CDE000044B1B680133034A136000BFBD465DF8047B7047CC68001080B584B000AF0023A1
:20CE0000FB600023BB60424B1B68002B0BD14FF0500383F31188BFF36F8FBFF34F8F3B60E6
:20CE200000BF00BFFDE7FFF757FC394B1B68013B374A1360364B1B68002B61D1354B1B68AC
:20CE4000002B5DD02EE0344BDB68DB68FB60FB6818331846FFF7E8FAFB6804331846FFF73A
:20CE6000E3FAFB68DB6A01229A402C4B1B6813432A4A1360FB68DA6A13469B0013449B006C
:20CE8000274A1A44FB68043319461046FFF76FFAFB68DA6A234B1B68DB6A9A4202D3224B1A
:20CEA00001221A601C4B1B68002BCCD1FB68002B01D000F033FA1D4B1B687B607B68002BD3
:20CEC00010D000F037F80346002B02D0164B01221A607B68013B7B607B68002BF1D1134BE7
:20CEE00000221A60104B1B68002B09D00123BB600F4B4FF080521A60BFF34F8FBFF36F8F50
:20CF0000FFF71CFCBB6818461037BD4680BD00BFCC680010A468001064680010AC680010DC
:20CF2000A8670010A4670010B8680010B468001004ED00E080B586B000AF00237B614F4BD7
:20CF40001B68002B40F08F804D4B1B6801333B614B4A3B6913603B69002B21D1494B1B6875
:20CF60001B68002B0BD04FF0500383F31188BFF36F8FBFF34F8F3B6000BF00BFFDE7414BBE
:20CF80001B68FB60404B1B683E4A13603E4AFB6813603E4B1B6801333C4A136000F0BEF96C
:20CFA0003B4B1B683A699A4248D3364B1B681B68002B04D1364B4FF0FF321A603EE0314B42
:20CFC0001B68DB68DB68BB60BB685B687B603A697B689A4203D22E4A7B6813602EE0BB6836
:20CFE00004331846FFF720FABB689B6A002B04D0BB6818331846FFF717FABB68DB6A012207
:20D000009A40244B1B681343224A1360BB68DA6A13469B0013449B001F4A1A44BB680433A1
:20D0200019461046FFF7A3F9BB68DA6A1B4B1B68DB6A9A42B9D301237B61B6E7174B1B682A
:20D04000DA6A154913469B0013449B000B441B68012B01D901237B61114B1B68002B07D08F
:20D0600001237B6104E00F4B1B6801330D4A13607B6918461837BD4680BD00BFCC6800101D
:20D08000A86800105C68001060680010BC680010C4680010AC680010A8670010A4670010F6
:20D0A000B8680010B468001080B586B000AF354B1B68002B03D0344B01221A605EE0324B22
:20D0C00000221A60F0F740FC0346304A13602F4B1A682F4B1B689A4209D92E4B1B68596DE2
:20D0E0002A4A10682A4A1268821A0A445A65274B1B68274A1360284B1B68FB60FB68B3FA73
:20D1000083F3FB72FB7AC3F11F037B6123497A6913469B0013449B000B441B68002B0BD1F7
:20D120004FF0500383F31188BFF36F8FBFF34F8F7B6000BF00BFFDE77A6913469B001344A3
:20D140009B00164A13443B613B695B685A683B695A603B695A683B6908339A4204D13B69C0
:20D160005B685A683B695A603B695B68DB68094A1360084B1B685833094A136000BF183727
:20D18000BD4680BDCC680010B8680010D4680010D0680010A4670010AC680010A8670010E9
:20D1A000E003001080B582B000AF786000F052F8064B1B68012BF9D9054B4FF080521A60A7
:20D1C000BFF34F8FBFF36F8FF0E700BFA867001004ED00E080B582B000AF00237B600CE089
:20D1E0007A6813469B0013449B00124A13441846FFF790F87B6801337B607B68062BEFD90A
:20D200000D48FFF787F80D48FFF784F80C48FFF781F80C48FFF77EF80B48FFF77BF80B4BE8
:20D22000054A1A600A4B054A1A6000BF0837BD4680BD00BFA867001034680010486800107F
:20D240006468001078680010906800105C6800106068001080B582B000AF19E0FFF73CFA13
:20D26000104BDB68DB687B607B6804331846FFF7DBF80D4B1B68013B0B4A13600B4B1B68F9
:20D28000013B0A4A1360FFF759FA786800F010F8064B1B68002BE1D100BF00BF0837BD46F9
:20D2A00080BD00BF78680010A46800108C68001080B584B000AF78607B685833184600F0B6
:20D2C000C3FA7B6893F8A930002B08D17B681B6B1846FEF7FFFE7868FEF7FCFE19E07B68E2
:20D2E00093F8A930012B03D17868FEF7F3FE10E07B6893F8A930022B0BD04FF0500383F3BD
:20D300001188BFF36F8FBFF34F8FFB6000BF00BFFDE700BF1037BD4680BD000080B483B0CA
:20D3200000AF0C4B1B681B68002B04D10A4B4FF0FF321A6008E0074B1B68DB68DB687B6084
:20D340007B685B68044A136000BF0C37BD465DF8047B70475C680010C468001080B586B05B
:20D3600000AFF860B9607A603B60FFF7B5F9294B1B6893F8A830DBB2022B1CD0254B1B6881
:20D38000D3F8A410FA68D2430A40C3F8A420214B1B68012283F8A8203B68002B0BD00121AE
:20D3A000386800F0E3F91C4B4FF080521A60BFF34F8FBFF36F8FFFF7C1F9FFF78DF97B68C0
:20D3C000002B05D0134B1B68D3F8A4207B681A60104B1B6893F8A830DBB2022B02D0002390
:20D3E0007B610AE00B4B1B68D3F8A410BA68D2430A40C3F8A42001237B61064B1B68002219
:20D4000083F8A820FFF79AF97B6918461837BD4680BD00BFA467001004ED00E080B58AB055
:20D4200000AFF860B9603B601346FB7101237B62FB68002B0BD14FF0500383F31188BFF3AE
:20D440006F8FBFF34F8FBB6100BF00BFFDE7FB683B62FFF741F93B68002B04D03B6AD3F87E
:20D46000A4203B681A603B6A93F8A830FB773B6A022283F8A820FB79042B2ED801A252F8AF
:20D4800023F000BFFFD4110899D41108ABD41108BBD41108C5D411083B6AD3F8A420BB68FF
:20D4A0001A433B6AC3F8A4202CE03B6AD3F8A4305A1C3B6AC3F8A42024E03B6ABA68C3F87B
:20D4C000A4201FE0FB7F022B04D03B6ABA68C3F8A42017E000237B6214E03B6AD3F8A43099
:20D4E000B3F1FF3F0DD04FF0500383F31188BFF36F8FBFF34F8F7B6100BF00BFFDE700BF8F
:20D5000000E000BFFB7F012B3AD13B6A04331846FEF78AFF3B6ADB6A01229A401C4B1B6832
:20D5200013431B4A13603B6ADA6A13469B0013449B00184A1A443B6A043319461046FEF7A8
:20D5400016FF3B6A9B6A002B0BD04FF0500383F31188BFF36F8FBFF34F8F3B6100BF00BF0B
:20D56000FDE73B6ADA6A0C4B1B68DB6A9A4207D90A4B4FF080521A60BFF34F8FBFF36F8FE3
:20D58000FFF7DCF87B6A18462837BD4680BD00BFAC680010A8670010A467001004ED00E0F1
:20D5A00080B58EB000AFF860B9603B601346FB7101237B63FB68002B0BD14FF0500383F304
:20D5C0001188BFF36F8FBFF34F8F7B6200BF00BFFDE7FFF761F9FB683B63EFF311824FF02E
:20D5E000500383F31188BFF36F8FBFF34F8F3A62FB613B6AFB623B68002B04D03B6BD3F87C
:20D60000A4203B681A603B6B93F8A83087F82B303B6B022283F8A820FB79042B2ED801A2ED
:20D6200052F823F0A1D6110839D611084BD611085BD6110865D611083B6BD3F8A420BB68A5
:20D640001A433B6BC3F8A4202DE03B6BD3F8A4305A1C3B6BC3F8A42025E03B6BBA68C3F8D3
:20D66000A42020E097F82B30022B04D03B6BBA68C3F8A42017E000237B6314E03B6BD3F857
:20D68000A430B3F1FF3F0DD04FF0500383F31188BFF36F8FBFF34F8FBB6100BF00BFFDE798
:20D6A00000BF00E000BF97F82B30012B46D13B6B9B6A002B0BD04FF0500383F31188BFF3DB
:20D6C0006F8FBFF34F8F7B6100BF00BFFDE7214B1B68002B1CD13B6B04331846FEF7A4FEA5
:20D6E0003B6BDB6A01229A401B4B1B6813431A4A13603B6BDA6A13469B0013449B00174AFB
:20D700001A443B6B043319461046FEF730FE05E03B6B183319461248FEF729FE3B6BDA6A61
:20D72000104B1B68DB6A9A4208D93B6C002B02D03B6C01221A600C4B01221A60FB6A3B612C
:20D740003B6983F3118800BF7B6B18463837BD4680BD00BFCC680010AC680010A86700101E
:20D7600064680010A4670010B868001080B584B000AF78603960294B1B68FB60284B1B68B1
:20D7800004331846FEF750FE0346002B0BD1244B1B68DB6A012202FA03F3DA43214B1B6809
:20D7A0001340204A13607B68B3F1FF3F0AD13B68002B07D01A4B1B68043319461A48FEF71F
:20D7C000D6FD26E0FA687B681344BB60144B1B68BA685A60BA68FB689A4209D2134B1A68DF
:20D7E0000F4B1B68043319461046FEF7E4FD10E00F4B1A680A4B1B68043319461046FEF705
:20D80000DAFD0C4B1B68BA689A4202D2094ABB68136000BF1037BD4680BD00BFA868001077
:20D82000A4670010AC68001090680010606800105C680010C468001002440346934200D184
:20D84000704703F8011BF9E7294B1B68834270B504464BD0C369ABB1DB686BB10025E3697C
:20D86000DB68595900293BD10435802DF7D1E3692046D96800F06AF8E369196811B1204696
:20D8800000F064F8616911B1204600F05FF8E16911B1204600F05AF8216B11B1204600F0AB
:20D8A00055F8616B11B1204600F050F8A16B11B1204600F04BF8A16C11B1204600F046F825
:20D8C000616C11B1204600F041F8E16A11B1204600F03CF8236A4BB12046BDE870401847F0
:20D8E0000E68204600F032F83146BBE770BD00BFE0030010014B1868704700BFE003001005
:20D9000070B50D4D0D4C641BA4100026A64209D10B4D0C4C00F0A6FA641BA4100026A64293
:20D9200005D170BD55F8043B98470136EEE755F8043B98470136F2E790EB110890EB1108CA
:20D9400090EB110894EB11087047704738B50546002941D051F8043C0C1F002BB8BFE41869
:20D9600000F03EF81D4A136833B9636014602846BDE8384000F03AB8A34208D92068211888
:20D980008B4201BF19685B6809182160EDE71A465B680BB1A342FAD911685018A0420BD10A
:20D9A00020680144501883421160E0D118685B68536008441060DAE702D90C232B60D6E786
:20D9C000206821188B4204BF19685B68636004BF091821605460CAE738BD00BF146A0010E3
:20D9E0000148FFF7B1BF00BF106A00100148FFF7ACBF00BF106A001008B52DED028BB0EE3A
:20DA0000408A00F0E5F8B4EE488AF1EE10FA0FD6B5EEC08AF1EE10FA0AD8B5EE408AF1EE29
:20DA200010FA08D1FFF766FF22239FED080A0360BDEC028B08BDFFF75DFFBDEC028B21239B
:20DA40000360BDE80840024800F004B8000080FF84EB11089FED010A704700BF0000C07F2D
:20DA600008B52DED028BB0EE408AF0EE608A00F015F830B9B0EE688AB0EE480ABDEC028B76
:20DA800008BDB0EE680A00F009F80028F4D0B4EEE88AF1EE10FAEDD5EEE7000010EE103AF8
:20DAA00033F000400DD0A0F50003B3F1FE4F0AD3074B421E9A4208D9A0F1FF43584258414B
:20DAC000704702207047042070470320704700BFFEFF7F000000000051EC100BC1F30A535D
:20DAE0002DE9F041A3F2FF36132E0C460546804634DC002E17DA32A3D3E90023E2F7F6FBC4
:20DB000000220023E3F738F850B1002C55DA24F000442C430025AC422B4C08BF4FF00044BF
:20DB20002146284623E0294F374101EA070303431DD023A3D3E90023E2F7D8FB002200235F
:20DB4000E3F71AF80028EBD0002CBEBF4FF480133341E41824EA07040025E1E7332E0ADDB9
:20DB6000B6F5806F03D102460B46E2F7BFFB41EC100BBDE8F081A3F213434FF0FF37DF402E
:20DB80000742F4D00EA3D3E90023E2F7AFFB00220023E2F7F1FF0028C2D0002C0ADA142E4B
:20DBA00001D1013406E0C6F134060123B3401D444545F6D325EA0705B2E700252C46AFE7DB
:20DBC0009C7500883CE4377E0000F0BFFFFF0F0008B510EE103A33F000422DED028B08D131
:20DBE0009FED217ADFED217A87EE270ABDEC028B08BD002B1A4602DA30EE407AF2E7B3F13A
:20DC0000FF4F02DB30EE000AF0E7B3F5000FBFBFDFED177A60EE277A6FF0180117EE902A22
:20DC20004FEAE253A8BF00217F3B0B44D90F03EBD37307EE903AC2F31602C1F17F0342EADD
:20DC4000C35300EE103AB8EEE78A00F019F8DFED097A20EE270ADFED087AA8EE270ADFEDEF
:20DC6000077AA8EE270AC1E7000000CC000000000000004CD95BDE3EDB27543580209A3E49
:20DC800010EE103A33F0004206D19FED667ADFED667A87EE270A7047002B1A4602DA30EE06
:20DCA000407AF4E7B3F1FF4F02DB30EE000A7047B3F5000FB8BFDFED5D7A5D48BEBF60EEE0
:20DCC000277A6FF0180117EE902A4FEAE253C2F316021044A8BF00217F3B0B4400F4000157
:20DCE00081F07E51114300EE101A524903EBD05302F10F00F7EE007A014030EE670A89BB57
:20DD0000B5EE400AF1EE10FA0FD1002B00F0878007EE903A9FED480A9FED487AF8EEE77AF9
:20DD200027EE800AA7EE870A7047DFED456AF6EE007AE0EE667A20EE007A27EE277A13B9D6
:20DD400030EE470A704707EE903ADFED3B6AF8EEE77AA7EEE67A37EE400A9FED387A97EEFF
:20DD6000870A7047F0EE007A70EE277ADFED355ADFED354A354980EE276A1144C2F557126C
:20DD800002F522720A43002A07EE903A26EE065AF8EEE76A25EE057ADFED2D7AE7EE257A9E
:20DDA000DFED2C5AE7EE875ADFED2B7AE7EE247ADFED2A4AE7EE874ADFED297AE4EE877A4F
:20DDC00067EE857AE5EE877A1ADDB6EE007A20EE077A27EE007A77EE877A67EE867A13B961
:20DDE00037EE677AACE79FED146AE6EE867A37EE677A37EE400ADFED117A96EEA70A7047F4
:20DE000070EE677A67EE867A13B930EE670A70479FED097AE6EEC77A37EEC00AEBE79FEDEB
:20DE2000020A7047000000CC000000000000004C20FB4A00F0FF7F00D1F717378071313FBD
:20DE4000ABAAAA3E4FD01C3E9788173E305CCFFF298E633ECDCCCC3E25333A3E2549923E35
:20DE6000ABAA2A3FF8B500BFF8BC08BC9E467047F8B500BFF8BC08BC9E4670474D00000099
:20DE80004500000047000000480000004D000000490000004A0000004B00000090020010E1
:20DEA00024010010F4010010F80200105C020010C4020010C00100108C0100102802001032
:20DEC000580100106400000000000000000000000000000064000000500000005000000071
:20DEE000500000000000000000000000640000000F000000000000000000000064000000FB
:20DF0000530000000000000000000000640000000F00000001000000010000000100000038
:20DF2000FFFFFFFFFFFFFFFFFFFFFFFF0000803EABAAAA3E0000C03E0000003FABAA2A3FF7
:20DF40000000403F0000803FABAAAA3F0000C03F00000040ABAA2A40000040400000804007
:20DF6000090000000B0000000700000006000000080000000400000003000000050000006C
:20DF8000010000000000000002000000000000000400000003000000040000000300000070
:20DFA000020000000300000002000000010000000200000001000000010000000100000054
:20DFC000000000000200000001000000000000000200000001000000000000000200000039
:20DFE00001000000000000000100000001000000000F01010100000E00FF023703000400BF
:20E00000050000000122020003FF04FF050006000703080009000A0D0B0C0C000CEB110861
:20E0200061D91008FFFF0000000000000002000000000000000000001CEB1108B5DA1008C7
:20E0400002000000000000000001000000000000000000002CEB1108EDDA1008FEFF0000B1
:20E060000000000000010000000000000000000038EB110805DB100800000000000000006B
:20E0800080000000000000000000000044EB1108A1DB1008010000000000000080000000A3
:20E0A000000000000000000049444C45000000000925630925750925750925750D0A0000B1
:20E0C0000925750909257525250D0A0009257509093C3125250D0A00000000000102030403
:20E0E0000102030406070809000000000000000000000000000000000000000000000000F8
:20E100000000000000000000000000000000000000000000000000000100000001000000FD
:20E120000200000003000000040000000500000005000000060000000700000008000000B7
:20E1400009000000090000000A0000000B0000000C0000000D0000000E0000000E00000063
:20E160000F000000100000001100000012000000130000001400000015000000150000000C
:20E18000160000001700000018000000190000001A0000001B0000001C0000001D000000B3
:20E1A0001E0000001F00000020000000210000002200000023000000240000002400000054
:20E1C00025000000260000002700000028000000290000002A0000002B0000002D000000FA
:20E1E0002E0000002F00000030000000310000003200000033000000340000003500000093
:20E20000360000003700000038000000390000003A0000003B0000003D0000003E00000030
:20E220003F00000040000000410000004200000043000000440000004600000047000000C8
:20E2400048000000490000004A0000004B0000004D0000004E0000004F000000500000005E
:20E26000510000005300000054000000550000005600000058000000590000005A000000F0
:20E280005B0000005D0000005E0000005F0000006000000062000000630000006400000080
:20E2A000650000006700000068000000690000006B0000006C0000006D0000006E0000000F
:20E2C00070000000710000007200000074000000750000007600000078000000790000009B
:20E2E0007A0000007C0000007D0000007E0000008000000081000000820000008400000026
:20E30000850000008600000088000000890000008A0000008C0000008D0000008E000000B0
:20E320008F000000910000009200000093000000950000009600000097000000980000003E
:20E340009A0000009B0000009C0000009D0000009F000000A0000000A1000000A2000000CD
:20E36000A3000000A5000000A6000000A7000000A8000000A9000000AA000000AB00000062
:20E38000AC000000AD000000AE000000AF000000B0000000B1000000B2000000B300000001
:20E3A000B4000000B5000000B6000000B7000000B8000000B9000000BA000000BA000000A2
:20E3C000BB000000BC000000BD000000BD000000BE000000BF000000BF000000C000000050
:20E3E000C1000000C1000000C2000000C2000000C3000000C4000000C4000000C500000007
:20E40000C5000000C5000000C6000000C6000000C7000000C7000000C7000000C8000000C9
:20E42000C8000000C8000000C9000000C9000000C9000000C9000000CA000000CA00000094
:20E44000CA000000CA000000CB000000CB000000CB000000CB000000CB000000CB00000066
:20E46000CB000000CC000000CC000000CC000000CC000000CC000000CC000000CC0000003D
:20E48000CC000000CC000000CC000000CC000000CC000000CC000000CC000000CC0000001C
:20E4A000CC000000CC000000CC000000CC000000CC000000CD000000CD000000CD000000F9
:20E4C000CD000000CD000000CD000000CD000000CD000000CD000000CD000000CD000000D4
:20E4E000CD000000CD0000000000803F0000803F0000803F0000803F0000803F0000803F08
:20E500000000803F0000803F0000803F0000803F0000803F0000803FFFD5803F49F9813FEC
:20E52000CA20833F964C843FC07C853F5EB1863F84EA873F4928893FC26A8A3F06B28B3FD2
:20E540002AFE8C3F494F8E3F79A58F3FD300913F6F61923F67C7933FD632953FD6A3963F09
:20E56000821A983FF796993F51199B3FACA19C3F26309E3FDFC49F3FF45FA13F8601A33F07
:20E58000B5A9A43FA258A63F6E0EA83F3DCBA93F318FAB3F6E5AAD3F192DAF3F5907B13F26
:20E5A00052E9B23F2CD3B43F11C5B63F27BFB83F9AC1BA3F93CCBC3F3EE0BE3FC8FCC03F09
:20E5C0005E22C33F2F51C53F6A89C73F3ECBC93FDE16CC3F7D6CCE3F4CCCD03F8236D33F45
:20E5E00053ABD53FF52AD83FA2B5DA3F904BDD3FFBECDF3F1E9AE23F3453E53F7C18E83F28
:20E6000034EAEA3F9AC8ED3FF2B3F03F7DACF33F7EB2F63F39C6F93FF5E7FC3FFD0B0040FB
:20E6200047AB0140FE5103404700054049B606402A740840103A0A4025080C4090DE0D4096
:20E640007BBD0F400EA5114074951340D98E154066911740489D1940ABB21B40BBD11D40EA
:20E66000A7FA1F409A2D2240C36A244051B226407104294053612B4026C92D40193C304059
:20E680005ABA32401A44354088D93740D37A3A4029283D40BBE13F40B7A74240497A454071
:20E6A000A1594840EB454B40543F4E40064651402D5A5440F27B57407DAB5A40F5E85D40C4
:20E6C0007F3461403F8E644056F66740E56C6B4009F26E40DC85724078287640F3D97940EF
:20E6E0005E9A7D40E5B4804021A48240E79A844039998640189F884081AC8A4070C18C4035
:20E70000DDDD8E40C00191400A2D9340AD5F954096999740B1DA9940E3229C4010729E4049
:20E7200019C8A040DA24A3402B88A540E1F1A740CC61AA40B8D7AC406F53AF40B3D4B1402B
:20E74000445BB440DDE6B6403577B940FD0BBC40E3A4BE408F41C140A8E1C340CB84C6408D
:20E76000952AC9409FD2CB40797CCE40B527D140DDD3D3407980D6400E2DD9401CD9DB402F
:20E780002284DE409B2DE14001D5E340CA79E6406D1BE9405EB9EB401053EE40F8E7F040D7
:20E7A0008777F3403301F6406F84F840B300FB407675FD4034E2FF4035230141CC5002412F
:20E7C000A17903417B9D04411FBC054157D50641EFE80741B7F6084182FE094126000B4199
:20E7E0007BFB0B4160F00C41B4DE0D415DC60E4144A70F41548110417E541141B7201241B9
:20E80000F8E512413CA41341855B1441D70B154139B51541B857164164F316414E881741A1
:20E820008D1618413A9E1841711F1941529A1941FD0E1A41967D1A4144E61A412F491B414E
:20E8400080A61B4162FE1B4102511C418F9E1C4136E71C41282B1D41946A1D41AAA51D410C
:20E860009BDC1D41980F1E41D03E1E41756A1E41B4921E41BDB71E41BDD91E41E3F81E416B
:20E8800059151F414A2F1F41E1461F41465C1F419F6F1F4113811F41C5901F41D89E1F415B
:20E8A0006CAB1F41A2B61F4197C01F4167C91F412CD11F4101D81F41FBDD1F4131E31F41A0
:20E8C000B8E71F41A1EB1F41FFEE1F41E1F11F4156F41F416CF61F412EF81F41A8F91F41DB
:20E8E000E3FA1F41E8FB1F410000803FDB72813FE9E9823F3665843FCDE4853FBC68873F7C
:20E900000FF1883FD27D8A3F130F8C3FDEA48D3F413F8F3F4ADE903F0482923F7F2A943FC5
:20E92000C8D7953FEC89973FFB40993F01FD9A3F0EBE9C3F30849E3F764FA03FEF1FA23F64
:20E94000A9F5A33FB3D0A53F1FB1A73FFA96A93F5582AB3F4073AD3FCA69AF3F0466B13FC7
:20E96000FF67B33FCB6FB53F797DB73F1A91B93FBFAABB3F7BCABD3F5DF0BF3F791CC23FFD
:20E98000DF4EC43FA487C63FD9C6C83F8F0CCB3FDB58CD3FD0ABCF3F8005D23F0066D43FF5
:20E9A00063CDD63FBC3BD93F21B1DB3FA62DDE3F5FB1E03F603CE33FC0CEE53F9368E83F66
:20E9C000EF09EB3FEBB2ED3F9C63F03F181CF33F75DCF53FCCA4F83F3275FB3FC04DFE3F61
:20E9E00046970040D80B0240A0840340AD0105400A830640C4080840E69209407E210B40E9
:20EA000099B40C40444C0E408DE80F407F8911402A2F13409BD91440DF881640043D184098
:20EA200019F619402DB41B404C771D40873F1F40EB0C214089DF22406EB72440AA9426409E
:20EA40004D772840675F2A40074D2C403D402E4019393040AC373240063C344038463640EE
:20EA600053563840696C3A408A883C40C7AA3E4034D34040E1014340E036454045724740E4
:20EA800021B4494087FC4B408A4B4E403EA15040B6FD5240056155403FCB5740783C5A4009
:20EAA000C5B45C4039345F40EBBA6140EE48644058DE66403E7B6940B61F6C40D6CB6E4007
:20EAC000B57F7140683B744006FF7640A6CA7940609E7C404A7A7F403F2F814089A58240BA
:20EAE0000F208440DE9E85400222874088A988407C358A40ECC58B40E35A8D4070F48E40CB
:20EB0000A09290407F359240F3F1DE007570646174696E675F7379735F73740072756E5F97
:20EB2000636F6D70726573736F7200004765745F5374617473000000736C696465725F63B5
:20EB40006F6D73006D6964695F70726F63657373696E6700000610160006101601000200CC
:20EB60000400060008000A000C00100020004000800000010101010307010000080402045C
:20EB800008010101000000006421FE7F01000000C5021008A10210080090D0030090D00307
:20EBA0001800000000000258000002580014025800140258001402580014025810002000A1
:20EBC00080000001000200040004025800040258001802580018025800180258001802582A
:20EBE0000018025800010002000400080010002000400000000402580004025800180258F6
:20EC00000018025800080258002000104000800000010000341800403808004038000140AA
:20EC2000340401403404004038180040340800403C00014038040140380400400004025803
:20EC4000000802580004000401000000010000000000803F30753075D007D00700FF7F47CC
:20EC60000000803F01000000010000000000000001010000010100000000803E0000803F52
:20EC8000CDCCCC3D6F12833B000001000000010000000000010000BEBE007F7F7F2D321F19
:20ECA0007F00C800000000000000000000000000000000000000000000000000000100000C
:20ECC0000100010000000000010000820032C82D917F506A7F00DC00000000000000000063
:20ECE00000000000000000000000000000000000020102010100000001000100010000B456
:20ED0000823264D2B47F001E78AAAA000000000000000000000000000000000000000000EC
:20ED2000000000000001010302000101010000000100007F5A0078967FB4581E7F007F003A
:20ED40000000000000000000000000000000000000000000000000000000020003000100AD
:20ED600001000000010000DC5AFF7F8C737F39417F008200000000000000000000000000E4
:20ED80000000000000000000000000000000010202000100000100000100007F00004C7F21
:20EDA0007F7F4141B3B3B300000000000000000000000000000000000000000000000000BA
:20EDC0000000020303000100000000000100004C4C007FBFA6FF5D427F0000000000000090
:20EDE000000000000000000000000000000000000000000003020203020000000000000007
:20EE0000010000B432007F6E967F3C7F7F00CC000000000000000000000000000000000003
:20EE20000000000000000000000102020000010000000000010000BE500046BE7F320014F4
:20EE40007F00C8000000000000000000000000000000000000000000000000000003000068
:20EE6000030001000001010001000064B4007FFF7F78D27F8773B4000000000000000000FF
:20EE8000000000000000000000000000000000000001010301000100000000000100006406
:20EEA000B4005AC3B4FF00287F00B400000000000000000000000000000000000000000073
:20EEC00000000000AA9500000000E0423333733F0700000005040302010000008FC2F53C21
:20EEE000FFFFFFFFFFFFFFFFFFFFFFFFFFFFFFFFFFFFFFFFFFFFFFFFFFFFFFFFFFFFFFFF32
:20EF0000FFFFFFFFFFFFFFFF010101010100000001010101010000000101010101000000EA
:20EF2000FFFFFFFFFFFFFFFFFFFFFFFFFFFFFFFF01010000010100000101000000000000DB
:20EF4000FFFFFFFFFFFFFFFFFFFFFFFFFFFFFFFF01010000010100000101010002000000B8
:20EF600001000000FFFFFFFF0000803F1000000001000000AAAAAAAAE40300100000000025
:20EF8000D868001040690010A8690010000000000000000000000000000000000000000047
:20EFA000000000000000000000000000000000000000000000000000000000000000000051
:08EFC000000000000000000049
:040000050810EA41B4
:00000001FF
